timestamp,anomaly_score,y_pred
2026-05-29T13:25:08Z,0.0,0
2026-05-29T13:25:13Z,0.0,0
2026-05-29T13:25:18Z,0.0,0
2026-05-29T13:25:23Z,0.0,0
2026-05-29T13:25:28Z,0.0,0
2026-05-29T13:25:33Z,0.0,0
2026-05-29T13:25:38Z,0.0,0
2026-05-29T13:25:43Z,0.0,0
2026-05-29T13:25:48Z,0.0,0
2026-05-29T13:25:53Z,0.0,0
2026-05-29T13:25:58Z,0.0,0
2026-05-29T13:26:03Z,0.0,0
2026-05-29T13:26:08Z,0.0,0
2026-05-29T13:26:13Z,0.0,0
2026-05-29T13:26:18Z,0.0,0
2026-05-29T13:26:23Z,0.0,0
2026-05-29T13:26:28Z,0.0,0
2026-05-29T13:26:33Z,0.0,0
2026-05-29T13:26:38Z,0.0,0
2026-05-29T13:26:43Z,0.0,0
2026-05-29T13:26:48Z,0.0,0
2026-05-29T13:26:53Z,0.0,0
2026-05-29T13:26:58Z,0.0,0
2026-05-29T13:27:03Z,0.0,0
2026-05-29T13:27:08Z,0.0,0
2026-05-29T13:27:13Z,0.0,0
2026-05-29T13:27:18Z,0.0,0
2026-05-29T13:27:23Z,0.0,0
2026-05-29T13:27:28Z,0.0,0
2026-05-29T13:27:33Z,0.0,0
2026-05-29T13:27:38Z,0.0,0
2026-05-29T13:27:43Z,0.0,0
2026-05-29T13:27:48Z,0.0,0
2026-05-29T13:27:53Z,0.0,0
2026-05-29T13:27:58Z,0.0,0
2026-05-29T13:28:03Z,0.0,0
2026-05-29T13:28:08Z,0.0,0
2026-05-29T13:28:13Z,0.0,0
2026-05-29T13:28:18Z,0.0,0
2026-05-29T13:28:23Z,0.0,0
2026-05-29T13:28:28Z,0.0,0
2026-05-29T13:28:33Z,0.0,0
2026-05-29T13:28:38Z,0.0,0
2026-05-29T13:28:43Z,0.0,0
2026-05-29T13:28:48Z,0.0,0
2026-05-29T13:28:53Z,0.0,0
2026-05-29T13:28:58Z,0.0,0
2026-05-29T13:29:03Z,0.0,0
2026-05-29T13:29:08Z,0.0,0
2026-05-29T13:29:13Z,0.0,0
2026-05-29T13:29:18Z,0.0,0
2026-05-29T13:29:23Z,0.0,0
2026-05-29T13:29:28Z,0.0,0
2026-05-29T13:29:33Z,0.0,0
2026-05-29T13:29:38Z,0.0,0
2026-05-29T13:29:43Z,0.0,0
2026-05-29T13:29:48Z,0.0,0
2026-05-29T13:29:53Z,0.0,0
2026-05-29T13:29:58Z,0.0,0
2026-05-29T13:30:03Z,0.0,0
2026-05-29T13:30:08Z,0.0,0
2026-05-29T13:30:13Z,0.0,0
2026-05-29T13:30:18Z,0.0,0
2026-05-29T13:30:23Z,0.0,0
2026-05-29T13:30:28Z,0.0,0
2026-05-29T13:30:33Z,0.0,0
2026-05-29T13:30:38Z,0.0,0
2026-05-29T13:30:43Z,0.0,0
2026-05-29T13:30:48Z,0.0,0
2026-05-29T13:30:53Z,0.0,0
2026-05-29T13:30:58Z,0.0,0
2026-05-29T13:31:03Z,0.0,0
2026-05-29T13:31:08Z,0.0,0
2026-05-29T13:31:13Z,0.0,0
2026-05-29T13:31:18Z,0.0,0
2026-05-29T13:31:23Z,0.0,0
2026-05-29T13:31:28Z,0.0,0
2026-05-29T13:31:33Z,0.0,0
2026-05-29T13:31:38Z,0.0,0
2026-05-29T13:31:43Z,0.0,0
2026-05-29T13:31:48Z,0.0,0
2026-05-29T13:31:53Z,0.0,0
2026-05-29T13:31:58Z,0.0,0
2026-05-29T13:32:03Z,0.0,0
2026-05-29T13:32:08Z,0.0,0
2026-05-29T13:32:13Z,0.0,0
2026-05-29T13:32:18Z,0.0,0
2026-05-29T13:32:23Z,0.0,0
2026-05-29T13:32:28Z,0.0,0
2026-05-29T13:32:33Z,0.0,0
2026-05-29T13:32:38Z,0.0,0
2026-05-29T13:32:43Z,0.0,0
2026-05-29T13:32:48Z,0.0,0
2026-05-29T13:32:53Z,0.0,0
2026-05-29T13:32:58Z,0.0,0
2026-05-29T13:33:03Z,0.0,0
2026-05-29T13:33:08Z,0.0,0
2026-05-29T13:33:13Z,0.0,0
2026-05-29T13:33:18Z,0.0,0
2026-05-29T13:33:23Z,0.0,0
2026-05-29T13:33:28Z,0.0,0
2026-05-29T13:33:33Z,0.0,0
2026-05-29T13:33:38Z,0.0,0
2026-05-29T13:33:43Z,0.0,0
2026-05-29T13:33:48Z,0.0,0
2026-05-29T13:33:53Z,0.0,0
2026-05-29T13:33:58Z,0.0,0
2026-05-29T13:34:03Z,0.0,0
2026-05-29T13:34:08Z,0.0,0
2026-05-29T13:34:13Z,0.0,0
2026-05-29T13:34:18Z,0.0,0
2026-05-29T13:34:23Z,0.0,0
2026-05-29T13:34:28Z,0.0,0
2026-05-29T13:34:33Z,0.0,0
2026-05-29T13:34:38Z,0.0,0
2026-05-29T13:34:43Z,0.0,0
2026-05-29T13:34:48Z,0.0,0
2026-05-29T13:34:53Z,0.0,0
2026-05-29T13:34:58Z,0.0,0
2026-05-29T13:35:03Z,0.0,0
2026-05-29T13:35:08Z,0.0,0
2026-05-29T13:35:13Z,0.0,0
2026-05-29T13:35:18Z,0.0,0
2026-05-29T13:35:23Z,0.0,0
2026-05-29T13:35:28Z,0.0,0
2026-05-29T13:35:33Z,0.0,0
2026-05-29T13:35:38Z,0.0,0
2026-05-29T13:35:43Z,0.0,0
2026-05-29T13:35:48Z,0.0,0
2026-05-29T13:35:53Z,0.0,0
2026-05-29T13:35:58Z,0.0,0
2026-05-29T13:36:03Z,0.0,0
2026-05-29T13:36:08Z,0.0,0
2026-05-29T13:36:13Z,0.0,0
2026-05-29T13:36:18Z,0.0,0
2026-05-29T13:36:23Z,0.0,0
2026-05-29T13:36:28Z,0.0,0
2026-05-29T13:36:33Z,0.0,0
2026-05-29T13:36:38Z,0.0,0
2026-05-29T13:36:43Z,0.0,0
2026-05-29T13:36:48Z,0.0,0
2026-05-29T13:36:53Z,0.0,0
2026-05-29T13:36:58Z,0.0,0
2026-05-29T13:37:03Z,0.0,0
2026-05-29T13:37:08Z,0.0,0
2026-05-29T13:37:13Z,0.0,0
2026-05-29T13:37:18Z,0.0,0
2026-05-29T13:37:23Z,0.0,0
2026-05-29T13:37:28Z,0.0,0
2026-05-29T13:37:33Z,0.0,0
2026-05-29T13:37:38Z,0.0,0
2026-05-29T13:37:43Z,0.0,0
2026-05-29T13:37:48Z,0.0,0
2026-05-29T13:37:53Z,0.0,0
2026-05-29T13:37:58Z,0.0,0
2026-05-29T13:38:03Z,0.0,0
2026-05-29T13:38:08Z,0.0,0
2026-05-29T13:38:13Z,0.0,0
2026-05-29T13:38:18Z,0.0,0
2026-05-29T13:38:23Z,0.0,0
2026-05-29T13:38:28Z,0.0,0
2026-05-29T13:38:33Z,0.0,0
2026-05-29T13:38:38Z,0.0,0
2026-05-29T13:38:43Z,0.0,0
2026-05-29T13:38:48Z,0.0,0
2026-05-29T13:38:53Z,0.0,0
2026-05-29T13:38:58Z,0.0,0
2026-05-29T13:39:03Z,0.0,0
2026-05-29T13:39:08Z,0.0,0
2026-05-29T13:39:13Z,0.0,0
2026-05-29T13:39:18Z,0.0,0
2026-05-29T13:39:23Z,0.0,0
2026-05-29T13:39:28Z,0.0,0
2026-05-29T13:39:33Z,0.0,0
2026-05-29T13:39:38Z,0.0,0
2026-05-29T13:39:43Z,0.0,0
2026-05-29T13:39:48Z,0.0,0
2026-05-29T13:39:53Z,0.0,0
2026-05-29T13:39:58Z,0.0,0
2026-05-29T13:40:03Z,0.0,0
2026-05-29T13:40:08Z,0.0,0
2026-05-29T13:40:13Z,0.0,0
2026-05-29T13:40:18Z,0.0,0
2026-05-29T13:40:23Z,0.0,0
2026-05-29T13:40:28Z,0.0,0
2026-05-29T13:40:33Z,0.0,0
2026-05-29T13:40:38Z,0.0,0
2026-05-29T13:40:43Z,0.0,0
2026-05-29T13:40:48Z,0.0,0
2026-05-29T13:40:53Z,0.0,0
2026-05-29T13:40:58Z,0.0,0
2026-05-29T13:41:03Z,0.0,0
2026-05-29T13:41:08Z,0.0,0
2026-05-29T13:41:13Z,0.0,0
2026-05-29T13:41:18Z,0.0,0
2026-05-29T13:41:23Z,0.0,0
2026-05-29T13:41:28Z,0.0,0
2026-05-29T13:41:33Z,0.0,0
2026-05-29T13:41:38Z,0.0,0
2026-05-29T13:41:43Z,0.0,0
2026-05-29T13:41:48Z,0.0,0
2026-05-29T13:41:53Z,0.0,0
2026-05-29T13:41:58Z,0.0,0
2026-05-29T13:42:03Z,0.0,0
2026-05-29T13:42:08Z,0.0,0
2026-05-29T13:42:13Z,0.0,0
2026-05-29T13:42:18Z,0.0,0
2026-05-29T13:42:23Z,0.0,0
2026-05-29T13:42:28Z,0.0,0
2026-05-29T13:42:33Z,0.0,0
2026-05-29T13:42:38Z,0.0,0
2026-05-29T13:42:43Z,0.0,0
2026-05-29T13:42:48Z,0.0,0
2026-05-29T13:42:53Z,0.0,0
2026-05-29T13:42:58Z,0.0,0
2026-05-29T13:43:03Z,0.0,0
2026-05-29T13:43:08Z,0.0,0
2026-05-29T13:43:13Z,0.0,0
2026-05-29T13:43:18Z,0.0,0
2026-05-29T13:43:23Z,0.0,0
2026-05-29T13:43:28Z,0.0,0
2026-05-29T13:43:33Z,0.0,0
2026-05-29T13:43:38Z,0.0,0
2026-05-29T13:43:43Z,0.0,0
2026-05-29T13:43:48Z,0.0,0
2026-05-29T13:43:53Z,0.0,0
2026-05-29T13:43:58Z,0.0,0
2026-05-29T13:44:03Z,0.0,0
2026-05-29T13:44:08Z,0.0,0
2026-05-29T13:44:13Z,0.0,0
2026-05-29T13:44:18Z,0.0,0
2026-05-29T13:44:23Z,0.0,0
2026-05-29T13:44:28Z,0.0,0
2026-05-29T13:44:33Z,0.0,0
2026-05-29T13:44:38Z,0.0,0
2026-05-29T13:44:43Z,0.0,0
2026-05-29T13:44:48Z,0.0,0
2026-05-29T13:44:53Z,0.0,0
2026-05-29T13:44:58Z,0.0,0
2026-05-29T13:45:03Z,0.0,0
2026-05-29T13:45:08Z,0.0,0
2026-05-29T13:45:13Z,0.0,0
2026-05-29T13:45:18Z,0.0,0
2026-05-29T13:45:23Z,0.0,0
2026-05-29T13:45:28Z,0.0,0
2026-05-29T13:45:33Z,0.0,0
2026-05-29T13:45:38Z,0.0,0
2026-05-29T13:45:43Z,0.0,0
2026-05-29T13:45:48Z,0.0,0
2026-05-29T13:45:53Z,0.0,0
2026-05-29T13:45:58Z,0.0,0
2026-05-29T13:46:03Z,0.0,0
2026-05-29T13:46:08Z,0.0,0
2026-05-29T13:46:13Z,0.0,0
2026-05-29T13:46:18Z,0.0,0
2026-05-29T13:46:23Z,0.0,0
2026-05-29T13:46:28Z,0.0,0
2026-05-29T13:46:33Z,0.0,0
2026-05-29T13:46:38Z,0.0,0
2026-05-29T13:46:43Z,0.0,0
2026-05-29T13:46:48Z,0.0,0
2026-05-29T13:46:53Z,0.0,0
2026-05-29T13:46:58Z,0.0,0
2026-05-29T13:47:03Z,0.0,0
2026-05-29T13:47:08Z,0.0,0
2026-05-29T13:47:13Z,0.0,0
2026-05-29T13:47:18Z,0.0,0
2026-05-29T13:47:23Z,0.0,0
2026-05-29T13:47:28Z,0.0,0
2026-05-29T13:47:33Z,0.0,0
2026-05-29T13:47:38Z,0.0,0
2026-05-29T13:47:43Z,0.0,0
2026-05-29T13:47:48Z,0.0,0
2026-05-29T13:47:53Z,0.0,0
2026-05-29T13:47:58Z,0.0,0
2026-05-29T13:48:03Z,0.0,0
2026-05-29T13:48:08Z,0.0,0
2026-05-29T13:48:13Z,0.0,0
2026-05-29T13:48:18Z,0.0,0
2026-05-29T13:48:23Z,0.0,0
2026-05-29T13:48:28Z,0.0,0
2026-05-29T13:48:33Z,0.0,0
2026-05-29T13:48:38Z,0.0,0
2026-05-29T13:48:43Z,0.0,0
2026-05-29T13:48:48Z,0.0,0
2026-05-29T13:48:53Z,0.0,0
2026-05-29T13:48:58Z,0.0,0
2026-05-29T13:49:03Z,0.0,0
2026-05-29T13:49:08Z,0.0,0
2026-05-29T13:49:13Z,0.0,0
2026-05-29T13:49:18Z,0.0,0
2026-05-29T13:49:23Z,0.0,0
2026-05-29T13:49:28Z,0.0,0
2026-05-29T13:49:33Z,0.0,0
2026-05-29T13:49:38Z,0.0,0
2026-05-29T13:49:43Z,0.0,0
2026-05-29T13:49:48Z,0.0,0
2026-05-29T13:49:53Z,0.0,0
2026-05-29T13:49:58Z,0.0,0
2026-05-29T13:50:03Z,0.0,0
2026-05-29T13:50:08Z,0.0,0
2026-05-29T13:50:13Z,0.0,0
2026-05-29T13:50:18Z,0.0,0
2026-05-29T13:50:23Z,0.0,0
2026-05-29T13:50:28Z,0.0,0
2026-05-29T13:50:33Z,0.0,0
2026-05-29T13:50:38Z,0.0,0
2026-05-29T13:50:43Z,0.0,0
2026-05-29T13:50:48Z,0.0,0
2026-05-29T13:50:53Z,0.0,0
2026-05-29T13:50:58Z,0.0,0
2026-05-29T13:51:03Z,0.0,0
2026-05-29T13:51:08Z,0.0,0
2026-05-29T13:51:13Z,0.0,0
2026-05-29T13:51:18Z,0.0,0
2026-05-29T13:51:23Z,0.0,0
2026-05-29T13:51:28Z,0.0,0
2026-05-29T13:51:33Z,0.0,0
2026-05-29T13:51:38Z,0.0,0
2026-05-29T13:51:43Z,0.0,0
2026-05-29T13:51:48Z,0.0,0
2026-05-29T13:51:53Z,0.0,0
2026-05-29T13:51:58Z,0.0,0
2026-05-29T13:52:03Z,0.0,0
2026-05-29T13:52:08Z,0.0,0
2026-05-29T13:52:13Z,0.0,0
2026-05-29T13:52:18Z,0.0,0
2026-05-29T13:52:23Z,0.0,0
2026-05-29T13:52:28Z,0.0,0
2026-05-29T13:52:33Z,0.0,0
2026-05-29T13:52:38Z,0.0,0
2026-05-29T13:52:43Z,0.0,0
2026-05-29T13:52:48Z,0.0,0
2026-05-29T13:52:53Z,0.0,0
2026-05-29T13:52:58Z,0.0,0
2026-05-29T13:53:03Z,0.0,0
2026-05-29T13:53:08Z,0.0,0
2026-05-29T13:53:13Z,0.0,0
2026-05-29T13:53:18Z,0.0,0
2026-05-29T13:53:23Z,0.0,0
2026-05-29T13:53:28Z,0.0,0
2026-05-29T13:53:33Z,0.0,0
2026-05-29T13:53:38Z,0.0,0
2026-05-29T13:53:43Z,0.0,0
2026-05-29T13:53:48Z,0.0,0
2026-05-29T13:53:53Z,0.0,0
2026-05-29T13:53:58Z,0.0,0
2026-05-29T13:54:03Z,0.0,0
2026-05-29T13:54:08Z,0.0,0
2026-05-29T13:54:13Z,0.0,0
2026-05-29T13:54:18Z,0.0,0
2026-05-29T13:54:23Z,0.0,0
2026-05-29T13:54:28Z,0.0,0
2026-05-29T13:54:33Z,0.0,0
2026-05-29T13:54:38Z,0.0,0
2026-05-29T13:54:43Z,0.0,0
2026-05-29T13:54:48Z,0.0,0
2026-05-29T13:54:53Z,0.0,0
2026-05-29T13:54:58Z,0.0,0
2026-05-29T13:55:03Z,0.0,0
2026-05-29T13:55:08Z,0.0,0
2026-05-29T13:55:13Z,0.0,0
2026-05-29T13:55:18Z,0.0,0
2026-05-29T13:55:23Z,0.0,0
2026-05-29T13:55:28Z,0.0,0
2026-05-29T13:55:33Z,0.0,0
2026-05-29T13:55:38Z,0.0,0
2026-05-29T13:55:43Z,0.0,0
2026-05-29T13:55:48Z,0.0,0
2026-05-29T13:55:53Z,0.0,0
2026-05-29T13:55:58Z,0.0,0
2026-05-29T13:56:03Z,0.0,0
2026-05-29T13:56:08Z,0.0,0
2026-05-29T13:56:13Z,0.0,0
2026-05-29T13:56:18Z,0.0,0
2026-05-29T13:56:23Z,0.0,0
2026-05-29T13:56:28Z,0.0,0
2026-05-29T13:56:33Z,0.0,0
2026-05-29T13:56:38Z,0.0,0
2026-05-29T13:56:43Z,0.0,0
2026-05-29T13:56:48Z,0.0,0
2026-05-29T13:56:53Z,0.0,0
2026-05-29T13:56:58Z,0.0,0
2026-05-29T13:57:03Z,0.0,0
2026-05-29T13:57:08Z,0.0,0
2026-05-29T13:57:13Z,0.0,0
2026-05-29T13:57:18Z,0.0,0
2026-05-29T13:57:23Z,0.0,0
2026-05-29T13:57:28Z,0.0,0
2026-05-29T13:57:33Z,0.0,0
2026-05-29T13:57:38Z,0.0,0
2026-05-29T13:57:43Z,0.0,0
2026-05-29T13:57:48Z,0.0,0
2026-05-29T13:57:53Z,0.0,0
2026-05-29T13:57:58Z,0.0,0
2026-05-29T13:58:03Z,0.0,0
2026-05-29T13:58:08Z,0.0,0
2026-05-29T13:58:13Z,0.0,0
2026-05-29T13:58:18Z,0.0,0
2026-05-29T13:58:23Z,0.0,0
2026-05-29T13:58:28Z,0.0,0
2026-05-29T13:58:33Z,0.0,0
2026-05-29T13:58:38Z,0.0,0
2026-05-29T13:58:43Z,0.0,0
2026-05-29T13:58:48Z,0.0,0
2026-05-29T13:58:53Z,0.0,0
2026-05-29T13:58:58Z,0.0,0
2026-05-29T13:59:03Z,0.0,0
2026-05-29T13:59:08Z,0.0,0
2026-05-29T13:59:13Z,0.0,0
2026-05-29T13:59:18Z,0.0,0
2026-05-29T13:59:23Z,0.0,0
2026-05-29T13:59:28Z,0.0,0
2026-05-29T13:59:33Z,0.0,0
2026-05-29T13:59:38Z,0.0,0
2026-05-29T13:59:43Z,0.0,0
2026-05-29T13:59:48Z,0.0,0
2026-05-29T13:59:53Z,0.0,0
2026-05-29T13:59:58Z,0.0,0
2026-05-29T14:00:03Z,0.0,0
2026-05-29T14:00:08Z,0.0,0
2026-05-29T14:00:13Z,0.0,0
2026-05-29T14:00:18Z,0.0,0
2026-05-29T14:00:23Z,0.0,0
2026-05-29T14:00:28Z,0.0,0
2026-05-29T14:00:33Z,0.0,0
2026-05-29T14:00:38Z,0.0,0
2026-05-29T14:00:43Z,0.0,0
2026-05-29T14:00:48Z,0.0,0
2026-05-29T14:00:53Z,0.0,0
2026-05-29T14:00:58Z,0.0,0
2026-05-29T14:01:03Z,0.0,0
2026-05-29T14:01:08Z,0.0,0
2026-05-29T14:01:13Z,0.0,0
2026-05-29T14:01:18Z,0.0,0
2026-05-29T14:01:23Z,0.0,0
2026-05-29T14:01:28Z,0.0,0
2026-05-29T14:01:33Z,0.0,0
2026-05-29T14:01:38Z,0.0,0
2026-05-29T14:01:43Z,0.0,0
2026-05-29T14:01:48Z,0.0,0
2026-05-29T14:01:53Z,0.0,0
2026-05-29T14:01:58Z,0.0,0
2026-05-29T14:02:03Z,0.0,0
2026-05-29T14:02:08Z,0.0,0
2026-05-29T14:02:13Z,0.0,0
2026-05-29T14:02:18Z,0.0,0
2026-05-29T14:02:23Z,0.0,0
2026-05-29T14:02:28Z,0.0,0
2026-05-29T14:02:33Z,0.0,0
2026-05-29T14:02:38Z,0.0,0
2026-05-29T14:02:43Z,0.0,0
2026-05-29T14:02:48Z,0.0,0
2026-05-29T14:02:53Z,0.0,0
2026-05-29T14:02:58Z,0.0,0
2026-05-29T14:03:03Z,0.0,0
2026-05-29T14:03:08Z,0.0,0
2026-05-29T14:03:13Z,0.0,0
2026-05-29T14:03:18Z,0.0,0
2026-05-29T14:03:23Z,0.0,0
2026-05-29T14:03:28Z,0.0,0
2026-05-29T14:03:33Z,0.0,0
2026-05-29T14:03:38Z,0.0,0
2026-05-29T14:03:43Z,0.0,0
2026-05-29T14:03:48Z,0.0,0
2026-05-29T14:03:53Z,0.0,0
2026-05-29T14:03:58Z,0.0,0
2026-05-29T14:04:03Z,0.0,0
2026-05-29T14:04:08Z,0.0,0
2026-05-29T14:04:13Z,0.0,0
2026-05-29T14:04:18Z,0.0,0
2026-05-29T14:04:23Z,0.0,0
2026-05-29T14:04:28Z,0.0,0
2026-05-29T14:04:33Z,0.0,0
2026-05-29T14:04:38Z,0.0,0
2026-05-29T14:04:43Z,0.0,0
2026-05-29T14:04:48Z,0.0,0
2026-05-29T14:04:53Z,0.0,0
2026-05-29T14:04:58Z,0.0,0
2026-05-29T14:05:03Z,0.0,0
2026-05-29T14:05:08Z,0.0,0
2026-05-29T14:05:13Z,0.0,0
2026-05-29T14:05:18Z,0.0,0
2026-05-29T14:05:23Z,0.0,0
2026-05-29T14:05:28Z,0.0,0
2026-05-29T14:05:33Z,0.0,0
2026-05-29T14:05:38Z,0.0,0
2026-05-29T14:05:43Z,0.0,0
2026-05-29T14:05:48Z,0.0,0
2026-05-29T14:05:53Z,0.0,0
2026-05-29T14:05:58Z,0.0,0
2026-05-29T14:06:03Z,0.0,0
2026-05-29T14:06:08Z,0.0,0
2026-05-29T14:06:13Z,0.0,0
2026-05-29T14:06:18Z,0.0,0
2026-05-29T14:06:23Z,0.0,0
2026-05-29T14:06:28Z,0.0,0
2026-05-29T14:06:33Z,0.0,0
2026-05-29T14:06:38Z,0.0,0
2026-05-29T14:06:43Z,0.0,0
2026-05-29T14:06:48Z,0.0,0
2026-05-29T14:06:53Z,0.0,0
2026-05-29T14:06:58Z,0.0,0
2026-05-29T14:07:03Z,0.0,0
2026-05-29T14:07:08Z,0.0,0
2026-05-29T14:07:13Z,0.0,0
2026-05-29T14:07:18Z,0.0,0
2026-05-29T14:07:23Z,0.0,0
2026-05-29T14:07:28Z,0.0,0
2026-05-29T14:07:33Z,0.0,0
2026-05-29T14:07:38Z,0.0,0
2026-05-29T14:07:43Z,0.0,0
2026-05-29T14:07:48Z,0.0,0
2026-05-29T14:07:53Z,0.0,0
2026-05-29T14:07:58Z,0.0,0
2026-05-29T14:08:03Z,0.0,0
2026-05-29T14:08:08Z,0.0,0
2026-05-29T14:08:13Z,0.0,0
2026-05-29T14:08:18Z,0.0,0
2026-05-29T14:08:23Z,0.0,0
2026-05-29T14:08:28Z,0.0,0
2026-05-29T14:08:33Z,0.0,0
2026-05-29T14:08:38Z,0.0,0
2026-05-29T14:08:43Z,0.0,0
2026-05-29T14:08:48Z,0.0,0
2026-05-29T14:08:53Z,0.0,0
2026-05-29T14:08:58Z,0.0,0
2026-05-29T14:09:03Z,0.0,0
2026-05-29T14:09:08Z,0.0,0
2026-05-29T14:09:13Z,0.0,0
2026-05-29T14:09:18Z,0.0,0
2026-05-29T14:09:23Z,0.0,0
2026-05-29T14:09:28Z,0.0,0
2026-05-29T14:09:33Z,0.0,0
2026-05-29T14:09:38Z,0.0,0
2026-05-29T14:09:43Z,0.0,0
2026-05-29T14:09:48Z,0.0,0
2026-05-29T14:09:53Z,0.0,0
2026-05-29T14:09:58Z,0.0,0
2026-05-29T14:10:03Z,0.0,0
2026-05-29T14:10:08Z,0.0,0
2026-05-29T14:10:13Z,0.0,0
2026-05-29T14:10:18Z,0.0,0
2026-05-29T14:10:23Z,0.0,0
2026-05-29T14:10:28Z,0.0,0
2026-05-29T14:10:33Z,0.0,0
2026-05-29T14:10:38Z,0.0,0
2026-05-29T14:10:43Z,0.0,0
2026-05-29T14:10:48Z,0.0,0
2026-05-29T14:10:53Z,0.0,0
2026-05-29T14:10:58Z,0.0,0
2026-05-29T14:11:03Z,0.0,0
2026-05-29T14:11:08Z,0.0,0
2026-05-29T14:11:13Z,0.0,0
2026-05-29T14:11:18Z,0.0,0
2026-05-29T14:11:23Z,0.0,0
2026-05-29T14:11:28Z,0.0,0
2026-05-29T14:11:33Z,0.0,0
2026-05-29T14:11:38Z,0.0,0
2026-05-29T14:11:43Z,0.0,0
2026-05-29T14:11:48Z,0.0,0
2026-05-29T14:11:53Z,0.0,0
2026-05-29T14:11:58Z,0.0,0
2026-05-29T14:12:03Z,0.0,0
2026-05-29T14:12:08Z,0.0,0
2026-05-29T14:12:13Z,0.0,0
2026-05-29T14:12:18Z,0.0,0
2026-05-29T14:12:23Z,0.0,0
2026-05-29T14:12:28Z,0.0,0
2026-05-29T14:12:33Z,0.0,0
2026-05-29T14:12:38Z,0.0,0
2026-05-29T14:12:43Z,0.0,0
2026-05-29T14:12:48Z,0.0,0
2026-05-29T14:12:53Z,0.0,0
2026-05-29T14:12:58Z,0.0,0
2026-05-29T14:13:03Z,0.0,0
2026-05-29T14:13:08Z,0.0,0
2026-05-29T14:13:13Z,0.0,0
2026-05-29T14:13:18Z,0.0,0
2026-05-29T14:13:23Z,0.0,0
2026-05-29T14:13:28Z,0.0,0
2026-05-29T14:13:33Z,0.0,0
2026-05-29T14:13:38Z,0.0,0
2026-05-29T14:13:43Z,0.0,0
2026-05-29T14:13:48Z,0.0,0
2026-05-29T14:13:53Z,0.0,0
2026-05-29T14:13:58Z,0.0,0
2026-05-29T14:14:03Z,0.0,0
2026-05-29T14:14:08Z,0.0,0
2026-05-29T14:14:13Z,0.0,0
2026-05-29T14:14:18Z,0.0,0
2026-05-29T14:14:23Z,0.0,0
2026-05-29T14:14:28Z,0.0,0
2026-05-29T14:14:33Z,0.0,0
2026-05-29T14:14:38Z,0.0,0
2026-05-29T14:14:43Z,0.0,0
2026-05-29T14:14:48Z,0.0,0
2026-05-29T14:14:53Z,0.0,0
2026-05-29T14:14:58Z,0.0,0
2026-05-29T14:15:03Z,0.0,0
2026-05-29T14:15:08Z,0.0,0
2026-05-29T14:15:13Z,0.0,0
2026-05-29T14:15:18Z,0.0,0
2026-05-29T14:15:23Z,0.0,0
2026-05-29T14:15:28Z,0.0,0
2026-05-29T14:15:33Z,0.0,0
2026-05-29T14:15:38Z,0.0,0
2026-05-29T14:15:43Z,0.0,0
2026-05-29T14:15:48Z,0.0,0
2026-05-29T14:15:53Z,0.0,0
2026-05-29T14:15:58Z,0.0,0
2026-05-29T14:16:03Z,0.0,0
2026-05-29T14:16:08Z,0.0,0
2026-05-29T14:16:13Z,0.0,0
2026-05-29T14:16:18Z,0.0,0
2026-05-29T14:16:23Z,0.0,0
2026-05-29T14:16:28Z,0.0,0
2026-05-29T14:16:33Z,0.0,0
2026-05-29T14:16:38Z,0.0,0
2026-05-29T14:16:43Z,0.0,0
2026-05-29T14:16:48Z,0.0,0
2026-05-29T14:16:53Z,0.0,0
2026-05-29T14:16:58Z,0.0,0
2026-05-29T14:17:03Z,0.0,0
2026-05-29T14:17:08Z,0.0,0
2026-05-29T14:17:13Z,0.0,0
2026-05-29T14:17:18Z,0.0,0
2026-05-29T14:17:23Z,0.0,0
2026-05-29T14:17:28Z,0.0,0
2026-05-29T14:17:33Z,0.0,0
2026-05-29T14:17:38Z,0.0,0
2026-05-29T14:17:43Z,0.0,0
2026-05-29T14:17:48Z,0.0,0
2026-05-29T14:17:53Z,0.0,0
2026-05-29T14:17:58Z,0.0,0
2026-05-29T14:18:03Z,0.0,0
2026-05-29T14:18:08Z,0.0,0
2026-05-29T14:18:13Z,0.0,0
2026-05-29T14:18:18Z,0.0,0
2026-05-29T14:18:23Z,0.0,0
2026-05-29T14:18:28Z,0.0,0
2026-05-29T14:18:33Z,0.0,0
2026-05-29T14:18:38Z,0.0,0
2026-05-29T14:18:43Z,0.0,0
2026-05-29T14:18:48Z,0.0,0
2026-05-29T14:18:53Z,0.0,0
2026-05-29T14:18:58Z,0.0,0
2026-05-29T14:19:03Z,0.0,0
2026-05-29T14:19:08Z,0.0,0
2026-05-29T14:19:13Z,0.0,0
2026-05-29T14:19:18Z,0.0,0
2026-05-29T14:19:23Z,0.0,0
2026-05-29T14:19:28Z,0.0,0
2026-05-29T14:19:33Z,0.0,0
2026-05-29T14:19:38Z,0.0,0
2026-05-29T14:19:43Z,0.0,0
2026-05-29T14:19:48Z,0.0,0
2026-05-29T14:19:53Z,0.0,0
2026-05-29T14:19:58Z,0.0,0
2026-05-29T14:20:03Z,0.0,0
2026-05-29T14:20:08Z,0.0,0
2026-05-29T14:20:13Z,0.0,0
2026-05-29T14:20:18Z,0.0,0
2026-05-29T14:20:23Z,0.0,0
2026-05-29T14:20:28Z,0.0,0
2026-05-29T14:20:33Z,0.0,0
2026-05-29T14:20:38Z,0.0,0
2026-05-29T14:20:43Z,0.0,0
2026-05-29T14:20:48Z,0.0,0
2026-05-29T14:20:53Z,0.0,0
2026-05-29T14:20:58Z,0.0,0
2026-05-29T14:21:03Z,0.0,0
2026-05-29T14:21:08Z,0.0,0
2026-05-29T14:21:13Z,0.0,0
2026-05-29T14:21:18Z,0.0,0
2026-05-29T14:21:23Z,0.0,0
2026-05-29T14:21:28Z,0.0,0
2026-05-29T14:21:33Z,0.0,0
2026-05-29T14:21:38Z,0.0,0
2026-05-29T14:21:43Z,0.0,0
2026-05-29T14:21:48Z,0.0,0
2026-05-29T14:21:53Z,0.0,0
2026-05-29T14:21:58Z,0.0,0
2026-05-29T14:22:03Z,0.0,0
2026-05-29T14:22:08Z,0.0,0
2026-05-29T14:22:13Z,0.0,0
2026-05-29T14:22:18Z,0.0,0
2026-05-29T14:22:23Z,0.0,0
2026-05-29T14:22:28Z,0.0,0
2026-05-29T14:22:33Z,0.0,0
2026-05-29T14:22:38Z,0.0,0
2026-05-29T14:22:43Z,0.0,0
2026-05-29T14:22:48Z,0.0,0
2026-05-29T14:22:53Z,0.0,0
2026-05-29T14:22:58Z,0.0,0
2026-05-29T14:23:03Z,0.0,0
2026-05-29T14:23:08Z,0.0,0
2026-05-29T14:23:13Z,0.0,0
2026-05-29T14:23:18Z,0.0,0
2026-05-29T14:23:23Z,0.0,0
2026-05-29T14:23:28Z,0.0,0
2026-05-29T14:23:33Z,0.0,0
2026-05-29T14:23:38Z,0.0,0
2026-05-29T14:23:43Z,0.0,0
2026-05-29T14:23:48Z,0.0,0
2026-05-29T14:23:53Z,0.0,0
2026-05-29T14:23:58Z,0.0,0
2026-05-29T14:24:03Z,0.0,0
2026-05-29T14:24:08Z,0.0,0
2026-05-29T14:24:13Z,0.0,0
2026-05-29T14:24:18Z,0.0,0
2026-05-29T14:24:23Z,0.0,0
2026-05-29T14:24:28Z,0.0,0
2026-05-29T14:24:33Z,0.0,0
2026-05-29T14:24:38Z,0.0,0
2026-05-29T14:24:43Z,0.0,0
2026-05-29T14:24:48Z,0.0,0
2026-05-29T14:24:53Z,0.0,0
2026-05-29T14:24:58Z,0.0,0
2026-05-29T14:25:03Z,0.0,0
2026-05-29T14:25:08Z,0.0,0
2026-05-29T14:25:13Z,0.0,0
2026-05-29T14:25:18Z,0.0,0
2026-05-29T14:25:23Z,0.0,0
2026-05-29T14:25:28Z,0.0,0
2026-05-29T14:25:33Z,0.0,0
2026-05-29T14:25:38Z,0.0,0
2026-05-29T14:25:43Z,0.0,0
2026-05-29T14:25:48Z,0.0,0
2026-05-29T14:25:53Z,0.0,0
2026-05-29T14:25:58Z,0.0,0
2026-05-29T14:26:03Z,0.0,0
2026-05-29T14:26:08Z,0.0,0
2026-05-29T14:26:13Z,0.0,0
2026-05-29T14:26:18Z,0.0,0
2026-05-29T14:26:23Z,0.0,0
2026-05-29T14:26:28Z,0.0,0
2026-05-29T14:26:33Z,0.0,0
2026-05-29T14:26:38Z,0.0,0
2026-05-29T14:26:43Z,0.0,0
2026-05-29T14:26:48Z,0.0,0
2026-05-29T14:26:53Z,0.0,0
2026-05-29T14:26:58Z,0.0,0
2026-05-29T14:27:03Z,0.0,0
2026-05-29T14:27:08Z,0.0,0
2026-05-29T14:27:13Z,0.0,0
2026-05-29T14:27:18Z,0.0,0
2026-05-29T14:27:23Z,0.0,0
2026-05-29T14:27:28Z,0.0,0
2026-05-29T14:27:33Z,0.0,0
2026-05-29T14:27:38Z,0.0,0
2026-05-29T14:27:43Z,0.0,0
2026-05-29T14:27:48Z,0.0,0
2026-05-29T14:27:53Z,0.0,0
2026-05-29T14:27:58Z,0.0,0
2026-05-29T14:28:03Z,0.0,0
2026-05-29T14:28:08Z,0.0,0
2026-05-29T14:28:13Z,0.0,0
2026-05-29T14:28:18Z,0.0,0
2026-05-29T14:28:23Z,0.0,0
2026-05-29T14:28:28Z,0.0,0
2026-05-29T14:28:33Z,0.0,0
2026-05-29T14:28:38Z,0.0,0
2026-05-29T14:28:43Z,0.0,0
2026-05-29T14:28:48Z,0.0,0
2026-05-29T14:28:53Z,0.0,0
2026-05-29T14:28:58Z,0.0,0
2026-05-29T14:29:03Z,0.0,0
2026-05-29T14:29:08Z,0.0,0
2026-05-29T14:29:13Z,0.0,0
2026-05-29T14:29:18Z,0.0,0
2026-05-29T14:29:23Z,0.0,0
2026-05-29T14:29:28Z,0.0,0
2026-05-29T14:29:33Z,0.0,0
2026-05-29T14:29:38Z,0.0,0
2026-05-29T14:29:43Z,0.0,0
2026-05-29T14:29:48Z,0.0,0
2026-05-29T14:29:53Z,0.0,0
2026-05-29T14:29:58Z,0.0,0
2026-05-29T14:30:03Z,0.0,0
2026-05-29T14:30:08Z,0.0,0
2026-05-29T14:30:13Z,0.0,0
2026-05-29T14:30:18Z,0.0,0
2026-05-29T14:30:23Z,0.0,0
2026-05-29T14:30:28Z,0.0,0
2026-05-29T14:30:33Z,0.0,0
2026-05-29T14:30:38Z,0.0,0
2026-05-29T14:30:43Z,0.0,0
2026-05-29T14:30:48Z,0.0,0
2026-05-29T14:30:53Z,0.0,0
2026-05-29T14:30:58Z,0.0,0
2026-05-29T14:31:03Z,0.0,0
2026-05-29T14:31:08Z,0.0,0
2026-05-29T14:31:13Z,0.0,0
2026-05-29T14:31:18Z,0.0,0
2026-05-29T14:31:23Z,0.0,0
2026-05-29T14:31:28Z,0.0,0
2026-05-29T14:31:33Z,0.0,0
2026-05-29T14:31:38Z,0.0,0
2026-05-29T14:31:43Z,0.0,0
2026-05-29T14:31:48Z,0.0,0
2026-05-29T14:31:53Z,0.0,0
2026-05-29T14:31:58Z,0.0,0
2026-05-29T14:32:03Z,0.0,0
2026-05-29T14:32:08Z,0.0,0
2026-05-29T14:32:13Z,0.0,0
2026-05-29T14:32:18Z,0.0,0
2026-05-29T14:32:23Z,0.0,0
2026-05-29T14:32:28Z,0.0,0
2026-05-29T14:32:33Z,0.0,0
2026-05-29T14:32:38Z,0.0,0
2026-05-29T14:32:43Z,0.0,0
2026-05-29T14:32:48Z,0.0,0
2026-05-29T14:32:53Z,0.0,0
2026-05-29T14:32:58Z,0.0,0
2026-05-29T14:33:03Z,0.0,0
2026-05-29T14:33:08Z,0.0,0
2026-05-29T14:33:13Z,0.0,0
2026-05-29T14:33:18Z,0.0,0
2026-05-29T14:33:23Z,0.0,0
2026-05-29T14:33:28Z,0.0,0
2026-05-29T14:33:33Z,0.0,0
2026-05-29T14:33:38Z,0.0,0
2026-05-29T14:33:43Z,0.0,0
2026-05-29T14:33:48Z,0.0,0
2026-05-29T14:33:53Z,0.0,0
2026-05-29T14:33:58Z,0.0,0
2026-05-29T14:34:03Z,0.0,0
2026-05-29T14:34:08Z,0.0,0
2026-05-29T14:34:13Z,0.0,0
2026-05-29T14:34:18Z,0.0,0
2026-05-29T14:34:23Z,0.0,0
2026-05-29T14:34:28Z,0.0,0
2026-05-29T14:34:33Z,0.0,0
2026-05-29T14:34:38Z,0.0,0
2026-05-29T14:34:43Z,0.0,0
2026-05-29T14:34:48Z,0.0,0
2026-05-29T14:34:53Z,0.0,0
2026-05-29T14:34:58Z,0.0,0
2026-05-29T14:35:03Z,0.0,0
2026-05-29T14:35:08Z,0.0,0
2026-05-29T14:35:13Z,0.0,0
2026-05-29T14:35:18Z,0.0,0
2026-05-29T14:35:23Z,0.0,0
2026-05-29T14:35:28Z,0.0,0
2026-05-29T14:35:33Z,0.0,0
2026-05-29T14:35:38Z,0.0,0
2026-05-29T14:35:43Z,0.0,0
2026-05-29T14:35:48Z,0.0,0
2026-05-29T14:35:53Z,0.0,0
2026-05-29T14:35:58Z,0.0,0
2026-05-29T14:36:03Z,0.0,0
2026-05-29T14:36:08Z,0.0,0
2026-05-29T14:36:13Z,0.0,0
2026-05-29T14:36:18Z,0.0,0
2026-05-29T14:36:23Z,0.0,0
2026-05-29T14:36:28Z,0.0,0
2026-05-29T14:36:33Z,0.0,0
2026-05-29T14:36:38Z,0.0,0
2026-05-29T14:36:43Z,0.0,0
2026-05-29T14:36:48Z,0.0,0
2026-05-29T14:36:53Z,0.0,0
2026-05-29T14:36:58Z,0.0,0
2026-05-29T14:37:03Z,0.0,0
2026-05-29T14:37:08Z,0.0,0
2026-05-29T14:37:13Z,0.0,0
2026-05-29T14:37:18Z,0.0,0
2026-05-29T14:37:23Z,0.0,0
2026-05-29T14:37:28Z,0.0,0
2026-05-29T14:37:33Z,0.0,0
2026-05-29T14:37:38Z,0.0,0
2026-05-29T14:37:43Z,0.0,0
2026-05-29T14:37:48Z,0.0,0
2026-05-29T14:37:53Z,0.0,0
2026-05-29T14:37:58Z,0.0,0
2026-05-29T14:38:03Z,0.0,0
2026-05-29T14:38:08Z,0.0,0
2026-05-29T14:38:13Z,0.0,0
2026-05-29T14:38:18Z,0.0,0
2026-05-29T14:38:23Z,0.0,0
2026-05-29T14:38:28Z,0.0,0
2026-05-29T14:38:33Z,0.0,0
2026-05-29T14:38:38Z,0.0,0
2026-05-29T14:38:43Z,0.0,0
2026-05-29T14:38:48Z,0.0,0
2026-05-29T14:38:53Z,0.0,0
2026-05-29T14:38:58Z,0.0,0
2026-05-29T14:39:03Z,0.0,0
2026-05-29T14:39:08Z,0.0,0
2026-05-29T14:39:13Z,0.0,0
2026-05-29T14:39:18Z,0.0,0
2026-05-29T14:39:23Z,0.0,0
2026-05-29T14:39:28Z,0.0,0
2026-05-29T14:39:33Z,0.0,0
2026-05-29T14:39:38Z,0.0,0
2026-05-29T14:39:43Z,0.0,0
2026-05-29T14:39:48Z,0.0,0
2026-05-29T14:39:53Z,0.0,0
2026-05-29T14:39:58Z,0.0,0
2026-05-29T14:40:03Z,0.0,0
2026-05-29T14:40:08Z,0.0,0
2026-05-29T14:40:13Z,0.0,0
2026-05-29T14:40:18Z,0.0,0
2026-05-29T14:40:23Z,0.0,0
2026-05-29T14:40:28Z,0.0,0
2026-05-29T14:40:33Z,0.0,0
2026-05-29T14:40:38Z,0.0,0
2026-05-29T14:40:43Z,0.0,0
2026-05-29T14:40:48Z,0.0,0
2026-05-29T14:40:53Z,0.0,0
2026-05-29T14:40:58Z,0.0,0
2026-05-29T14:41:03Z,0.0,0
2026-05-29T14:41:08Z,0.0,0
2026-05-29T14:41:13Z,0.0,0
2026-05-29T14:41:18Z,0.0,0
2026-05-29T14:41:23Z,0.0,0
2026-05-29T14:41:28Z,0.0,0
2026-05-29T14:41:33Z,0.0,0
2026-05-29T14:41:38Z,0.0,0
2026-05-29T14:41:43Z,0.0,0
2026-05-29T14:41:48Z,0.0,0
2026-05-29T14:41:53Z,0.0,0
2026-05-29T14:41:58Z,0.0,0
2026-05-29T14:42:03Z,0.0,0
2026-05-29T14:42:08Z,0.0,0
2026-05-29T14:42:13Z,0.0,0
2026-05-29T14:42:18Z,0.0,0
2026-05-29T14:42:23Z,0.0,0
2026-05-29T14:42:28Z,0.0,0
2026-05-29T14:42:33Z,0.0,0
2026-05-29T14:42:38Z,0.0,0
2026-05-29T14:42:43Z,0.0,0
2026-05-29T14:42:48Z,0.0,0
2026-05-29T14:42:53Z,0.0,0
2026-05-29T14:42:58Z,0.0,0
2026-05-29T14:43:03Z,0.0,0
2026-05-29T14:43:08Z,0.0,0
2026-05-29T14:43:13Z,0.0,0
2026-05-29T14:43:18Z,0.0,0
2026-05-29T14:43:23Z,0.0,0
2026-05-29T14:43:28Z,0.0,0
2026-05-29T14:43:33Z,0.0,0
2026-05-29T14:43:38Z,0.0,0
2026-05-29T14:43:43Z,0.0,0
2026-05-29T14:43:48Z,0.0,0
2026-05-29T14:43:53Z,0.0,0
2026-05-29T14:43:58Z,0.0,0
2026-05-29T14:44:03Z,0.0,0
2026-05-29T14:44:08Z,0.0,0
2026-05-29T14:44:13Z,0.0,0
2026-05-29T14:44:18Z,0.0,0
2026-05-29T14:44:23Z,0.0,0
2026-05-29T14:44:28Z,0.0,0
2026-05-29T14:44:33Z,0.0,0
2026-05-29T14:44:38Z,0.0,0
2026-05-29T14:44:43Z,0.0,0
2026-05-29T14:44:48Z,0.0,0
2026-05-29T14:44:53Z,0.0,0
2026-05-29T14:44:58Z,0.0,0
2026-05-29T14:45:03Z,0.0,0
2026-05-29T14:45:08Z,0.0,0
2026-05-29T14:45:13Z,0.0,0
2026-05-29T14:45:18Z,0.0,0
2026-05-29T14:45:23Z,0.0,0
2026-05-29T14:45:28Z,0.0,0
2026-05-29T14:45:33Z,0.0,0
2026-05-29T14:45:38Z,0.0,0
2026-05-29T14:45:43Z,0.0,0
2026-05-29T14:45:48Z,0.0,0
2026-05-29T14:45:53Z,0.0,0
2026-05-29T14:45:58Z,0.0,0
2026-05-29T14:46:03Z,0.0,0
2026-05-29T14:46:08Z,0.0,0
2026-05-29T14:46:13Z,0.0,0
2026-05-29T14:46:18Z,0.0,0
2026-05-29T14:46:23Z,0.0,0
2026-05-29T14:46:28Z,0.0,0
2026-05-29T14:46:33Z,0.0,0
2026-05-29T14:46:38Z,0.0,0
2026-05-29T14:46:43Z,0.0,0
2026-05-29T14:46:48Z,0.0,0
2026-05-29T14:46:53Z,0.0,0
2026-05-29T14:46:58Z,0.0,0
2026-05-29T14:47:03Z,0.0,0
2026-05-29T14:47:08Z,0.0,0
2026-05-29T14:47:13Z,0.0,0
2026-05-29T14:47:18Z,0.0,0
2026-05-29T14:47:23Z,0.0,0
2026-05-29T14:47:28Z,0.0,0
2026-05-29T14:47:33Z,0.0,0
2026-05-29T14:47:38Z,0.0,0
2026-05-29T14:47:43Z,0.0,0
2026-05-29T14:47:48Z,0.0,0
2026-05-29T14:47:53Z,0.0,0
2026-05-29T14:47:58Z,0.0,0
2026-05-29T14:48:03Z,0.0,0
2026-05-29T14:48:08Z,0.0,0
2026-05-29T14:48:13Z,0.0,0
2026-05-29T14:48:18Z,0.0,0
2026-05-29T14:48:23Z,0.0,0
2026-05-29T14:48:28Z,0.0,0
2026-05-29T14:48:33Z,0.0,0
2026-05-29T14:48:38Z,0.0,0
2026-05-29T14:48:43Z,0.0,0
2026-05-29T14:48:48Z,0.0,0
2026-05-29T14:48:53Z,0.0,0
2026-05-29T14:48:58Z,0.0,0
2026-05-29T14:49:03Z,0.0,0
2026-05-29T14:49:08Z,0.0,0
2026-05-29T14:49:13Z,0.0,0
2026-05-29T14:49:18Z,0.0,0
2026-05-29T14:49:23Z,0.0,0
2026-05-29T14:49:28Z,0.0,0
2026-05-29T14:49:33Z,0.0,0
2026-05-29T14:49:38Z,0.0,0
2026-05-29T14:49:43Z,0.0,0
2026-05-29T14:49:48Z,0.0,0
2026-05-29T14:49:53Z,0.0,0
2026-05-29T14:49:58Z,0.0,0
2026-05-29T14:50:03Z,0.0,0
2026-05-29T14:50:08Z,0.0,0
2026-05-29T14:50:13Z,0.0,0
2026-05-29T14:50:18Z,0.0,0
2026-05-29T14:50:23Z,0.0,0
2026-05-29T14:50:28Z,0.0,0
2026-05-29T14:50:33Z,0.0,0
2026-05-29T14:50:38Z,0.0,0
2026-05-29T14:50:43Z,0.0,0
2026-05-29T14:50:48Z,0.0,0
2026-05-29T14:50:53Z,0.0,0
2026-05-29T14:50:58Z,0.0,0
2026-05-29T14:51:03Z,0.0,0
2026-05-29T14:51:08Z,0.0,0
2026-05-29T14:51:13Z,0.0,0
2026-05-29T14:51:18Z,0.0,0
2026-05-29T14:51:23Z,0.0,0
2026-05-29T14:51:28Z,0.0,0
2026-05-29T14:51:33Z,0.0,0
2026-05-29T14:51:38Z,0.0,0
2026-05-29T14:51:43Z,0.0,0
2026-05-29T14:51:48Z,0.0,0
2026-05-29T14:51:53Z,0.0,0
2026-05-29T14:51:58Z,0.0,0
2026-05-29T14:52:03Z,0.0,0
2026-05-29T14:52:08Z,0.0,0
2026-05-29T14:52:13Z,0.0,0
2026-05-29T14:52:18Z,0.0,0
2026-05-29T14:52:23Z,0.0,0
2026-05-29T14:52:28Z,0.0,0
2026-05-29T14:52:33Z,0.0,0
2026-05-29T14:52:38Z,0.0,0
2026-05-29T14:52:43Z,0.0,0
2026-05-29T14:52:48Z,0.0,0
2026-05-29T14:52:53Z,0.0,0
2026-05-29T14:52:58Z,0.0,0
2026-05-29T14:53:03Z,0.0,0
2026-05-29T14:53:08Z,0.0,0
2026-05-29T14:53:13Z,0.0,0
2026-05-29T14:53:18Z,0.0,0
2026-05-29T14:53:23Z,0.0,0
2026-05-29T14:53:28Z,0.0,0
2026-05-29T14:53:33Z,0.0,0
2026-05-29T14:53:38Z,0.0,0
2026-05-29T14:53:43Z,0.0,0
2026-05-29T14:53:48Z,0.0,0
2026-05-29T14:53:53Z,0.0,0
2026-05-29T14:53:58Z,0.0,0
2026-05-29T14:54:03Z,0.0,0
2026-05-29T14:54:08Z,0.0,0
2026-05-29T14:54:13Z,0.0,0
2026-05-29T14:54:18Z,0.0,0
2026-05-29T14:54:23Z,0.0,0
2026-05-29T14:54:28Z,0.0,0
2026-05-29T14:54:33Z,0.0,0
2026-05-29T14:54:38Z,0.0,0
2026-05-29T14:54:43Z,0.0,0
2026-05-29T14:54:48Z,0.0,0
2026-05-29T14:54:53Z,0.0,0
2026-05-29T14:54:58Z,0.0,0
2026-05-29T14:55:03Z,0.0,0
2026-05-29T14:55:08Z,0.0,0
2026-05-29T14:55:13Z,0.0,0
2026-05-29T14:55:18Z,0.0,0
2026-05-29T14:55:23Z,0.0,0
2026-05-29T14:55:28Z,0.0,0
2026-05-29T14:55:33Z,0.0,0
2026-05-29T14:55:38Z,0.0,0
2026-05-29T14:55:43Z,0.0,0
2026-05-29T14:55:48Z,0.0,0
2026-05-29T14:55:53Z,0.0,0
2026-05-29T14:55:58Z,0.0,0
2026-05-29T14:56:03Z,0.0,0
2026-05-29T14:56:08Z,0.0,0
2026-05-29T14:56:13Z,0.0,0
2026-05-29T14:56:18Z,0.0,0
2026-05-29T14:56:23Z,0.0,0
2026-05-29T14:56:28Z,0.0,0
2026-05-29T14:56:33Z,0.0,0
2026-05-29T14:56:38Z,0.0,0
2026-05-29T14:56:43Z,0.0,0
2026-05-29T14:56:48Z,0.0,0
2026-05-29T14:56:53Z,0.0,0
2026-05-29T14:56:58Z,0.0,0
2026-05-29T14:57:03Z,0.0,0
2026-05-29T14:57:08Z,0.0,0
2026-05-29T14:57:13Z,0.0,0
2026-05-29T14:57:18Z,0.0,0
2026-05-29T14:57:23Z,0.0,0
2026-05-29T14:57:28Z,0.0,0
2026-05-29T14:57:33Z,0.0,0
2026-05-29T14:57:38Z,0.0,0
2026-05-29T14:57:43Z,0.0,0
2026-05-29T14:57:48Z,0.0,0
2026-05-29T14:57:53Z,0.0,0
2026-05-29T14:57:58Z,0.0,0
2026-05-29T14:58:03Z,0.0,0
2026-05-29T14:58:08Z,0.0,0
2026-05-29T14:58:13Z,0.0,0
2026-05-29T14:58:18Z,0.0,0
2026-05-29T14:58:23Z,0.0,0
2026-05-29T14:58:28Z,0.0,0
2026-05-29T14:58:33Z,0.0,0
2026-05-29T14:58:38Z,0.0,0
2026-05-29T14:58:43Z,0.0,0
2026-05-29T14:58:48Z,0.0,0
2026-05-29T14:58:53Z,0.0,0
2026-05-29T14:58:58Z,0.0,0
2026-05-29T14:59:03Z,0.0,0
2026-05-29T14:59:08Z,0.0,0
2026-05-29T14:59:13Z,0.0,0
2026-05-29T14:59:18Z,0.0,0
2026-05-29T14:59:23Z,0.0,0
2026-05-29T14:59:28Z,0.0,0
2026-05-29T14:59:33Z,0.0,0
2026-05-29T14:59:38Z,0.0,0
2026-05-29T14:59:43Z,0.0,0
2026-05-29T14:59:48Z,0.0,0
2026-05-29T14:59:53Z,0.0,0
2026-05-29T14:59:58Z,0.0,0
2026-05-29T15:00:03Z,0.0,0
2026-05-29T15:00:08Z,0.0,0
2026-05-29T15:00:13Z,0.0,0
2026-05-29T15:00:18Z,0.0,0
2026-05-29T15:00:23Z,0.0,0
2026-05-29T15:00:28Z,0.0,0
2026-05-29T15:00:33Z,0.0,0
2026-05-29T15:00:38Z,0.0,0
2026-05-29T15:00:43Z,0.0,0
2026-05-29T15:00:48Z,0.0,0
2026-05-29T15:00:53Z,0.0,0
2026-05-29T15:00:58Z,0.0,0
2026-05-29T15:01:03Z,0.0,0
2026-05-29T15:01:08Z,0.0,0
2026-05-29T15:01:13Z,0.0,0
2026-05-29T15:01:18Z,0.0,0
2026-05-29T15:01:23Z,0.0,0
2026-05-29T15:01:28Z,0.0,0
2026-05-29T15:01:33Z,0.0,0
2026-05-29T15:01:38Z,0.0,0
2026-05-29T15:01:43Z,0.0,0
2026-05-29T15:01:48Z,0.0,0
2026-05-29T15:01:53Z,0.0,0
2026-05-29T15:01:58Z,0.0,0
2026-05-29T15:02:03Z,0.0,0
2026-05-29T15:02:08Z,0.0,0
2026-05-29T15:02:13Z,0.0,0
2026-05-29T15:02:18Z,0.0,0
2026-05-29T15:02:23Z,0.0,0
2026-05-29T15:02:28Z,0.0,0
2026-05-29T15:02:33Z,0.0,0
2026-05-29T15:02:38Z,0.0,0
2026-05-29T15:02:43Z,0.0,0
2026-05-29T15:02:48Z,0.0,0
2026-05-29T15:02:53Z,0.0,0
2026-05-29T15:02:58Z,0.0,0
2026-05-29T15:03:03Z,0.0,0
2026-05-29T15:03:08Z,0.0,0
2026-05-29T15:03:13Z,0.0,0
2026-05-29T15:03:18Z,0.0,0
2026-05-29T15:03:23Z,0.0,0
2026-05-29T15:03:28Z,0.0,0
2026-05-29T15:03:33Z,0.0,0
2026-05-29T15:03:38Z,0.0,0
2026-05-29T15:03:43Z,0.0,0
2026-05-29T15:03:48Z,0.0,0
2026-05-29T15:03:53Z,0.0,0
2026-05-29T15:03:58Z,0.0,0
2026-05-29T15:04:03Z,0.0,0
2026-05-29T15:04:08Z,0.0,0
2026-05-29T15:04:13Z,0.0,0
2026-05-29T15:04:18Z,0.0,0
2026-05-29T15:04:23Z,0.0,0
2026-05-29T15:04:28Z,0.0,0
2026-05-29T15:04:33Z,0.0,0
2026-05-29T15:04:38Z,0.0,0
2026-05-29T15:04:43Z,0.0,0
2026-05-29T15:04:48Z,0.0,0
2026-05-29T15:04:53Z,0.0,0
2026-05-29T15:04:58Z,0.0,0
2026-05-29T15:05:03Z,0.0,0
2026-05-29T15:05:08Z,0.0,0
2026-05-29T15:05:13Z,0.0,0
2026-05-29T15:05:18Z,0.0,0
2026-05-29T15:05:23Z,0.0,0
2026-05-29T15:05:28Z,0.0,0
2026-05-29T15:05:33Z,0.0,0
2026-05-29T15:05:38Z,0.0,0
2026-05-29T15:05:43Z,0.0,0
2026-05-29T15:05:48Z,0.0,0
2026-05-29T15:05:53Z,0.0,0
2026-05-29T15:05:58Z,0.0,0
2026-05-29T15:06:03Z,0.0,0
2026-05-29T15:06:08Z,0.0,0
2026-05-29T15:06:13Z,0.0,0
2026-05-29T15:06:18Z,0.0,0
2026-05-29T15:06:23Z,0.0,0
2026-05-29T15:06:28Z,0.0,0
2026-05-29T15:06:33Z,0.0,0
2026-05-29T15:06:38Z,0.0,0
2026-05-29T15:06:43Z,0.0,0
2026-05-29T15:06:48Z,0.0,0
2026-05-29T15:06:53Z,0.0,0
2026-05-29T15:06:58Z,0.0,0
2026-05-29T15:07:03Z,0.0,0
2026-05-29T15:07:08Z,0.0,0
2026-05-29T15:07:13Z,0.0,0
2026-05-29T15:07:18Z,0.0,0
2026-05-29T15:07:23Z,0.0,0
2026-05-29T15:07:28Z,0.0,0
2026-05-29T15:07:33Z,0.0,0
2026-05-29T15:07:38Z,0.0,0
2026-05-29T15:07:43Z,0.0,0
2026-05-29T15:07:48Z,0.0,0
2026-05-29T15:07:53Z,0.0,0
2026-05-29T15:07:58Z,0.0,0
2026-05-29T15:08:03Z,0.0,0
2026-05-29T15:08:08Z,0.0,0
2026-05-29T15:08:13Z,0.0,0
2026-05-29T15:08:18Z,0.0,0
2026-05-29T15:08:23Z,0.0,0
2026-05-29T15:08:28Z,0.0,0
2026-05-29T15:08:33Z,0.0,0
2026-05-29T15:08:38Z,0.0,0
2026-05-29T15:08:43Z,0.0,0
2026-05-29T15:08:48Z,0.0,0
2026-05-29T15:08:53Z,0.0,0
2026-05-29T15:08:58Z,0.0,0
2026-05-29T15:09:03Z,0.0,0
2026-05-29T15:09:08Z,0.0,0
2026-05-29T15:09:13Z,0.0,0
2026-05-29T15:09:18Z,0.0,0
2026-05-29T15:09:23Z,0.0,0
2026-05-29T15:09:28Z,0.0,0
2026-05-29T15:09:33Z,0.0,0
2026-05-29T15:09:38Z,0.0,0
2026-05-29T15:09:43Z,0.0,0
2026-05-29T15:09:48Z,0.0,0
2026-05-29T15:09:53Z,0.0,0
2026-05-29T15:09:58Z,0.0,0
2026-05-29T15:10:03Z,0.0,0
2026-05-29T15:10:08Z,0.0,0
2026-05-29T15:10:13Z,0.0,0
2026-05-29T15:10:18Z,0.0,0
2026-05-29T15:10:23Z,0.0,0
2026-05-29T15:10:28Z,0.0,0
2026-05-29T15:10:33Z,0.0,0
2026-05-29T15:10:38Z,0.0,0
2026-05-29T15:10:43Z,0.0,0
2026-05-29T15:10:48Z,0.0,0
2026-05-29T15:10:53Z,0.0,0
2026-05-29T15:10:58Z,0.0,0
2026-05-29T15:11:03Z,0.0,0
2026-05-29T15:11:08Z,0.0,0
2026-05-29T15:11:13Z,0.0,0
2026-05-29T15:11:18Z,0.0,0
2026-05-29T15:11:23Z,0.0,0
2026-05-29T15:11:28Z,0.0,0
2026-05-29T15:11:33Z,0.0,0
2026-05-29T15:11:38Z,0.0,0
2026-05-29T15:11:43Z,0.0,0
2026-05-29T15:11:48Z,0.0,0
2026-05-29T15:11:53Z,0.0,0
2026-05-29T15:11:58Z,0.0,0
2026-05-29T15:12:03Z,0.0,0
2026-05-29T15:12:08Z,0.0,0
2026-05-29T15:12:13Z,0.0,0
2026-05-29T15:12:18Z,0.0,0
2026-05-29T15:12:23Z,0.0,0
2026-05-29T15:12:28Z,0.0,0
2026-05-29T15:12:33Z,0.0,0
2026-05-29T15:12:38Z,0.0,0
2026-05-29T15:12:43Z,0.0,0
2026-05-29T15:12:48Z,0.0,0
2026-05-29T15:12:53Z,0.0,0
2026-05-29T15:12:58Z,0.0,0
2026-05-29T15:13:03Z,0.0,0
2026-05-29T15:13:08Z,0.0,0
2026-05-29T15:13:13Z,0.0,0
2026-05-29T15:13:18Z,0.0,0
2026-05-29T15:13:23Z,0.0,0
2026-05-29T15:13:28Z,0.0,0
2026-05-29T15:13:33Z,0.0,0
2026-05-29T15:13:38Z,0.0,0
2026-05-29T15:13:43Z,0.0,0
2026-05-29T15:13:48Z,0.0,0
2026-05-29T15:13:53Z,0.0,0
2026-05-29T15:13:58Z,0.0,0
2026-05-29T15:14:03Z,0.0,0
2026-05-29T15:14:08Z,0.0,0
2026-05-29T15:14:13Z,0.0,0
2026-05-29T15:14:18Z,0.0,0
2026-05-29T15:14:23Z,0.0,0
2026-05-29T15:14:28Z,0.0,0
2026-05-29T15:14:33Z,0.0,0
2026-05-29T15:14:38Z,0.0,0
2026-05-29T15:14:43Z,0.0,0
2026-05-29T15:14:48Z,0.0,0
2026-05-29T15:14:53Z,0.0,0
2026-05-29T15:14:58Z,0.0,0
2026-05-29T15:15:03Z,0.0,0
2026-05-29T15:15:08Z,0.0,0
2026-05-29T15:15:13Z,0.0,0
2026-05-29T15:15:18Z,0.0,0
2026-05-29T15:15:23Z,0.0,0
2026-05-29T15:15:28Z,0.0,0
2026-05-29T15:15:33Z,0.0,0
2026-05-29T15:15:38Z,0.0,0
2026-05-29T15:15:43Z,0.0,0
2026-05-29T15:15:48Z,0.0,0
2026-05-29T15:15:53Z,0.0,0
2026-05-29T15:15:58Z,0.0,0
2026-05-29T15:16:03Z,0.0,0
2026-05-29T15:16:08Z,0.0,0
2026-05-29T15:16:13Z,0.0,0
2026-05-29T15:16:18Z,0.0,0
2026-05-29T15:16:23Z,0.0,0
2026-05-29T15:16:28Z,0.0,0
2026-05-29T15:16:33Z,0.0,0
2026-05-29T15:16:38Z,0.0,0
2026-05-29T15:16:43Z,0.0,0
2026-05-29T15:16:48Z,0.0,0
2026-05-29T15:16:53Z,0.0,0
2026-05-29T15:16:58Z,0.0,0
2026-05-29T15:17:03Z,0.0,0
2026-05-29T15:17:08Z,0.0,0
2026-05-29T15:17:13Z,0.0,0
2026-05-29T15:17:18Z,0.0,0
2026-05-29T15:17:23Z,0.0,0
2026-05-29T15:17:28Z,0.0,0
2026-05-29T15:17:33Z,0.0,0
2026-05-29T15:17:38Z,0.0,0
2026-05-29T15:17:43Z,0.0,0
2026-05-29T15:17:48Z,0.0,0
2026-05-29T15:17:53Z,0.0,0
2026-05-29T15:17:58Z,0.0,0
2026-05-29T15:18:03Z,0.0,0
2026-05-29T15:18:08Z,0.0,0
2026-05-29T15:18:13Z,0.0,0
2026-05-29T15:18:18Z,0.0,0
2026-05-29T15:18:23Z,0.0,0
2026-05-29T15:18:28Z,0.0,0
2026-05-29T15:18:33Z,0.0,0
2026-05-29T15:18:38Z,0.0,0
2026-05-29T15:18:43Z,0.0,0
2026-05-29T15:18:48Z,0.0,0
2026-05-29T15:18:53Z,0.0,0
2026-05-29T15:18:58Z,0.0,0
2026-05-29T15:19:03Z,0.0,0
2026-05-29T15:19:08Z,0.0,0
2026-05-29T15:19:13Z,0.0,0
2026-05-29T15:19:18Z,0.0,0
2026-05-29T15:19:23Z,0.0,0
2026-05-29T15:19:28Z,0.0,0
2026-05-29T15:19:33Z,0.0,0
2026-05-29T15:19:38Z,0.0,0
2026-05-29T15:19:43Z,0.0,0
2026-05-29T15:19:48Z,0.0,0
2026-05-29T15:19:53Z,0.0,0
2026-05-29T15:19:58Z,0.0,0
2026-05-29T15:20:03Z,0.0,0
2026-05-29T15:20:08Z,0.0,0
2026-05-29T15:20:13Z,0.0,0
2026-05-29T15:20:18Z,0.0,0
2026-05-29T15:20:23Z,0.0,0
2026-05-29T15:20:28Z,0.0,0
2026-05-29T15:20:33Z,0.0,0
2026-05-29T15:20:38Z,0.0,0
2026-05-29T15:20:43Z,0.0,0
2026-05-29T15:20:48Z,0.0,0
2026-05-29T15:20:53Z,0.0,0
2026-05-29T15:20:58Z,0.0,0
2026-05-29T15:21:03Z,0.0,0
2026-05-29T15:21:08Z,0.0,0
2026-05-29T15:21:13Z,0.0,0
2026-05-29T15:21:18Z,0.0,0
2026-05-29T15:21:23Z,0.0,0
2026-05-29T15:21:28Z,0.0,0
2026-05-29T15:21:33Z,0.0,0
2026-05-29T15:21:38Z,0.0,0
2026-05-29T15:21:43Z,0.0,0
2026-05-29T15:21:48Z,0.0,0
2026-05-29T15:21:53Z,0.0,0
2026-05-29T15:21:58Z,0.0,0
2026-05-29T15:22:03Z,0.0,0
2026-05-29T15:22:08Z,0.0,0
2026-05-29T15:22:13Z,0.0,0
2026-05-29T15:22:18Z,0.0,0
2026-05-29T15:22:23Z,0.0,0
2026-05-29T15:22:28Z,0.0,0
2026-05-29T15:22:33Z,0.0,0
2026-05-29T15:22:38Z,0.0,0
2026-05-29T15:22:43Z,0.0,0
2026-05-29T15:22:48Z,0.0,0
2026-05-29T15:22:53Z,0.0,0
2026-05-29T15:22:58Z,0.0,0
2026-05-29T15:23:03Z,0.0,0
2026-05-29T15:23:08Z,0.0,0
2026-05-29T15:23:13Z,0.0,0
2026-05-29T15:23:18Z,0.0,0
2026-05-29T15:23:23Z,0.0,0
2026-05-29T15:23:28Z,0.0,0
2026-05-29T15:23:33Z,0.0,0
2026-05-29T15:23:38Z,0.0,0
2026-05-29T15:23:43Z,0.0,0
2026-05-29T15:23:48Z,0.0,0
2026-05-29T15:23:53Z,0.0,0
2026-05-29T15:23:58Z,0.0,0
2026-05-29T15:24:03Z,0.0,0
2026-05-29T15:24:08Z,0.0,0
2026-05-29T15:24:13Z,0.0,0
2026-05-29T15:24:18Z,0.0,0
2026-05-29T15:24:23Z,0.0,0
2026-05-29T15:24:28Z,0.0,0
2026-05-29T15:24:33Z,0.0,0
2026-05-29T15:24:38Z,0.0,0
2026-05-29T15:24:43Z,0.0,0
2026-05-29T15:24:48Z,0.0,0
2026-05-29T15:24:53Z,0.0,0
2026-05-29T15:24:58Z,0.0,0
2026-05-29T15:25:03Z,0.0,0
2026-05-29T15:25:08Z,0.0,0
2026-05-29T15:25:13Z,0.0,0
2026-05-29T15:25:18Z,0.0,0
2026-05-29T15:25:23Z,0.0,0
2026-05-29T15:25:28Z,0.0,0
2026-05-29T15:25:33Z,0.0,0
2026-05-29T15:25:38Z,0.0,0
2026-05-29T15:25:43Z,0.0,0
2026-05-29T15:25:48Z,0.0,0
2026-05-29T15:25:53Z,0.0,0
2026-05-29T15:25:58Z,0.0,0
2026-05-29T15:26:03Z,0.0,0
2026-05-29T15:26:08Z,0.0,0
2026-05-29T15:26:13Z,0.0,0
2026-05-29T15:26:18Z,0.0,0
2026-05-29T15:26:23Z,0.0,0
2026-05-29T15:26:28Z,0.0,0
2026-05-29T15:26:33Z,0.0,0
2026-05-29T15:26:38Z,0.0,0
2026-05-29T15:26:43Z,0.0,0
2026-05-29T15:26:48Z,0.0,0
2026-05-29T15:26:53Z,0.0,0
2026-05-29T15:26:58Z,0.0,0
2026-05-29T15:27:03Z,0.0,0
2026-05-29T15:27:08Z,0.0,0
2026-05-29T15:27:13Z,0.0,0
2026-05-29T15:27:18Z,0.0,0
2026-05-29T15:27:23Z,0.0,0
2026-05-29T15:27:28Z,0.0,0
2026-05-29T15:27:33Z,0.0,0
2026-05-29T15:27:38Z,0.0,0
2026-05-29T15:27:43Z,0.0,0
2026-05-29T15:27:48Z,0.0,0
2026-05-29T15:27:53Z,0.0,0
2026-05-29T15:27:58Z,0.0,0
2026-05-29T15:28:03Z,0.0,0
2026-05-29T15:28:08Z,0.0,0
2026-05-29T15:28:13Z,0.0,0
2026-05-29T15:28:18Z,0.0,0
2026-05-29T15:28:23Z,0.0,0
2026-05-29T15:28:28Z,0.0,0
2026-05-29T15:28:33Z,0.0,0
2026-05-29T15:28:38Z,0.0,0
2026-05-29T15:28:43Z,0.0,0
2026-05-29T15:28:48Z,0.0,0
2026-05-29T15:28:53Z,0.0,0
2026-05-29T15:28:58Z,0.0,0
2026-05-29T15:29:03Z,0.0,0
2026-05-29T15:29:08Z,0.0,0
2026-05-29T15:29:13Z,0.0,0
2026-05-29T15:29:18Z,0.0,0
2026-05-29T15:29:23Z,0.0,0
2026-05-29T15:29:28Z,0.0,0
2026-05-29T15:29:33Z,0.0,0
2026-05-29T15:29:38Z,0.0,0
2026-05-29T15:29:43Z,0.0,0
2026-05-29T15:29:48Z,0.0,0
2026-05-29T15:29:53Z,0.0,0
2026-05-29T15:29:58Z,0.0,0
2026-05-29T15:30:03Z,0.0,0
2026-05-29T15:30:08Z,0.0,0
2026-05-29T15:30:13Z,0.0,0
2026-05-29T15:30:18Z,0.0,0
2026-05-29T15:30:23Z,0.0,0
2026-05-29T15:30:28Z,0.0,0
2026-05-29T15:30:33Z,0.0,0
2026-05-29T15:30:38Z,0.0,0
2026-05-29T15:30:43Z,0.0,0
2026-05-29T15:30:48Z,0.0,0
2026-05-29T15:30:53Z,0.0,0
2026-05-29T15:30:58Z,0.0,0
2026-05-29T15:31:03Z,0.0,0
2026-05-29T15:31:08Z,0.0,0
2026-05-29T15:31:13Z,0.0,0
2026-05-29T15:31:18Z,0.0,0
2026-05-29T15:31:23Z,0.0,0
2026-05-29T15:31:28Z,0.0,0
2026-05-29T15:31:33Z,0.0,0
2026-05-29T15:31:38Z,0.0,0
2026-05-29T15:31:43Z,0.0,0
2026-05-29T15:31:48Z,0.0,0
2026-05-29T15:31:53Z,0.0,0
2026-05-29T15:31:58Z,0.0,0
2026-05-29T15:32:03Z,0.0,0
2026-05-29T15:32:08Z,0.0,0
2026-05-29T15:32:13Z,0.0,0
2026-05-29T15:32:18Z,0.0,0
2026-05-29T15:32:23Z,0.0,0
2026-05-29T15:32:28Z,0.0,0
2026-05-29T15:32:33Z,0.0,0
2026-05-29T15:32:38Z,0.0,0
2026-05-29T15:32:43Z,0.0,0
2026-05-29T15:32:48Z,0.0,0
2026-05-29T15:32:53Z,0.0,0
2026-05-29T15:32:58Z,0.0,0
2026-05-29T15:33:03Z,0.0,0
2026-05-29T15:33:08Z,0.0,0
2026-05-29T15:33:13Z,0.0,0
2026-05-29T15:33:18Z,0.0,0
2026-05-29T15:33:23Z,0.0,0
2026-05-29T15:33:28Z,0.0,0
2026-05-29T15:33:33Z,0.0,0
2026-05-29T15:33:38Z,0.0,0
2026-05-29T15:33:43Z,0.0,0
2026-05-29T15:33:48Z,0.0,0
2026-05-29T15:33:53Z,0.0,0
2026-05-29T15:33:58Z,0.0,0
2026-05-29T15:34:03Z,0.0,0
2026-05-29T15:34:08Z,0.0,0
2026-05-29T15:34:13Z,0.0,0
2026-05-29T15:34:18Z,0.0,0
2026-05-29T15:34:23Z,0.0,0
2026-05-29T15:34:28Z,0.0,0
2026-05-29T15:34:33Z,0.0,0
2026-05-29T15:34:38Z,0.0,0
2026-05-29T15:34:43Z,0.0,0
2026-05-29T15:34:48Z,0.0,0
2026-05-29T15:34:53Z,0.0,0
2026-05-29T15:34:58Z,0.0,0
2026-05-29T15:35:03Z,0.0,0
2026-05-29T15:35:08Z,0.0,0
2026-05-29T15:35:13Z,0.0,0
2026-05-29T15:35:18Z,0.0,0
2026-05-29T15:35:23Z,0.0,0
2026-05-29T15:35:28Z,0.0,0
2026-05-29T15:35:33Z,0.0,0
2026-05-29T15:35:38Z,0.0,0
2026-05-29T15:35:43Z,0.0,0
2026-05-29T15:35:48Z,0.0,0
2026-05-29T15:35:53Z,0.0,0
2026-05-29T15:35:58Z,0.0,0
2026-05-29T15:36:03Z,0.0,0
2026-05-29T15:36:08Z,0.0,0
2026-05-29T15:36:13Z,0.0,0
2026-05-29T15:36:18Z,0.0,0
2026-05-29T15:36:23Z,0.0,0
2026-05-29T15:36:28Z,0.0,0
2026-05-29T15:36:33Z,0.0,0
2026-05-29T15:36:38Z,0.0,0
2026-05-29T15:36:43Z,0.0,0
2026-05-29T15:36:48Z,0.0,0
2026-05-29T15:36:53Z,0.0,0
2026-05-29T15:36:58Z,0.0,0
2026-05-29T15:37:03Z,0.0,0
2026-05-29T15:37:08Z,0.0,0
2026-05-29T15:37:13Z,0.0,0
2026-05-29T15:37:18Z,0.0,0
2026-05-29T15:37:23Z,0.0,0
2026-05-29T15:37:28Z,0.0,0
2026-05-29T15:37:33Z,0.0,0
2026-05-29T15:37:38Z,0.0,0
2026-05-29T15:37:43Z,0.0,0
2026-05-29T15:37:48Z,0.0,0
2026-05-29T15:37:53Z,0.0,0
2026-05-29T15:37:58Z,0.0,0
2026-05-29T15:38:03Z,0.0,0
2026-05-29T15:38:08Z,0.0,0
2026-05-29T15:38:13Z,0.0,0
2026-05-29T15:38:18Z,0.0,0
2026-05-29T15:38:23Z,0.0,0
2026-05-29T15:38:28Z,0.0,0
2026-05-29T15:38:33Z,0.0,0
2026-05-29T15:38:38Z,0.0,0
2026-05-29T15:38:43Z,0.0,0
2026-05-29T15:38:48Z,0.0,0
2026-05-29T15:38:53Z,0.0,0
2026-05-29T15:38:58Z,0.0,0
2026-05-29T15:39:03Z,0.0,0
2026-05-29T15:39:08Z,0.0,0
2026-05-29T15:39:13Z,0.0,0
2026-05-29T15:39:18Z,0.0,0
2026-05-29T15:39:23Z,0.0,0
2026-05-29T15:39:28Z,0.0,0
2026-05-29T15:39:33Z,0.0,0
2026-05-29T15:39:38Z,0.0,0
2026-05-29T15:39:43Z,0.0,0
2026-05-29T15:39:48Z,0.0,0
2026-05-29T15:39:53Z,0.0,0
2026-05-29T15:39:58Z,0.0,0
2026-05-29T15:40:03Z,0.0,0
2026-05-29T15:40:08Z,0.0,0
2026-05-29T15:40:13Z,0.0,0
2026-05-29T15:40:18Z,0.0,0
2026-05-29T15:40:23Z,0.0,0
2026-05-29T15:40:28Z,0.0,0
2026-05-29T15:40:33Z,0.0,0
2026-05-29T15:40:38Z,0.0,0
2026-05-29T15:40:43Z,0.0,0
2026-05-29T15:40:48Z,0.0,0
2026-05-29T15:40:53Z,0.0,0
2026-05-29T15:40:58Z,0.0,0
2026-05-29T15:41:03Z,0.0,0
2026-05-29T15:41:08Z,0.0,0
2026-05-29T15:41:13Z,0.0,0
2026-05-29T15:41:18Z,0.0,0
2026-05-29T15:41:23Z,0.0,0
2026-05-29T15:41:28Z,0.0,0
2026-05-29T15:41:33Z,0.0,0
2026-05-29T15:41:38Z,0.0,0
2026-05-29T15:41:43Z,0.0,0
2026-05-29T15:41:48Z,0.0,0
2026-05-29T15:41:53Z,0.0,0
2026-05-29T15:41:58Z,0.0,0
2026-05-29T15:42:03Z,0.0,0
2026-05-29T15:42:08Z,0.0,0
2026-05-29T15:42:13Z,0.0,0
2026-05-29T15:42:18Z,0.0,0
2026-05-29T15:42:23Z,0.0,0
2026-05-29T15:42:28Z,0.0,0
2026-05-29T15:42:33Z,0.0,0
2026-05-29T15:42:38Z,0.0,0
2026-05-29T15:42:43Z,0.0,0
2026-05-29T15:42:48Z,0.0,0
2026-05-29T15:42:53Z,0.0,0
2026-05-29T15:42:58Z,0.0,0
2026-05-29T15:43:03Z,0.0,0
2026-05-29T15:43:08Z,0.0,0
2026-05-29T15:43:13Z,0.0,0
2026-05-29T15:43:18Z,0.0,0
2026-05-29T15:43:23Z,0.0,0
2026-05-29T15:43:28Z,0.0,0
2026-05-29T15:43:33Z,0.0,0
2026-05-29T15:43:38Z,0.0,0
2026-05-29T15:43:43Z,0.0,0
2026-05-29T15:43:48Z,0.0,0
2026-05-29T15:43:53Z,0.0,0
2026-05-29T15:43:58Z,0.0,0
2026-05-29T15:44:03Z,0.0,0
2026-05-29T15:44:08Z,0.0,0
2026-05-29T15:44:13Z,0.0,0
2026-05-29T15:44:18Z,0.0,0
2026-05-29T15:44:23Z,0.0,0
2026-05-29T15:44:28Z,0.0,0
2026-05-29T15:44:33Z,0.0,0
2026-05-29T15:44:38Z,0.0,0
2026-05-29T15:44:43Z,0.0,0
2026-05-29T15:44:48Z,0.0,0
2026-05-29T15:44:53Z,0.0,0
2026-05-29T15:44:58Z,0.0,0
2026-05-29T15:45:03Z,0.0,0
2026-05-29T15:45:08Z,0.0,0
2026-05-29T15:45:13Z,0.0,0
2026-05-29T15:45:18Z,0.0,0
2026-05-29T15:45:23Z,0.0,0
2026-05-29T15:45:28Z,0.0,0
2026-05-29T15:45:33Z,0.0,0
2026-05-29T15:45:38Z,0.0,0
2026-05-29T15:45:43Z,0.0,0
2026-05-29T15:45:48Z,0.0,0
2026-05-29T15:45:53Z,0.0,0
2026-05-29T15:45:58Z,0.0,0
2026-05-29T15:46:03Z,0.0,0
2026-05-29T15:46:08Z,0.0,0
2026-05-29T15:46:13Z,0.0,0
2026-05-29T15:46:18Z,0.0,0
2026-05-29T15:46:23Z,0.0,0
2026-05-29T15:46:28Z,0.0,0
2026-05-29T15:46:33Z,0.0,0
2026-05-29T15:46:38Z,0.0,0
2026-05-29T15:46:43Z,0.0,0
2026-05-29T15:46:48Z,0.0,0
2026-05-29T15:46:53Z,0.0,0
2026-05-29T15:46:58Z,0.0,0
2026-05-29T15:47:03Z,0.0,0
2026-05-29T15:47:08Z,0.0,0
2026-05-29T15:47:13Z,0.0,0
2026-05-29T15:47:18Z,0.0,0
2026-05-29T15:47:23Z,0.0,0
2026-05-29T15:47:28Z,0.0,0
2026-05-29T15:47:33Z,0.0,0
2026-05-29T15:47:38Z,0.0,0
2026-05-29T15:47:43Z,0.0,0
2026-05-29T15:47:48Z,0.0,0
2026-05-29T15:47:53Z,0.0,0
2026-05-29T15:47:58Z,0.0,0
2026-05-29T15:48:03Z,0.0,0
2026-05-29T15:48:08Z,0.0,0
2026-05-29T15:48:13Z,0.0,0
2026-05-29T15:48:18Z,0.0,0
2026-05-29T15:48:23Z,0.0,0
2026-05-29T15:48:28Z,0.0,0
2026-05-29T15:48:33Z,0.0,0
2026-05-29T15:48:38Z,0.0,0
2026-05-29T15:48:43Z,0.0,0
2026-05-29T15:48:48Z,0.0,0
2026-05-29T15:48:53Z,0.0,0
2026-05-29T15:48:58Z,0.0,0
2026-05-29T15:49:03Z,0.0,0
2026-05-29T15:49:08Z,0.0,0
2026-05-29T15:49:13Z,0.0,0
2026-05-29T15:49:18Z,0.0,0
2026-05-29T15:49:23Z,0.0,0
2026-05-29T15:49:28Z,0.0,0
2026-05-29T15:49:33Z,0.0,0
2026-05-29T15:49:38Z,0.0,0
2026-05-29T15:49:43Z,0.0,0
2026-05-29T15:49:48Z,0.0,0
2026-05-29T15:49:53Z,0.0,0
2026-05-29T15:49:58Z,0.0,0
2026-05-29T15:50:03Z,0.0,0
2026-05-29T15:50:08Z,0.0,0
2026-05-29T15:50:13Z,0.0,0
2026-05-29T15:50:18Z,0.0,0
2026-05-29T15:50:23Z,0.0,0
2026-05-29T15:50:28Z,0.0,0
2026-05-29T15:50:33Z,0.0,0
2026-05-29T15:50:38Z,0.0,0
2026-05-29T15:50:43Z,0.0,0
2026-05-29T15:50:48Z,0.0,0
2026-05-29T15:50:53Z,0.0,0
2026-05-29T15:50:58Z,0.0,0
2026-05-29T15:51:03Z,0.0,0
2026-05-29T15:51:08Z,0.0,0
2026-05-29T15:51:13Z,0.0,0
2026-05-29T15:51:18Z,0.0,0
2026-05-29T15:51:23Z,0.0,0
2026-05-29T15:51:28Z,0.0,0
2026-05-29T15:51:33Z,0.0,0
2026-05-29T15:51:38Z,0.0,0
2026-05-29T15:51:43Z,0.0,0
2026-05-29T15:51:48Z,0.0,0
2026-05-29T15:51:53Z,0.0,0
2026-05-29T15:51:58Z,0.0,0
2026-05-29T15:52:03Z,0.0,0
2026-05-29T15:52:08Z,0.0,0
2026-05-29T15:52:13Z,0.0,0
2026-05-29T15:52:18Z,0.0,0
2026-05-29T15:52:23Z,0.0,0
2026-05-29T15:52:28Z,0.0,0
2026-05-29T15:52:33Z,0.0,0
2026-05-29T15:52:38Z,0.0,0
2026-05-29T15:52:43Z,0.0,0
2026-05-29T15:52:48Z,0.0,0
2026-05-29T15:52:53Z,0.0,0
2026-05-29T15:52:58Z,0.0,0
2026-05-29T15:53:03Z,0.0,0
2026-05-29T15:53:08Z,0.0,0
2026-05-29T15:53:13Z,0.0,0
2026-05-29T15:53:18Z,0.0,0
2026-05-29T15:53:23Z,0.0,0
2026-05-29T15:53:28Z,0.0,0
2026-05-29T15:53:33Z,0.0,0
2026-05-29T15:53:38Z,0.0,0
2026-05-29T15:53:43Z,0.0,0
2026-05-29T15:53:48Z,0.0,0
2026-05-29T15:53:53Z,0.0,0
2026-05-29T15:53:58Z,0.0,0
2026-05-29T15:54:03Z,0.0,0
2026-05-29T15:54:08Z,0.0,0
2026-05-29T15:54:13Z,0.0,0
2026-05-29T15:54:18Z,0.0,0
2026-05-29T15:54:23Z,0.0,0
2026-05-29T15:54:28Z,0.0,0
2026-05-29T15:54:33Z,0.0,0
2026-05-29T15:54:38Z,0.0,0
2026-05-29T15:54:43Z,0.0,0
2026-05-29T15:54:48Z,0.0,0
2026-05-29T15:54:53Z,0.0,0
2026-05-29T15:54:58Z,0.0,0
2026-05-29T15:55:03Z,0.0,0
2026-05-29T15:55:08Z,0.0,0
2026-05-29T15:55:13Z,0.0,0
2026-05-29T15:55:18Z,0.0,0
2026-05-29T15:55:23Z,0.0,0
2026-05-29T15:55:28Z,0.0,0
2026-05-29T15:55:33Z,0.0,0
2026-05-29T15:55:38Z,0.0,0
2026-05-29T15:55:43Z,0.0,0
2026-05-29T15:55:48Z,0.0,0
2026-05-29T15:55:53Z,0.0,0
2026-05-29T15:55:58Z,0.0,0
2026-05-29T15:56:03Z,0.0,0
2026-05-29T15:56:08Z,0.0,0
2026-05-29T15:56:13Z,0.0,0
2026-05-29T15:56:18Z,0.0,0
2026-05-29T15:56:23Z,0.0,0
2026-05-29T15:56:28Z,0.0,0
2026-05-29T15:56:33Z,0.0,0
2026-05-29T15:56:38Z,0.0,0
2026-05-29T15:56:43Z,0.0,0
2026-05-29T15:56:48Z,0.0,0
2026-05-29T15:56:53Z,0.0,0
2026-05-29T15:56:58Z,0.0,0
2026-05-29T15:57:03Z,0.0,0
2026-05-29T15:57:08Z,0.0,0
2026-05-29T15:57:13Z,0.0,0
2026-05-29T15:57:18Z,0.0,0
2026-05-29T15:57:23Z,0.0,0
2026-05-29T15:57:28Z,0.0,0
2026-05-29T15:57:33Z,0.0,0
2026-05-29T15:57:38Z,0.0,0
2026-05-29T15:57:43Z,0.0,0
2026-05-29T15:57:48Z,0.0,0
2026-05-29T15:57:53Z,0.0,0
2026-05-29T15:57:58Z,0.0,0
2026-05-29T15:58:03Z,0.0,0
2026-05-29T15:58:08Z,0.0,0
2026-05-29T15:58:13Z,0.0,0
2026-05-29T15:58:18Z,0.0,0
2026-05-29T15:58:23Z,0.0,0
2026-05-29T15:58:28Z,0.0,0
2026-05-29T15:58:33Z,0.0,0
2026-05-29T15:58:38Z,0.0,0
2026-05-29T15:58:43Z,0.0,0
2026-05-29T15:58:48Z,0.0,0
2026-05-29T15:58:53Z,0.0,0
2026-05-29T15:58:58Z,0.0,0
2026-05-29T15:59:03Z,0.0,0
2026-05-29T15:59:08Z,0.0,0
2026-05-29T15:59:13Z,0.0,0
2026-05-29T15:59:18Z,0.0,0
2026-05-29T15:59:23Z,0.0,0
2026-05-29T15:59:28Z,0.0,0
2026-05-29T15:59:33Z,0.0,0
2026-05-29T15:59:38Z,0.0,0
2026-05-29T15:59:43Z,0.0,0
2026-05-29T15:59:48Z,0.0,0
2026-05-29T15:59:53Z,0.0,0
2026-05-29T15:59:58Z,0.0,0
2026-05-29T16:00:03Z,0.0,0
2026-05-29T16:00:08Z,0.0,0
2026-05-29T16:00:13Z,0.0,0
2026-05-29T16:00:18Z,0.0,0
2026-05-29T16:00:23Z,0.0,0
2026-05-29T16:00:28Z,0.0,0
2026-05-29T16:00:33Z,0.0,0
2026-05-29T16:00:38Z,0.0,0
2026-05-29T16:00:43Z,0.0,0
2026-05-29T16:00:48Z,0.0,0
2026-05-29T16:00:53Z,0.0,0
2026-05-29T16:00:58Z,0.0,0
2026-05-29T16:01:03Z,0.0,0
2026-05-29T16:01:08Z,0.0,0
2026-05-29T16:01:13Z,0.0,0
2026-05-29T16:01:18Z,0.0,0
2026-05-29T16:01:23Z,0.0,0
2026-05-29T16:01:28Z,0.0,0
2026-05-29T16:01:33Z,0.0,0
2026-05-29T16:01:38Z,0.0,0
2026-05-29T16:01:43Z,0.0,0
2026-05-29T16:01:48Z,0.0,0
2026-05-29T16:01:53Z,0.0,0
2026-05-29T16:01:58Z,0.0,0
2026-05-29T16:02:03Z,0.0,0
2026-05-29T16:02:08Z,0.0,0
2026-05-29T16:02:13Z,0.0,0
2026-05-29T16:02:18Z,0.0,0
2026-05-29T16:02:23Z,0.0,0
2026-05-29T16:02:28Z,0.0,0
2026-05-29T16:02:33Z,0.0,0
2026-05-29T16:02:38Z,0.0,0
2026-05-29T16:02:43Z,0.0,0
2026-05-29T16:02:48Z,0.0,0
2026-05-29T16:02:53Z,0.0,0
2026-05-29T16:02:58Z,0.0,0
2026-05-29T16:03:03Z,0.0,0
2026-05-29T16:03:08Z,0.0,0
2026-05-29T16:03:13Z,0.0,0
2026-05-29T16:03:18Z,0.0,0
2026-05-29T16:03:23Z,0.0,0
2026-05-29T16:03:28Z,0.0,0
2026-05-29T16:03:33Z,0.0,0
2026-05-29T16:03:38Z,0.0,0
2026-05-29T16:03:43Z,0.0,0
2026-05-29T16:03:48Z,0.0,0
2026-05-29T16:03:53Z,0.0,0
2026-05-29T16:03:58Z,0.0,0
2026-05-29T16:04:03Z,0.0,0
2026-05-29T16:04:08Z,0.0,0
2026-05-29T16:04:13Z,0.0,0
2026-05-29T16:04:18Z,0.0,0
2026-05-29T16:04:23Z,0.0,0
2026-05-29T16:04:28Z,0.0,0
2026-05-29T16:04:33Z,0.0,0
2026-05-29T16:04:38Z,0.0,0
2026-05-29T16:04:43Z,0.0,0
2026-05-29T16:04:48Z,0.0,0
2026-05-29T16:04:53Z,0.0,0
2026-05-29T16:04:58Z,0.0,0
2026-05-29T16:05:03Z,0.0,0
2026-05-29T16:05:08Z,0.0,0
2026-05-29T16:05:13Z,0.0,0
2026-05-29T16:05:18Z,0.0,0
2026-05-29T16:05:23Z,0.0,0
2026-05-29T16:05:28Z,0.0,0
2026-05-29T16:05:33Z,0.0,0
2026-05-29T16:05:38Z,0.0,0
2026-05-29T16:05:43Z,0.0,0
2026-05-29T16:05:48Z,0.0,0
2026-05-29T16:05:53Z,0.0,0
2026-05-29T16:05:58Z,0.0,0
2026-05-29T16:06:03Z,0.0,0
2026-05-29T16:06:08Z,0.0,0
2026-05-29T16:06:13Z,0.0,0
2026-05-29T16:06:18Z,0.0,0
2026-05-29T16:06:23Z,0.0,0
2026-05-29T16:06:28Z,0.0,0
2026-05-29T16:06:33Z,0.0,0
2026-05-29T16:06:38Z,0.0,0
2026-05-29T16:06:43Z,0.0,0
2026-05-29T16:06:48Z,0.0,0
2026-05-29T16:06:53Z,0.0,0
2026-05-29T16:06:58Z,0.0,0
2026-05-29T16:07:03Z,0.0,0
2026-05-29T16:07:08Z,0.0,0
2026-05-29T16:07:13Z,0.0,0
2026-05-29T16:07:18Z,0.0,0
2026-05-29T16:07:23Z,0.0,0
2026-05-29T16:07:28Z,0.0,0
2026-05-29T16:07:33Z,0.0,0
2026-05-29T16:07:38Z,0.0,0
2026-05-29T16:07:43Z,0.0,0
2026-05-29T16:07:48Z,0.0,0
2026-05-29T16:07:53Z,0.0,0
2026-05-29T16:07:58Z,0.0,0
2026-05-29T16:08:03Z,0.0,0
2026-05-29T16:08:08Z,0.0,0
2026-05-29T16:08:13Z,0.0,0
2026-05-29T16:08:18Z,0.0,0
2026-05-29T16:08:23Z,0.0,0
2026-05-29T16:08:28Z,0.0,0
2026-05-29T16:08:33Z,0.0,0
2026-05-29T16:08:38Z,0.0,0
2026-05-29T16:08:43Z,0.0,0
2026-05-29T16:08:48Z,0.0,0
2026-05-29T16:08:53Z,0.0,0
2026-05-29T16:08:58Z,0.0,0
2026-05-29T16:09:03Z,0.0,0
2026-05-29T16:09:08Z,0.0,0
2026-05-29T16:09:13Z,0.0,0
2026-05-29T16:09:18Z,0.0,0
2026-05-29T16:09:23Z,0.0,0
2026-05-29T16:09:28Z,0.0,0
2026-05-29T16:09:33Z,0.0,0
2026-05-29T16:09:38Z,0.0,0
2026-05-29T16:09:43Z,0.0,0
2026-05-29T16:09:48Z,0.0,0
2026-05-29T16:09:53Z,0.0,0
2026-05-29T16:09:58Z,0.0,0
2026-05-29T16:10:03Z,0.0,0
2026-05-29T16:10:08Z,0.0,0
2026-05-29T16:10:13Z,0.0,0
2026-05-29T16:10:18Z,0.0,0
2026-05-29T16:10:23Z,0.0,0
2026-05-29T16:10:28Z,0.0,0
2026-05-29T16:10:33Z,0.0,0
2026-05-29T16:10:38Z,0.0,0
2026-05-29T16:10:43Z,0.0,0
2026-05-29T16:10:48Z,0.0,0
2026-05-29T16:10:53Z,0.0,0
2026-05-29T16:10:58Z,0.0,0
2026-05-29T16:11:03Z,0.0,0
2026-05-29T16:11:08Z,0.0,0
2026-05-29T16:11:13Z,0.0,0
2026-05-29T16:11:18Z,0.0,0
2026-05-29T16:11:23Z,0.0,0
2026-05-29T16:11:28Z,0.0,0
2026-05-29T16:11:33Z,0.0,0
2026-05-29T16:11:38Z,0.0,0
2026-05-29T16:11:43Z,0.0,0
2026-05-29T16:11:48Z,0.0,0
2026-05-29T16:11:53Z,0.0,0
2026-05-29T16:11:58Z,0.0,0
2026-05-29T16:12:03Z,0.0,0
2026-05-29T16:12:08Z,0.0,0
2026-05-29T16:12:13Z,0.0,0
2026-05-29T16:12:18Z,0.0,0
2026-05-29T16:12:23Z,0.0,0
2026-05-29T16:12:28Z,0.0,0
2026-05-29T16:12:33Z,0.0,0
2026-05-29T16:12:38Z,0.0,0
2026-05-29T16:12:43Z,0.0,0
2026-05-29T16:12:48Z,0.0,0
2026-05-29T16:12:53Z,0.0,0
2026-05-29T16:12:58Z,0.0,0
2026-05-29T16:13:03Z,0.0,0
2026-05-29T16:13:08Z,0.0,0
2026-05-29T16:13:13Z,0.0,0
2026-05-29T16:13:18Z,0.0,0
2026-05-29T16:13:23Z,0.0,0
2026-05-29T16:13:28Z,0.0,0
2026-05-29T16:13:33Z,0.0,0
2026-05-29T16:13:38Z,0.0,0
2026-05-29T16:13:43Z,0.0,0
2026-05-29T16:13:48Z,0.0,0
2026-05-29T16:13:53Z,0.0,0
2026-05-29T16:13:58Z,0.0,0
2026-05-29T16:14:03Z,0.0,0
2026-05-29T16:14:08Z,0.0,0
2026-05-29T16:14:13Z,0.0,0
2026-05-29T16:14:18Z,0.0,0
2026-05-29T16:14:23Z,0.0,0
2026-05-29T16:14:28Z,0.0,0
2026-05-29T16:14:33Z,0.0,0
2026-05-29T16:14:38Z,0.0,0
2026-05-29T16:14:43Z,0.0,0
2026-05-29T16:14:48Z,0.0,0
2026-05-29T16:14:53Z,0.0,0
2026-05-29T16:14:58Z,0.0,0
2026-05-29T16:15:03Z,0.0,0
2026-05-29T16:15:08Z,0.0,0
2026-05-29T16:15:13Z,0.0,0
2026-05-29T16:15:18Z,0.0,0
2026-05-29T16:15:23Z,0.0,0
2026-05-29T16:15:28Z,0.0,0
2026-05-29T16:15:33Z,0.0,0
2026-05-29T16:15:38Z,0.0,0
2026-05-29T16:15:43Z,0.0,0
2026-05-29T16:15:48Z,0.0,0
2026-05-29T16:15:53Z,0.0,0
2026-05-29T16:15:58Z,0.0,0
2026-05-29T16:16:03Z,0.0,0
2026-05-29T16:16:08Z,0.0,0
2026-05-29T16:16:13Z,0.0,0
2026-05-29T16:16:18Z,0.0,0
2026-05-29T16:16:23Z,0.0,0
2026-05-29T16:16:28Z,0.0,0
2026-05-29T16:16:33Z,0.0,0
2026-05-29T16:16:38Z,0.0,0
2026-05-29T16:16:43Z,0.0,0
2026-05-29T16:16:48Z,0.0,0
2026-05-29T16:16:53Z,0.0,0
2026-05-29T16:16:58Z,0.0,0
2026-05-29T16:17:03Z,0.0,0
2026-05-29T16:17:08Z,0.0,0
2026-05-29T16:17:13Z,0.0,0
2026-05-29T16:17:18Z,0.0,0
2026-05-29T16:17:23Z,0.0,0
2026-05-29T16:17:28Z,0.0,0
2026-05-29T16:17:33Z,0.0,0
2026-05-29T16:17:38Z,0.0,0
2026-05-29T16:17:43Z,0.0,0
2026-05-29T16:17:48Z,0.0,0
2026-05-29T16:17:53Z,0.0,0
2026-05-29T16:17:58Z,0.0,0
2026-05-29T16:18:03Z,0.0,0
2026-05-29T16:18:08Z,0.0,0
2026-05-29T16:18:13Z,0.0,0
2026-05-29T16:18:18Z,0.0,0
2026-05-29T16:18:23Z,0.0,0
2026-05-29T16:18:28Z,0.0,0
2026-05-29T16:18:33Z,0.0,0
2026-05-29T16:18:38Z,0.0,0
2026-05-29T16:18:43Z,0.0,0
2026-05-29T16:18:48Z,0.0,0
2026-05-29T16:18:53Z,0.0,0
2026-05-29T16:18:58Z,0.0,0
2026-05-29T16:19:03Z,0.0,0
2026-05-29T16:19:08Z,0.0,0
2026-05-29T16:19:13Z,0.0,0
2026-05-29T16:19:18Z,0.0,0
2026-05-29T16:19:23Z,0.0,0
2026-05-29T16:19:28Z,0.0,0
2026-05-29T16:19:33Z,0.0,0
2026-05-29T16:19:38Z,0.0,0
2026-05-29T16:19:43Z,0.0,0
2026-05-29T16:19:48Z,0.0,0
2026-05-29T16:19:53Z,0.0,0
2026-05-29T16:19:58Z,0.0,0
2026-05-29T16:20:03Z,0.0,0
2026-05-29T16:20:08Z,0.0,0
2026-05-29T16:20:13Z,0.0,0
2026-05-29T16:20:18Z,0.0,0
2026-05-29T16:20:23Z,0.0,0
2026-05-29T16:20:28Z,0.0,0
2026-05-29T16:20:33Z,0.0,0
2026-05-29T16:20:38Z,0.0,0
2026-05-29T16:20:43Z,0.0,0
2026-05-29T16:20:48Z,0.0,0
2026-05-29T16:20:53Z,0.0,0
2026-05-29T16:20:58Z,0.0,0
2026-05-29T16:21:03Z,0.0,0
2026-05-29T16:21:08Z,0.0,0
2026-05-29T16:21:13Z,0.0,0
2026-05-29T16:21:18Z,0.0,0
2026-05-29T16:21:23Z,0.0,0
2026-05-29T16:21:28Z,0.0,0
2026-05-29T16:21:33Z,0.0,0
2026-05-29T16:21:38Z,0.0,0
2026-05-29T16:21:43Z,0.0,0
2026-05-29T16:21:48Z,0.0,0
2026-05-29T16:21:53Z,0.0,0
2026-05-29T16:21:58Z,0.0,0
2026-05-29T16:22:03Z,0.0,0
2026-05-29T16:22:08Z,0.0,0
2026-05-29T16:22:13Z,0.0,0
2026-05-29T16:22:18Z,0.0,0
2026-05-29T16:22:23Z,0.0,0
2026-05-29T16:22:28Z,0.0,0
2026-05-29T16:22:33Z,0.0,0
2026-05-29T16:22:38Z,0.0,0
2026-05-29T16:22:43Z,0.0,0
2026-05-29T16:22:48Z,0.0,0
2026-05-29T16:22:53Z,0.0,0
2026-05-29T16:22:58Z,0.0,0
2026-05-29T16:23:03Z,0.0,0
2026-05-29T16:23:08Z,0.0,0
2026-05-29T16:23:13Z,0.0,0
2026-05-29T16:23:18Z,0.0,0
2026-05-29T16:23:23Z,0.0,0
2026-05-29T16:23:28Z,0.0,0
2026-05-29T16:23:33Z,0.0,0
2026-05-29T16:23:38Z,0.0,0
2026-05-29T16:23:43Z,0.0,0
2026-05-29T16:23:48Z,0.0,0
2026-05-29T16:23:53Z,0.0,0
2026-05-29T16:23:58Z,0.0,0
2026-05-29T16:24:03Z,0.0,0
2026-05-29T16:24:08Z,0.0,0
2026-05-29T16:24:13Z,0.0,0
2026-05-29T16:24:18Z,0.0,0
2026-05-29T16:24:23Z,0.0,0
2026-05-29T16:24:28Z,0.0,0
2026-05-29T16:24:33Z,0.0,0
2026-05-29T16:24:38Z,0.0,0
2026-05-29T16:24:43Z,0.0,0
2026-05-29T16:24:48Z,0.0,0
2026-05-29T16:24:53Z,0.0,0
2026-05-29T16:24:58Z,0.0,0
2026-05-29T16:25:03Z,0.0,0
2026-05-29T16:25:08Z,0.0,0
2026-05-29T16:25:13Z,0.0,0
2026-05-29T16:25:18Z,0.0,0
2026-05-29T16:25:23Z,0.0,0
2026-05-29T16:25:28Z,0.0,0
2026-05-29T16:25:33Z,0.0,0
2026-05-29T16:25:38Z,0.0,0
2026-05-29T16:25:43Z,0.0,0
2026-05-29T16:25:48Z,0.0,0
2026-05-29T16:25:53Z,0.0,0
2026-05-29T16:25:58Z,0.0,0
2026-05-29T16:26:03Z,0.0,0
2026-05-29T16:26:08Z,0.0,0
2026-05-29T16:26:13Z,0.0,0
2026-05-29T16:26:18Z,0.0,0
2026-05-29T16:26:23Z,0.0,0
2026-05-29T16:26:28Z,0.0,0
2026-05-29T16:26:33Z,0.0,0
2026-05-29T16:26:38Z,0.0,0
2026-05-29T16:26:43Z,0.0,0
2026-05-29T16:26:48Z,0.0,0
2026-05-29T16:26:53Z,0.0,0
2026-05-29T16:26:58Z,0.0,0
2026-05-29T16:27:03Z,0.0,0
2026-05-29T16:27:08Z,0.0,0
2026-05-29T16:27:13Z,0.0,0
2026-05-29T16:27:18Z,0.0,0
2026-05-29T16:27:23Z,0.0,0
2026-05-29T16:27:28Z,0.0,0
2026-05-29T16:27:33Z,0.0,0
2026-05-29T16:27:38Z,0.0,0
2026-05-29T16:27:43Z,0.0,0
2026-05-29T16:27:48Z,0.0,0
2026-05-29T16:27:53Z,0.0,0
2026-05-29T16:27:58Z,0.0,0
2026-05-29T16:28:03Z,0.0,0
2026-05-29T16:28:08Z,0.0,0
2026-05-29T16:28:13Z,0.0,0
2026-05-29T16:28:18Z,0.0,0
2026-05-29T16:28:23Z,0.0,0
2026-05-29T16:28:28Z,0.0,0
2026-05-29T16:28:33Z,0.0,0
2026-05-29T16:28:38Z,0.0,0
2026-05-29T16:28:43Z,0.0,0
2026-05-29T16:28:48Z,0.0,0
2026-05-29T16:28:53Z,0.0,0
2026-05-29T16:28:58Z,0.0,0
2026-05-29T16:29:03Z,0.0,0
2026-05-29T16:29:08Z,0.0,0
2026-05-29T16:29:13Z,0.0,0
2026-05-29T16:29:18Z,0.0,0
2026-05-29T16:29:23Z,0.0,0
2026-05-29T16:29:28Z,0.0,0
2026-05-29T16:29:33Z,0.0,0
2026-05-29T16:29:38Z,0.0,0
2026-05-29T16:29:43Z,0.0,0
2026-05-29T16:29:48Z,0.0,0
2026-05-29T16:29:53Z,0.0,0
2026-05-29T16:29:58Z,0.0,0
2026-05-29T16:30:03Z,0.0,0
2026-05-29T16:30:08Z,0.0,0
2026-05-29T16:30:13Z,0.0,0
2026-05-29T16:30:18Z,0.0,0
2026-05-29T16:30:23Z,0.0,0
2026-05-29T16:30:28Z,0.0,0
2026-05-29T16:30:33Z,0.0,0
2026-05-29T16:30:38Z,0.0,0
2026-05-29T16:30:43Z,0.0,0
2026-05-29T16:30:48Z,0.0,0
2026-05-29T16:30:53Z,0.0,0
2026-05-29T16:30:58Z,0.0,0
2026-05-29T16:31:03Z,0.0,0
2026-05-29T16:31:08Z,0.0,0
2026-05-29T16:31:13Z,0.0,0
2026-05-29T16:31:18Z,0.0,0
2026-05-29T16:31:23Z,0.0,0
2026-05-29T16:31:28Z,0.0,0
2026-05-29T16:31:33Z,0.0,0
2026-05-29T16:31:38Z,0.0,0
2026-05-29T16:31:43Z,0.0,0
2026-05-29T16:31:48Z,0.0,0
2026-05-29T16:31:53Z,0.0,0
2026-05-29T16:31:58Z,0.0,0
2026-05-29T16:32:03Z,0.0,0
2026-05-29T16:32:08Z,0.0,0
2026-05-29T16:32:13Z,0.0,0
2026-05-29T16:32:18Z,0.0,0
2026-05-29T16:32:23Z,0.0,0
2026-05-29T16:32:28Z,0.0,0
2026-05-29T16:32:33Z,0.0,0
2026-05-29T16:32:38Z,0.0,0
2026-05-29T16:32:43Z,0.0,0
2026-05-29T16:32:48Z,0.0,0
2026-05-29T16:32:53Z,0.0,0
2026-05-29T16:32:58Z,0.0,0
2026-05-29T16:33:03Z,0.0,0
2026-05-29T16:33:08Z,0.0,0
2026-05-29T16:33:13Z,0.0,0
2026-05-29T16:33:18Z,0.0,0
2026-05-29T16:33:23Z,0.0,0
2026-05-29T16:33:28Z,0.0,0
2026-05-29T16:33:33Z,0.0,0
2026-05-29T16:33:38Z,0.0,0
2026-05-29T16:33:43Z,0.0,0
2026-05-29T16:33:48Z,0.0,0
2026-05-29T16:33:53Z,0.0,0
2026-05-29T16:33:58Z,0.0,0
2026-05-29T16:34:03Z,0.0,0
2026-05-29T16:34:08Z,0.0,0
2026-05-29T16:34:13Z,0.0,0
2026-05-29T16:34:18Z,0.0,0
2026-05-29T16:34:23Z,0.0,0
2026-05-29T16:34:28Z,0.0,0
2026-05-29T16:34:33Z,0.0,0
2026-05-29T16:34:38Z,0.0,0
2026-05-29T16:34:43Z,0.0,0
2026-05-29T16:34:48Z,0.0,0
2026-05-29T16:34:53Z,0.0,0
2026-05-29T16:34:58Z,0.0,0
2026-05-29T16:35:03Z,0.0,0
2026-05-29T16:35:08Z,0.0,0
2026-05-29T16:35:13Z,0.0,0
2026-05-29T16:35:18Z,0.0,0
2026-05-29T16:35:23Z,0.0,0
2026-05-29T16:35:28Z,0.0,0
2026-05-29T16:35:33Z,0.0,0
2026-05-29T16:35:38Z,0.0,0
2026-05-29T16:35:43Z,0.0,0
2026-05-29T16:35:48Z,0.0,0
2026-05-29T16:35:53Z,0.0,0
2026-05-29T16:35:58Z,0.0,0
2026-05-29T16:36:03Z,0.0,0
2026-05-29T16:36:08Z,0.0,0
2026-05-29T16:36:13Z,0.0,0
2026-05-29T16:36:18Z,0.0,0
2026-05-29T16:36:23Z,0.0,0
2026-05-29T16:36:28Z,0.0,0
2026-05-29T16:36:33Z,0.0,0
2026-05-29T16:36:38Z,0.0,0
2026-05-29T16:36:43Z,0.0,0
2026-05-29T16:36:48Z,0.0,0
2026-05-29T16:36:53Z,0.0,0
2026-05-29T16:36:58Z,0.0,0
2026-05-29T16:37:03Z,0.0,0
2026-05-29T16:37:08Z,0.0,0
2026-05-29T16:37:13Z,0.0,0
2026-05-29T16:37:18Z,0.0,0
2026-05-29T16:37:23Z,0.0,0
2026-05-29T16:37:28Z,0.0,0
2026-05-29T16:37:33Z,0.0,0
2026-05-29T16:37:38Z,0.0,0
2026-05-29T16:37:43Z,0.0,0
2026-05-29T16:37:48Z,0.0,0
2026-05-29T16:37:53Z,0.0,0
2026-05-29T16:37:58Z,0.0,0
2026-05-29T16:38:03Z,0.0,0
2026-05-29T16:38:08Z,0.0,0
2026-05-29T16:38:13Z,0.0,0
2026-05-29T16:38:18Z,0.0,0
2026-05-29T16:38:23Z,0.0,0
2026-05-29T16:38:28Z,0.0,0
2026-05-29T16:38:33Z,0.0,0
2026-05-29T16:38:38Z,0.0,0
2026-05-29T16:38:43Z,0.0,0
2026-05-29T16:38:48Z,0.0,0
2026-05-29T16:38:53Z,0.0,0
2026-05-29T16:38:58Z,0.0,0
2026-05-29T16:39:03Z,0.0,0
2026-05-29T16:39:08Z,0.0,0
2026-05-29T16:39:13Z,0.0,0
2026-05-29T16:39:18Z,0.0,0
2026-05-29T16:39:23Z,0.0,0
2026-05-29T16:39:28Z,0.0,0
2026-05-29T16:39:33Z,0.0,0
2026-05-29T16:39:38Z,0.0,0
2026-05-29T16:39:43Z,0.0,0
2026-05-29T16:39:48Z,0.0,0
2026-05-29T16:39:53Z,0.0,0
2026-05-29T16:39:58Z,0.0,0
2026-05-29T16:40:03Z,0.0,0
2026-05-29T16:40:08Z,0.0,0
2026-05-29T16:40:13Z,0.0,0
2026-05-29T16:40:18Z,0.0,0
2026-05-29T16:40:23Z,0.0,0
2026-05-29T16:40:28Z,0.0,0
2026-05-29T16:40:33Z,0.0,0
2026-05-29T16:40:38Z,0.0,0
2026-05-29T16:40:43Z,0.0,0
2026-05-29T16:40:48Z,0.0,0
2026-05-29T16:40:53Z,0.0,0
2026-05-29T16:40:58Z,0.0,0
2026-05-29T16:41:03Z,0.0,0
2026-05-29T16:41:08Z,0.0,0
2026-05-29T16:41:13Z,0.0,0
2026-05-29T16:41:18Z,0.0,0
2026-05-29T16:41:23Z,0.0,0
2026-05-29T16:41:28Z,0.0,0
2026-05-29T16:41:33Z,0.0,0
2026-05-29T16:41:38Z,0.0,0
2026-05-29T16:41:43Z,0.0,0
2026-05-29T16:41:48Z,0.0,0
2026-05-29T16:41:53Z,0.0,0
2026-05-29T16:41:58Z,0.0,0
2026-05-29T16:42:03Z,0.0,0
2026-05-29T16:42:08Z,0.0,0
2026-05-29T16:42:13Z,0.0,0
2026-05-29T16:42:18Z,0.0,0
2026-05-29T16:42:23Z,0.0,0
2026-05-29T16:42:28Z,0.0,0
2026-05-29T16:42:33Z,0.0,0
2026-05-29T16:42:38Z,0.0,0
2026-05-29T16:42:43Z,0.0,0
2026-05-29T16:42:48Z,0.0,0
2026-05-29T16:42:53Z,0.0,0
2026-05-29T16:42:58Z,0.0,0
2026-05-29T16:43:03Z,0.0,0
2026-05-29T16:43:08Z,0.0,0
2026-05-29T16:43:13Z,0.0,0
2026-05-29T16:43:18Z,0.0,0
2026-05-29T16:43:23Z,0.0,0
2026-05-29T16:43:28Z,0.0,0
2026-05-29T16:43:33Z,0.0,0
2026-05-29T16:43:38Z,0.0,0
2026-05-29T16:43:43Z,0.0,0
2026-05-29T16:43:48Z,0.0,0
2026-05-29T16:43:53Z,0.0,0
2026-05-29T16:43:58Z,0.0,0
2026-05-29T16:44:03Z,0.0,0
2026-05-29T16:44:08Z,0.0,0
2026-05-29T16:44:13Z,0.0,0
2026-05-29T16:44:18Z,0.0,0
2026-05-29T16:44:23Z,0.0,0
2026-05-29T16:44:28Z,0.0,0
2026-05-29T16:44:33Z,0.0,0
2026-05-29T16:44:38Z,0.0,0
2026-05-29T16:44:43Z,0.0,0
2026-05-29T16:44:48Z,0.0,0
2026-05-29T16:44:53Z,0.0,0
2026-05-29T16:44:58Z,0.0,0
2026-05-29T16:45:03Z,0.0,0
2026-05-29T16:45:08Z,0.0,0
2026-05-29T16:45:13Z,0.0,0
2026-05-29T16:45:18Z,0.0,0
2026-05-29T16:45:23Z,0.0,0
2026-05-29T16:45:28Z,0.0,0
2026-05-29T16:45:33Z,0.0,0
2026-05-29T16:45:38Z,0.0,0
2026-05-29T16:45:43Z,0.0,0
2026-05-29T16:45:48Z,0.0,0
2026-05-29T16:45:53Z,0.0,0
2026-05-29T16:45:58Z,0.0,0
2026-05-29T16:46:03Z,0.0,0
2026-05-29T16:46:08Z,0.0,0
2026-05-29T16:46:13Z,0.0,0
2026-05-29T16:46:18Z,0.0,0
2026-05-29T16:46:23Z,0.0,0
2026-05-29T16:46:28Z,0.0,0
2026-05-29T16:46:33Z,0.0,0
2026-05-29T16:46:38Z,0.0,0
2026-05-29T16:46:43Z,0.0,0
2026-05-29T16:46:48Z,0.0,0
2026-05-29T16:46:53Z,0.0,0
2026-05-29T16:46:58Z,0.0,0
2026-05-29T16:47:03Z,0.0,0
2026-05-29T16:47:08Z,0.0,0
2026-05-29T16:47:13Z,0.0,0
2026-05-29T16:47:18Z,0.0,0
2026-05-29T16:47:23Z,0.0,0
2026-05-29T16:47:28Z,0.0,0
2026-05-29T16:47:33Z,0.0,0
2026-05-29T16:47:38Z,0.0,0
2026-05-29T16:47:43Z,0.0,0
2026-05-29T16:47:48Z,0.0,0
2026-05-29T16:47:53Z,0.0,0
2026-05-29T16:47:58Z,0.0,0
2026-05-29T16:48:03Z,0.0,0
2026-05-29T16:48:08Z,0.0,0
2026-05-29T16:48:13Z,0.0,0
2026-05-29T16:48:18Z,0.0,0
2026-05-29T16:48:23Z,0.0,0
2026-05-29T16:48:28Z,0.0,0
2026-05-29T16:48:33Z,0.0,0
2026-05-29T16:48:38Z,0.0,0
2026-05-29T16:48:43Z,0.0,0
2026-05-29T16:48:48Z,0.0,0
2026-05-29T16:48:53Z,0.0,0
2026-05-29T16:48:58Z,0.0,0
2026-05-29T16:49:03Z,0.0,0
2026-05-29T16:49:08Z,0.0,0
2026-05-29T16:49:13Z,0.0,0
2026-05-29T16:49:18Z,0.0,0
2026-05-29T16:49:23Z,0.0,0
2026-05-29T16:49:28Z,0.0,0
2026-05-29T16:49:33Z,0.0,0
2026-05-29T16:49:38Z,0.0,0
2026-05-29T16:49:43Z,0.0,0
2026-05-29T16:49:48Z,0.0,0
2026-05-29T16:49:53Z,0.0,0
2026-05-29T16:49:58Z,0.0,0
2026-05-29T16:50:03Z,0.0,0
2026-05-29T16:50:08Z,0.0,0
2026-05-29T16:50:13Z,0.0,0
2026-05-29T16:50:18Z,0.0,0
2026-05-29T16:50:23Z,0.0,0
2026-05-29T16:50:28Z,0.0,0
2026-05-29T16:50:33Z,0.0,0
2026-05-29T16:50:38Z,0.0,0
2026-05-29T16:50:43Z,0.0,0
2026-05-29T16:50:48Z,0.0,0
2026-05-29T16:50:53Z,0.0,0
2026-05-29T16:50:58Z,0.0,0
2026-05-29T16:51:03Z,0.0,0
2026-05-29T16:51:08Z,0.0,0
2026-05-29T16:51:13Z,0.0,0
2026-05-29T16:51:18Z,0.0,0
2026-05-29T16:51:23Z,0.0,0
2026-05-29T16:51:28Z,0.0,0
2026-05-29T16:51:33Z,0.0,0
2026-05-29T16:51:38Z,0.0,0
2026-05-29T16:51:43Z,0.0,0
2026-05-29T16:51:48Z,0.0,0
2026-05-29T16:51:53Z,0.0,0
2026-05-29T16:51:58Z,0.0,0
2026-05-29T16:52:03Z,0.0,0
2026-05-29T16:52:08Z,0.0,0
2026-05-29T16:52:13Z,0.0,0
2026-05-29T16:52:18Z,0.0,0
2026-05-29T16:52:23Z,0.0,0
2026-05-29T16:52:28Z,0.0,0
2026-05-29T16:52:33Z,0.0,0
2026-05-29T16:52:38Z,0.0,0
2026-05-29T16:52:43Z,0.0,0
2026-05-29T16:52:48Z,0.0,0
2026-05-29T16:52:53Z,0.0,0
2026-05-29T16:52:58Z,0.0,0
2026-05-29T16:53:03Z,0.0,0
2026-05-29T16:53:08Z,0.0,0
2026-05-29T16:53:13Z,0.0,0
2026-05-29T16:53:18Z,0.0,0
2026-05-29T16:53:23Z,0.0,0
2026-05-29T16:53:28Z,0.0,0
2026-05-29T16:53:33Z,0.0,0
2026-05-29T16:53:38Z,0.0,0
2026-05-29T16:53:43Z,0.0,0
2026-05-29T16:53:48Z,0.0,0
2026-05-29T16:53:53Z,0.0,0
2026-05-29T16:53:58Z,0.0,0
2026-05-29T16:54:03Z,0.0,0
2026-05-29T16:54:08Z,0.0,0
2026-05-29T16:54:13Z,0.0,0
2026-05-29T16:54:18Z,0.0,0
2026-05-29T16:54:23Z,0.0,0
2026-05-29T16:54:28Z,0.0,0
2026-05-29T16:54:33Z,0.0,0
2026-05-29T16:54:38Z,0.0,0
2026-05-29T16:54:43Z,0.0,0
2026-05-29T16:54:48Z,0.0,0
2026-05-29T16:54:53Z,0.0,0
2026-05-29T16:54:58Z,0.0,0
2026-05-29T16:55:03Z,0.0,0
2026-05-29T16:55:08Z,0.0,0
2026-05-29T16:55:13Z,0.0,0
2026-05-29T16:55:18Z,0.0,0
2026-05-29T16:55:23Z,0.0,0
2026-05-29T16:55:28Z,0.0,0
2026-05-29T16:55:33Z,0.0,0
2026-05-29T16:55:38Z,0.0,0
2026-05-29T16:55:43Z,0.0,0
2026-05-29T16:55:48Z,0.0,0
2026-05-29T16:55:53Z,0.0,0
2026-05-29T16:55:58Z,0.0,0
2026-05-29T16:56:03Z,0.0,0
2026-05-29T16:56:08Z,0.0,0
2026-05-29T16:56:13Z,0.0,0
2026-05-29T16:56:18Z,0.0,0
2026-05-29T16:56:23Z,0.0,0
2026-05-29T16:56:28Z,0.0,0
2026-05-29T16:56:33Z,0.0,0
2026-05-29T16:56:38Z,0.0,0
2026-05-29T16:56:43Z,0.0,0
2026-05-29T16:56:48Z,0.0,0
2026-05-29T16:56:53Z,0.0,0
2026-05-29T16:56:58Z,0.0,0
2026-05-29T16:57:03Z,0.0,0
2026-05-29T16:57:08Z,0.0,0
2026-05-29T16:57:13Z,0.0,0
2026-05-29T16:57:18Z,0.0,0
2026-05-29T16:57:23Z,0.0,0
2026-05-29T16:57:28Z,0.0,0
2026-05-29T16:57:33Z,0.0,0
2026-05-29T16:57:38Z,0.0,0
2026-05-29T16:57:43Z,0.0,0
2026-05-29T16:57:48Z,0.0,0
2026-05-29T16:57:53Z,0.0,0
2026-05-29T16:57:58Z,0.0,0
2026-05-29T16:58:03Z,0.0,0
2026-05-29T16:58:08Z,0.0,0
2026-05-29T16:58:13Z,0.0,0
2026-05-29T16:58:18Z,0.0,0
2026-05-29T16:58:23Z,0.0,0
2026-05-29T16:58:28Z,0.0,0
2026-05-29T16:58:33Z,0.0,0
2026-05-29T16:58:38Z,0.0,0
2026-05-29T16:58:43Z,0.0,0
2026-05-29T16:58:48Z,0.0,0
2026-05-29T16:58:53Z,0.0,0
2026-05-29T16:58:58Z,0.0,0
2026-05-29T16:59:03Z,0.0,0
2026-05-29T16:59:08Z,0.0,0
2026-05-29T16:59:13Z,0.0,0
2026-05-29T16:59:18Z,0.0,0
2026-05-29T16:59:23Z,0.0,0
2026-05-29T16:59:28Z,0.0,0
2026-05-29T16:59:33Z,0.0,0
2026-05-29T16:59:38Z,0.0,0
2026-05-29T16:59:43Z,0.0,0
2026-05-29T16:59:48Z,0.0,0
2026-05-29T16:59:53Z,0.0,0
2026-05-29T16:59:58Z,0.0,0
2026-05-29T17:00:03Z,0.0,0
2026-05-29T17:00:08Z,0.0,0
2026-05-29T17:00:13Z,0.0,0
2026-05-29T17:00:18Z,0.0,0
2026-05-29T17:00:23Z,0.0,0
2026-05-29T17:00:28Z,0.0,0
2026-05-29T17:00:33Z,0.0,0
2026-05-29T17:00:38Z,0.0,0
2026-05-29T17:00:43Z,0.0,0
2026-05-29T17:00:48Z,0.0,0
2026-05-29T17:00:53Z,0.0,0
2026-05-29T17:00:58Z,0.0,0
2026-05-29T17:01:03Z,0.0,0
2026-05-29T17:01:08Z,0.0,0
2026-05-29T17:01:13Z,0.0,0
2026-05-29T17:01:18Z,0.0,0
2026-05-29T17:01:23Z,0.0,0
2026-05-29T17:01:28Z,0.0,0
2026-05-29T17:01:33Z,0.0,0
2026-05-29T17:01:38Z,0.0,0
2026-05-29T17:01:43Z,0.0,0
2026-05-29T17:01:48Z,0.0,0
2026-05-29T17:01:53Z,0.0,0
2026-05-29T17:01:58Z,0.0,0
2026-05-29T17:02:03Z,0.0,0
2026-05-29T17:02:08Z,0.0,0
2026-05-29T17:02:13Z,0.0,0
2026-05-29T17:02:18Z,0.0,0
2026-05-29T17:02:23Z,0.0,0
2026-05-29T17:02:28Z,0.0,0
2026-05-29T17:02:33Z,0.0,0
2026-05-29T17:02:38Z,0.0,0
2026-05-29T17:02:43Z,0.0,0
2026-05-29T17:02:48Z,0.0,0
2026-05-29T17:02:53Z,0.0,0
2026-05-29T17:02:58Z,0.0,0
2026-05-29T17:03:03Z,0.0,0
2026-05-29T17:03:08Z,0.0,0
2026-05-29T17:03:13Z,0.0,0
2026-05-29T17:03:18Z,0.0,0
2026-05-29T17:03:23Z,0.0,0
2026-05-29T17:03:28Z,0.0,0
2026-05-29T17:03:33Z,0.0,0
2026-05-29T17:03:38Z,0.0,0
2026-05-29T17:03:43Z,0.0,0
2026-05-29T17:03:48Z,0.0,0
2026-05-29T17:03:53Z,0.0,0
2026-05-29T17:03:58Z,0.0,0
2026-05-29T17:04:03Z,0.0,0
2026-05-29T17:04:08Z,0.0,0
2026-05-29T17:04:13Z,0.0,0
2026-05-29T17:04:18Z,0.0,0
2026-05-29T17:04:23Z,0.0,0
2026-05-29T17:04:28Z,0.0,0
2026-05-29T17:04:33Z,0.0,0
2026-05-29T17:04:38Z,0.0,0
2026-05-29T17:04:43Z,0.0,0
2026-05-29T17:04:48Z,0.0,0
2026-05-29T17:04:53Z,0.0,0
2026-05-29T17:04:58Z,0.0,0
2026-05-29T17:05:03Z,0.0,0
2026-05-29T17:05:08Z,0.0,0
2026-05-29T17:05:13Z,0.0,0
2026-05-29T17:05:18Z,0.0,0
2026-05-29T17:05:23Z,0.0,0
2026-05-29T17:05:28Z,0.0,0
2026-05-29T17:05:33Z,0.0,0
2026-05-29T17:05:38Z,0.0,0
2026-05-29T17:05:43Z,0.0,0
2026-05-29T17:05:48Z,0.0,0
2026-05-29T17:05:53Z,0.0,0
2026-05-29T17:05:58Z,0.0,0
2026-05-29T17:06:03Z,0.0,0
2026-05-29T17:06:08Z,0.0,0
2026-05-29T17:06:13Z,0.0,0
2026-05-29T17:06:18Z,0.0,0
2026-05-29T17:06:23Z,0.0,0
2026-05-29T17:06:28Z,0.0,0
2026-05-29T17:06:33Z,0.0,0
2026-05-29T17:06:38Z,0.0,0
2026-05-29T17:06:43Z,0.0,0
2026-05-29T17:06:48Z,0.0,0
2026-05-29T17:06:53Z,0.0,0
2026-05-29T17:06:58Z,0.0,0
2026-05-29T17:07:03Z,0.0,0
2026-05-29T17:07:08Z,0.0,0
2026-05-29T17:07:13Z,0.0,0
2026-05-29T17:07:18Z,0.0,0
2026-05-29T17:07:23Z,0.0,0
2026-05-29T17:07:28Z,0.0,0
2026-05-29T17:07:33Z,0.0,0
2026-05-29T17:07:38Z,0.0,0
2026-05-29T17:07:43Z,0.0,0
2026-05-29T17:07:48Z,0.0,0
2026-05-29T17:07:53Z,0.0,0
2026-05-29T17:07:58Z,0.0,0
2026-05-29T17:08:03Z,0.0,0
2026-05-29T17:08:08Z,0.0,0
2026-05-29T17:08:13Z,0.0,0
2026-05-29T17:08:18Z,0.0,0
2026-05-29T17:08:23Z,0.0,0
2026-05-29T17:08:28Z,0.0,0
2026-05-29T17:08:33Z,0.0,0
2026-05-29T17:08:38Z,0.0,0
2026-05-29T17:08:43Z,0.0,0
2026-05-29T17:08:48Z,0.0,0
2026-05-29T17:08:53Z,0.0,0
2026-05-29T17:08:58Z,0.0,0
2026-05-29T17:09:03Z,0.0,0
2026-05-29T17:09:08Z,0.0,0
2026-05-29T17:09:13Z,0.0,0
2026-05-29T17:09:18Z,0.0,0
2026-05-29T17:09:23Z,0.0,0
2026-05-29T17:09:28Z,0.0,0
2026-05-29T17:09:33Z,0.0,0
2026-05-29T17:09:38Z,0.0,0
2026-05-29T17:09:43Z,0.0,0
2026-05-29T17:09:48Z,0.0,0
2026-05-29T17:09:53Z,0.0,0
2026-05-29T17:09:58Z,0.0,0
2026-05-29T17:10:03Z,0.0,0
2026-05-29T17:10:08Z,0.0,0
2026-05-29T17:10:13Z,0.0,0
2026-05-29T17:10:18Z,0.0,0
2026-05-29T17:10:23Z,0.0,0
2026-05-29T17:10:28Z,0.0,0
2026-05-29T17:10:33Z,0.0,0
2026-05-29T17:10:38Z,0.0,0
2026-05-29T17:10:43Z,0.0,0
2026-05-29T17:10:48Z,0.0,0
2026-05-29T17:10:53Z,0.0,0
2026-05-29T17:10:58Z,0.0,0
2026-05-29T17:11:03Z,0.0,0
2026-05-29T17:11:08Z,0.0,0
2026-05-29T17:11:13Z,0.0,0
2026-05-29T17:11:18Z,0.0,0
2026-05-29T17:11:23Z,0.0,0
2026-05-29T17:11:28Z,0.0,0
2026-05-29T17:11:33Z,0.0,0
2026-05-29T17:11:38Z,0.0,0
2026-05-29T17:11:43Z,0.0,0
2026-05-29T17:11:48Z,0.0,0
2026-05-29T17:11:53Z,0.0,0
2026-05-29T17:11:58Z,0.0,0
2026-05-29T17:12:03Z,0.0,0
2026-05-29T17:12:08Z,0.0,0
2026-05-29T17:12:13Z,0.0,0
2026-05-29T17:12:18Z,0.0,0
2026-05-29T17:12:23Z,0.0,0
2026-05-29T17:12:28Z,0.0,0
2026-05-29T17:12:33Z,0.0,0
2026-05-29T17:12:38Z,0.0,0
2026-05-29T17:12:43Z,0.0,0
2026-05-29T17:12:48Z,0.0,0
2026-05-29T17:12:53Z,0.0,0
2026-05-29T17:12:58Z,0.0,0
2026-05-29T17:13:03Z,0.0,0
2026-05-29T17:13:08Z,0.0,0
2026-05-29T17:13:13Z,0.0,0
2026-05-29T17:13:18Z,0.0,0
2026-05-29T17:13:23Z,0.0,0
2026-05-29T17:13:28Z,0.0,0
2026-05-29T17:13:33Z,0.0,0
2026-05-29T17:13:38Z,0.0,0
2026-05-29T17:13:43Z,0.0,0
2026-05-29T17:13:48Z,0.0,0
2026-05-29T17:13:53Z,0.0,0
2026-05-29T17:13:58Z,0.0,0
2026-05-29T17:14:03Z,0.0,0
2026-05-29T17:14:08Z,0.0,0
2026-05-29T17:14:13Z,0.0,0
2026-05-29T17:14:18Z,0.0,0
2026-05-29T17:14:23Z,0.0,0
2026-05-29T17:14:28Z,0.0,0
2026-05-29T17:14:33Z,0.0,0
2026-05-29T17:14:38Z,0.0,0
2026-05-29T17:14:43Z,0.0,0
2026-05-29T17:14:48Z,0.0,0
2026-05-29T17:14:53Z,0.0,0
2026-05-29T17:14:58Z,0.0,0
2026-05-29T17:15:03Z,0.0,0
2026-05-29T17:15:08Z,0.0,0
2026-05-29T17:15:13Z,0.0,0
2026-05-29T17:15:18Z,0.0,0
2026-05-29T17:15:23Z,0.0,0
2026-05-29T17:15:28Z,0.0,0
2026-05-29T17:15:33Z,0.0,0
2026-05-29T17:15:38Z,0.0,0
2026-05-29T17:15:43Z,0.0,0
2026-05-29T17:15:48Z,0.0,0
2026-05-29T17:15:53Z,0.0,0
2026-05-29T17:15:58Z,0.0,0
2026-05-29T17:16:03Z,0.0,0
2026-05-29T17:16:08Z,0.0,0
2026-05-29T17:16:13Z,0.0,0
2026-05-29T17:16:18Z,0.0,0
2026-05-29T17:16:23Z,0.0,0
2026-05-29T17:16:28Z,0.0,0
2026-05-29T17:16:33Z,0.0,0
2026-05-29T17:16:38Z,0.0,0
2026-05-29T17:16:43Z,0.0,0
2026-05-29T17:16:48Z,0.0,0
2026-05-29T17:16:53Z,0.0,0
2026-05-29T17:16:58Z,0.0,0
2026-05-29T17:17:03Z,0.0,0
2026-05-29T17:17:08Z,0.0,0
2026-05-29T17:17:13Z,0.0,0
2026-05-29T17:17:18Z,0.0,0
2026-05-29T17:17:23Z,0.0,0
2026-05-29T17:17:28Z,0.0,0
2026-05-29T17:17:33Z,0.0,0
2026-05-29T17:17:38Z,0.0,0
2026-05-29T17:17:43Z,0.0,0
2026-05-29T17:17:48Z,0.0,0
2026-05-29T17:17:53Z,0.0,0
2026-05-29T17:17:58Z,0.0,0
2026-05-29T17:18:03Z,0.0,0
2026-05-29T17:18:08Z,0.0,0
2026-05-29T17:18:13Z,0.0,0
2026-05-29T17:18:18Z,0.0,0
2026-05-29T17:18:23Z,0.0,0
2026-05-29T17:18:28Z,0.0,0
2026-05-29T17:18:33Z,0.0,0
2026-05-29T17:18:38Z,0.0,0
2026-05-29T17:18:43Z,0.0,0
2026-05-29T17:18:48Z,0.0,0
2026-05-29T17:18:53Z,0.0,0
2026-05-29T17:18:58Z,0.0,0
2026-05-29T17:19:03Z,0.0,0
2026-05-29T17:19:08Z,0.0,0
2026-05-29T17:19:13Z,0.0,0
2026-05-29T17:19:18Z,0.0,0
2026-05-29T17:19:23Z,0.0,0
2026-05-29T17:19:28Z,0.0,0
2026-05-29T17:19:33Z,0.0,0
2026-05-29T17:19:38Z,0.0,0
2026-05-29T17:19:43Z,0.0,0
2026-05-29T17:19:48Z,0.0,0
2026-05-29T17:19:53Z,0.0,0
2026-05-29T17:19:58Z,0.0,0
2026-05-29T17:20:03Z,0.0,0
2026-05-29T17:20:08Z,0.0,0
2026-05-29T17:20:13Z,0.0,0
2026-05-29T17:20:18Z,0.0,0
2026-05-29T17:20:23Z,0.0,0
2026-05-29T17:20:28Z,0.0,0
2026-05-29T17:20:33Z,0.0,0
2026-05-29T17:20:38Z,0.0,0
2026-05-29T17:20:43Z,0.0,0
2026-05-29T17:20:48Z,0.0,0
2026-05-29T17:20:53Z,0.0,0
2026-05-29T17:20:58Z,0.0,0
2026-05-29T17:21:03Z,0.0,0
2026-05-29T17:21:08Z,0.0,0
2026-05-29T17:21:13Z,0.0,0
2026-05-29T17:21:18Z,0.0,0
2026-05-29T17:21:23Z,0.0,0
2026-05-29T17:21:28Z,0.0,0
2026-05-29T17:21:33Z,0.0,0
2026-05-29T17:21:38Z,0.0,0
2026-05-29T17:21:43Z,0.0,0
2026-05-29T17:21:48Z,0.0,0
2026-05-29T17:21:53Z,0.0,0
2026-05-29T17:21:58Z,0.0,0
2026-05-29T17:22:03Z,0.0,0
2026-05-29T17:22:08Z,0.0,0
2026-05-29T17:22:13Z,0.0,0
2026-05-29T17:22:18Z,0.0,0
2026-05-29T17:22:23Z,0.0,0
2026-05-29T17:22:28Z,0.0,0
2026-05-29T17:22:33Z,0.0,0
2026-05-29T17:22:38Z,0.0,0
2026-05-29T17:22:43Z,0.0,0
2026-05-29T17:22:48Z,0.0,0
2026-05-29T17:22:53Z,0.0,0
2026-05-29T17:22:58Z,0.0,0
2026-05-29T17:23:03Z,0.0,0
2026-05-29T17:23:08Z,0.0,0
2026-05-29T17:23:13Z,0.0,0
2026-05-29T17:23:18Z,0.0,0
2026-05-29T17:23:23Z,0.0,0
2026-05-29T17:23:28Z,0.0,0
2026-05-29T17:23:33Z,0.0,0
2026-05-29T17:23:38Z,0.0,0
2026-05-29T17:23:43Z,0.0,0
2026-05-29T17:23:48Z,0.0,0
2026-05-29T17:23:53Z,0.0,0
2026-05-29T17:23:58Z,0.0,0
2026-05-29T17:24:03Z,0.0,0
2026-05-29T17:24:08Z,0.0,0
2026-05-29T17:24:13Z,0.0,0
2026-05-29T17:24:18Z,0.0,0
2026-05-29T17:24:23Z,0.0,0
2026-05-29T17:24:28Z,0.0,0
2026-05-29T17:24:33Z,0.0,0
2026-05-29T17:24:38Z,0.0,0
2026-05-29T17:24:43Z,0.0,0
2026-05-29T17:24:48Z,0.0,0
2026-05-29T17:24:53Z,0.0,0
2026-05-29T17:24:58Z,0.0,0
2026-05-29T17:25:03Z,0.0,0
2026-05-29T17:25:08Z,0.0,0
2026-05-29T17:25:13Z,0.0,0
2026-05-29T17:25:18Z,0.0,0
2026-05-29T17:25:23Z,0.0,0
2026-05-29T17:25:28Z,0.0,0
2026-05-29T17:25:33Z,0.0,0
2026-05-29T17:25:38Z,0.0,0
2026-05-29T17:25:43Z,0.0,0
2026-05-29T17:25:48Z,0.0,0
2026-05-29T17:25:53Z,0.0,0
2026-05-29T17:25:58Z,0.0,0
2026-05-29T17:26:03Z,0.0,0
2026-05-29T17:26:08Z,0.0,0
2026-05-29T17:26:13Z,0.0,0
2026-05-29T17:26:18Z,0.0,0
2026-05-29T17:26:23Z,0.0,0
2026-05-29T17:26:28Z,0.0,0
2026-05-29T17:26:33Z,0.0,0
2026-05-29T17:26:38Z,0.0,0
2026-05-29T17:26:43Z,0.0,0
2026-05-29T17:26:48Z,0.0,0
2026-05-29T17:26:53Z,0.0,0
2026-05-29T17:26:58Z,0.0,0
2026-05-29T17:27:03Z,0.0,0
2026-05-29T17:27:08Z,0.0,0
2026-05-29T17:27:13Z,0.0,0
2026-05-29T17:27:18Z,0.0,0
2026-05-29T17:27:23Z,0.0,0
2026-05-29T17:27:28Z,0.0,0
2026-05-29T17:27:33Z,0.0,0
2026-05-29T17:27:38Z,0.0,0
2026-05-29T17:27:43Z,0.0,0
2026-05-29T17:27:48Z,0.0,0
2026-05-29T17:27:53Z,0.0,0
2026-05-29T17:27:58Z,0.0,0
2026-05-29T17:28:03Z,0.0,0
2026-05-29T17:28:08Z,0.0,0
2026-05-29T17:28:13Z,0.0,0
2026-05-29T17:28:18Z,0.0,0
2026-05-29T17:28:23Z,0.0,0
2026-05-29T17:28:28Z,0.0,0
2026-05-29T17:28:33Z,0.0,0
2026-05-29T17:28:38Z,0.0,0
2026-05-29T17:28:43Z,0.0,0
2026-05-29T17:28:48Z,0.0,0
2026-05-29T17:28:53Z,0.0,0
2026-05-29T17:28:58Z,0.0,0
2026-05-29T17:29:03Z,0.0,0
2026-05-29T17:29:08Z,0.0,0
2026-05-29T17:29:13Z,0.0,0
2026-05-29T17:29:18Z,0.0,0
2026-05-29T17:29:23Z,0.0,0
2026-05-29T17:29:28Z,0.0,0
2026-05-29T17:29:33Z,0.0,0
2026-05-29T17:29:38Z,0.0,0
2026-05-29T17:29:43Z,0.0,0
2026-05-29T17:29:48Z,0.0,0
2026-05-29T17:29:53Z,0.0,0
2026-05-29T17:29:58Z,0.0,0
2026-05-29T17:30:03Z,0.0,0
2026-05-29T17:30:08Z,0.0,0
2026-05-29T17:30:13Z,0.0,0
2026-05-29T17:30:18Z,0.0,0
2026-05-29T17:30:23Z,0.0,0
2026-05-29T17:30:28Z,0.0,0
2026-05-29T17:30:33Z,0.0,0
2026-05-29T17:30:38Z,0.0,0
2026-05-29T17:30:43Z,0.0,0
2026-05-29T17:30:48Z,0.0,0
2026-05-29T17:30:53Z,0.0,0
2026-05-29T17:30:58Z,0.0,0
2026-05-29T17:31:03Z,0.0,0
2026-05-29T17:31:08Z,0.0,0
2026-05-29T17:31:13Z,0.0,0
2026-05-29T17:31:18Z,0.0,0
2026-05-29T17:31:23Z,0.0,0
2026-05-29T17:31:28Z,0.0,0
2026-05-29T17:31:33Z,0.0,0
2026-05-29T17:31:38Z,0.0,0
2026-05-29T17:31:43Z,0.0,0
2026-05-29T17:31:48Z,0.0,0
2026-05-29T17:31:53Z,0.0,0
2026-05-29T17:31:58Z,0.0,0
2026-05-29T17:32:03Z,0.0,0
2026-05-29T17:32:08Z,0.0,0
2026-05-29T17:32:13Z,0.0,0
2026-05-29T17:32:18Z,0.0,0
2026-05-29T17:32:23Z,0.0,0
2026-05-29T17:32:28Z,0.0,0
2026-05-29T17:32:33Z,0.0,0
2026-05-29T17:32:38Z,0.0,0
2026-05-29T17:32:43Z,0.0,0
2026-05-29T17:32:48Z,0.0,0
2026-05-29T17:32:53Z,0.0,0
2026-05-29T17:32:58Z,0.0,0
2026-05-29T17:33:03Z,0.0,0
2026-05-29T17:33:08Z,0.0,0
2026-05-29T17:33:13Z,0.0,0
2026-05-29T17:33:18Z,0.0,0
2026-05-29T17:33:23Z,0.0,0
2026-05-29T17:33:28Z,0.0,0
2026-05-29T17:33:33Z,0.0,0
2026-05-29T17:33:38Z,0.0,0
2026-05-29T17:33:43Z,0.0,0
2026-05-29T17:33:48Z,0.0,0
2026-05-29T17:33:53Z,0.0,0
2026-05-29T17:33:58Z,0.0,0
2026-05-29T17:34:03Z,0.0,0
2026-05-29T17:34:08Z,0.0,0
2026-05-29T17:34:13Z,0.0,0
2026-05-29T17:34:18Z,0.0,0
2026-05-29T17:34:23Z,0.0,0
2026-05-29T17:34:28Z,0.0,0
2026-05-29T17:34:33Z,0.0,0
2026-05-29T17:34:38Z,0.0,0
2026-05-29T17:34:43Z,0.0,0
2026-05-29T17:34:48Z,0.0,0
2026-05-29T17:34:53Z,0.0,0
2026-05-29T17:34:58Z,0.0,0
2026-05-29T17:35:03Z,0.0,0
2026-05-29T17:35:08Z,0.0,0
2026-05-29T17:35:13Z,0.0,0
2026-05-29T17:35:18Z,0.0,0
2026-05-29T17:35:23Z,0.0,0
2026-05-29T17:35:28Z,0.0,0
2026-05-29T17:35:33Z,0.0,0
2026-05-29T17:35:38Z,0.0,0
2026-05-29T17:35:43Z,0.0,0
2026-05-29T17:35:48Z,0.0,0
2026-05-29T17:35:53Z,0.0,0
2026-05-29T17:35:58Z,0.0,0
2026-05-29T17:36:03Z,0.0,0
2026-05-29T17:36:08Z,0.0,0
2026-05-29T17:36:13Z,0.0,0
2026-05-29T17:36:18Z,0.0,0
2026-05-29T17:36:23Z,0.0,0
2026-05-29T17:36:28Z,0.0,0
2026-05-29T17:36:33Z,0.0,0
2026-05-29T17:36:38Z,0.0,0
2026-05-29T17:36:43Z,0.0,0
2026-05-29T17:36:48Z,0.0,0
2026-05-29T17:36:53Z,0.0,0
2026-05-29T17:36:58Z,0.0,0
2026-05-29T17:37:03Z,0.0,0
2026-05-29T17:37:08Z,0.0,0
2026-05-29T17:37:13Z,0.0,0
2026-05-29T17:37:18Z,0.0,0
2026-05-29T17:37:23Z,0.0,0
2026-05-29T17:37:28Z,0.0,0
2026-05-29T17:37:33Z,0.0,0
2026-05-29T17:37:38Z,0.0,0
2026-05-29T17:37:43Z,0.0,0
2026-05-29T17:37:48Z,0.0,0
2026-05-29T17:37:53Z,0.0,0
2026-05-29T17:37:58Z,0.0,0
2026-05-29T17:38:03Z,0.0,0
2026-05-29T17:38:08Z,0.0,0
2026-05-29T17:38:13Z,0.0,0
2026-05-29T17:38:18Z,0.0,0
2026-05-29T17:38:23Z,0.0,0
2026-05-29T17:38:28Z,0.0,0
2026-05-29T17:38:33Z,0.0,0
2026-05-29T17:38:38Z,0.0,0
2026-05-29T17:38:43Z,0.0,0
2026-05-29T17:38:48Z,0.0,0
2026-05-29T17:38:53Z,0.0,0
2026-05-29T17:38:58Z,0.0,0
2026-05-29T17:39:03Z,0.0,0
2026-05-29T17:39:08Z,0.0,0
2026-05-29T17:39:13Z,0.0,0
2026-05-29T17:39:18Z,0.0,0
2026-05-29T17:39:23Z,0.0,0
2026-05-29T17:39:28Z,0.0,0
2026-05-29T17:39:33Z,0.0,0
2026-05-29T17:39:38Z,0.0,0
2026-05-29T17:39:43Z,0.0,0
2026-05-29T17:39:48Z,0.0,0
2026-05-29T17:39:53Z,0.0,0
2026-05-29T17:39:58Z,0.0,0
2026-05-29T17:40:03Z,0.0,0
2026-05-29T17:40:08Z,0.0,0
2026-05-29T17:40:13Z,0.0,0
2026-05-29T17:40:18Z,0.0,0
2026-05-29T17:40:23Z,0.0,0
2026-05-29T17:40:28Z,0.0,0
2026-05-29T17:40:33Z,0.0,0
2026-05-29T17:40:38Z,0.0,0
2026-05-29T17:40:43Z,0.0,0
2026-05-29T17:40:48Z,0.0,0
2026-05-29T17:40:53Z,0.0,0
2026-05-29T17:40:58Z,0.0,0
2026-05-29T17:41:03Z,0.0,0
2026-05-29T17:41:08Z,0.0,0
2026-05-29T17:41:13Z,0.0,0
2026-05-29T17:41:18Z,0.0,0
2026-05-29T17:41:23Z,0.0,0
2026-05-29T17:41:28Z,0.0,0
2026-05-29T17:41:33Z,0.0,0
2026-05-29T17:41:38Z,0.0,0
2026-05-29T17:41:43Z,0.0,0
2026-05-29T17:41:48Z,0.0,0
2026-05-29T17:41:53Z,0.0,0
2026-05-29T17:41:58Z,0.0,0
2026-05-29T17:42:03Z,0.0,0
2026-05-29T17:42:08Z,0.0,0
2026-05-29T17:42:13Z,0.0,0
2026-05-29T17:42:18Z,0.0,0
2026-05-29T17:42:23Z,0.0,0
2026-05-29T17:42:28Z,0.0,0
2026-05-29T17:42:33Z,0.0,0
2026-05-29T17:42:38Z,0.0,0
2026-05-29T17:42:43Z,0.0,0
2026-05-29T17:42:48Z,0.0,0
2026-05-29T17:42:53Z,0.0,0
2026-05-29T17:42:58Z,0.0,0
2026-05-29T17:43:03Z,0.0,0
2026-05-29T17:43:08Z,0.0,0
2026-05-29T17:43:13Z,0.0,0
2026-05-29T17:43:18Z,0.0,0
2026-05-29T17:43:23Z,0.0,0
2026-05-29T17:43:28Z,0.0,0
2026-05-29T17:43:33Z,0.0,0
2026-05-29T17:43:38Z,0.0,0
2026-05-29T17:43:43Z,0.0,0
2026-05-29T17:43:48Z,0.0,0
2026-05-29T17:43:53Z,0.0,0
2026-05-29T17:43:58Z,0.0,0
2026-05-29T17:44:03Z,0.0,0
2026-05-29T17:44:08Z,0.0,0
2026-05-29T17:44:13Z,0.0,0
2026-05-29T17:44:18Z,0.0,0
2026-05-29T17:44:23Z,0.0,0
2026-05-29T17:44:28Z,0.0,0
2026-05-29T17:44:33Z,0.0,0
2026-05-29T17:44:38Z,0.0,0
2026-05-29T17:44:43Z,0.0,0
2026-05-29T17:44:48Z,0.0,0
2026-05-29T17:44:53Z,0.0,0
2026-05-29T17:44:58Z,0.0,0
2026-05-29T17:45:03Z,0.0,0
2026-05-29T17:45:08Z,0.0,0
2026-05-29T17:45:13Z,0.0,0
2026-05-29T17:45:18Z,0.0,0
2026-05-29T17:45:23Z,0.0,0
2026-05-29T17:45:28Z,0.0,0
2026-05-29T17:45:33Z,0.0,0
2026-05-29T17:45:38Z,0.0,0
2026-05-29T17:45:43Z,0.0,0
2026-05-29T17:45:48Z,0.0,0
2026-05-29T17:45:53Z,0.0,0
2026-05-29T17:45:58Z,0.0,0
2026-05-29T17:46:03Z,0.0,0
2026-05-29T17:46:08Z,0.0,0
2026-05-29T17:46:13Z,0.0,0
2026-05-29T17:46:18Z,0.0,0
2026-05-29T17:46:23Z,0.0,0
2026-05-29T17:46:28Z,0.0,0
2026-05-29T17:46:33Z,0.0,0
2026-05-29T17:46:38Z,0.0,0
2026-05-29T17:46:43Z,0.0,0
2026-05-29T17:46:48Z,0.0,0
2026-05-29T17:46:53Z,0.0,0
2026-05-29T17:46:58Z,0.0,0
2026-05-29T17:47:03Z,0.0,0
2026-05-29T17:47:08Z,0.0,0
2026-05-29T17:47:13Z,0.0,0
2026-05-29T17:47:18Z,0.0,0
2026-05-29T17:47:23Z,0.0,0
2026-05-29T17:47:28Z,0.0,0
2026-05-29T17:47:33Z,0.0,0
2026-05-29T17:47:38Z,0.0,0
2026-05-29T17:47:43Z,0.0,0
2026-05-29T17:47:48Z,0.0,0
2026-05-29T17:47:53Z,0.0,0
2026-05-29T17:47:58Z,0.0,0
2026-05-29T17:48:03Z,0.0,0
2026-05-29T17:48:08Z,0.0,0
2026-05-29T17:48:13Z,0.0,0
2026-05-29T17:48:18Z,0.0,0
2026-05-29T17:48:23Z,0.0,0
2026-05-29T17:48:28Z,0.0,0
2026-05-29T17:48:33Z,0.0,0
2026-05-29T17:48:38Z,0.0,0
2026-05-29T17:48:43Z,0.0,0
2026-05-29T17:48:48Z,0.0,0
2026-05-29T17:48:53Z,0.0,0
2026-05-29T17:48:58Z,0.0,0
2026-05-29T17:49:03Z,0.0,0
2026-05-29T17:49:08Z,0.0,0
2026-05-29T17:49:13Z,0.0,0
2026-05-29T17:49:18Z,0.0,0
2026-05-29T17:49:23Z,0.0,0
2026-05-29T17:49:28Z,0.0,0
2026-05-29T17:49:33Z,0.0,0
2026-05-29T17:49:38Z,0.0,0
2026-05-29T17:49:43Z,0.0,0
2026-05-29T17:49:48Z,0.0,0
2026-05-29T17:49:53Z,0.0,0
2026-05-29T17:49:58Z,0.0,0
2026-05-29T17:50:03Z,0.0,0
2026-05-29T17:50:08Z,0.0,0
2026-05-29T17:50:13Z,0.0,0
2026-05-29T17:50:18Z,0.0,0
2026-05-29T17:50:23Z,0.0,0
2026-05-29T17:50:28Z,0.0,0
2026-05-29T17:50:33Z,0.0,0
2026-05-29T17:50:38Z,0.0,0
2026-05-29T17:50:43Z,0.0,0
2026-05-29T17:50:48Z,0.0,0
2026-05-29T17:50:53Z,0.0,0
2026-05-29T17:50:58Z,0.0,0
2026-05-29T17:51:03Z,0.0,0
2026-05-29T17:51:08Z,0.0,0
2026-05-29T17:51:13Z,0.0,0
2026-05-29T17:51:18Z,0.0,0
2026-05-29T17:51:23Z,0.0,0
2026-05-29T17:51:28Z,0.0,0
2026-05-29T17:51:33Z,0.0,0
2026-05-29T17:51:38Z,0.0,0
2026-05-29T17:51:43Z,0.0,0
2026-05-29T17:51:48Z,0.0,0
2026-05-29T17:51:53Z,0.0,0
2026-05-29T17:51:58Z,0.0,0
2026-05-29T17:52:03Z,0.0,0
2026-05-29T17:52:08Z,0.0,0
2026-05-29T17:52:13Z,0.0,0
2026-05-29T17:52:18Z,0.0,0
2026-05-29T17:52:23Z,0.0,0
2026-05-29T17:52:28Z,0.0,0
2026-05-29T17:52:33Z,0.0,0
2026-05-29T17:52:38Z,0.0,0
2026-05-29T17:52:43Z,0.0,0
2026-05-29T17:52:48Z,0.0,0
2026-05-29T17:52:53Z,0.0,0
2026-05-29T17:52:58Z,0.0,0
2026-05-29T17:53:03Z,0.0,0
2026-05-29T17:53:08Z,0.0,0
2026-05-29T17:53:13Z,0.0,0
2026-05-29T17:53:18Z,0.0,0
2026-05-29T17:53:23Z,0.0,0
2026-05-29T17:53:28Z,0.0,0
2026-05-29T17:53:33Z,0.0,0
2026-05-29T17:53:38Z,0.0,0
2026-05-29T17:53:43Z,0.0,0
2026-05-29T17:53:48Z,0.0,0
2026-05-29T17:53:53Z,0.0,0
2026-05-29T17:53:58Z,0.0,0
2026-05-29T17:54:03Z,0.0,0
2026-05-29T17:54:08Z,0.0,0
2026-05-29T17:54:13Z,0.0,0
2026-05-29T17:54:18Z,0.0,0
2026-05-29T17:54:23Z,0.0,0
2026-05-29T17:54:28Z,0.0,0
2026-05-29T17:54:33Z,0.0,0
2026-05-29T17:54:38Z,0.0,0
2026-05-29T17:54:43Z,0.0,0
2026-05-29T17:54:48Z,0.0,0
2026-05-29T17:54:53Z,0.0,0
2026-05-29T17:54:58Z,0.0,0
2026-05-29T17:55:03Z,0.0,0
2026-05-29T17:55:08Z,0.0,0
2026-05-29T17:55:13Z,0.0,0
2026-05-29T17:55:18Z,0.0,0
2026-05-29T17:55:23Z,0.0,0
2026-05-29T17:55:28Z,0.0,0
2026-05-29T17:55:33Z,0.0,0
2026-05-29T17:55:38Z,0.0,0
2026-05-29T17:55:43Z,0.0,0
2026-05-29T17:55:48Z,0.0,0
2026-05-29T17:55:53Z,0.0,0
2026-05-29T17:55:58Z,0.0,0
2026-05-29T17:56:03Z,0.0,0
2026-05-29T17:56:08Z,0.0,0
2026-05-29T17:56:13Z,0.0,0
2026-05-29T17:56:18Z,0.0,0
2026-05-29T17:56:23Z,0.0,0
2026-05-29T17:56:28Z,0.0,0
2026-05-29T17:56:33Z,0.0,0
2026-05-29T17:56:38Z,0.0,0
2026-05-29T17:56:43Z,0.0,0
2026-05-29T17:56:48Z,0.0,0
2026-05-29T17:56:53Z,0.0,0
2026-05-29T17:56:58Z,0.0,0
2026-05-29T17:57:03Z,0.0,0
2026-05-29T17:57:08Z,0.0,0
2026-05-29T17:57:13Z,0.0,0
2026-05-29T17:57:18Z,0.0,0
2026-05-29T17:57:23Z,0.0,0
2026-05-29T17:57:28Z,0.0,0
2026-05-29T17:57:33Z,0.0,0
2026-05-29T17:57:38Z,0.0,0
2026-05-29T17:57:43Z,0.0,0
2026-05-29T17:57:48Z,0.0,0
2026-05-29T17:57:53Z,0.0,0
2026-05-29T17:57:58Z,0.0,0
2026-05-29T17:58:03Z,0.0,0
2026-05-29T17:58:08Z,0.0,0
2026-05-29T17:58:13Z,0.0,0
2026-05-29T17:58:18Z,0.0,0
2026-05-29T17:58:23Z,0.0,0
2026-05-29T17:58:28Z,0.0,0
2026-05-29T17:58:33Z,0.0,0
2026-05-29T17:58:38Z,0.0,0
2026-05-29T17:58:43Z,0.0,0
2026-05-29T17:58:48Z,0.0,0
2026-05-29T17:58:53Z,0.0,0
2026-05-29T17:58:58Z,0.0,0
2026-05-29T17:59:03Z,0.0,0
2026-05-29T17:59:08Z,0.0,0
2026-05-29T17:59:13Z,0.0,0
2026-05-29T17:59:18Z,0.0,0
2026-05-29T17:59:23Z,0.0,0
2026-05-29T17:59:28Z,0.0,0
2026-05-29T17:59:33Z,0.0,0
2026-05-29T17:59:38Z,0.0,0
2026-05-29T17:59:43Z,0.0,0
2026-05-29T17:59:48Z,0.0,0
2026-05-29T17:59:53Z,0.0,0
2026-05-29T17:59:58Z,0.0,0
2026-05-29T18:00:03Z,0.0,0
2026-05-29T18:00:08Z,0.0,0
2026-05-29T18:00:13Z,0.0,0
2026-05-29T18:00:18Z,0.0,0
2026-05-29T18:00:23Z,0.0,0
2026-05-29T18:00:28Z,0.0,0
2026-05-29T18:00:33Z,0.0,0
2026-05-29T18:00:38Z,0.0,0
2026-05-29T18:00:43Z,0.0,0
2026-05-29T18:00:48Z,0.0,0
2026-05-29T18:00:53Z,0.0,0
2026-05-29T18:00:58Z,0.0,0
2026-05-29T18:01:03Z,0.0,0
2026-05-29T18:01:08Z,0.0,0
2026-05-29T18:01:13Z,0.0,0
2026-05-29T18:01:18Z,0.0,0
2026-05-29T18:01:23Z,0.0,0
2026-05-29T18:01:28Z,0.0,0
2026-05-29T18:01:33Z,0.0,0
2026-05-29T18:01:38Z,0.0,0
2026-05-29T18:01:43Z,0.0,0
2026-05-29T18:01:48Z,0.0,0
2026-05-29T18:01:53Z,0.0,0
2026-05-29T18:01:58Z,0.0,0
2026-05-29T18:02:03Z,0.0,0
2026-05-29T18:02:08Z,0.0,0
2026-05-29T18:02:13Z,0.0,0
2026-05-29T18:02:18Z,0.0,0
2026-05-29T18:02:23Z,0.0,0
2026-05-29T18:02:28Z,0.0,0
2026-05-29T18:02:33Z,0.0,0
2026-05-29T18:02:38Z,0.0,0
2026-05-29T18:02:43Z,0.0,0
2026-05-29T18:02:48Z,0.0,0
2026-05-29T18:02:53Z,0.0,0
2026-05-29T18:02:58Z,0.0,0
2026-05-29T18:03:03Z,0.0,0
2026-05-29T18:03:08Z,0.0,0
2026-05-29T18:03:13Z,0.0,0
2026-05-29T18:03:18Z,0.0,0
2026-05-29T18:03:23Z,0.0,0
2026-05-29T18:03:28Z,0.0,0
2026-05-29T18:03:33Z,0.0,0
2026-05-29T18:03:38Z,0.0,0
2026-05-29T18:03:43Z,0.0,0
2026-05-29T18:03:48Z,0.0,0
2026-05-29T18:03:53Z,0.0,0
2026-05-29T18:03:58Z,0.0,0
2026-05-29T18:04:03Z,0.0,0
2026-05-29T18:04:08Z,0.0,0
2026-05-29T18:04:13Z,0.0,0
2026-05-29T18:04:18Z,0.0,0
2026-05-29T18:04:23Z,0.0,0
2026-05-29T18:04:28Z,0.0,0
2026-05-29T18:04:33Z,0.0,0
2026-05-29T18:04:38Z,0.0,0
2026-05-29T18:04:43Z,0.0,0
2026-05-29T18:04:48Z,0.0,0
2026-05-29T18:04:53Z,0.0,0
2026-05-29T18:04:58Z,0.0,0
2026-05-29T18:05:03Z,0.0,0
2026-05-29T18:05:08Z,0.0,0
2026-05-29T18:05:13Z,0.0,0
2026-05-29T18:05:18Z,0.0,0
2026-05-29T18:05:23Z,0.0,0
2026-05-29T18:05:28Z,0.0,0
2026-05-29T18:05:33Z,0.0,0
2026-05-29T18:05:38Z,0.0,0
2026-05-29T18:05:43Z,0.0,0
2026-05-29T18:05:48Z,0.0,0
2026-05-29T18:05:53Z,0.0,0
2026-05-29T18:05:58Z,0.0,0
2026-05-29T18:06:03Z,0.0,0
2026-05-29T18:06:08Z,0.0,0
2026-05-29T18:06:13Z,0.0,0
2026-05-29T18:06:18Z,0.0,0
2026-05-29T18:06:23Z,0.0,0
2026-05-29T18:06:28Z,0.0,0
2026-05-29T18:06:33Z,0.0,0
2026-05-29T18:06:38Z,0.0,0
2026-05-29T18:06:43Z,0.0,0
2026-05-29T18:06:48Z,0.0,0
2026-05-29T18:06:53Z,0.0,0
2026-05-29T18:06:58Z,0.0,0
2026-05-29T18:07:03Z,0.0,0
2026-05-29T18:07:08Z,0.0,0
2026-05-29T18:07:13Z,0.0,0
2026-05-29T18:07:18Z,0.0,0
2026-05-29T18:07:23Z,0.0,0
2026-05-29T18:07:28Z,0.0,0
2026-05-29T18:07:33Z,0.0,0
2026-05-29T18:07:38Z,0.0,0
2026-05-29T18:07:43Z,0.0,0
2026-05-29T18:07:48Z,0.0,0
2026-05-29T18:07:53Z,0.0,0
2026-05-29T18:07:58Z,0.0,0
2026-05-29T18:08:03Z,0.0,0
2026-05-29T18:08:08Z,0.0,0
2026-05-29T18:08:13Z,0.0,0
2026-05-29T18:08:18Z,0.0,0
2026-05-29T18:08:23Z,0.0,0
2026-05-29T18:08:28Z,0.0,0
2026-05-29T18:08:33Z,0.0,0
2026-05-29T18:08:38Z,0.0,0
2026-05-29T18:08:43Z,0.0,0
2026-05-29T18:08:48Z,0.0,0
2026-05-29T18:08:53Z,0.0,0
2026-05-29T18:08:58Z,0.0,0
2026-05-29T18:09:03Z,0.0,0
2026-05-29T18:09:08Z,0.0,0
2026-05-29T18:09:13Z,0.0,0
2026-05-29T18:09:18Z,0.0,0
2026-05-29T18:09:23Z,0.0,0
2026-05-29T18:09:28Z,0.0,0
2026-05-29T18:09:33Z,0.0,0
2026-05-29T18:09:38Z,0.0,0
2026-05-29T18:09:43Z,0.0,0
2026-05-29T18:09:48Z,0.0,0
2026-05-29T18:09:53Z,0.0,0
2026-05-29T18:09:58Z,0.0,0
2026-05-29T18:10:03Z,0.0,0
2026-05-29T18:10:08Z,0.0,0
2026-05-29T18:10:13Z,0.0,0
2026-05-29T18:10:18Z,0.0,0
2026-05-29T18:10:23Z,0.0,0
2026-05-29T18:10:28Z,0.0,0
2026-05-29T18:10:33Z,0.0,0
2026-05-29T18:10:38Z,0.0,0
2026-05-29T18:10:43Z,0.0,0
2026-05-29T18:10:48Z,0.0,0
2026-05-29T18:10:53Z,0.0,0
2026-05-29T18:10:58Z,0.0,0
2026-05-29T18:11:03Z,0.0,0
2026-05-29T18:11:08Z,0.0,0
2026-05-29T18:11:13Z,0.0,0
2026-05-29T18:11:18Z,0.0,0
2026-05-29T18:11:23Z,0.0,0
2026-05-29T18:11:28Z,0.0,0
2026-05-29T18:11:33Z,0.0,0
2026-05-29T18:11:38Z,0.0,0
2026-05-29T18:11:43Z,0.0,0
2026-05-29T18:11:48Z,0.0,0
2026-05-29T18:11:53Z,0.0,0
2026-05-29T18:11:58Z,0.0,0
2026-05-29T18:12:03Z,0.0,0
2026-05-29T18:12:08Z,0.0,0
2026-05-29T18:12:13Z,0.0,0
2026-05-29T18:12:18Z,0.0,0
2026-05-29T18:12:23Z,0.0,0
2026-05-29T18:12:28Z,0.0,0
2026-05-29T18:12:33Z,0.0,0
2026-05-29T18:12:38Z,0.0,0
2026-05-29T18:12:43Z,0.0,0
2026-05-29T18:12:48Z,0.0,0
2026-05-29T18:12:53Z,0.0,0
2026-05-29T18:12:58Z,0.0,0
2026-05-29T18:13:03Z,0.0,0
2026-05-29T18:13:08Z,0.0,0
2026-05-29T18:13:13Z,0.0,0
2026-05-29T18:13:18Z,0.0,0
2026-05-29T18:13:23Z,0.0,0
2026-05-29T18:13:28Z,0.0,0
2026-05-29T18:13:33Z,0.0,0
2026-05-29T18:13:38Z,0.0,0
2026-05-29T18:13:43Z,0.0,0
2026-05-29T18:13:48Z,0.0,0
2026-05-29T18:13:53Z,0.0,0
2026-05-29T18:13:58Z,0.0,0
2026-05-29T18:14:03Z,0.0,0
2026-05-29T18:14:08Z,0.0,0
2026-05-29T18:14:13Z,0.0,0
2026-05-29T18:14:18Z,0.0,0
2026-05-29T18:14:23Z,0.0,0
2026-05-29T18:14:28Z,0.0,0
2026-05-29T18:14:33Z,0.0,0
2026-05-29T18:14:38Z,0.0,0
2026-05-29T18:14:43Z,0.0,0
2026-05-29T18:14:48Z,0.0,0
2026-05-29T18:14:53Z,0.0,0
2026-05-29T18:14:58Z,0.0,0
2026-05-29T18:15:03Z,0.0,0
2026-05-29T18:15:08Z,0.0,0
2026-05-29T18:15:13Z,0.0,0
2026-05-29T18:15:18Z,0.0,0
2026-05-29T18:15:23Z,0.0,0
2026-05-29T18:15:28Z,0.0,0
2026-05-29T18:15:33Z,0.0,0
2026-05-29T18:15:38Z,0.0,0
2026-05-29T18:15:43Z,0.0,0
2026-05-29T18:15:48Z,0.0,0
2026-05-29T18:15:53Z,0.0,0
2026-05-29T18:15:58Z,0.0,0
2026-05-29T18:16:03Z,0.0,0
2026-05-29T18:16:08Z,0.0,0
2026-05-29T18:16:13Z,0.0,0
2026-05-29T18:16:18Z,0.0,0
2026-05-29T18:16:23Z,0.0,0
2026-05-29T18:16:28Z,0.0,0
2026-05-29T18:16:33Z,0.0,0
2026-05-29T18:16:38Z,0.0,0
2026-05-29T18:16:43Z,0.0,0
2026-05-29T18:16:48Z,0.0,0
2026-05-29T18:16:53Z,0.0,0
2026-05-29T18:16:58Z,0.0,0
2026-05-29T18:17:03Z,0.0,0
2026-05-29T18:17:08Z,0.0,0
2026-05-29T18:17:13Z,0.0,0
2026-05-29T18:17:18Z,0.0,0
2026-05-29T18:17:23Z,0.0,0
2026-05-29T18:17:28Z,0.0,0
2026-05-29T18:17:33Z,0.0,0
2026-05-29T18:17:38Z,0.0,0
2026-05-29T18:17:43Z,0.0,0
2026-05-29T18:17:48Z,0.0,0
2026-05-29T18:17:53Z,0.0,0
2026-05-29T18:17:58Z,0.0,0
2026-05-29T18:18:03Z,0.0,0
2026-05-29T18:18:08Z,0.0,0
2026-05-29T18:18:13Z,0.0,0
2026-05-29T18:18:18Z,0.0,0
2026-05-29T18:18:23Z,0.0,0
2026-05-29T18:18:28Z,0.0,0
2026-05-29T18:18:33Z,0.0,0
2026-05-29T18:18:38Z,0.0,0
2026-05-29T18:18:43Z,0.0,0
2026-05-29T18:18:48Z,0.0,0
2026-05-29T18:18:53Z,0.0,0
2026-05-29T18:18:58Z,0.0,0
2026-05-29T18:19:03Z,0.0,0
2026-05-29T18:19:08Z,0.0,0
2026-05-29T18:19:13Z,0.0,0
2026-05-29T18:19:18Z,0.0,0
2026-05-29T18:19:23Z,0.0,0
2026-05-29T18:19:28Z,0.0,0
2026-05-29T18:19:33Z,0.0,0
2026-05-29T18:19:38Z,0.0,0
2026-05-29T18:19:43Z,0.0,0
2026-05-29T18:19:48Z,0.0,0
2026-05-29T18:19:53Z,0.0,0
2026-05-29T18:19:58Z,0.0,0
2026-05-29T18:20:03Z,0.0,0
2026-05-29T18:20:08Z,0.0,0
2026-05-29T18:20:13Z,0.0,0
2026-05-29T18:20:18Z,0.0,0
2026-05-29T18:20:23Z,0.0,0
2026-05-29T18:20:28Z,0.0,0
2026-05-29T18:20:33Z,0.0,0
2026-05-29T18:20:38Z,0.0,0
2026-05-29T18:20:43Z,0.0,0
2026-05-29T18:20:48Z,0.0,0
2026-05-29T18:20:53Z,0.0,0
2026-05-29T18:20:58Z,0.0,0
2026-05-29T18:21:03Z,0.0,0
2026-05-29T18:21:08Z,0.0,0
2026-05-29T18:21:13Z,0.0,0
2026-05-29T18:21:18Z,0.0,0
2026-05-29T18:21:23Z,0.0,0
2026-05-29T18:21:28Z,0.0,0
2026-05-29T18:21:33Z,0.0,0
2026-05-29T18:21:38Z,0.0,0
2026-05-29T18:21:43Z,0.0,0
2026-05-29T18:21:48Z,0.0,0
2026-05-29T18:21:53Z,0.0,0
2026-05-29T18:21:58Z,0.0,0
2026-05-29T18:22:03Z,0.0,0
2026-05-29T18:22:08Z,0.0,0
2026-05-29T18:22:13Z,0.0,0
2026-05-29T18:22:18Z,0.0,0
2026-05-29T18:22:23Z,0.0,0
2026-05-29T18:22:28Z,0.0,0
2026-05-29T18:22:33Z,0.0,0
2026-05-29T18:22:38Z,0.0,0
2026-05-29T18:22:43Z,0.0,0
2026-05-29T18:22:48Z,0.0,0
2026-05-29T18:22:53Z,0.0,0
2026-05-29T18:22:58Z,0.0,0
2026-05-29T18:23:03Z,0.0,0
2026-05-29T18:23:08Z,0.0,0
2026-05-29T18:23:13Z,0.0,0
2026-05-29T18:23:18Z,0.0,0
2026-05-29T18:23:23Z,0.0,0
2026-05-29T18:23:28Z,0.0,0
2026-05-29T18:23:33Z,0.0,0
2026-05-29T18:23:38Z,0.0,0
2026-05-29T18:23:43Z,0.0,0
2026-05-29T18:23:48Z,0.0,0
2026-05-29T18:23:53Z,0.0,0
2026-05-29T18:23:58Z,0.0,0
2026-05-29T18:24:03Z,0.0,0
2026-05-29T18:24:08Z,0.0,0
2026-05-29T18:24:13Z,0.0,0
2026-05-29T18:24:18Z,0.0,0
2026-05-29T18:24:23Z,0.0,0
2026-05-29T18:24:28Z,0.0,0
2026-05-29T18:24:33Z,0.0,0
2026-05-29T18:24:38Z,0.0,0
2026-05-29T18:24:43Z,0.0,0
2026-05-29T18:24:48Z,0.0,0
2026-05-29T18:24:53Z,0.0,0
2026-05-29T18:24:58Z,0.0,0
2026-05-29T18:25:03Z,0.0,0
2026-05-29T18:25:08Z,0.0,0
2026-05-29T18:25:13Z,0.0,0
2026-05-29T18:25:18Z,0.0,0
2026-05-29T18:25:23Z,0.0,0
2026-05-29T18:25:28Z,0.0,0
2026-05-29T18:25:33Z,0.0,0
2026-05-29T18:25:38Z,0.0,0
2026-05-29T18:25:43Z,0.0,0
2026-05-29T18:25:48Z,0.0,0
2026-05-29T18:25:53Z,0.0,0
2026-05-29T18:25:58Z,0.0,0
2026-05-29T18:26:03Z,0.0,0
2026-05-29T18:26:08Z,0.0,0
2026-05-29T18:26:13Z,0.0,0
2026-05-29T18:26:18Z,0.0,0
2026-05-29T18:26:23Z,0.0,0
2026-05-29T18:26:28Z,0.0,0
2026-05-29T18:26:33Z,0.0,0
2026-05-29T18:26:38Z,0.0,0
2026-05-29T18:26:43Z,0.0,0
2026-05-29T18:26:48Z,0.0,0
2026-05-29T18:26:53Z,0.0,0
2026-05-29T18:26:58Z,0.0,0
2026-05-29T18:27:03Z,0.0,0
2026-05-29T18:27:08Z,0.0,0
2026-05-29T18:27:13Z,0.0,0
2026-05-29T18:27:18Z,0.0,0
2026-05-29T18:27:23Z,0.0,0
2026-05-29T18:27:28Z,0.0,0
2026-05-29T18:27:33Z,0.0,0
2026-05-29T18:27:38Z,0.0,0
2026-05-29T18:27:43Z,0.0,0
2026-05-29T18:27:48Z,0.0,0
2026-05-29T18:27:53Z,0.0,0
2026-05-29T18:27:58Z,0.0,0
2026-05-29T18:28:03Z,0.0,0
2026-05-29T18:28:08Z,0.0,0
2026-05-29T18:28:13Z,0.0,0
2026-05-29T18:28:18Z,0.0,0
2026-05-29T18:28:23Z,0.0,0
2026-05-29T18:28:28Z,0.0,0
2026-05-29T18:28:33Z,0.0,0
2026-05-29T18:28:38Z,0.0,0
2026-05-29T18:28:43Z,0.0,0
2026-05-29T18:28:48Z,0.0,0
2026-05-29T18:28:53Z,0.0,0
2026-05-29T18:28:58Z,0.0,0
2026-05-29T18:29:03Z,0.0,0
2026-05-29T18:29:08Z,0.0,0
2026-05-29T18:29:13Z,0.0,0
2026-05-29T18:29:18Z,0.0,0
2026-05-29T18:29:23Z,0.0,0
2026-05-29T18:29:28Z,0.0,0
2026-05-29T18:29:33Z,0.0,0
2026-05-29T18:29:38Z,0.0,0
2026-05-29T18:29:43Z,0.0,0
2026-05-29T18:29:48Z,0.0,0
2026-05-29T18:29:53Z,0.0,0
2026-05-29T18:29:58Z,0.0,0
2026-05-29T18:30:03Z,0.0,0
2026-05-29T18:30:08Z,0.0,0
2026-05-29T18:30:13Z,0.0,0
2026-05-29T18:30:18Z,0.0,0
2026-05-29T18:30:23Z,0.0,0
2026-05-29T18:30:28Z,0.0,0
2026-05-29T18:30:33Z,0.0,0
2026-05-29T18:30:38Z,0.0,0
2026-05-29T18:30:43Z,0.0,0
2026-05-29T18:30:48Z,0.0,0
2026-05-29T18:30:53Z,0.0,0
2026-05-29T18:30:58Z,0.0,0
2026-05-29T18:31:03Z,0.0,0
2026-05-29T18:31:08Z,0.0,0
2026-05-29T18:31:13Z,0.0,0
2026-05-29T18:31:18Z,0.0,0
2026-05-29T18:31:23Z,0.0,0
2026-05-29T18:31:28Z,0.0,0
2026-05-29T18:31:33Z,0.0,0
2026-05-29T18:31:38Z,0.0,0
2026-05-29T18:31:43Z,0.0,0
2026-05-29T18:31:48Z,0.0,0
2026-05-29T18:31:53Z,0.0,0
2026-05-29T18:31:58Z,0.0,0
2026-05-29T18:32:03Z,0.0,0
2026-05-29T18:32:08Z,0.0,0
2026-05-29T18:32:13Z,0.0,0
2026-05-29T18:32:18Z,0.0,0
2026-05-29T18:32:23Z,0.0,0
2026-05-29T18:32:28Z,0.0,0
2026-05-29T18:32:33Z,0.0,0
2026-05-29T18:32:38Z,0.0,0
2026-05-29T18:32:43Z,0.0,0
2026-05-29T18:32:48Z,0.0,0
2026-05-29T18:32:53Z,0.0,0
2026-05-29T18:32:58Z,0.0,0
2026-05-29T18:33:03Z,0.0,0
2026-05-29T18:33:08Z,0.0,0
2026-05-29T18:33:13Z,0.0,0
2026-05-29T18:33:18Z,0.0,0
2026-05-29T18:33:23Z,0.0,0
2026-05-29T18:33:28Z,0.0,0
2026-05-29T18:33:33Z,0.0,0
2026-05-29T18:33:38Z,0.0,0
2026-05-29T18:33:43Z,0.0,0
2026-05-29T18:33:48Z,0.0,0
2026-05-29T18:33:53Z,0.0,0
2026-05-29T18:33:58Z,0.0,0
2026-05-29T18:34:03Z,0.0,0
2026-05-29T18:34:08Z,0.0,0
2026-05-29T18:34:13Z,0.0,0
2026-05-29T18:34:18Z,0.0,0
2026-05-29T18:34:23Z,0.0,0
2026-05-29T18:34:28Z,0.0,0
2026-05-29T18:34:33Z,0.0,0
2026-05-29T18:34:38Z,0.0,0
2026-05-29T18:34:43Z,0.0,0
2026-05-29T18:34:48Z,0.0,0
2026-05-29T18:34:53Z,0.0,0
2026-05-29T18:34:58Z,0.0,0
2026-05-29T18:35:03Z,0.0,0
2026-05-29T18:35:08Z,0.0,0
2026-05-29T18:35:13Z,0.0,0
2026-05-29T18:35:18Z,0.0,0
2026-05-29T18:35:23Z,0.0,0
2026-05-29T18:35:28Z,0.0,0
2026-05-29T18:35:33Z,0.0,0
2026-05-29T18:35:38Z,0.0,0
2026-05-29T18:35:43Z,0.0,0
2026-05-29T18:35:48Z,0.0,0
2026-05-29T18:35:53Z,0.0,0
2026-05-29T18:35:58Z,0.0,0
2026-05-29T18:36:03Z,0.0,0
2026-05-29T18:36:08Z,0.0,0
2026-05-29T18:36:13Z,0.0,0
2026-05-29T18:36:18Z,0.0,0
2026-05-29T18:36:23Z,0.0,0
2026-05-29T18:36:28Z,0.0,0
2026-05-29T18:36:33Z,0.0,0
2026-05-29T18:36:38Z,0.0,0
2026-05-29T18:36:43Z,0.0,0
2026-05-29T18:36:48Z,0.0,0
2026-05-29T18:36:53Z,0.0,0
2026-05-29T18:36:58Z,0.0,0
2026-05-29T18:37:03Z,0.0,0
2026-05-29T18:37:08Z,0.0,0
2026-05-29T18:37:13Z,0.0,0
2026-05-29T18:37:18Z,0.0,0
2026-05-29T18:37:23Z,0.0,0
2026-05-29T18:37:28Z,0.0,0
2026-05-29T18:37:33Z,0.0,0
2026-05-29T18:37:38Z,0.0,0
2026-05-29T18:37:43Z,0.0,0
2026-05-29T18:37:48Z,0.0,0
2026-05-29T18:37:53Z,0.0,0
2026-05-29T18:37:58Z,0.0,0
2026-05-29T18:38:03Z,0.0,0
2026-05-29T18:38:08Z,0.0,0
2026-05-29T18:38:13Z,0.0,0
2026-05-29T18:38:18Z,0.0,0
2026-05-29T18:38:23Z,0.0,0
2026-05-29T18:38:28Z,0.0,0
2026-05-29T18:38:33Z,0.0,0
2026-05-29T18:38:38Z,0.0,0
2026-05-29T18:38:43Z,0.0,0
2026-05-29T18:38:48Z,0.0,0
2026-05-29T18:38:53Z,0.0,0
2026-05-29T18:38:58Z,0.0,0
2026-05-29T18:39:03Z,0.0,0
2026-05-29T18:39:08Z,0.0,0
2026-05-29T18:39:13Z,0.0,0
2026-05-29T18:39:18Z,0.0,0
2026-05-29T18:39:23Z,0.0,0
2026-05-29T18:39:28Z,0.0,0
2026-05-29T18:39:33Z,0.0,0
2026-05-29T18:39:38Z,0.0,0
2026-05-29T18:39:43Z,0.0,0
2026-05-29T18:39:48Z,0.0,0
2026-05-29T18:39:53Z,0.0,0
2026-05-29T18:39:58Z,0.0,0
2026-05-29T18:40:03Z,0.0,0
2026-05-29T18:40:08Z,0.0,0
2026-05-29T18:40:13Z,0.0,0
2026-05-29T18:40:18Z,0.0,0
2026-05-29T18:40:23Z,0.0,0
2026-05-29T18:40:28Z,0.0,0
2026-05-29T18:40:33Z,0.0,0
2026-05-29T18:40:38Z,0.0,0
2026-05-29T18:40:43Z,0.0,0
2026-05-29T18:40:48Z,0.0,0
2026-05-29T18:40:53Z,0.0,0
2026-05-29T18:40:58Z,0.0,0
2026-05-29T18:41:03Z,0.0,0
2026-05-29T18:41:08Z,0.0,0
2026-05-29T18:41:13Z,0.0,0
2026-05-29T18:41:18Z,0.0,0
2026-05-29T18:41:23Z,0.0,0
2026-05-29T18:41:28Z,0.0,0
2026-05-29T18:41:33Z,0.0,0
2026-05-29T18:41:38Z,0.0,0
2026-05-29T18:41:43Z,0.0,0
2026-05-29T18:41:48Z,0.0,0
2026-05-29T18:41:53Z,0.0,0
2026-05-29T18:41:58Z,0.0,0
2026-05-29T18:42:03Z,0.0,0
2026-05-29T18:42:08Z,0.0,0
2026-05-29T18:42:13Z,0.0,0
2026-05-29T18:42:18Z,0.0,0
2026-05-29T18:42:23Z,0.0,0
2026-05-29T18:42:28Z,0.0,0
2026-05-29T18:42:33Z,0.0,0
2026-05-29T18:42:38Z,0.0,0
2026-05-29T18:42:43Z,0.0,0
2026-05-29T18:42:48Z,0.0,0
2026-05-29T18:42:53Z,0.0,0
2026-05-29T18:42:58Z,0.0,0
2026-05-29T18:43:03Z,0.0,0
2026-05-29T18:43:08Z,0.0,0
2026-05-29T18:43:13Z,0.0,0
2026-05-29T18:43:18Z,0.0,0
2026-05-29T18:43:23Z,0.0,0
2026-05-29T18:43:28Z,0.0,0
2026-05-29T18:43:33Z,0.0,0
2026-05-29T18:43:38Z,0.0,0
2026-05-29T18:43:43Z,0.0,0
2026-05-29T18:43:48Z,0.0,0
2026-05-29T18:43:53Z,0.0,0
2026-05-29T18:43:58Z,0.0,0
2026-05-29T18:44:03Z,0.0,0
2026-05-29T18:44:08Z,0.0,0
2026-05-29T18:44:13Z,0.0,0
2026-05-29T18:44:18Z,0.0,0
2026-05-29T18:44:23Z,0.0,0
2026-05-29T18:44:28Z,0.0,0
2026-05-29T18:44:33Z,0.0,0
2026-05-29T18:44:38Z,0.0,0
2026-05-29T18:44:43Z,0.0,0
2026-05-29T18:44:48Z,0.0,0
2026-05-29T18:44:53Z,0.0,0
2026-05-29T18:44:58Z,0.0,0
2026-05-29T18:45:03Z,0.0,0
2026-05-29T18:45:08Z,0.0,0
2026-05-29T18:45:13Z,0.0,0
2026-05-29T18:45:18Z,0.0,0
2026-05-29T18:45:23Z,0.0,0
2026-05-29T18:45:28Z,0.0,0
2026-05-29T18:45:33Z,0.0,0
2026-05-29T18:45:38Z,0.0,0
2026-05-29T18:45:43Z,0.0,0
2026-05-29T18:45:48Z,0.0,0
2026-05-29T18:45:53Z,0.0,0
2026-05-29T18:45:58Z,0.0,0
2026-05-29T18:46:03Z,0.0,0
2026-05-29T18:46:08Z,0.0,0
2026-05-29T18:46:13Z,0.0,0
2026-05-29T18:46:18Z,0.0,0
2026-05-29T18:46:23Z,0.0,0
2026-05-29T18:46:28Z,0.0,0
2026-05-29T18:46:33Z,0.0,0
2026-05-29T18:46:38Z,0.0,0
2026-05-29T18:46:43Z,0.0,0
2026-05-29T18:46:48Z,0.0,0
2026-05-29T18:46:53Z,0.0,0
2026-05-29T18:46:58Z,0.0,0
2026-05-29T18:47:03Z,0.0,0
2026-05-29T18:47:08Z,0.0,0
2026-05-29T18:47:13Z,0.0,0
2026-05-29T18:47:18Z,0.0,0
2026-05-29T18:47:23Z,0.0,0
2026-05-29T18:47:28Z,0.0,0
2026-05-29T18:47:33Z,0.0,0
2026-05-29T18:47:38Z,0.0,0
2026-05-29T18:47:43Z,0.0,0
2026-05-29T18:47:48Z,0.0,0
2026-05-29T18:47:53Z,0.0,0
2026-05-29T18:47:58Z,0.0,0
2026-05-29T18:48:03Z,0.0,0
2026-05-29T18:48:08Z,0.0,0
2026-05-29T18:48:13Z,0.0,0
2026-05-29T18:48:18Z,0.0,0
2026-05-29T18:48:23Z,0.0,0
2026-05-29T18:48:28Z,0.0,0
2026-05-29T18:48:33Z,0.0,0
2026-05-29T18:48:38Z,0.0,0
2026-05-29T18:48:43Z,0.0,0
2026-05-29T18:48:48Z,0.0,0
2026-05-29T18:48:53Z,0.0,0
2026-05-29T18:48:58Z,0.0,0
2026-05-29T18:49:03Z,0.0,0
2026-05-29T18:49:08Z,0.0,0
2026-05-29T18:49:13Z,0.0,0
2026-05-29T18:49:18Z,0.0,0
2026-05-29T18:49:23Z,0.0,0
2026-05-29T18:49:28Z,0.0,0
2026-05-29T18:49:33Z,0.0,0
2026-05-29T18:49:38Z,0.0,0
2026-05-29T18:49:43Z,0.0,0
2026-05-29T18:49:48Z,0.0,0
2026-05-29T18:49:53Z,0.0,0
2026-05-29T18:49:58Z,0.0,0
2026-05-29T18:50:03Z,0.0,0
2026-05-29T18:50:08Z,0.0,0
2026-05-29T18:50:13Z,0.0,0
2026-05-29T18:50:18Z,0.0,0
2026-05-29T18:50:23Z,0.0,0
2026-05-29T18:50:28Z,0.0,0
2026-05-29T18:50:33Z,0.0,0
2026-05-29T18:50:38Z,0.0,0
2026-05-29T18:50:43Z,0.0,0
2026-05-29T18:50:48Z,0.0,0
2026-05-29T18:50:53Z,0.0,0
2026-05-29T18:50:58Z,0.0,0
2026-05-29T18:51:03Z,0.0,0
2026-05-29T18:51:08Z,0.0,0
2026-05-29T18:51:13Z,0.0,0
2026-05-29T18:51:18Z,0.0,0
2026-05-29T18:51:23Z,0.0,0
2026-05-29T18:51:28Z,0.0,0
2026-05-29T18:51:33Z,0.0,0
2026-05-29T18:51:38Z,0.0,0
2026-05-29T18:51:43Z,0.0,0
2026-05-29T18:51:48Z,0.0,0
2026-05-29T18:51:53Z,0.0,0
2026-05-29T18:51:58Z,0.0,0
2026-05-29T18:52:03Z,0.0,0
2026-05-29T18:52:08Z,0.0,0
2026-05-29T18:52:13Z,0.0,0
2026-05-29T18:52:18Z,0.0,0
2026-05-29T18:52:23Z,0.0,0
2026-05-29T18:52:28Z,0.0,0
2026-05-29T18:52:33Z,0.0,0
2026-05-29T18:52:38Z,0.0,0
2026-05-29T18:52:43Z,0.0,0
2026-05-29T18:52:48Z,0.0,0
2026-05-29T18:52:53Z,0.0,0
2026-05-29T18:52:58Z,0.0,0
2026-05-29T18:53:03Z,0.0,0
2026-05-29T18:53:08Z,0.0,0
2026-05-29T18:53:13Z,0.0,0
2026-05-29T18:53:18Z,0.0,0
2026-05-29T18:53:23Z,0.0,0
2026-05-29T18:53:28Z,0.0,0
2026-05-29T18:53:33Z,0.0,0
2026-05-29T18:53:38Z,0.0,0
2026-05-29T18:53:43Z,0.0,0
2026-05-29T18:53:48Z,0.0,0
2026-05-29T18:53:53Z,0.0,0
2026-05-29T18:53:58Z,0.0,0
2026-05-29T18:54:03Z,0.0,0
2026-05-29T18:54:08Z,0.0,0
2026-05-29T18:54:13Z,0.0,0
2026-05-29T18:54:18Z,0.0,0
2026-05-29T18:54:23Z,0.0,0
2026-05-29T18:54:28Z,0.0,0
2026-05-29T18:54:33Z,0.0,0
2026-05-29T18:54:38Z,0.0,0
2026-05-29T18:54:43Z,0.0,0
2026-05-29T18:54:48Z,0.0,0
2026-05-29T18:54:53Z,0.0,0
2026-05-29T18:54:58Z,0.0,0
2026-05-29T18:55:03Z,0.0,0
2026-05-29T18:55:08Z,0.0,0
2026-05-29T18:55:13Z,0.0,0
2026-05-29T18:55:18Z,0.0,0
2026-05-29T18:55:23Z,0.0,0
2026-05-29T18:55:28Z,0.0,0
2026-05-29T18:55:33Z,0.0,0
2026-05-29T18:55:38Z,0.0,0
2026-05-29T18:55:43Z,0.0,0
2026-05-29T18:55:48Z,0.0,0
2026-05-29T18:55:53Z,0.0,0
2026-05-29T18:55:58Z,0.0,0
2026-05-29T18:56:03Z,0.0,0
2026-05-29T18:56:08Z,0.0,0
2026-05-29T18:56:13Z,0.0,0
2026-05-29T18:56:18Z,0.0,0
2026-05-29T18:56:23Z,0.0,0
2026-05-29T18:56:28Z,0.0,0
2026-05-29T18:56:33Z,0.0,0
2026-05-29T18:56:38Z,0.0,0
2026-05-29T18:56:43Z,0.0,0
2026-05-29T18:56:48Z,0.0,0
2026-05-29T18:56:53Z,0.0,0
2026-05-29T18:56:58Z,0.0,0
2026-05-29T18:57:03Z,0.0,0
2026-05-29T18:57:08Z,0.0,0
2026-05-29T18:57:13Z,0.0,0
2026-05-29T18:57:18Z,0.0,0
2026-05-29T18:57:23Z,0.0,0
2026-05-29T18:57:28Z,0.0,0
2026-05-29T18:57:33Z,0.0,0
2026-05-29T18:57:38Z,0.0,0
2026-05-29T18:57:43Z,0.0,0
2026-05-29T18:57:48Z,0.0,0
2026-05-29T18:57:53Z,0.0,0
2026-05-29T18:57:58Z,0.0,0
2026-05-29T18:58:03Z,0.0,0
2026-05-29T18:58:08Z,0.0,0
2026-05-29T18:58:13Z,0.0,0
2026-05-29T18:58:18Z,0.0,0
2026-05-29T18:58:23Z,0.0,0
2026-05-29T18:58:28Z,0.0,0
2026-05-29T18:58:33Z,0.0,0
2026-05-29T18:58:38Z,0.0,0
2026-05-29T18:58:43Z,0.0,0
2026-05-29T18:58:48Z,0.0,0
2026-05-29T18:58:53Z,0.0,0
2026-05-29T18:58:58Z,0.0,0
2026-05-29T18:59:03Z,0.0,0
2026-05-29T18:59:08Z,0.0,0
2026-05-29T18:59:13Z,0.0,0
2026-05-29T18:59:18Z,0.0,0
2026-05-29T18:59:23Z,0.0,0
2026-05-29T18:59:28Z,0.0,0
2026-05-29T18:59:33Z,0.0,0
2026-05-29T18:59:38Z,0.0,0
2026-05-29T18:59:43Z,0.0,0
2026-05-29T18:59:48Z,0.0,0
2026-05-29T18:59:53Z,0.0,0
2026-05-29T18:59:58Z,0.0,0
2026-05-29T19:00:03Z,0.0,0
2026-05-29T19:00:08Z,0.0,0
2026-05-29T19:00:13Z,0.0,0
2026-05-29T19:00:18Z,0.0,0
2026-05-29T19:00:23Z,0.0,0
2026-05-29T19:00:28Z,0.0,0
2026-05-29T19:00:33Z,0.0,0
2026-05-29T19:00:38Z,0.0,0
2026-05-29T19:00:43Z,0.0,0
2026-05-29T19:00:48Z,0.0,0
2026-05-29T19:00:53Z,0.0,0
2026-05-29T19:00:58Z,0.0,0
2026-05-29T19:01:03Z,0.0,0
2026-05-29T19:01:08Z,0.0,0
2026-05-29T19:01:13Z,0.0,0
2026-05-29T19:01:18Z,0.0,0
2026-05-29T19:01:23Z,0.0,0
2026-05-29T19:01:28Z,0.0,0
2026-05-29T19:01:33Z,0.0,0
2026-05-29T19:01:38Z,0.0,0
2026-05-29T19:01:43Z,0.0,0
2026-05-29T19:01:48Z,0.0,0
2026-05-29T19:01:53Z,0.0,0
2026-05-29T19:01:58Z,0.0,0
2026-05-29T19:02:03Z,0.0,0
2026-05-29T19:02:08Z,0.0,0
2026-05-29T19:02:13Z,0.0,0
2026-05-29T19:02:18Z,0.0,0
2026-05-29T19:02:23Z,0.0,0
2026-05-29T19:02:28Z,0.0,0
2026-05-29T19:02:33Z,0.0,0
2026-05-29T19:02:38Z,0.0,0
2026-05-29T19:02:43Z,0.0,0
2026-05-29T19:02:48Z,0.0,0
2026-05-29T19:02:53Z,0.0,0
2026-05-29T19:02:58Z,0.0,0
2026-05-29T19:03:03Z,0.0,0
2026-05-29T19:03:08Z,0.0,0
2026-05-29T19:03:13Z,0.0,0
2026-05-29T19:03:18Z,0.0,0
2026-05-29T19:03:23Z,0.0,0
2026-05-29T19:03:28Z,0.0,0
2026-05-29T19:03:33Z,0.0,0
2026-05-29T19:03:38Z,0.0,0
2026-05-29T19:03:43Z,0.0,0
2026-05-29T19:03:48Z,0.0,0
2026-05-29T19:03:53Z,0.0,0
2026-05-29T19:03:58Z,0.0,0
2026-05-29T19:04:03Z,0.0,0
2026-05-29T19:04:08Z,0.0,0
2026-05-29T19:04:13Z,0.0,0
2026-05-29T19:04:18Z,0.0,0
2026-05-29T19:04:23Z,0.0,0
2026-05-29T19:04:28Z,0.0,0
2026-05-29T19:04:33Z,0.0,0
2026-05-29T19:04:38Z,0.0,0
2026-05-29T19:04:43Z,0.0,0
2026-05-29T19:04:48Z,0.0,0
2026-05-29T19:04:53Z,0.0,0
2026-05-29T19:04:58Z,0.0,0
2026-05-29T19:05:03Z,0.0,0
2026-05-29T19:05:08Z,0.0,0
2026-05-29T19:05:13Z,0.0,0
2026-05-29T19:05:18Z,0.0,0
2026-05-29T19:05:23Z,0.0,0
2026-05-29T19:05:28Z,0.0,0
2026-05-29T19:05:33Z,0.0,0
2026-05-29T19:05:38Z,0.0,0
2026-05-29T19:05:43Z,0.0,0
2026-05-29T19:05:48Z,0.0,0
2026-05-29T19:05:53Z,0.0,0
2026-05-29T19:05:58Z,0.0,0
2026-05-29T19:06:03Z,0.0,0
2026-05-29T19:06:08Z,0.0,0
2026-05-29T19:06:13Z,0.0,0
2026-05-29T19:06:18Z,0.0,0
2026-05-29T19:06:23Z,0.0,0
2026-05-29T19:06:28Z,0.0,0
2026-05-29T19:06:33Z,0.0,0
2026-05-29T19:06:38Z,0.0,0
2026-05-29T19:06:43Z,0.0,0
2026-05-29T19:06:48Z,0.0,0
2026-05-29T19:06:53Z,0.0,0
2026-05-29T19:06:58Z,0.0,0
2026-05-29T19:07:03Z,0.0,0
2026-05-29T19:07:08Z,0.0,0
2026-05-29T19:07:13Z,0.0,0
2026-05-29T19:07:18Z,0.0,0
2026-05-29T19:07:23Z,0.0,0
2026-05-29T19:07:28Z,0.0,0
2026-05-29T19:07:33Z,0.0,0
2026-05-29T19:07:38Z,0.0,0
2026-05-29T19:07:43Z,0.0,0
2026-05-29T19:07:48Z,0.0,0
2026-05-29T19:07:53Z,0.0,0
2026-05-29T19:07:58Z,0.0,0
2026-05-29T19:08:03Z,0.0,0
2026-05-29T19:08:08Z,0.0,0
2026-05-29T19:08:13Z,0.0,0
2026-05-29T19:08:18Z,0.0,0
2026-05-29T19:08:23Z,0.0,0
2026-05-29T19:08:28Z,0.0,0
2026-05-29T19:08:33Z,0.0,0
2026-05-29T19:08:38Z,0.0,0
2026-05-29T19:08:43Z,0.0,0
2026-05-29T19:08:48Z,0.0,0
2026-05-29T19:08:53Z,0.0,0
2026-05-29T19:08:58Z,0.0,0
2026-05-29T19:09:03Z,0.0,0
2026-05-29T19:09:08Z,0.0,0
2026-05-29T19:09:13Z,0.0,0
2026-05-29T19:09:18Z,0.0,0
2026-05-29T19:09:23Z,0.0,0
2026-05-29T19:09:28Z,0.0,0
2026-05-29T19:09:33Z,0.0,0
2026-05-29T19:09:38Z,0.0,0
2026-05-29T19:09:43Z,0.0,0
2026-05-29T19:09:48Z,0.0,0
2026-05-29T19:09:53Z,0.0,0
2026-05-29T19:09:58Z,0.0,0
2026-05-29T19:10:03Z,0.0,0
2026-05-29T19:10:08Z,0.0,0
2026-05-29T19:10:13Z,0.0,0
2026-05-29T19:10:18Z,0.0,0
2026-05-29T19:10:23Z,0.0,0
2026-05-29T19:10:28Z,0.0,0
2026-05-29T19:10:33Z,0.0,0
2026-05-29T19:10:38Z,0.0,0
2026-05-29T19:10:43Z,0.0,0
2026-05-29T19:10:48Z,0.0,0
2026-05-29T19:10:53Z,0.0,0
2026-05-29T19:10:58Z,0.0,0
2026-05-29T19:11:03Z,0.0,0
2026-05-29T19:11:08Z,0.0,0
2026-05-29T19:11:13Z,0.0,0
2026-05-29T19:11:18Z,0.0,0
2026-05-29T19:11:23Z,0.0,0
2026-05-29T19:11:28Z,0.0,0
2026-05-29T19:11:33Z,0.0,0
2026-05-29T19:11:38Z,0.0,0
2026-05-29T19:11:43Z,0.0,0
2026-05-29T19:11:48Z,0.0,0
2026-05-29T19:11:53Z,0.0,0
2026-05-29T19:11:58Z,0.0,0
2026-05-29T19:12:03Z,0.0,0
2026-05-29T19:12:08Z,0.0,0
2026-05-29T19:12:13Z,0.0,0
2026-05-29T19:12:18Z,0.0,0
2026-05-29T19:12:23Z,0.0,0
2026-05-29T19:12:28Z,0.0,0
2026-05-29T19:12:33Z,0.0,0
2026-05-29T19:12:38Z,0.0,0
2026-05-29T19:12:43Z,0.0,0
2026-05-29T19:12:48Z,0.0,0
2026-05-29T19:12:53Z,0.0,0
2026-05-29T19:12:58Z,0.0,0
2026-05-29T19:13:03Z,0.0,0
2026-05-29T19:13:08Z,0.0,0
2026-05-29T19:13:13Z,0.0,0
2026-05-29T19:13:18Z,0.0,0
2026-05-29T19:13:23Z,0.0,0
2026-05-29T19:13:28Z,0.0,0
2026-05-29T19:13:33Z,0.0,0
2026-05-29T19:13:38Z,0.0,0
2026-05-29T19:13:43Z,0.0,0
2026-05-29T19:13:48Z,0.0,0
2026-05-29T19:13:53Z,0.0,0
2026-05-29T19:13:58Z,0.0,0
2026-05-29T19:14:03Z,0.0,0
2026-05-29T19:14:08Z,0.0,0
2026-05-29T19:14:13Z,0.0,0
2026-05-29T19:14:18Z,0.0,0
2026-05-29T19:14:23Z,0.0,0
2026-05-29T19:14:28Z,0.0,0
2026-05-29T19:14:33Z,0.0,0
2026-05-29T19:14:38Z,0.0,0
2026-05-29T19:14:43Z,0.0,0
2026-05-29T19:14:48Z,0.0,0
2026-05-29T19:14:53Z,0.0,0
2026-05-29T19:14:58Z,0.0,0
2026-05-29T19:15:03Z,0.0,0
2026-05-29T19:15:08Z,0.0,0
2026-05-29T19:15:13Z,0.0,0
2026-05-29T19:15:18Z,0.0,0
2026-05-29T19:15:23Z,0.0,0
2026-05-29T19:15:28Z,0.0,0
2026-05-29T19:15:33Z,0.0,0
2026-05-29T19:15:38Z,0.0,0
2026-05-29T19:15:43Z,0.0,0
2026-05-29T19:15:48Z,0.0,0
2026-05-29T19:15:53Z,0.0,0
2026-05-29T19:15:58Z,0.0,0
2026-05-29T19:16:03Z,0.0,0
2026-05-29T19:16:08Z,0.0,0
2026-05-29T19:16:13Z,0.0,0
2026-05-29T19:16:18Z,0.0,0
2026-05-29T19:16:23Z,0.0,0
2026-05-29T19:16:28Z,0.0,0
2026-05-29T19:16:33Z,0.0,0
2026-05-29T19:16:38Z,0.0,0
2026-05-29T19:16:43Z,0.0,0
2026-05-29T19:16:48Z,0.0,0
2026-05-29T19:16:53Z,0.0,0
2026-05-29T19:16:58Z,0.0,0
2026-05-29T19:17:03Z,0.0,0
2026-05-29T19:17:08Z,0.0,0
2026-05-29T19:17:13Z,0.0,0
2026-05-29T19:17:18Z,0.0,0
2026-05-29T19:17:23Z,0.0,0
2026-05-29T19:17:28Z,0.0,0
2026-05-29T19:17:33Z,0.0,0
2026-05-29T19:17:38Z,0.0,0
2026-05-29T19:17:43Z,0.0,0
2026-05-29T19:17:48Z,0.0,0
2026-05-29T19:17:53Z,0.0,0
2026-05-29T19:17:58Z,0.0,0
2026-05-29T19:18:03Z,0.0,0
2026-05-29T19:18:08Z,0.0,0
2026-05-29T19:18:13Z,0.0,0
2026-05-29T19:18:18Z,0.0,0
2026-05-29T19:18:23Z,0.0,0
2026-05-29T19:18:28Z,0.0,0
2026-05-29T19:18:33Z,0.0,0
2026-05-29T19:18:38Z,0.0,0
2026-05-29T19:18:43Z,0.0,0
2026-05-29T19:18:48Z,0.0,0
2026-05-29T19:18:53Z,0.0,0
2026-05-29T19:18:58Z,0.0,0
2026-05-29T19:19:03Z,0.0,0
2026-05-29T19:19:08Z,0.0,0
2026-05-29T19:19:13Z,0.0,0
2026-05-29T19:19:18Z,0.0,0
2026-05-29T19:19:23Z,0.0,0
2026-05-29T19:19:28Z,0.0,0
2026-05-29T19:19:33Z,0.0,0
2026-05-29T19:19:38Z,0.0,0
2026-05-29T19:19:43Z,0.0,0
2026-05-29T19:19:48Z,0.0,0
2026-05-29T19:19:53Z,0.0,0
2026-05-29T19:19:58Z,0.0,0
2026-05-29T19:20:03Z,0.0,0
2026-05-29T19:20:08Z,0.0,0
2026-05-29T19:20:13Z,0.0,0
2026-05-29T19:20:18Z,0.0,0
2026-05-29T19:20:23Z,0.0,0
2026-05-29T19:20:28Z,0.0,0
2026-05-29T19:20:33Z,0.0,0
2026-05-29T19:20:38Z,0.0,0
2026-05-29T19:20:43Z,0.0,0
2026-05-29T19:20:48Z,0.0,0
2026-05-29T19:20:53Z,0.0,0
2026-05-29T19:20:58Z,0.0,0
2026-05-29T19:21:03Z,0.0,0
2026-05-29T19:21:08Z,0.0,0
2026-05-29T19:21:13Z,0.0,0
2026-05-29T19:21:18Z,0.0,0
2026-05-29T19:21:23Z,0.0,0
2026-05-29T19:21:28Z,0.0,0
2026-05-29T19:21:33Z,0.0,0
2026-05-29T19:21:38Z,0.0,0
2026-05-29T19:21:43Z,0.0,0
2026-05-29T19:21:48Z,0.0,0
2026-05-29T19:21:53Z,0.0,0
2026-05-29T19:21:58Z,0.0,0
2026-05-29T19:22:03Z,0.0,0
2026-05-29T19:22:08Z,0.0,0
2026-05-29T19:22:13Z,0.0,0
2026-05-29T19:22:18Z,0.0,0
2026-05-29T19:22:23Z,0.0,0
2026-05-29T19:22:28Z,0.0,0
2026-05-29T19:22:33Z,0.0,0
2026-05-29T19:22:38Z,0.0,0
2026-05-29T19:22:43Z,0.0,0
2026-05-29T19:22:48Z,0.0,0
2026-05-29T19:22:53Z,0.0,0
2026-05-29T19:22:58Z,0.0,0
2026-05-29T19:23:03Z,0.0,0
2026-05-29T19:23:08Z,0.0,0
2026-05-29T19:23:13Z,0.0,0
2026-05-29T19:23:18Z,0.0,0
2026-05-29T19:23:23Z,0.0,0
2026-05-29T19:23:28Z,0.0,0
2026-05-29T19:23:33Z,0.0,0
2026-05-29T19:23:38Z,0.0,0
2026-05-29T19:23:43Z,0.0,0
2026-05-29T19:23:48Z,0.0,0
2026-05-29T19:23:53Z,0.0,0
2026-05-29T19:23:58Z,0.0,0
2026-05-29T19:24:03Z,0.0,0
2026-05-29T19:24:08Z,0.0,0
2026-05-29T19:24:13Z,0.0,0
2026-05-29T19:24:18Z,0.0,0
2026-05-29T19:24:23Z,0.0,0
2026-05-29T19:24:28Z,0.0,0
2026-05-29T19:24:33Z,0.0,0
2026-05-29T19:24:38Z,0.0,0
2026-05-29T19:24:43Z,0.0,0
2026-05-29T19:24:48Z,0.0,0
2026-05-29T19:24:53Z,0.0,0
2026-05-29T19:24:58Z,0.0,0
2026-05-29T19:25:03Z,0.0,0
2026-05-29T19:25:08Z,0.0,0
2026-05-29T19:25:13Z,0.0,0
2026-05-29T19:25:18Z,0.0,0
2026-05-29T19:25:23Z,0.0,0
2026-05-29T19:25:28Z,0.0,0
2026-05-29T19:25:33Z,0.0,0
2026-05-29T19:25:38Z,0.0,0
2026-05-29T19:25:43Z,0.0,0
2026-05-29T19:25:48Z,0.0,0
2026-05-29T19:25:53Z,0.0,0
2026-05-29T19:25:58Z,0.0,0
2026-05-29T19:26:03Z,0.0,0
2026-05-29T19:26:08Z,0.0,0
2026-05-29T19:26:13Z,0.0,0
2026-05-29T19:26:18Z,0.0,0
2026-05-29T19:26:23Z,0.0,0
2026-05-29T19:26:28Z,0.0,0
2026-05-29T19:26:33Z,0.0,0
2026-05-29T19:26:38Z,0.0,0
2026-05-29T19:26:43Z,0.0,0
2026-05-29T19:26:48Z,0.0,0
2026-05-29T19:26:53Z,0.0,0
2026-05-29T19:26:58Z,0.0,0
2026-05-29T19:27:03Z,0.0,0
2026-05-29T19:27:08Z,0.0,0
2026-05-29T19:27:13Z,0.0,0
2026-05-29T19:27:18Z,0.0,0
2026-05-29T19:27:23Z,0.0,0
2026-05-29T19:27:28Z,0.0,0
2026-05-29T19:27:33Z,0.0,0
2026-05-29T19:27:38Z,0.0,0
2026-05-29T19:27:43Z,0.0,0
2026-05-29T19:27:48Z,0.0,0
2026-05-29T19:27:53Z,0.0,0
2026-05-29T19:27:58Z,0.0,0
2026-05-29T19:28:03Z,0.0,0
2026-05-29T19:28:08Z,0.0,0
2026-05-29T19:28:13Z,0.0,0
2026-05-29T19:28:18Z,0.0,0
2026-05-29T19:28:23Z,0.0,0
2026-05-29T19:28:28Z,0.0,0
2026-05-29T19:28:33Z,0.0,0
2026-05-29T19:28:38Z,0.0,0
2026-05-29T19:28:43Z,0.0,0
2026-05-29T19:28:48Z,0.0,0
2026-05-29T19:28:53Z,0.0,0
2026-05-29T19:28:58Z,0.0,0
2026-05-29T19:29:03Z,0.0,0
2026-05-29T19:29:08Z,0.0,0
2026-05-29T19:29:13Z,0.0,0
2026-05-29T19:29:18Z,0.0,0
2026-05-29T19:29:23Z,0.0,0
2026-05-29T19:29:28Z,0.0,0
2026-05-29T19:29:33Z,0.0,0
2026-05-29T19:29:38Z,0.0,0
2026-05-29T19:29:43Z,0.0,0
2026-05-29T19:29:48Z,0.0,0
2026-05-29T19:29:53Z,0.0,0
2026-05-29T19:29:58Z,0.0,0
2026-05-29T19:30:03Z,0.0,0
2026-05-29T19:30:08Z,0.0,0
2026-05-29T19:30:13Z,0.0,0
2026-05-29T19:30:18Z,0.0,0
2026-05-29T19:30:23Z,0.0,0
2026-05-29T19:30:28Z,0.0,0
2026-05-29T19:30:33Z,0.0,0
2026-05-29T19:30:38Z,0.0,0
2026-05-29T19:30:43Z,0.0,0
2026-05-29T19:30:48Z,0.0,0
2026-05-29T19:30:53Z,0.0,0
2026-05-29T19:30:58Z,0.0,0
2026-05-29T19:31:03Z,0.0,0
2026-05-29T19:31:08Z,0.0,0
2026-05-29T19:31:13Z,0.0,0
2026-05-29T19:31:18Z,0.0,0
2026-05-29T19:31:23Z,0.0,0
2026-05-29T19:31:28Z,0.0,0
2026-05-29T19:31:33Z,0.0,0
2026-05-29T19:31:38Z,0.0,0
2026-05-29T19:31:43Z,0.0,0
2026-05-29T19:31:48Z,0.0,0
2026-05-29T19:31:53Z,0.0,0
2026-05-29T19:31:58Z,0.0,0
2026-05-29T19:32:03Z,0.0,0
2026-05-29T19:32:08Z,0.0,0
2026-05-29T19:32:13Z,0.0,0
2026-05-29T19:32:18Z,0.0,0
2026-05-29T19:32:23Z,0.0,0
2026-05-29T19:32:28Z,0.0,0
2026-05-29T19:32:33Z,0.0,0
2026-05-29T19:32:38Z,0.0,0
2026-05-29T19:32:43Z,0.0,0
2026-05-29T19:32:48Z,0.0,0
2026-05-29T19:32:53Z,0.0,0
2026-05-29T19:32:58Z,0.0,0
2026-05-29T19:33:03Z,0.0,0
2026-05-29T19:33:08Z,0.0,0
2026-05-29T19:33:13Z,0.0,0
2026-05-29T19:33:18Z,0.0,0
2026-05-29T19:33:23Z,0.0,0
2026-05-29T19:33:28Z,0.0,0
2026-05-29T19:33:33Z,0.0,0
2026-05-29T19:33:38Z,0.0,0
2026-05-29T19:33:43Z,0.0,0
2026-05-29T19:33:48Z,0.0,0
2026-05-29T19:33:53Z,0.0,0
2026-05-29T19:33:58Z,0.0,0
2026-05-29T19:34:03Z,0.0,0
2026-05-29T19:34:08Z,0.0,0
2026-05-29T19:34:13Z,0.0,0
2026-05-29T19:34:18Z,0.0,0
2026-05-29T19:34:23Z,0.0,0
2026-05-29T19:34:28Z,0.0,0
2026-05-29T19:34:33Z,0.0,0
2026-05-29T19:34:38Z,0.0,0
2026-05-29T19:34:43Z,0.0,0
2026-05-29T19:34:48Z,0.0,0
2026-05-29T19:34:53Z,0.0,0
2026-05-29T19:34:58Z,0.0,0
2026-05-29T19:35:03Z,0.0,0
2026-05-29T19:35:08Z,0.0,0
2026-05-29T19:35:13Z,0.0,0
2026-05-29T19:35:18Z,0.0,0
2026-05-29T19:35:23Z,0.0,0
2026-05-29T19:35:28Z,0.0,0
2026-05-29T19:35:33Z,0.0,0
2026-05-29T19:35:38Z,0.0,0
2026-05-29T19:35:43Z,0.0,0
2026-05-29T19:35:48Z,0.0,0
2026-05-29T19:35:53Z,0.0,0
2026-05-29T19:35:58Z,0.0,0
2026-05-29T19:36:03Z,0.0,0
2026-05-29T19:36:08Z,0.0,0
2026-05-29T19:36:13Z,0.0,0
2026-05-29T19:36:18Z,0.0,0
2026-05-29T19:36:23Z,0.0,0
2026-05-29T19:36:28Z,0.0,0
2026-05-29T19:36:33Z,0.0,0
2026-05-29T19:36:38Z,0.0,0
2026-05-29T19:36:43Z,0.0,0
2026-05-29T19:36:48Z,0.0,0
2026-05-29T19:36:53Z,0.0,0
2026-05-29T19:36:58Z,0.0,0
2026-05-29T19:37:03Z,0.0,0
2026-05-29T19:37:08Z,0.0,0
2026-05-29T19:37:13Z,0.0,0
2026-05-29T19:37:18Z,0.0,0
2026-05-29T19:37:23Z,0.0,0
2026-05-29T19:37:28Z,0.0,0
2026-05-29T19:37:33Z,0.0,0
2026-05-29T19:37:38Z,0.0,0
2026-05-29T19:37:43Z,0.0,0
2026-05-29T19:37:48Z,0.0,0
2026-05-29T19:37:53Z,0.0,0
2026-05-29T19:37:58Z,0.0,0
2026-05-29T19:38:03Z,0.0,0
2026-05-29T19:38:08Z,0.0,0
2026-05-29T19:38:13Z,0.0,0
2026-05-29T19:38:18Z,0.0,0
2026-05-29T19:38:23Z,0.0,0
2026-05-29T19:38:28Z,0.0,0
2026-05-29T19:38:33Z,0.0,0
2026-05-29T19:38:38Z,0.0,0
2026-05-29T19:38:43Z,0.0,0
2026-05-29T19:38:48Z,0.0,0
2026-05-29T19:38:53Z,0.0,0
2026-05-29T19:38:58Z,0.0,0
2026-05-29T19:39:03Z,0.0,0
2026-05-29T19:39:08Z,0.0,0
2026-05-29T19:39:13Z,0.0,0
2026-05-29T19:39:18Z,0.0,0
2026-05-29T19:39:23Z,0.0,0
2026-05-29T19:39:28Z,0.0,0
2026-05-29T19:39:33Z,0.0,0
2026-05-29T19:39:38Z,0.0,0
2026-05-29T19:39:43Z,0.0,0
2026-05-29T19:39:48Z,0.0,0
2026-05-29T19:39:53Z,0.0,0
2026-05-29T19:39:58Z,0.0,0
2026-05-29T19:40:03Z,0.0,0
2026-05-29T19:40:08Z,0.0,0
2026-05-29T19:40:13Z,0.0,0
2026-05-29T19:40:18Z,0.0,0
2026-05-29T19:40:23Z,0.0,0
2026-05-29T19:40:28Z,0.0,0
2026-05-29T19:40:33Z,0.0,0
2026-05-29T19:40:38Z,0.0,0
2026-05-29T19:40:43Z,0.0,0
2026-05-29T19:40:48Z,0.0,0
2026-05-29T19:40:53Z,0.0,0
2026-05-29T19:40:58Z,0.0,0
2026-05-29T19:41:03Z,0.0,0
2026-05-29T19:41:08Z,0.0,0
2026-05-29T19:41:13Z,0.0,0
2026-05-29T19:41:18Z,0.0,0
2026-05-29T19:41:23Z,0.0,0
2026-05-29T19:41:28Z,0.0,0
2026-05-29T19:41:33Z,0.0,0
2026-05-29T19:41:38Z,0.0,0
2026-05-29T19:41:43Z,0.0,0
2026-05-29T19:41:48Z,0.0,0
2026-05-29T19:41:53Z,0.0,0
2026-05-29T19:41:58Z,0.0,0
2026-05-29T19:42:03Z,0.0,0
2026-05-29T19:42:08Z,0.0,0
2026-05-29T19:42:13Z,0.0,0
2026-05-29T19:42:18Z,0.0,0
2026-05-29T19:42:23Z,0.0,0
2026-05-29T19:42:28Z,0.0,0
2026-05-29T19:42:33Z,0.0,0
2026-05-29T19:42:38Z,0.0,0
2026-05-29T19:42:43Z,0.0,0
2026-05-29T19:42:48Z,0.0,0
2026-05-29T19:42:53Z,0.0,0
2026-05-29T19:42:58Z,0.0,0
2026-05-29T19:43:03Z,0.0,0
2026-05-29T19:43:08Z,0.0,0
2026-05-29T19:43:13Z,0.0,0
2026-05-29T19:43:18Z,0.0,0
2026-05-29T19:43:23Z,0.0,0
2026-05-29T19:43:28Z,0.0,0
2026-05-29T19:43:33Z,0.0,0
2026-05-29T19:43:38Z,0.0,0
2026-05-29T19:43:43Z,0.0,0
2026-05-29T19:43:48Z,0.0,0
2026-05-29T19:43:53Z,0.0,0
2026-05-29T19:43:58Z,0.0,0
2026-05-29T19:44:03Z,0.0,0
2026-05-29T19:44:08Z,0.0,0
2026-05-29T19:44:13Z,0.0,0
2026-05-29T19:44:18Z,0.0,0
2026-05-29T19:44:23Z,0.0,0
2026-05-29T19:44:28Z,0.0,0
2026-05-29T19:44:33Z,0.0,0
2026-05-29T19:44:38Z,0.0,0
2026-05-29T19:44:43Z,0.0,0
2026-05-29T19:44:48Z,0.0,0
2026-05-29T19:44:53Z,0.0,0
2026-05-29T19:44:58Z,0.0,0
2026-05-29T19:45:03Z,0.0,0
2026-05-29T19:45:08Z,0.0,0
2026-05-29T19:45:13Z,0.0,0
2026-05-29T19:45:18Z,0.0,0
2026-05-29T19:45:23Z,0.0,0
2026-05-29T19:45:28Z,0.0,0
2026-05-29T19:45:33Z,0.0,0
2026-05-29T19:45:38Z,0.0,0
2026-05-29T19:45:43Z,0.0,0
2026-05-29T19:45:48Z,0.0,0
2026-05-29T19:45:53Z,0.0,0
2026-05-29T19:45:58Z,0.0,0
2026-05-29T19:46:03Z,0.0,0
2026-05-29T19:46:08Z,0.0,0
2026-05-29T19:46:13Z,0.0,0
2026-05-29T19:46:18Z,0.0,0
2026-05-29T19:46:23Z,0.0,0
2026-05-29T19:46:28Z,0.0,0
2026-05-29T19:46:33Z,0.0,0
2026-05-29T19:46:38Z,0.0,0
2026-05-29T19:46:43Z,0.0,0
2026-05-29T19:46:48Z,0.0,0
2026-05-29T19:46:53Z,0.0,0
2026-05-29T19:46:58Z,0.0,0
2026-05-29T19:47:03Z,0.0,0
2026-05-29T19:47:08Z,0.0,0
2026-05-29T19:47:13Z,0.0,0
2026-05-29T19:47:18Z,0.0,0
2026-05-29T19:47:23Z,0.0,0
2026-05-29T19:47:28Z,0.0,0
2026-05-29T19:47:33Z,0.0,0
2026-05-29T19:47:38Z,0.0,0
2026-05-29T19:47:43Z,0.0,0
2026-05-29T19:47:48Z,0.0,0
2026-05-29T19:47:53Z,0.0,0
2026-05-29T19:47:58Z,0.0,0
2026-05-29T19:48:03Z,0.0,0
2026-05-29T19:48:08Z,0.0,0
2026-05-29T19:48:13Z,0.0,0
2026-05-29T19:48:18Z,0.0,0
2026-05-29T19:48:23Z,0.0,0
2026-05-29T19:48:28Z,0.0,0
2026-05-29T19:48:33Z,0.0,0
2026-05-29T19:48:38Z,0.0,0
2026-05-29T19:48:43Z,0.0,0
2026-05-29T19:48:48Z,0.0,0
2026-05-29T19:48:53Z,0.0,0
2026-05-29T19:48:58Z,0.0,0
2026-05-29T19:49:03Z,0.0,0
2026-05-29T19:49:08Z,0.0,0
2026-05-29T19:49:13Z,0.0,0
2026-05-29T19:49:18Z,0.0,0
2026-05-29T19:49:23Z,0.0,0
2026-05-29T19:49:28Z,0.0,0
2026-05-29T19:49:33Z,0.0,0
2026-05-29T19:49:38Z,0.0,0
2026-05-29T19:49:43Z,0.0,0
2026-05-29T19:49:48Z,0.0,0
2026-05-29T19:49:53Z,0.0,0
2026-05-29T19:49:58Z,0.0,0
2026-05-29T19:50:03Z,0.0,0
2026-05-29T19:50:08Z,0.0,0
2026-05-29T19:50:13Z,0.0,0
2026-05-29T19:50:18Z,0.0,0
2026-05-29T19:50:23Z,0.0,0
2026-05-29T19:50:28Z,0.0,0
2026-05-29T19:50:33Z,0.0,0
2026-05-29T19:50:38Z,0.0,0
2026-05-29T19:50:43Z,0.0,0
2026-05-29T19:50:48Z,0.0,0
2026-05-29T19:50:53Z,0.0,0
2026-05-29T19:50:58Z,0.0,0
2026-05-29T19:51:03Z,0.0,0
2026-05-29T19:51:08Z,0.0,0
2026-05-29T19:51:13Z,0.0,0
2026-05-29T19:51:18Z,0.0,0
2026-05-29T19:51:23Z,0.0,0
2026-05-29T19:51:28Z,0.0,0
2026-05-29T19:51:33Z,0.0,0
2026-05-29T19:51:38Z,0.0,0
2026-05-29T19:51:43Z,0.0,0
2026-05-29T19:51:48Z,0.0,0
2026-05-29T19:51:53Z,0.0,0
2026-05-29T19:51:58Z,0.0,0
2026-05-29T19:52:03Z,0.0,0
2026-05-29T19:52:08Z,0.0,0
2026-05-29T19:52:13Z,0.0,0
2026-05-29T19:52:18Z,0.0,0
2026-05-29T19:52:23Z,0.0,0
2026-05-29T19:52:28Z,0.0,0
2026-05-29T19:52:33Z,0.0,0
2026-05-29T19:52:38Z,0.0,0
2026-05-29T19:52:43Z,0.0,0
2026-05-29T19:52:48Z,0.0,0
2026-05-29T19:52:53Z,0.0,0
2026-05-29T19:52:58Z,0.0,0
2026-05-29T19:53:03Z,0.0,0
2026-05-29T19:53:08Z,0.0,0
2026-05-29T19:53:13Z,0.0,0
2026-05-29T19:53:18Z,0.0,0
2026-05-29T19:53:23Z,0.0,0
2026-05-29T19:53:28Z,0.0,0
2026-05-29T19:53:33Z,0.0,0
2026-05-29T19:53:38Z,0.0,0
2026-05-29T19:53:43Z,0.0,0
2026-05-29T19:53:48Z,0.0,0
2026-05-29T19:53:53Z,0.0,0
2026-05-29T19:53:58Z,0.0,0
2026-05-29T19:54:03Z,0.0,0
2026-05-29T19:54:08Z,0.0,0
2026-05-29T19:54:13Z,0.0,0
2026-05-29T19:54:18Z,0.0,0
2026-05-29T19:54:23Z,0.0,0
2026-05-29T19:54:28Z,0.0,0
2026-05-29T19:54:33Z,0.0,0
2026-05-29T19:54:38Z,0.0,0
2026-05-29T19:54:43Z,0.0,0
2026-05-29T19:54:48Z,0.0,0
2026-05-29T19:54:53Z,0.0,0
2026-05-29T19:54:58Z,0.0,0
2026-05-29T19:55:03Z,0.0,0
2026-05-29T19:55:08Z,0.0,0
2026-05-29T19:55:13Z,0.0,0
2026-05-29T19:55:18Z,0.0,0
2026-05-29T19:55:23Z,0.0,0
2026-05-29T19:55:28Z,0.0,0
2026-05-29T19:55:33Z,0.0,0
2026-05-29T19:55:38Z,0.0,0
2026-05-29T19:55:43Z,0.0,0
2026-05-29T19:55:48Z,0.0,0
2026-05-29T19:55:53Z,0.0,0
2026-05-29T19:55:58Z,0.0,0
2026-05-29T19:56:03Z,0.0,0
2026-05-29T19:56:08Z,0.0,0
2026-05-29T19:56:13Z,0.0,0
2026-05-29T19:56:18Z,0.0,0
2026-05-29T19:56:23Z,0.0,0
2026-05-29T19:56:28Z,0.0,0
2026-05-29T19:56:33Z,0.0,0
2026-05-29T19:56:38Z,0.0,0
2026-05-29T19:56:43Z,0.0,0
2026-05-29T19:56:48Z,0.0,0
2026-05-29T19:56:53Z,0.0,0
2026-05-29T19:56:58Z,0.0,0
2026-05-29T19:57:03Z,0.0,0
2026-05-29T19:57:08Z,0.0,0
2026-05-29T19:57:13Z,0.0,0
2026-05-29T19:57:18Z,0.0,0
2026-05-29T19:57:23Z,0.0,0
2026-05-29T19:57:28Z,0.0,0
2026-05-29T19:57:33Z,0.0,0
2026-05-29T19:57:38Z,0.0,0
2026-05-29T19:57:43Z,0.0,0
2026-05-29T19:57:48Z,0.0,0
2026-05-29T19:57:53Z,0.0,0
2026-05-29T19:57:58Z,0.0,0
2026-05-29T19:58:03Z,0.0,0
2026-05-29T19:58:08Z,0.0,0
2026-05-29T19:58:13Z,0.0,0
2026-05-29T19:58:18Z,0.0,0
2026-05-29T19:58:23Z,0.0,0
2026-05-29T19:58:28Z,0.0,0
2026-05-29T19:58:33Z,0.0,0
2026-05-29T19:58:38Z,0.0,0
2026-05-29T19:58:43Z,0.0,0
2026-05-29T19:58:48Z,0.0,0
2026-05-29T19:58:53Z,0.0,0
2026-05-29T19:58:58Z,0.0,0
2026-05-29T19:59:03Z,0.0,0
2026-05-29T19:59:08Z,0.0,0
2026-05-29T19:59:13Z,0.0,0
2026-05-29T19:59:18Z,0.0,0
2026-05-29T19:59:23Z,0.0,0
2026-05-29T19:59:28Z,0.0,0
2026-05-29T19:59:33Z,0.0,0
2026-05-29T19:59:38Z,0.0,0
2026-05-29T19:59:43Z,0.0,0
2026-05-29T19:59:48Z,0.0,0
2026-05-29T19:59:53Z,0.0,0
2026-05-29T19:59:58Z,0.0,0
2026-05-29T20:00:03Z,0.0,0
2026-05-29T20:00:08Z,0.0,0
2026-05-29T20:00:13Z,0.0,0
2026-05-29T20:00:18Z,0.0,0
2026-05-29T20:00:23Z,0.0,0
2026-05-29T20:00:28Z,0.0,0
2026-05-29T20:00:33Z,0.0,0
2026-05-29T20:00:38Z,0.0,0
2026-05-29T20:00:43Z,0.0,0
2026-05-29T20:00:48Z,0.0,0
2026-05-29T20:00:53Z,0.0,0
2026-05-29T20:00:58Z,0.0,0
2026-05-29T20:01:03Z,0.0,0
2026-05-29T20:01:08Z,0.0,0
2026-05-29T20:01:13Z,0.0,0
2026-05-29T20:01:18Z,0.0,0
2026-05-29T20:01:23Z,0.0,0
2026-05-29T20:01:28Z,0.0,0
2026-05-29T20:01:33Z,0.0,0
2026-05-29T20:01:38Z,0.0,0
2026-05-29T20:01:43Z,0.0,0
2026-05-29T20:01:48Z,0.0,0
2026-05-29T20:01:53Z,0.0,0
2026-05-29T20:01:58Z,0.0,0
2026-05-29T20:02:03Z,0.0,0
2026-05-29T20:02:08Z,0.0,0
2026-05-29T20:02:13Z,0.0,0
2026-05-29T20:02:18Z,0.0,0
2026-05-29T20:02:23Z,0.0,0
2026-05-29T20:02:28Z,0.0,0
2026-05-29T20:02:33Z,0.0,0
2026-05-29T20:02:38Z,0.0,0
2026-05-29T20:02:43Z,0.0,0
2026-05-29T20:02:48Z,0.0,0
2026-05-29T20:02:53Z,0.0,0
2026-05-29T20:02:58Z,0.0,0
2026-05-29T20:03:03Z,0.0,0
2026-05-29T20:03:08Z,0.0,0
2026-05-29T20:03:13Z,0.0,0
2026-05-29T20:03:18Z,0.0,0
2026-05-29T20:03:23Z,0.0,0
2026-05-29T20:03:28Z,0.0,0
2026-05-29T20:03:33Z,0.0,0
2026-05-29T20:03:38Z,0.0,0
2026-05-29T20:03:43Z,0.0,0
2026-05-29T20:03:48Z,0.0,0
2026-05-29T20:03:53Z,0.0,0
2026-05-29T20:03:58Z,0.0,0
2026-05-29T20:04:03Z,0.0,0
2026-05-29T20:04:08Z,0.0,0
2026-05-29T20:04:13Z,0.0,0
2026-05-29T20:04:18Z,0.0,0
2026-05-29T20:04:23Z,0.0,0
2026-05-29T20:04:28Z,0.0,0
2026-05-29T20:04:33Z,0.0,0
2026-05-29T20:04:38Z,0.0,0
2026-05-29T20:04:43Z,0.0,0
2026-05-29T20:04:48Z,0.0,0
2026-05-29T20:04:53Z,0.0,0
2026-05-29T20:04:58Z,0.0,0
2026-05-29T20:05:03Z,0.0,0
2026-05-29T20:05:08Z,0.0,0
2026-05-29T20:05:13Z,0.0,0
2026-05-29T20:05:18Z,0.0,0
2026-05-29T20:05:23Z,0.0,0
2026-05-29T20:05:28Z,0.0,0
2026-05-29T20:05:33Z,0.0,0
2026-05-29T20:05:38Z,0.0,0
2026-05-29T20:05:43Z,0.0,0
2026-05-29T20:05:48Z,0.0,0
2026-05-29T20:05:53Z,0.0,0
2026-05-29T20:05:58Z,0.0,0
2026-05-29T20:06:03Z,0.0,0
2026-05-29T20:06:08Z,0.0,0
2026-05-29T20:06:13Z,0.0,0
2026-05-29T20:06:18Z,0.0,0
2026-05-29T20:06:23Z,0.0,0
2026-05-29T20:06:28Z,0.0,0
2026-05-29T20:06:33Z,0.0,0
2026-05-29T20:06:38Z,0.0,0
2026-05-29T20:06:43Z,0.0,0
2026-05-29T20:06:48Z,0.0,0
2026-05-29T20:06:53Z,0.0,0
2026-05-29T20:06:58Z,0.0,0
2026-05-29T20:07:03Z,0.0,0
2026-05-29T20:07:08Z,0.0,0
2026-05-29T20:07:13Z,0.0,0
2026-05-29T20:07:18Z,0.0,0
2026-05-29T20:07:23Z,0.0,0
2026-05-29T20:07:28Z,0.0,0
2026-05-29T20:07:33Z,0.0,0
2026-05-29T20:07:38Z,0.0,0
2026-05-29T20:07:43Z,0.0,0
2026-05-29T20:07:48Z,0.0,0
2026-05-29T20:07:53Z,0.0,0
2026-05-29T20:07:58Z,0.0,0
2026-05-29T20:08:03Z,0.0,0
2026-05-29T20:08:08Z,0.0,0
2026-05-29T20:08:13Z,0.0,0
2026-05-29T20:08:18Z,0.0,0
2026-05-29T20:08:23Z,0.0,0
2026-05-29T20:08:28Z,0.0,0
2026-05-29T20:08:33Z,0.0,0
2026-05-29T20:08:38Z,0.0,0
2026-05-29T20:08:43Z,0.0,0
2026-05-29T20:08:48Z,0.0,0
2026-05-29T20:08:53Z,0.0,0
2026-05-29T20:08:58Z,0.0,0
2026-05-29T20:09:03Z,0.0,0
2026-05-29T20:09:08Z,0.0,0
2026-05-29T20:09:13Z,0.0,0
2026-05-29T20:09:18Z,0.0,0
2026-05-29T20:09:23Z,0.0,0
2026-05-29T20:09:28Z,0.0,0
2026-05-29T20:09:33Z,0.0,0
2026-05-29T20:09:38Z,0.0,0
2026-05-29T20:09:43Z,0.0,0
2026-05-29T20:09:48Z,0.0,0
2026-05-29T20:09:53Z,0.0,0
2026-05-29T20:09:58Z,0.0,0
2026-05-29T20:10:03Z,0.0,0
2026-05-29T20:10:08Z,0.0,0
2026-05-29T20:10:13Z,0.0,0
2026-05-29T20:10:18Z,0.0,0
2026-05-29T20:10:23Z,0.0,0
2026-05-29T20:10:28Z,0.0,0
2026-05-29T20:10:33Z,0.0,0
2026-05-29T20:10:38Z,0.0,0
2026-05-29T20:10:43Z,0.0,0
2026-05-29T20:10:48Z,0.0,0
2026-05-29T20:10:53Z,0.0,0
2026-05-29T20:10:58Z,0.0,0
2026-05-29T20:11:03Z,0.0,0
2026-05-29T20:11:08Z,0.0,0
2026-05-29T20:11:13Z,0.0,0
