2026-05-29 02:39:12,684 INFO o.a.j.u.JMeterUtils: Setting Locale to en_EN
2026-05-29 02:39:12,698 INFO o.a.j.JMeter: Loading user properties from: E:\apache-jmeter-5.6.3\bin\user.properties
2026-05-29 02:39:12,699 INFO o.a.j.JMeter: Loading system properties from: E:\apache-jmeter-5.6.3\bin\system.properties
2026-05-29 02:39:12,699 INFO o.a.j.JMeter: Setting JMeter property: base_url=localhost
2026-05-29 02:39:12,699 INFO o.a.j.JMeter: Setting JMeter property: base_port=8080
2026-05-29 02:39:12,699 INFO o.a.j.JMeter: Setting JMeter property: duration=20
2026-05-29 02:39:12,699 INFO o.a.j.JMeter: Setting JMeter property: ramp_up=5
2026-05-29 02:39:12,704 INFO o.a.j.JMeter: Copyright (c) 1998-2024 The Apache Software Foundation
2026-05-29 02:39:12,704 INFO o.a.j.JMeter: Version 5.6.3
2026-05-29 02:39:12,704 INFO o.a.j.JMeter: java.version=17.0.16
2026-05-29 02:39:12,704 INFO o.a.j.JMeter: java.vm.name=OpenJDK 64-Bit Server VM
2026-05-29 02:39:12,704 INFO o.a.j.JMeter: os.name=Windows 11
2026-05-29 02:39:12,704 INFO o.a.j.JMeter: os.arch=amd64
2026-05-29 02:39:12,704 INFO o.a.j.JMeter: os.version=10.0
2026-05-29 02:39:12,704 INFO o.a.j.JMeter: file.encoding=GBK
2026-05-29 02:39:12,704 INFO o.a.j.JMeter: java.awt.headless=true
2026-05-29 02:39:12,705 INFO o.a.j.JMeter: Max memory     =1073741824
2026-05-29 02:39:12,705 INFO o.a.j.JMeter: Available Processors =20
2026-05-29 02:39:12,710 INFO o.a.j.JMeter: Default Locale=English (EN)
2026-05-29 02:39:12,710 INFO o.a.j.JMeter: JMeter  Locale=English (EN)
2026-05-29 02:39:12,710 INFO o.a.j.JMeter: JMeterHome=E:\apache-jmeter-5.6.3
2026-05-29 02:39:12,710 INFO o.a.j.JMeter: user.dir  =E:\0projects\0000Testing-and-Maintenance\Final-exp
2026-05-29 02:39:12,710 INFO o.a.j.JMeter: PWD       =E:\0projects\0000Testing-and-Maintenance\Final-exp
2026-05-29 02:39:12,710 INFO o.a.j.JMeter: IP: 10.130.63.225 Name: ZHU-LAPTOP FullName: ZHU-LAPTOP
2026-05-29 02:39:12,723 INFO o.a.j.JMeter: Setting property 'jmeter.reportgenerator.outputdir' to:'e:\0projects\0000Testing-and-Maintenance\Final-exp\tests\jmeter\results\boutique_report'
2026-05-29 02:39:12,723 INFO o.a.j.s.FileServer: Default base='E:\0projects\0000Testing-and-Maintenance\Final-exp'
2026-05-29 02:39:12,726 INFO o.a.j.s.FileServer: Set new base='e:\0projects\0000Testing-and-Maintenance\Final-exp\tests\jmeter\plans'
2026-05-29 02:39:12,907 INFO o.a.j.s.SaveService: Testplan (JMX) version: 2.2. Testlog (JTL) version: 2.2
2026-05-29 02:39:12,954 INFO o.a.j.s.SaveService: Using SaveService properties version 5.0
2026-05-29 02:39:12,957 INFO o.a.j.s.SaveService: Using SaveService properties file encoding UTF-8
2026-05-29 02:39:12,960 INFO o.a.j.s.SaveService: Loading file: e:\0projects\0000Testing-and-Maintenance\Final-exp\tests\jmeter\plans\online_boutique_load_test.jmx
2026-05-29 02:39:12,995 INFO o.a.j.p.h.c.CookieManager: Settings: Delete null: true Check: true Allow variable: true Save: false Prefix: COOKIE_
2026-05-29 02:39:13,023 INFO o.a.j.p.h.s.HTTPSamplerBase: Parser for text/html is org.apache.jmeter.protocol.http.parser.LagartoBasedHtmlParser
2026-05-29 02:39:13,023 INFO o.a.j.p.h.s.HTTPSamplerBase: Parser for application/xhtml+xml is org.apache.jmeter.protocol.http.parser.LagartoBasedHtmlParser
2026-05-29 02:39:13,023 INFO o.a.j.p.h.s.HTTPSamplerBase: Parser for application/xml is org.apache.jmeter.protocol.http.parser.LagartoBasedHtmlParser
2026-05-29 02:39:13,023 INFO o.a.j.p.h.s.HTTPSamplerBase: Parser for text/xml is org.apache.jmeter.protocol.http.parser.LagartoBasedHtmlParser
2026-05-29 02:39:13,023 INFO o.a.j.p.h.s.HTTPSamplerBase: Parser for text/vnd.wap.wml is org.apache.jmeter.protocol.http.parser.RegexpHTMLParser
2026-05-29 02:39:13,023 INFO o.a.j.p.h.s.HTTPSamplerBase: Parser for text/css is org.apache.jmeter.protocol.http.parser.CssParser
2026-05-29 02:39:13,049 INFO o.a.j.JMeter: Creating summariser <summary>
2026-05-29 02:39:13,054 INFO o.a.j.r.d.ReportGenerator: ReportGenerator will use for Parsing the separator: ','
2026-05-29 02:39:13,054 INFO o.a.j.r.d.ReportGenerator: Will generate report at end of test from  results file: e:/0projects/0000Testing-and-Maintenance/Final-exp/tests/jmeter/results/boutique_results.jtl
2026-05-29 02:39:13,054 INFO o.a.j.r.d.ReportGenerator: Reading report generator properties from: E:\apache-jmeter-5.6.3\bin\reportgenerator.properties
2026-05-29 02:39:13,054 INFO o.a.j.r.d.ReportGenerator: Merging with JMeter properties
2026-05-29 02:39:13,054 INFO o.a.j.r.c.ReportGeneratorConfiguration: Property 'jmeter.reportgenerator.temp_dir' not found, using default value 'temp' instead.
2026-05-29 02:39:13,070 INFO o.a.j.r.c.ReportGeneratorConfiguration: Property 'jmeter.reportgenerator.apdex_per_transaction' not found, using default value 'null' instead.
2026-05-29 02:39:13,070 INFO o.a.j.r.c.ReportGeneratorConfiguration: apdex_per_transaction is empty, not APDEX per transaction customization
2026-05-29 02:39:13,070 INFO o.a.j.r.c.ReportGeneratorConfiguration: Property 'jmeter.reportgenerator.sample_filter' not found, using default value 'null' instead.
2026-05-29 02:39:13,070 INFO o.a.j.r.c.ReportGeneratorConfiguration: Property 'jmeter.reportgenerator.report_title' not found, using default value 'null' instead.
2026-05-29 02:39:13,070 INFO o.a.j.r.c.ReportGeneratorConfiguration: Property 'jmeter.reportgenerator.start_date' not found, using default value 'null' instead.
2026-05-29 02:39:13,070 INFO o.a.j.r.c.ReportGeneratorConfiguration: Property 'jmeter.reportgenerator.end_date' not found, using default value 'null' instead.
2026-05-29 02:39:13,070 INFO o.a.j.r.c.ReportGeneratorConfiguration: Property 'jmeter.reportgenerator.date_format' not found, using default value 'null' instead.
2026-05-29 02:39:13,070 INFO o.a.j.r.c.ReportGeneratorConfiguration: Will use date range start date: null, end date: null
2026-05-29 02:39:13,072 INFO o.a.j.r.c.ReportGeneratorConfiguration: Property 'jmeter.reportgenerator.graph.totalTPS.exclude_controllers' not found, using default value 'false' instead.
2026-05-29 02:39:13,072 INFO o.a.j.r.c.ReportGeneratorConfiguration: Property 'jmeter.reportgenerator.graph.activeThreadsOverTime.exclude_controllers' not found, using default value 'false' instead.
2026-05-29 02:39:13,072 INFO o.a.j.r.c.ReportGeneratorConfiguration: Property 'jmeter.reportgenerator.graph.timeVsThreads.exclude_controllers' not found, using default value 'false' instead.
2026-05-29 02:39:13,072 INFO o.a.j.r.c.ReportGeneratorConfiguration: Property 'jmeter.reportgenerator.graph.responseTimeDistribution.exclude_controllers' not found, using default value 'false' instead.
2026-05-29 02:39:13,072 INFO o.a.j.r.c.ReportGeneratorConfiguration: Property 'jmeter.reportgenerator.graph.transactionsPerSecond.exclude_controllers' not found, using default value 'false' instead.
2026-05-29 02:39:13,072 INFO o.a.j.r.c.ReportGeneratorConfiguration: Property 'jmeter.reportgenerator.graph.responseTimePercentiles.exclude_controllers' not found, using default value 'false' instead.
2026-05-29 02:39:13,072 INFO o.a.j.r.c.ReportGeneratorConfiguration: Property 'jmeter.reportgenerator.graph.responseTimePercentilesOverTime.exclude_controllers' not found, using default value 'false' instead.
2026-05-29 02:39:13,072 INFO o.a.j.r.c.ReportGeneratorConfiguration: Property 'jmeter.reportgenerator.graph.responseTimesOverTime.exclude_controllers' not found, using default value 'false' instead.
2026-05-29 02:39:13,072 INFO o.a.j.r.c.ReportGeneratorConfiguration: Property 'jmeter.reportgenerator.graph.connectTimeOverTime.exclude_controllers' not found, using default value 'false' instead.
2026-05-29 02:39:13,072 INFO o.a.j.r.c.ReportGeneratorConfiguration: Property 'jmeter.reportgenerator.graph.latenciesOverTime.exclude_controllers' not found, using default value 'false' instead.
2026-05-29 02:39:13,072 INFO o.a.j.r.c.ReportGeneratorConfiguration: Property 'jmeter.reportgenerator.exporter.json.filters_only_sample_series' not found, using default value 'true' instead.
2026-05-29 02:39:13,072 INFO o.a.j.r.c.ReportGeneratorConfiguration: Property 'jmeter.reportgenerator.exporter.json.series_filter' not found, using default value '' instead.
2026-05-29 02:39:13,072 INFO o.a.j.r.c.ReportGeneratorConfiguration: Property 'jmeter.reportgenerator.exporter.json.show_controllers_only' not found, using default value 'false' instead.
2026-05-29 02:39:13,072 INFO o.a.j.r.c.ReportGeneratorConfiguration: Property 'jmeter.reportgenerator.exporter.html.filters_only_sample_series' not found, using default value 'true' instead.
2026-05-29 02:39:13,072 INFO o.a.j.r.c.ReportGeneratorConfiguration: Property 'jmeter.reportgenerator.exporter.html.series_filter' not found, using default value '' instead.
2026-05-29 02:39:13,072 INFO o.a.j.r.c.ReportGeneratorConfiguration: Property 'jmeter.reportgenerator.exporter.html.show_controllers_only' not found, using default value 'false' instead.
2026-05-29 02:39:13,076 INFO o.a.j.e.StandardJMeterEngine: Running the test!
2026-05-29 02:39:13,076 INFO o.a.j.s.SampleEvent: List of sample_variables: []
2026-05-29 02:39:13,076 INFO o.a.j.s.SampleEvent: List of sample_variables: []
2026-05-29 02:39:13,087 INFO o.a.j.e.u.CompoundVariable: Note: Function class names must contain the string: '.functions.'
2026-05-29 02:39:13,088 INFO o.a.j.e.u.CompoundVariable: Note: Function class names must not contain the string: '.gui.'
2026-05-29 02:39:13,163 INFO o.a.j.r.ResultCollector: Folder at E:\0projects\0000Testing-and-Maintenance\results was created
2026-05-29 02:39:13,168 INFO o.a.j.JMeter: Running test (1779993553168)
2026-05-29 02:39:13,184 INFO o.a.j.e.StandardJMeterEngine: Starting ThreadGroup: 1 : 场景1-正常负载(10用户)
2026-05-29 02:39:13,184 INFO o.a.j.e.StandardJMeterEngine: Starting 10 threads for group 场景1-正常负载(10用户).
2026-05-29 02:39:13,184 INFO o.a.j.e.StandardJMeterEngine: Thread will continue on error
2026-05-29 02:39:13,185 INFO o.a.j.t.ThreadGroup: Starting thread group... number=1 threads=10 ramp-up=5 delayedStart=false
2026-05-29 02:39:13,196 INFO o.a.j.s.SampleResult: Note: Sample TimeStamps are START times
2026-05-29 02:39:13,196 INFO o.a.j.s.SampleResult: sampleresult.default.encoding is set to UTF-8
2026-05-29 02:39:13,196 INFO o.a.j.s.SampleResult: sampleresult.useNanoTime=true
2026-05-29 02:39:13,196 INFO o.a.j.s.SampleResult: sampleresult.nanoThreadSleep=5000
2026-05-29 02:39:13,197 INFO o.a.j.t.ThreadGroup: Started thread group number 1
2026-05-29 02:39:13,197 INFO o.a.j.e.StandardJMeterEngine: Starting ThreadGroup: 2 : 场景2-中等负载(30用户)
2026-05-29 02:39:13,197 INFO o.a.j.e.StandardJMeterEngine: Starting 30 threads for group 场景2-中等负载(30用户).
2026-05-29 02:39:13,197 INFO o.a.j.e.StandardJMeterEngine: Thread will continue on error
2026-05-29 02:39:13,197 INFO o.a.j.t.ThreadGroup: Starting thread group... number=2 threads=30 ramp-up=15 delayedStart=false
2026-05-29 02:39:13,199 INFO o.a.j.t.JMeterThread: Thread started: 场景1-正常负载(10用户) 1-1
2026-05-29 02:39:13,211 INFO o.a.j.t.ThreadGroup: Started thread group number 2
2026-05-29 02:39:13,212 INFO o.a.j.e.StandardJMeterEngine: Starting ThreadGroup: 3 : 场景3-峰值负载(50用户)
2026-05-29 02:39:13,212 INFO o.a.j.e.StandardJMeterEngine: Starting 50 threads for group 场景3-峰值负载(50用户).
2026-05-29 02:39:13,212 INFO o.a.j.e.StandardJMeterEngine: Thread will continue on error
2026-05-29 02:39:13,212 INFO o.a.j.t.ThreadGroup: Starting thread group... number=3 threads=50 ramp-up=20 delayedStart=false
2026-05-29 02:39:13,228 INFO o.a.j.t.ThreadGroup: Started thread group number 3
2026-05-29 02:39:13,228 INFO o.a.j.e.StandardJMeterEngine: All thread groups have been started
2026-05-29 02:39:13,695 INFO o.a.j.t.JMeterThread: Thread started: 场景1-正常负载(10用户) 1-2
2026-05-29 02:39:14,195 INFO o.a.j.t.JMeterThread: Thread started: 场景1-正常负载(10用户) 1-3
2026-05-29 02:39:14,695 INFO o.a.j.t.JMeterThread: Thread started: 场景1-正常负载(10用户) 1-4
2026-05-29 02:39:15,193 INFO o.a.j.t.JMeterThread: Thread started: 场景1-正常负载(10用户) 1-5
2026-05-29 02:39:15,693 INFO o.a.j.t.JMeterThread: Thread started: 场景1-正常负载(10用户) 1-6
2026-05-29 02:39:16,191 INFO o.a.j.t.JMeterThread: Thread started: 场景1-正常负载(10用户) 1-7
2026-05-29 02:39:16,689 INFO o.a.j.t.JMeterThread: Thread started: 场景1-正常负载(10用户) 1-8
2026-05-29 02:39:17,188 INFO o.a.j.t.JMeterThread: Thread started: 场景1-正常负载(10用户) 1-9
2026-05-29 02:39:17,690 INFO o.a.j.t.JMeterThread: Thread started: 场景1-正常负载(10用户) 1-10
2026-05-29 02:39:17,949 INFO o.a.j.p.h.s.HTTPHCAbstractImpl: Local host = ZHU-LAPTOP
2026-05-29 02:39:17,952 INFO o.a.j.p.h.s.HTTPHC4Impl: HTTP request retry count = 0
2026-05-29 02:39:18,200 INFO o.a.j.t.JMeterThread: Thread started: 场景2-中等负载(30用户) 2-1
2026-05-29 02:39:18,700 INFO o.a.j.t.JMeterThread: Thread started: 场景2-中等负载(30用户) 2-2
2026-05-29 02:39:19,200 INFO o.a.j.t.JMeterThread: Thread started: 场景2-中等负载(30用户) 2-3
2026-05-29 02:39:19,702 INFO o.a.j.t.JMeterThread: Thread started: 场景2-中等负载(30用户) 2-4
2026-05-29 02:39:20,201 INFO o.a.j.t.JMeterThread: Thread started: 场景2-中等负载(30用户) 2-5
2026-05-29 02:39:20,645 WARN o.a.j.p.h.s.HTTPSamplerBase: Existing CookieManager Cookie 管理器 superseded by Cookie 管理器
2026-05-29 02:39:20,700 INFO o.a.j.t.JMeterThread: Thread started: 场景2-中等负载(30用户) 2-6
2026-05-29 02:39:20,873 WARN o.a.j.p.h.s.HTTPSamplerBase: Existing CookieManager Cookie 管理器 superseded by Cookie 管理器
2026-05-29 02:39:21,201 INFO o.a.j.t.JMeterThread: Thread started: 场景2-中等负载(30用户) 2-7
2026-05-29 02:39:21,599 WARN o.a.j.p.h.s.HTTPSamplerBase: Existing CookieManager Cookie 管理器 superseded by Cookie 管理器
2026-05-29 02:39:21,700 INFO o.a.j.t.JMeterThread: Thread started: 场景2-中等负载(30用户) 2-8
2026-05-29 02:39:21,711 WARN o.a.j.p.h.s.HTTPSamplerBase: Existing CookieManager Cookie 管理器 superseded by Cookie 管理器
2026-05-29 02:39:22,200 INFO o.a.j.t.JMeterThread: Thread started: 场景2-中等负载(30用户) 2-9
2026-05-29 02:39:22,503 WARN o.a.j.p.h.s.HTTPSamplerBase: Existing CookieManager Cookie 管理器 superseded by Cookie 管理器
2026-05-29 02:39:22,701 INFO o.a.j.t.JMeterThread: Thread started: 场景2-中等负载(30用户) 2-10
2026-05-29 02:39:22,960 WARN o.a.j.p.h.s.HTTPSamplerBase: Existing CookieManager Cookie 管理器 superseded by Cookie 管理器
2026-05-29 02:39:22,987 WARN o.a.j.p.h.s.HTTPSamplerBase: Existing CookieManager Cookie 管理器 superseded by Cookie 管理器
2026-05-29 02:39:23,202 INFO o.a.j.t.JMeterThread: Thread started: 场景2-中等负载(30用户) 2-11
2026-05-29 02:39:23,212 INFO o.a.j.t.JMeterThread: Thread started: 场景3-峰值负载(50用户) 3-1
2026-05-29 02:39:23,259 WARN o.a.j.p.h.s.HTTPSamplerBase: Existing CookieManager Cookie 管理器 superseded by Cookie 管理器
2026-05-29 02:39:23,471 WARN o.a.j.p.h.s.HTTPSamplerBase: Existing CookieManager Cookie 管理器 superseded by Cookie 管理器
2026-05-29 02:39:23,612 INFO o.a.j.t.JMeterThread: Thread started: 场景3-峰值负载(50用户) 3-2
2026-05-29 02:39:23,701 INFO o.a.j.t.JMeterThread: Thread started: 场景2-中等负载(30用户) 2-12
2026-05-29 02:39:23,838 WARN o.a.j.p.h.s.HTTPSamplerBase: Existing CookieManager Cookie 管理器 superseded by Cookie 管理器
2026-05-29 02:39:23,879 WARN o.a.j.p.h.s.HTTPSamplerBase: Existing CookieManager Cookie 管理器 superseded by Cookie 管理器
2026-05-29 02:39:24,013 INFO o.a.j.t.JMeterThread: Thread started: 场景3-峰值负载(50用户) 3-3
2026-05-29 02:39:24,144 WARN o.a.j.p.h.s.HTTPSamplerBase: Existing CookieManager Cookie 管理器 superseded by Cookie 管理器
2026-05-29 02:39:24,159 WARN o.a.j.p.h.s.HTTPSamplerBase: Existing CookieManager Cookie 管理器 superseded by Cookie 管理器
2026-05-29 02:39:24,172 WARN o.a.j.p.h.s.HTTPSamplerBase: Existing CookieManager Cookie 管理器 superseded by Cookie 管理器
2026-05-29 02:39:24,200 INFO o.a.j.t.JMeterThread: Thread started: 场景2-中等负载(30用户) 2-13
2026-05-29 02:39:24,336 WARN o.a.j.p.h.s.HTTPSamplerBase: Existing CookieManager Cookie 管理器 superseded by Cookie 管理器
2026-05-29 02:39:24,407 WARN o.a.j.p.h.s.HTTPSamplerBase: Existing CookieManager Cookie 管理器 superseded by Cookie 管理器
2026-05-29 02:39:24,413 INFO o.a.j.t.JMeterThread: Thread started: 场景3-峰值负载(50用户) 3-4
2026-05-29 02:39:24,496 WARN o.a.j.p.h.s.HTTPSamplerBase: Existing CookieManager Cookie 管理器 superseded by Cookie 管理器
2026-05-29 02:39:24,661 WARN o.a.j.p.h.s.HTTPSamplerBase: Existing CookieManager Cookie 管理器 superseded by Cookie 管理器
2026-05-29 02:39:24,700 INFO o.a.j.t.JMeterThread: Thread started: 场景2-中等负载(30用户) 2-14
2026-05-29 02:39:24,726 WARN o.a.j.p.h.s.HTTPSamplerBase: Existing CookieManager Cookie 管理器 superseded by Cookie 管理器
2026-05-29 02:39:24,812 INFO o.a.j.t.JMeterThread: Thread started: 场景3-峰值负载(50用户) 3-5
2026-05-29 02:39:24,839 WARN o.a.j.p.h.s.HTTPSamplerBase: Existing CookieManager Cookie 管理器 superseded by Cookie 管理器
2026-05-29 02:39:24,844 WARN o.a.j.p.h.s.HTTPSamplerBase: Existing CookieManager Cookie 管理器 superseded by Cookie 管理器
2026-05-29 02:39:24,869 WARN o.a.j.p.h.s.HTTPSamplerBase: Existing CookieManager Cookie 管理器 superseded by Cookie 管理器
2026-05-29 02:39:25,012 WARN o.a.j.p.h.s.HTTPSamplerBase: Existing CookieManager Cookie 管理器 superseded by Cookie 管理器
2026-05-29 02:39:25,039 WARN o.a.j.p.h.s.HTTPSamplerBase: Existing CookieManager Cookie 管理器 superseded by Cookie 管理器
2026-05-29 02:39:25,065 WARN o.a.j.p.h.s.HTTPSamplerBase: Existing CookieManager Cookie 管理器 superseded by Cookie 管理器
2026-05-29 02:39:25,138 WARN o.a.j.p.h.s.HTTPSamplerBase: Existing CookieManager Cookie 管理器 superseded by Cookie 管理器
2026-05-29 02:39:25,156 WARN o.a.j.p.h.s.HTTPSamplerBase: Existing CookieManager Cookie 管理器 superseded by Cookie 管理器
2026-05-29 02:39:25,201 INFO o.a.j.t.JMeterThread: Thread started: 场景2-中等负载(30用户) 2-15
2026-05-29 02:39:25,212 INFO o.a.j.t.JMeterThread: Thread started: 场景3-峰值负载(50用户) 3-6
2026-05-29 02:39:25,221 WARN o.a.j.p.h.s.HTTPSamplerBase: Existing CookieManager Cookie 管理器 superseded by Cookie 管理器
2026-05-29 02:39:25,430 WARN o.a.j.p.h.s.HTTPSamplerBase: Existing CookieManager Cookie 管理器 superseded by Cookie 管理器
2026-05-29 02:39:25,501 WARN o.a.j.p.h.s.HTTPSamplerBase: Existing CookieManager Cookie 管理器 superseded by Cookie 管理器
2026-05-29 02:39:25,541 WARN o.a.j.p.h.s.HTTPSamplerBase: Existing CookieManager Cookie 管理器 superseded by Cookie 管理器
2026-05-29 02:39:25,613 INFO o.a.j.t.JMeterThread: Thread started: 场景3-峰值负载(50用户) 3-7
2026-05-29 02:39:25,671 WARN o.a.j.p.h.s.HTTPSamplerBase: Existing CookieManager Cookie 管理器 superseded by Cookie 管理器
2026-05-29 02:39:25,671 WARN o.a.j.p.h.s.HTTPSamplerBase: Existing CookieManager Cookie 管理器 superseded by Cookie 管理器
2026-05-29 02:39:25,699 INFO o.a.j.t.JMeterThread: Thread started: 场景2-中等负载(30用户) 2-16
2026-05-29 02:39:25,751 WARN o.a.j.p.h.s.HTTPSamplerBase: Existing CookieManager Cookie 管理器 superseded by Cookie 管理器
2026-05-29 02:39:25,771 WARN o.a.j.p.h.s.HTTPSamplerBase: Existing CookieManager Cookie 管理器 superseded by Cookie 管理器
2026-05-29 02:39:25,777 WARN o.a.j.p.h.s.HTTPSamplerBase: Existing CookieManager Cookie 管理器 superseded by Cookie 管理器
2026-05-29 02:39:25,781 WARN o.a.j.p.h.s.HTTPSamplerBase: Existing CookieManager Cookie 管理器 superseded by Cookie 管理器
2026-05-29 02:39:25,887 WARN o.a.j.p.h.s.HTTPSamplerBase: Existing CookieManager Cookie 管理器 superseded by Cookie 管理器
2026-05-29 02:39:26,012 INFO o.a.j.t.JMeterThread: Thread started: 场景3-峰值负载(50用户) 3-8
2026-05-29 02:39:26,063 WARN o.a.j.p.h.s.HTTPSamplerBase: Existing CookieManager Cookie 管理器 superseded by Cookie 管理器
2026-05-29 02:39:26,086 WARN o.a.j.p.h.s.HTTPSamplerBase: Existing CookieManager Cookie 管理器 superseded by Cookie 管理器
2026-05-29 02:39:26,110 WARN o.a.j.p.h.s.HTTPSamplerBase: Existing CookieManager Cookie 管理器 superseded by Cookie 管理器
2026-05-29 02:39:26,140 WARN o.a.j.p.h.s.HTTPSamplerBase: Existing CookieManager Cookie 管理器 superseded by Cookie 管理器
2026-05-29 02:39:26,150 WARN o.a.j.p.h.s.HTTPSamplerBase: Existing CookieManager Cookie 管理器 superseded by Cookie 管理器
2026-05-29 02:39:26,201 INFO o.a.j.t.JMeterThread: Thread started: 场景2-中等负载(30用户) 2-17
2026-05-29 02:39:26,342 WARN o.a.j.p.h.s.HTTPSamplerBase: Existing CookieManager Cookie 管理器 superseded by Cookie 管理器
2026-05-29 02:39:26,357 WARN o.a.j.p.h.s.HTTPSamplerBase: Existing CookieManager Cookie 管理器 superseded by Cookie 管理器
2026-05-29 02:39:26,413 INFO o.a.j.t.JMeterThread: Thread started: 场景3-峰值负载(50用户) 3-9
2026-05-29 02:39:26,437 WARN o.a.j.p.h.s.HTTPSamplerBase: Existing CookieManager Cookie 管理器 superseded by Cookie 管理器
2026-05-29 02:39:26,446 WARN o.a.j.p.h.s.HTTPSamplerBase: Existing CookieManager Cookie 管理器 superseded by Cookie 管理器
2026-05-29 02:39:26,517 WARN o.a.j.p.h.s.HTTPSamplerBase: Existing CookieManager Cookie 管理器 superseded by Cookie 管理器
2026-05-29 02:39:26,563 WARN o.a.j.p.h.s.HTTPSamplerBase: Existing CookieManager Cookie 管理器 superseded by Cookie 管理器
2026-05-29 02:39:26,585 WARN o.a.j.p.h.s.HTTPSamplerBase: Existing CookieManager Cookie 管理器 superseded by Cookie 管理器
2026-05-29 02:39:26,625 WARN o.a.j.p.h.s.HTTPSamplerBase: Existing CookieManager Cookie 管理器 superseded by Cookie 管理器
2026-05-29 02:39:26,659 WARN o.a.j.p.h.s.HTTPSamplerBase: Existing CookieManager Cookie 管理器 superseded by Cookie 管理器
2026-05-29 02:39:26,701 INFO o.a.j.t.JMeterThread: Thread started: 场景2-中等负载(30用户) 2-18
2026-05-29 02:39:26,725 WARN o.a.j.p.h.s.HTTPSamplerBase: Existing CookieManager Cookie 管理器 superseded by Cookie 管理器
2026-05-29 02:39:26,760 WARN o.a.j.p.h.s.HTTPSamplerBase: Existing CookieManager Cookie 管理器 superseded by Cookie 管理器
2026-05-29 02:39:26,812 INFO o.a.j.t.JMeterThread: Thread started: 场景3-峰值负载(50用户) 3-10
2026-05-29 02:39:26,832 WARN o.a.j.p.h.s.HTTPSamplerBase: Existing CookieManager Cookie 管理器 superseded by Cookie 管理器
2026-05-29 02:39:26,832 WARN o.a.j.p.h.s.HTTPSamplerBase: Existing CookieManager Cookie 管理器 superseded by Cookie 管理器
2026-05-29 02:39:26,913 WARN o.a.j.p.h.s.HTTPSamplerBase: Existing CookieManager Cookie 管理器 superseded by Cookie 管理器
2026-05-29 02:39:26,923 WARN o.a.j.p.h.s.HTTPSamplerBase: Existing CookieManager Cookie 管理器 superseded by Cookie 管理器
2026-05-29 02:39:26,955 WARN o.a.j.p.h.s.HTTPSamplerBase: Existing CookieManager Cookie 管理器 superseded by Cookie 管理器
2026-05-29 02:39:26,955 WARN o.a.j.p.h.s.HTTPSamplerBase: Existing CookieManager Cookie 管理器 superseded by Cookie 管理器
2026-05-29 02:39:27,022 WARN o.a.j.p.h.s.HTTPSamplerBase: Existing CookieManager Cookie 管理器 superseded by Cookie 管理器
2026-05-29 02:39:27,114 WARN o.a.j.p.h.s.HTTPSamplerBase: Existing CookieManager Cookie 管理器 superseded by Cookie 管理器
2026-05-29 02:39:27,201 INFO o.a.j.t.JMeterThread: Thread started: 场景2-中等负载(30用户) 2-19
2026-05-29 02:39:27,212 INFO o.a.j.t.JMeterThread: Thread started: 场景3-峰值负载(50用户) 3-11
2026-05-29 02:39:27,243 WARN o.a.j.p.h.s.HTTPSamplerBase: Existing CookieManager Cookie 管理器 superseded by Cookie 管理器
2026-05-29 02:39:27,266 WARN o.a.j.p.h.s.HTTPSamplerBase: Existing CookieManager Cookie 管理器 superseded by Cookie 管理器
2026-05-29 02:39:27,305 WARN o.a.j.p.h.s.HTTPSamplerBase: Existing CookieManager Cookie 管理器 superseded by Cookie 管理器
2026-05-29 02:39:27,305 WARN o.a.j.p.h.s.HTTPSamplerBase: Existing CookieManager Cookie 管理器 superseded by Cookie 管理器
2026-05-29 02:39:27,373 WARN o.a.j.p.h.s.HTTPSamplerBase: Existing CookieManager Cookie 管理器 superseded by Cookie 管理器
2026-05-29 02:39:27,374 WARN o.a.j.p.h.s.HTTPSamplerBase: Existing CookieManager Cookie 管理器 superseded by Cookie 管理器
2026-05-29 02:39:27,411 WARN o.a.j.p.h.s.HTTPSamplerBase: Existing CookieManager Cookie 管理器 superseded by Cookie 管理器
2026-05-29 02:39:27,440 WARN o.a.j.p.h.s.HTTPSamplerBase: Existing CookieManager Cookie 管理器 superseded by Cookie 管理器
2026-05-29 02:39:27,449 WARN o.a.j.p.h.s.HTTPSamplerBase: Existing CookieManager Cookie 管理器 superseded by Cookie 管理器
2026-05-29 02:39:27,450 WARN o.a.j.p.h.s.HTTPSamplerBase: Existing CookieManager Cookie 管理器 superseded by Cookie 管理器
2026-05-29 02:39:27,509 WARN o.a.j.p.h.s.HTTPSamplerBase: Existing CookieManager Cookie 管理器 superseded by Cookie 管理器
2026-05-29 02:39:27,526 WARN o.a.j.p.h.s.HTTPSamplerBase: Existing CookieManager Cookie 管理器 superseded by Cookie 管理器
2026-05-29 02:39:27,613 INFO o.a.j.t.JMeterThread: Thread started: 场景3-峰值负载(50用户) 3-12
2026-05-29 02:39:27,700 WARN o.a.j.p.h.s.HTTPSamplerBase: Existing CookieManager Cookie 管理器 superseded by Cookie 管理器
2026-05-29 02:39:27,700 INFO o.a.j.t.JMeterThread: Thread started: 场景2-中等负载(30用户) 2-20
2026-05-29 02:39:27,714 WARN o.a.j.p.h.s.HTTPSamplerBase: Existing CookieManager Cookie 管理器 superseded by Cookie 管理器
2026-05-29 02:39:27,736 WARN o.a.j.p.h.s.HTTPSamplerBase: Existing CookieManager Cookie 管理器 superseded by Cookie 管理器
2026-05-29 02:39:27,825 WARN o.a.j.p.h.s.HTTPSamplerBase: Existing CookieManager Cookie 管理器 superseded by Cookie 管理器
2026-05-29 02:39:27,825 WARN o.a.j.p.h.s.HTTPSamplerBase: Existing CookieManager Cookie 管理器 superseded by Cookie 管理器
2026-05-29 02:39:27,825 WARN o.a.j.p.h.s.HTTPSamplerBase: Existing CookieManager Cookie 管理器 superseded by Cookie 管理器
2026-05-29 02:39:27,908 WARN o.a.j.p.h.s.HTTPSamplerBase: Existing CookieManager Cookie 管理器 superseded by Cookie 管理器
2026-05-29 02:39:27,911 WARN o.a.j.p.h.s.HTTPSamplerBase: Existing CookieManager Cookie 管理器 superseded by Cookie 管理器
2026-05-29 02:39:27,911 WARN o.a.j.p.h.s.HTTPSamplerBase: Existing CookieManager Cookie 管理器 superseded by Cookie 管理器
2026-05-29 02:39:27,915 WARN o.a.j.p.h.s.HTTPSamplerBase: Existing CookieManager Cookie 管理器 superseded by Cookie 管理器
2026-05-29 02:39:27,915 WARN o.a.j.p.h.s.HTTPSamplerBase: Existing CookieManager Cookie 管理器 superseded by Cookie 管理器
2026-05-29 02:39:27,929 WARN o.a.j.p.h.s.HTTPSamplerBase: Existing CookieManager Cookie 管理器 superseded by Cookie 管理器
2026-05-29 02:39:28,013 INFO o.a.j.t.JMeterThread: Thread started: 场景3-峰值负载(50用户) 3-13
2026-05-29 02:39:28,094 INFO o.a.j.t.JMeterThread: Thread finished: 场景1-正常负载(10用户) 1-10
2026-05-29 02:39:28,134 WARN o.a.j.p.h.s.HTTPSamplerBase: Existing CookieManager Cookie 管理器 superseded by Cookie 管理器
2026-05-29 02:39:28,201 INFO o.a.j.t.JMeterThread: Thread started: 场景2-中等负载(30用户) 2-21
2026-05-29 02:39:28,216 WARN o.a.j.p.h.s.HTTPSamplerBase: Existing CookieManager Cookie 管理器 superseded by Cookie 管理器
2026-05-29 02:39:28,265 WARN o.a.j.p.h.s.HTTPSamplerBase: Existing CookieManager Cookie 管理器 superseded by Cookie 管理器
2026-05-29 02:39:28,351 WARN o.a.j.p.h.s.HTTPSamplerBase: Existing CookieManager Cookie 管理器 superseded by Cookie 管理器
2026-05-29 02:39:28,412 INFO o.a.j.t.JMeterThread: Thread started: 场景3-峰值负载(50用户) 3-14
2026-05-29 02:39:28,631 WARN o.a.j.p.h.s.HTTPSamplerBase: Existing CookieManager Cookie 管理器 superseded by Cookie 管理器
2026-05-29 02:39:28,701 INFO o.a.j.t.JMeterThread: Thread started: 场景2-中等负载(30用户) 2-22
2026-05-29 02:39:28,705 INFO o.a.j.t.JMeterThread: Thread finished: 场景1-正常负载(10用户) 1-9
2026-05-29 02:39:28,729 WARN o.a.j.p.h.s.HTTPSamplerBase: Existing CookieManager Cookie 管理器 superseded by Cookie 管理器
2026-05-29 02:39:28,812 INFO o.a.j.t.JMeterThread: Thread started: 场景3-峰值负载(50用户) 3-15
2026-05-29 02:39:28,816 INFO o.a.j.t.JMeterThread: Thread finished: 场景1-正常负载(10用户) 1-2
2026-05-29 02:39:28,818 INFO o.a.j.t.JMeterThread: Thread finished: 场景1-正常负载(10用户) 1-3
2026-05-29 02:39:28,830 WARN o.a.j.p.h.s.HTTPSamplerBase: Existing CookieManager Cookie 管理器 superseded by Cookie 管理器
2026-05-29 02:39:28,830 WARN o.a.j.p.h.s.HTTPSamplerBase: Existing CookieManager Cookie 管理器 superseded by Cookie 管理器
2026-05-29 02:39:28,981 WARN o.a.j.p.h.s.HTTPSamplerBase: Existing CookieManager Cookie 管理器 superseded by Cookie 管理器
2026-05-29 02:39:29,199 INFO o.a.j.t.JMeterThread: Thread started: 场景2-中等负载(30用户) 2-23
2026-05-29 02:39:29,200 WARN o.a.j.p.h.s.HTTPSamplerBase: Existing CookieManager Cookie 管理器 superseded by Cookie 管理器
2026-05-29 02:39:29,200 WARN o.a.j.p.h.s.HTTPSamplerBase: Existing CookieManager Cookie 管理器 superseded by Cookie 管理器
2026-05-29 02:39:29,201 WARN o.a.j.p.h.s.HTTPSamplerBase: Existing CookieManager Cookie 管理器 superseded by Cookie 管理器
2026-05-29 02:39:29,201 WARN o.a.j.p.h.s.HTTPSamplerBase: Existing CookieManager Cookie 管理器 superseded by Cookie 管理器
2026-05-29 02:39:29,201 WARN o.a.j.p.h.s.HTTPSamplerBase: Existing CookieManager Cookie 管理器 superseded by Cookie 管理器
2026-05-29 02:39:29,202 WARN o.a.j.p.h.s.HTTPSamplerBase: Existing CookieManager Cookie 管理器 superseded by Cookie 管理器
2026-05-29 02:39:29,202 WARN o.a.j.p.h.s.HTTPSamplerBase: Existing CookieManager Cookie 管理器 superseded by Cookie 管理器
2026-05-29 02:39:29,203 WARN o.a.j.p.h.s.HTTPSamplerBase: Existing CookieManager Cookie 管理器 superseded by Cookie 管理器
2026-05-29 02:39:29,202 WARN o.a.j.p.h.s.HTTPSamplerBase: Existing CookieManager Cookie 管理器 superseded by Cookie 管理器
2026-05-29 02:39:29,203 WARN o.a.j.p.h.s.HTTPSamplerBase: Existing CookieManager Cookie 管理器 superseded by Cookie 管理器
2026-05-29 02:39:29,203 WARN o.a.j.p.h.s.HTTPSamplerBase: Existing CookieManager Cookie 管理器 superseded by Cookie 管理器
2026-05-29 02:39:29,203 WARN o.a.j.p.h.s.HTTPSamplerBase: Existing CookieManager Cookie 管理器 superseded by Cookie 管理器
2026-05-29 02:39:29,206 WARN o.a.j.p.h.s.HTTPSamplerBase: Existing CookieManager Cookie 管理器 superseded by Cookie 管理器
2026-05-29 02:39:29,206 WARN o.a.j.p.h.s.HTTPSamplerBase: Existing CookieManager Cookie 管理器 superseded by Cookie 管理器
2026-05-29 02:39:29,212 INFO o.a.j.t.JMeterThread: Thread started: 场景3-峰值负载(50用户) 3-16
2026-05-29 02:39:29,239 WARN o.a.j.p.h.s.HTTPSamplerBase: Existing CookieManager Cookie 管理器 superseded by Cookie 管理器
2026-05-29 02:39:29,327 INFO o.a.j.t.JMeterThread: Thread finished: 场景1-正常负载(10用户) 1-6
2026-05-29 02:39:29,332 WARN o.a.j.p.h.s.HTTPSamplerBase: Existing CookieManager Cookie 管理器 superseded by Cookie 管理器
2026-05-29 02:39:29,344 WARN o.a.j.p.h.s.HTTPSamplerBase: Existing CookieManager Cookie 管理器 superseded by Cookie 管理器
2026-05-29 02:39:29,344 INFO o.a.j.t.JMeterThread: Thread finished: 场景1-正常负载(10用户) 1-7
2026-05-29 02:39:29,431 WARN o.a.j.p.h.s.HTTPSamplerBase: Existing CookieManager Cookie 管理器 superseded by Cookie 管理器
2026-05-29 02:39:29,431 WARN o.a.j.p.h.s.HTTPSamplerBase: Existing CookieManager Cookie 管理器 superseded by Cookie 管理器
2026-05-29 02:39:29,495 WARN o.a.j.p.h.s.HTTPSamplerBase: Existing CookieManager Cookie 管理器 superseded by Cookie 管理器
2026-05-29 02:39:29,549 WARN o.a.j.p.h.s.HTTPSamplerBase: Existing CookieManager Cookie 管理器 superseded by Cookie 管理器
2026-05-29 02:39:29,555 WARN o.a.j.p.h.s.HTTPSamplerBase: Existing CookieManager Cookie 管理器 superseded by Cookie 管理器
2026-05-29 02:39:29,556 WARN o.a.j.p.h.s.HTTPSamplerBase: Existing CookieManager Cookie 管理器 superseded by Cookie 管理器
2026-05-29 02:39:29,612 INFO o.a.j.t.JMeterThread: Thread started: 场景3-峰值负载(50用户) 3-17
2026-05-29 02:39:29,622 WARN o.a.j.p.h.s.HTTPSamplerBase: Existing CookieManager Cookie 管理器 superseded by Cookie 管理器
2026-05-29 02:39:29,665 WARN o.a.j.p.h.s.HTTPSamplerBase: Existing CookieManager Cookie 管理器 superseded by Cookie 管理器
2026-05-29 02:39:29,700 INFO o.a.j.t.JMeterThread: Thread started: 场景2-中等负载(30用户) 2-24
2026-05-29 02:39:29,724 WARN o.a.j.p.h.s.HTTPSamplerBase: Existing CookieManager Cookie 管理器 superseded by Cookie 管理器
2026-05-29 02:39:29,724 WARN o.a.j.p.h.s.HTTPSamplerBase: Existing CookieManager Cookie 管理器 superseded by Cookie 管理器
2026-05-29 02:39:29,728 WARN o.a.j.p.h.s.HTTPSamplerBase: Existing CookieManager Cookie 管理器 superseded by Cookie 管理器
2026-05-29 02:39:29,772 WARN o.a.j.p.h.s.HTTPSamplerBase: Existing CookieManager Cookie 管理器 superseded by Cookie 管理器
2026-05-29 02:39:29,817 WARN o.a.j.p.h.s.HTTPSamplerBase: Existing CookieManager Cookie 管理器 superseded by Cookie 管理器
2026-05-29 02:39:29,839 WARN o.a.j.p.h.s.HTTPSamplerBase: Existing CookieManager Cookie 管理器 superseded by Cookie 管理器
2026-05-29 02:39:29,920 WARN o.a.j.p.h.s.HTTPSamplerBase: Existing CookieManager Cookie 管理器 superseded by Cookie 管理器
2026-05-29 02:39:29,958 WARN o.a.j.p.h.s.HTTPSamplerBase: Existing CookieManager Cookie 管理器 superseded by Cookie 管理器
2026-05-29 02:39:30,010 INFO o.a.j.r.Summariser: summary +    213 in 00:00:17 =   12.6/s Avg:   124 Min:    23 Max:  1062 Err:     0 (0.00%) Active: 45 Started: 51 Finished: 6
2026-05-29 02:39:30,010 WARN o.a.j.p.h.s.HTTPSamplerBase: Existing CookieManager Cookie 管理器 superseded by Cookie 管理器
2026-05-29 02:39:30,012 INFO o.a.j.t.JMeterThread: Thread started: 场景3-峰值负载(50用户) 3-18
2026-05-29 02:39:30,016 WARN o.a.j.p.h.s.HTTPSamplerBase: Existing CookieManager Cookie 管理器 superseded by Cookie 管理器
2026-05-29 02:39:30,115 WARN o.a.j.p.h.s.HTTPSamplerBase: Existing CookieManager Cookie 管理器 superseded by Cookie 管理器
2026-05-29 02:39:30,118 WARN o.a.j.p.h.s.HTTPSamplerBase: Existing CookieManager Cookie 管理器 superseded by Cookie 管理器
2026-05-29 02:39:30,205 INFO o.a.j.t.JMeterThread: Thread started: 场景2-中等负载(30用户) 2-25
2026-05-29 02:39:30,210 WARN o.a.j.p.h.s.HTTPSamplerBase: Existing CookieManager Cookie 管理器 superseded by Cookie 管理器
2026-05-29 02:39:30,213 WARN o.a.j.p.h.s.HTTPSamplerBase: Existing CookieManager Cookie 管理器 superseded by Cookie 管理器
2026-05-29 02:39:30,303 INFO o.a.j.t.JMeterThread: Thread finished: 场景1-正常负载(10用户) 1-4
2026-05-29 02:39:30,314 WARN o.a.j.p.h.s.HTTPSamplerBase: Existing CookieManager Cookie 管理器 superseded by Cookie 管理器
2026-05-29 02:39:30,332 WARN o.a.j.p.h.s.HTTPSamplerBase: Existing CookieManager Cookie 管理器 superseded by Cookie 管理器
2026-05-29 02:39:30,406 WARN o.a.j.p.h.s.HTTPSamplerBase: Existing CookieManager Cookie 管理器 superseded by Cookie 管理器
2026-05-29 02:39:30,410 WARN o.a.j.p.h.s.HTTPSamplerBase: Existing CookieManager Cookie 管理器 superseded by Cookie 管理器
2026-05-29 02:39:30,412 INFO o.a.j.t.JMeterThread: Thread started: 场景3-峰值负载(50用户) 3-19
2026-05-29 02:39:30,515 WARN o.a.j.p.h.s.HTTPSamplerBase: Existing CookieManager Cookie 管理器 superseded by Cookie 管理器
2026-05-29 02:39:30,515 WARN o.a.j.p.h.s.HTTPSamplerBase: Existing CookieManager Cookie 管理器 superseded by Cookie 管理器
2026-05-29 02:39:30,515 INFO o.a.j.t.JMeterThread: Thread finished: 场景1-正常负载(10用户) 1-5
2026-05-29 02:39:30,516 WARN o.a.j.p.h.s.HTTPSamplerBase: Existing CookieManager Cookie 管理器 superseded by Cookie 管理器
2026-05-29 02:39:30,520 WARN o.a.j.p.h.s.HTTPSamplerBase: Existing CookieManager Cookie 管理器 superseded by Cookie 管理器
2026-05-29 02:39:30,520 WARN o.a.j.p.h.s.HTTPSamplerBase: Existing CookieManager Cookie 管理器 superseded by Cookie 管理器
2026-05-29 02:39:30,529 WARN o.a.j.p.h.s.HTTPSamplerBase: Existing CookieManager Cookie 管理器 superseded by Cookie 管理器
2026-05-29 02:39:30,531 INFO o.a.j.t.JMeterThread: Thread finished: 场景1-正常负载(10用户) 1-8
2026-05-29 02:39:30,533 WARN o.a.j.p.h.s.HTTPSamplerBase: Existing CookieManager Cookie 管理器 superseded by Cookie 管理器
2026-05-29 02:39:30,608 WARN o.a.j.p.h.s.HTTPSamplerBase: Existing CookieManager Cookie 管理器 superseded by Cookie 管理器
2026-05-29 02:39:30,611 WARN o.a.j.p.h.s.HTTPSamplerBase: Existing CookieManager Cookie 管理器 superseded by Cookie 管理器
2026-05-29 02:39:30,623 WARN o.a.j.p.h.s.HTTPSamplerBase: Existing CookieManager Cookie 管理器 superseded by Cookie 管理器
2026-05-29 02:39:30,623 WARN o.a.j.p.h.s.HTTPSamplerBase: Existing CookieManager Cookie 管理器 superseded by Cookie 管理器
2026-05-29 02:39:30,623 WARN o.a.j.p.h.s.HTTPSamplerBase: Existing CookieManager Cookie 管理器 superseded by Cookie 管理器
2026-05-29 02:39:30,629 WARN o.a.j.p.h.s.HTTPSamplerBase: Existing CookieManager Cookie 管理器 superseded by Cookie 管理器
2026-05-29 02:39:30,629 WARN o.a.j.p.h.s.HTTPSamplerBase: Existing CookieManager Cookie 管理器 superseded by Cookie 管理器
2026-05-29 02:39:30,633 WARN o.a.j.p.h.s.HTTPSamplerBase: Existing CookieManager Cookie 管理器 superseded by Cookie 管理器
2026-05-29 02:39:30,700 INFO o.a.j.t.JMeterThread: Thread started: 场景2-中等负载(30用户) 2-26
2026-05-29 02:39:30,716 WARN o.a.j.p.h.s.HTTPSamplerBase: Existing CookieManager Cookie 管理器 superseded by Cookie 管理器
2026-05-29 02:39:30,716 WARN o.a.j.p.h.s.HTTPSamplerBase: Existing CookieManager Cookie 管理器 superseded by Cookie 管理器
2026-05-29 02:39:30,719 WARN o.a.j.p.h.s.HTTPSamplerBase: Existing CookieManager Cookie 管理器 superseded by Cookie 管理器
2026-05-29 02:39:30,731 WARN o.a.j.p.h.s.HTTPSamplerBase: Existing CookieManager Cookie 管理器 superseded by Cookie 管理器
2026-05-29 02:39:30,738 WARN o.a.j.p.h.s.HTTPSamplerBase: Existing CookieManager Cookie 管理器 superseded by Cookie 管理器
2026-05-29 02:39:30,812 INFO o.a.j.t.JMeterThread: Thread started: 场景3-峰值负载(50用户) 3-20
2026-05-29 02:39:30,842 WARN o.a.j.p.h.s.HTTPSamplerBase: Existing CookieManager Cookie 管理器 superseded by Cookie 管理器
2026-05-29 02:39:30,899 WARN o.a.j.p.h.s.HTTPSamplerBase: Existing CookieManager Cookie 管理器 superseded by Cookie 管理器
2026-05-29 02:39:30,904 WARN o.a.j.p.h.s.HTTPSamplerBase: Existing CookieManager Cookie 管理器 superseded by Cookie 管理器
2026-05-29 02:39:30,963 WARN o.a.j.p.h.s.HTTPSamplerBase: Existing CookieManager Cookie 管理器 superseded by Cookie 管理器
2026-05-29 02:39:30,968 WARN o.a.j.p.h.s.HTTPSamplerBase: Existing CookieManager Cookie 管理器 superseded by Cookie 管理器
2026-05-29 02:39:31,037 WARN o.a.j.p.h.s.HTTPSamplerBase: Existing CookieManager Cookie 管理器 superseded by Cookie 管理器
2026-05-29 02:39:31,047 WARN o.a.j.p.h.s.HTTPSamplerBase: Existing CookieManager Cookie 管理器 superseded by Cookie 管理器
2026-05-29 02:39:31,052 WARN o.a.j.p.h.s.HTTPSamplerBase: Existing CookieManager Cookie 管理器 superseded by Cookie 管理器
2026-05-29 02:39:31,143 WARN o.a.j.p.h.s.HTTPSamplerBase: Existing CookieManager Cookie 管理器 superseded by Cookie 管理器
2026-05-29 02:39:31,148 WARN o.a.j.p.h.s.HTTPSamplerBase: Existing CookieManager Cookie 管理器 superseded by Cookie 管理器
2026-05-29 02:39:31,148 WARN o.a.j.p.h.s.HTTPSamplerBase: Existing CookieManager Cookie 管理器 superseded by Cookie 管理器
2026-05-29 02:39:31,157 WARN o.a.j.p.h.s.HTTPSamplerBase: Existing CookieManager Cookie 管理器 superseded by Cookie 管理器
2026-05-29 02:39:31,200 INFO o.a.j.t.JMeterThread: Thread started: 场景2-中等负载(30用户) 2-27
2026-05-29 02:39:31,213 INFO o.a.j.t.JMeterThread: Thread started: 场景3-峰值负载(50用户) 3-21
2026-05-29 02:39:31,222 WARN o.a.j.p.h.s.HTTPSamplerBase: Existing CookieManager Cookie 管理器 superseded by Cookie 管理器
2026-05-29 02:39:31,226 WARN o.a.j.p.h.s.HTTPSamplerBase: Existing CookieManager Cookie 管理器 superseded by Cookie 管理器
2026-05-29 02:39:31,236 WARN o.a.j.p.h.s.HTTPSamplerBase: Existing CookieManager Cookie 管理器 superseded by Cookie 管理器
2026-05-29 02:39:31,244 WARN o.a.j.p.h.s.HTTPSamplerBase: Existing CookieManager Cookie 管理器 superseded by Cookie 管理器
2026-05-29 02:39:31,244 WARN o.a.j.p.h.s.HTTPSamplerBase: Existing CookieManager Cookie 管理器 superseded by Cookie 管理器
2026-05-29 02:39:31,244 WARN o.a.j.p.h.s.HTTPSamplerBase: Existing CookieManager Cookie 管理器 superseded by Cookie 管理器
2026-05-29 02:39:31,324 WARN o.a.j.p.h.s.HTTPSamplerBase: Existing CookieManager Cookie 管理器 superseded by Cookie 管理器
2026-05-29 02:39:31,324 WARN o.a.j.p.h.s.HTTPSamplerBase: Existing CookieManager Cookie 管理器 superseded by Cookie 管理器
2026-05-29 02:39:31,361 INFO o.a.j.t.JMeterThread: Thread finished: 场景1-正常负载(10用户) 1-1
2026-05-29 02:39:31,405 WARN o.a.j.p.h.s.HTTPSamplerBase: Existing CookieManager Cookie 管理器 superseded by Cookie 管理器
2026-05-29 02:39:31,413 WARN o.a.j.p.h.s.HTTPSamplerBase: Existing CookieManager Cookie 管理器 superseded by Cookie 管理器
2026-05-29 02:39:31,415 WARN o.a.j.p.h.s.HTTPSamplerBase: Existing CookieManager Cookie 管理器 superseded by Cookie 管理器
2026-05-29 02:39:31,430 WARN o.a.j.p.h.s.HTTPSamplerBase: Existing CookieManager Cookie 管理器 superseded by Cookie 管理器
2026-05-29 02:39:31,430 WARN o.a.j.p.h.s.HTTPSamplerBase: Existing CookieManager Cookie 管理器 superseded by Cookie 管理器
2026-05-29 02:39:31,504 WARN o.a.j.p.h.s.HTTPSamplerBase: Existing CookieManager Cookie 管理器 superseded by Cookie 管理器
2026-05-29 02:39:31,518 WARN o.a.j.p.h.s.HTTPSamplerBase: Existing CookieManager Cookie 管理器 superseded by Cookie 管理器
2026-05-29 02:39:31,537 WARN o.a.j.p.h.s.HTTPSamplerBase: Existing CookieManager Cookie 管理器 superseded by Cookie 管理器
2026-05-29 02:39:31,611 WARN o.a.j.p.h.s.HTTPSamplerBase: Existing CookieManager Cookie 管理器 superseded by Cookie 管理器
2026-05-29 02:39:31,612 WARN o.a.j.p.h.s.HTTPSamplerBase: Existing CookieManager Cookie 管理器 superseded by Cookie 管理器
2026-05-29 02:39:31,613 INFO o.a.j.t.JMeterThread: Thread started: 场景3-峰值负载(50用户) 3-22
2026-05-29 02:39:31,614 WARN o.a.j.p.h.s.HTTPSamplerBase: Existing CookieManager Cookie 管理器 superseded by Cookie 管理器
2026-05-29 02:39:31,701 INFO o.a.j.t.JMeterThread: Thread started: 场景2-中等负载(30用户) 2-28
2026-05-29 02:39:31,705 WARN o.a.j.p.h.s.HTTPSamplerBase: Existing CookieManager Cookie 管理器 superseded by Cookie 管理器
2026-05-29 02:39:31,705 WARN o.a.j.p.h.s.HTTPSamplerBase: Existing CookieManager Cookie 管理器 superseded by Cookie 管理器
2026-05-29 02:39:31,717 WARN o.a.j.p.h.s.HTTPSamplerBase: Existing CookieManager Cookie 管理器 superseded by Cookie 管理器
2026-05-29 02:39:31,725 WARN o.a.j.p.h.s.HTTPSamplerBase: Existing CookieManager Cookie 管理器 superseded by Cookie 管理器
2026-05-29 02:39:31,725 WARN o.a.j.p.h.s.HTTPSamplerBase: Existing CookieManager Cookie 管理器 superseded by Cookie 管理器
2026-05-29 02:39:31,731 WARN o.a.j.p.h.s.HTTPSamplerBase: Existing CookieManager Cookie 管理器 superseded by Cookie 管理器
2026-05-29 02:39:31,731 WARN o.a.j.p.h.s.HTTPSamplerBase: Existing CookieManager Cookie 管理器 superseded by Cookie 管理器
2026-05-29 02:39:31,808 WARN o.a.j.p.h.s.HTTPSamplerBase: Existing CookieManager Cookie 管理器 superseded by Cookie 管理器
2026-05-29 02:39:31,808 WARN o.a.j.p.h.s.HTTPSamplerBase: Existing CookieManager Cookie 管理器 superseded by Cookie 管理器
2026-05-29 02:39:31,821 WARN o.a.j.p.h.s.HTTPSamplerBase: Existing CookieManager Cookie 管理器 superseded by Cookie 管理器
2026-05-29 02:39:31,829 WARN o.a.j.p.h.s.HTTPSamplerBase: Existing CookieManager Cookie 管理器 superseded by Cookie 管理器
2026-05-29 02:39:31,905 WARN o.a.j.p.h.s.HTTPSamplerBase: Existing CookieManager Cookie 管理器 superseded by Cookie 管理器
2026-05-29 02:39:31,905 WARN o.a.j.p.h.s.HTTPSamplerBase: Existing CookieManager Cookie 管理器 superseded by Cookie 管理器
2026-05-29 02:39:31,905 WARN o.a.j.p.h.s.HTTPSamplerBase: Existing CookieManager Cookie 管理器 superseded by Cookie 管理器
2026-05-29 02:39:31,905 WARN o.a.j.p.h.s.HTTPSamplerBase: Existing CookieManager Cookie 管理器 superseded by Cookie 管理器
2026-05-29 02:39:31,915 WARN o.a.j.p.h.s.HTTPSamplerBase: Existing CookieManager Cookie 管理器 superseded by Cookie 管理器
2026-05-29 02:39:32,008 WARN o.a.j.p.h.s.HTTPSamplerBase: Existing CookieManager Cookie 管理器 superseded by Cookie 管理器
2026-05-29 02:39:32,008 WARN o.a.j.p.h.s.HTTPSamplerBase: Existing CookieManager Cookie 管理器 superseded by Cookie 管理器
2026-05-29 02:39:32,008 WARN o.a.j.p.h.s.HTTPSamplerBase: Existing CookieManager Cookie 管理器 superseded by Cookie 管理器
2026-05-29 02:39:32,009 WARN o.a.j.p.h.s.HTTPSamplerBase: Existing CookieManager Cookie 管理器 superseded by Cookie 管理器
2026-05-29 02:39:32,010 WARN o.a.j.p.h.s.HTTPSamplerBase: Existing CookieManager Cookie 管理器 superseded by Cookie 管理器
2026-05-29 02:39:32,011 WARN o.a.j.p.h.s.HTTPSamplerBase: Existing CookieManager Cookie 管理器 superseded by Cookie 管理器
2026-05-29 02:39:32,011 WARN o.a.j.p.h.s.HTTPSamplerBase: Existing CookieManager Cookie 管理器 superseded by Cookie 管理器
2026-05-29 02:39:32,013 INFO o.a.j.t.JMeterThread: Thread started: 场景3-峰值负载(50用户) 3-23
2026-05-29 02:39:32,014 WARN o.a.j.p.h.s.HTTPSamplerBase: Existing CookieManager Cookie 管理器 superseded by Cookie 管理器
2026-05-29 02:39:32,105 WARN o.a.j.p.h.s.HTTPSamplerBase: Existing CookieManager Cookie 管理器 superseded by Cookie 管理器
2026-05-29 02:39:32,105 WARN o.a.j.p.h.s.HTTPSamplerBase: Existing CookieManager Cookie 管理器 superseded by Cookie 管理器
2026-05-29 02:39:32,116 WARN o.a.j.p.h.s.HTTPSamplerBase: Existing CookieManager Cookie 管理器 superseded by Cookie 管理器
2026-05-29 02:39:32,199 INFO o.a.j.t.JMeterThread: Thread started: 场景2-中等负载(30用户) 2-29
2026-05-29 02:39:32,206 WARN o.a.j.p.h.s.HTTPSamplerBase: Existing CookieManager Cookie 管理器 superseded by Cookie 管理器
2026-05-29 02:39:32,206 WARN o.a.j.p.h.s.HTTPSamplerBase: Existing CookieManager Cookie 管理器 superseded by Cookie 管理器
2026-05-29 02:39:32,206 WARN o.a.j.p.h.s.HTTPSamplerBase: Existing CookieManager Cookie 管理器 superseded by Cookie 管理器
2026-05-29 02:39:32,206 WARN o.a.j.p.h.s.HTTPSamplerBase: Existing CookieManager Cookie 管理器 superseded by Cookie 管理器
2026-05-29 02:39:32,305 WARN o.a.j.p.h.s.HTTPSamplerBase: Existing CookieManager Cookie 管理器 superseded by Cookie 管理器
2026-05-29 02:39:32,305 WARN o.a.j.p.h.s.HTTPSamplerBase: Existing CookieManager Cookie 管理器 superseded by Cookie 管理器
2026-05-29 02:39:32,305 WARN o.a.j.p.h.s.HTTPSamplerBase: Existing CookieManager Cookie 管理器 superseded by Cookie 管理器
2026-05-29 02:39:32,305 WARN o.a.j.p.h.s.HTTPSamplerBase: Existing CookieManager Cookie 管理器 superseded by Cookie 管理器
2026-05-29 02:39:32,328 WARN o.a.j.p.h.s.HTTPSamplerBase: Existing CookieManager Cookie 管理器 superseded by Cookie 管理器
2026-05-29 02:39:32,411 WARN o.a.j.p.h.s.HTTPSamplerBase: Existing CookieManager Cookie 管理器 superseded by Cookie 管理器
2026-05-29 02:39:32,411 WARN o.a.j.p.h.s.HTTPSamplerBase: Existing CookieManager Cookie 管理器 superseded by Cookie 管理器
2026-05-29 02:39:32,412 INFO o.a.j.t.JMeterThread: Thread started: 场景3-峰值负载(50用户) 3-24
2026-05-29 02:39:32,437 WARN o.a.j.p.h.s.HTTPSamplerBase: Existing CookieManager Cookie 管理器 superseded by Cookie 管理器
2026-05-29 02:39:32,437 WARN o.a.j.p.h.s.HTTPSamplerBase: Existing CookieManager Cookie 管理器 superseded by Cookie 管理器
2026-05-29 02:39:32,450 WARN o.a.j.p.h.s.HTTPSamplerBase: Existing CookieManager Cookie 管理器 superseded by Cookie 管理器
2026-05-29 02:39:32,507 WARN o.a.j.p.h.s.HTTPSamplerBase: Existing CookieManager Cookie 管理器 superseded by Cookie 管理器
2026-05-29 02:39:32,508 WARN o.a.j.p.h.s.HTTPSamplerBase: Existing CookieManager Cookie 管理器 superseded by Cookie 管理器
2026-05-29 02:39:32,515 WARN o.a.j.p.h.s.HTTPSamplerBase: Existing CookieManager Cookie 管理器 superseded by Cookie 管理器
2026-05-29 02:39:32,536 WARN o.a.j.p.h.s.HTTPSamplerBase: Existing CookieManager Cookie 管理器 superseded by Cookie 管理器
2026-05-29 02:39:32,536 WARN o.a.j.p.h.s.HTTPSamplerBase: Existing CookieManager Cookie 管理器 superseded by Cookie 管理器
2026-05-29 02:39:32,536 WARN o.a.j.p.h.s.HTTPSamplerBase: Existing CookieManager Cookie 管理器 superseded by Cookie 管理器
2026-05-29 02:39:32,543 WARN o.a.j.p.h.s.HTTPSamplerBase: Existing CookieManager Cookie 管理器 superseded by Cookie 管理器
2026-05-29 02:39:32,622 WARN o.a.j.p.h.s.HTTPSamplerBase: Existing CookieManager Cookie 管理器 superseded by Cookie 管理器
2026-05-29 02:39:32,636 WARN o.a.j.p.h.s.HTTPSamplerBase: Existing CookieManager Cookie 管理器 superseded by Cookie 管理器
2026-05-29 02:39:32,646 WARN o.a.j.p.h.s.HTTPSamplerBase: Existing CookieManager Cookie 管理器 superseded by Cookie 管理器
2026-05-29 02:39:32,700 INFO o.a.j.t.JMeterThread: Thread started: 场景2-中等负载(30用户) 2-30
2026-05-29 02:39:32,724 WARN o.a.j.p.h.s.HTTPSamplerBase: Existing CookieManager Cookie 管理器 superseded by Cookie 管理器
2026-05-29 02:39:32,724 WARN o.a.j.p.h.s.HTTPSamplerBase: Existing CookieManager Cookie 管理器 superseded by Cookie 管理器
2026-05-29 02:39:32,724 WARN o.a.j.p.h.s.HTTPSamplerBase: Existing CookieManager Cookie 管理器 superseded by Cookie 管理器
2026-05-29 02:39:32,724 WARN o.a.j.p.h.s.HTTPSamplerBase: Existing CookieManager Cookie 管理器 superseded by Cookie 管理器
2026-05-29 02:39:32,724 WARN o.a.j.p.h.s.HTTPSamplerBase: Existing CookieManager Cookie 管理器 superseded by Cookie 管理器
2026-05-29 02:39:32,724 WARN o.a.j.p.h.s.HTTPSamplerBase: Existing CookieManager Cookie 管理器 superseded by Cookie 管理器
2026-05-29 02:39:32,724 WARN o.a.j.p.h.s.HTTPSamplerBase: Existing CookieManager Cookie 管理器 superseded by Cookie 管理器
2026-05-29 02:39:32,732 WARN o.a.j.p.h.s.HTTPSamplerBase: Existing CookieManager Cookie 管理器 superseded by Cookie 管理器
2026-05-29 02:39:32,744 WARN o.a.j.p.h.s.HTTPSamplerBase: Existing CookieManager Cookie 管理器 superseded by Cookie 管理器
2026-05-29 02:39:32,812 INFO o.a.j.t.JMeterThread: Thread started: 场景3-峰值负载(50用户) 3-25
2026-05-29 02:39:32,835 WARN o.a.j.p.h.s.HTTPSamplerBase: Existing CookieManager Cookie 管理器 superseded by Cookie 管理器
2026-05-29 02:39:32,905 WARN o.a.j.p.h.s.HTTPSamplerBase: Existing CookieManager Cookie 管理器 superseded by Cookie 管理器
2026-05-29 02:39:32,917 WARN o.a.j.p.h.s.HTTPSamplerBase: Existing CookieManager Cookie 管理器 superseded by Cookie 管理器
2026-05-29 02:39:32,917 WARN o.a.j.p.h.s.HTTPSamplerBase: Existing CookieManager Cookie 管理器 superseded by Cookie 管理器
2026-05-29 02:39:32,917 WARN o.a.j.p.h.s.HTTPSamplerBase: Existing CookieManager Cookie 管理器 superseded by Cookie 管理器
2026-05-29 02:39:32,920 WARN o.a.j.p.h.s.HTTPSamplerBase: Existing CookieManager Cookie 管理器 superseded by Cookie 管理器
2026-05-29 02:39:32,923 WARN o.a.j.p.h.s.HTTPSamplerBase: Existing CookieManager Cookie 管理器 superseded by Cookie 管理器
2026-05-29 02:39:33,019 WARN o.a.j.p.h.s.HTTPSamplerBase: Existing CookieManager Cookie 管理器 superseded by Cookie 管理器
2026-05-29 02:39:33,019 WARN o.a.j.p.h.s.HTTPSamplerBase: Existing CookieManager Cookie 管理器 superseded by Cookie 管理器
2026-05-29 02:39:33,019 WARN o.a.j.p.h.s.HTTPSamplerBase: Existing CookieManager Cookie 管理器 superseded by Cookie 管理器
2026-05-29 02:39:33,046 WARN o.a.j.p.h.s.HTTPSamplerBase: Existing CookieManager Cookie 管理器 superseded by Cookie 管理器
2026-05-29 02:39:33,052 WARN o.a.j.p.h.s.HTTPSamplerBase: Existing CookieManager Cookie 管理器 superseded by Cookie 管理器
2026-05-29 02:39:33,052 WARN o.a.j.p.h.s.HTTPSamplerBase: Existing CookieManager Cookie 管理器 superseded by Cookie 管理器
2026-05-29 02:39:33,052 WARN o.a.j.p.h.s.HTTPSamplerBase: Existing CookieManager Cookie 管理器 superseded by Cookie 管理器
2026-05-29 02:39:33,113 WARN o.a.j.p.h.s.HTTPSamplerBase: Existing CookieManager Cookie 管理器 superseded by Cookie 管理器
2026-05-29 02:39:33,135 WARN o.a.j.p.h.s.HTTPSamplerBase: Existing CookieManager Cookie 管理器 superseded by Cookie 管理器
2026-05-29 02:39:33,135 WARN o.a.j.p.h.s.HTTPSamplerBase: Existing CookieManager Cookie 管理器 superseded by Cookie 管理器
2026-05-29 02:39:33,211 WARN o.a.j.p.h.s.HTTPSamplerBase: Existing CookieManager Cookie 管理器 superseded by Cookie 管理器
2026-05-29 02:39:33,213 INFO o.a.j.t.JMeterThread: Thread started: 场景3-峰值负载(50用户) 3-26
2026-05-29 02:39:33,305 WARN o.a.j.p.h.s.HTTPSamplerBase: Existing CookieManager Cookie 管理器 superseded by Cookie 管理器
2026-05-29 02:39:33,309 WARN o.a.j.p.h.s.HTTPSamplerBase: Existing CookieManager Cookie 管理器 superseded by Cookie 管理器
2026-05-29 02:39:33,343 WARN o.a.j.p.h.s.HTTPSamplerBase: Existing CookieManager Cookie 管理器 superseded by Cookie 管理器
2026-05-29 02:39:33,343 WARN o.a.j.p.h.s.HTTPSamplerBase: Existing CookieManager Cookie 管理器 superseded by Cookie 管理器
2026-05-29 02:39:33,409 WARN o.a.j.p.h.s.HTTPSamplerBase: Existing CookieManager Cookie 管理器 superseded by Cookie 管理器
2026-05-29 02:39:33,423 WARN o.a.j.p.h.s.HTTPSamplerBase: Existing CookieManager Cookie 管理器 superseded by Cookie 管理器
2026-05-29 02:39:33,423 WARN o.a.j.p.h.s.HTTPSamplerBase: Existing CookieManager Cookie 管理器 superseded by Cookie 管理器
2026-05-29 02:39:33,423 WARN o.a.j.p.h.s.HTTPSamplerBase: Existing CookieManager Cookie 管理器 superseded by Cookie 管理器
2026-05-29 02:39:33,425 WARN o.a.j.p.h.s.HTTPSamplerBase: Existing CookieManager Cookie 管理器 superseded by Cookie 管理器
2026-05-29 02:39:33,426 WARN o.a.j.p.h.s.HTTPSamplerBase: Existing CookieManager Cookie 管理器 superseded by Cookie 管理器
2026-05-29 02:39:33,505 WARN o.a.j.p.h.s.HTTPSamplerBase: Existing CookieManager Cookie 管理器 superseded by Cookie 管理器
2026-05-29 02:39:33,532 WARN o.a.j.p.h.s.HTTPSamplerBase: Existing CookieManager Cookie 管理器 superseded by Cookie 管理器
2026-05-29 02:39:33,532 WARN o.a.j.p.h.s.HTTPSamplerBase: Existing CookieManager Cookie 管理器 superseded by Cookie 管理器
2026-05-29 02:39:33,535 WARN o.a.j.p.h.s.HTTPSamplerBase: Existing CookieManager Cookie 管理器 superseded by Cookie 管理器
2026-05-29 02:39:33,612 INFO o.a.j.t.JMeterThread: Thread started: 场景3-峰值负载(50用户) 3-27
2026-05-29 02:39:33,613 WARN o.a.j.p.h.s.HTTPSamplerBase: Existing CookieManager Cookie 管理器 superseded by Cookie 管理器
2026-05-29 02:39:33,613 WARN o.a.j.p.h.s.HTTPSamplerBase: Existing CookieManager Cookie 管理器 superseded by Cookie 管理器
2026-05-29 02:39:33,619 WARN o.a.j.p.h.s.HTTPSamplerBase: Existing CookieManager Cookie 管理器 superseded by Cookie 管理器
2026-05-29 02:39:33,717 WARN o.a.j.p.h.s.HTTPSamplerBase: Existing CookieManager Cookie 管理器 superseded by Cookie 管理器
2026-05-29 02:39:33,739 WARN o.a.j.p.h.s.HTTPSamplerBase: Existing CookieManager Cookie 管理器 superseded by Cookie 管理器
2026-05-29 02:39:33,746 WARN o.a.j.p.h.s.HTTPSamplerBase: Existing CookieManager Cookie 管理器 superseded by Cookie 管理器
2026-05-29 02:39:33,746 WARN o.a.j.p.h.s.HTTPSamplerBase: Existing CookieManager Cookie 管理器 superseded by Cookie 管理器
2026-05-29 02:39:33,746 WARN o.a.j.p.h.s.HTTPSamplerBase: Existing CookieManager Cookie 管理器 superseded by Cookie 管理器
2026-05-29 02:39:33,810 WARN o.a.j.p.h.s.HTTPSamplerBase: Existing CookieManager Cookie 管理器 superseded by Cookie 管理器
2026-05-29 02:39:33,810 WARN o.a.j.p.h.s.HTTPSamplerBase: Existing CookieManager Cookie 管理器 superseded by Cookie 管理器
2026-05-29 02:39:33,810 WARN o.a.j.p.h.s.HTTPSamplerBase: Existing CookieManager Cookie 管理器 superseded by Cookie 管理器
2026-05-29 02:39:33,860 WARN o.a.j.p.h.s.HTTPSamplerBase: Existing CookieManager Cookie 管理器 superseded by Cookie 管理器
2026-05-29 02:39:33,864 WARN o.a.j.p.h.s.HTTPSamplerBase: Existing CookieManager Cookie 管理器 superseded by Cookie 管理器
2026-05-29 02:39:33,864 WARN o.a.j.p.h.s.HTTPSamplerBase: Existing CookieManager Cookie 管理器 superseded by Cookie 管理器
2026-05-29 02:39:33,865 WARN o.a.j.p.h.s.HTTPSamplerBase: Existing CookieManager Cookie 管理器 superseded by Cookie 管理器
2026-05-29 02:39:33,866 WARN o.a.j.p.h.s.HTTPSamplerBase: Existing CookieManager Cookie 管理器 superseded by Cookie 管理器
2026-05-29 02:39:33,904 WARN o.a.j.p.h.s.HTTPSamplerBase: Existing CookieManager Cookie 管理器 superseded by Cookie 管理器
2026-05-29 02:39:33,904 WARN o.a.j.p.h.s.HTTPSamplerBase: Existing CookieManager Cookie 管理器 superseded by Cookie 管理器
2026-05-29 02:39:33,910 WARN o.a.j.p.h.s.HTTPSamplerBase: Existing CookieManager Cookie 管理器 superseded by Cookie 管理器
2026-05-29 02:39:33,910 WARN o.a.j.p.h.s.HTTPSamplerBase: Existing CookieManager Cookie 管理器 superseded by Cookie 管理器
2026-05-29 02:39:33,911 WARN o.a.j.p.h.s.HTTPSamplerBase: Existing CookieManager Cookie 管理器 superseded by Cookie 管理器
2026-05-29 02:39:33,911 WARN o.a.j.p.h.s.HTTPSamplerBase: Existing CookieManager Cookie 管理器 superseded by Cookie 管理器
2026-05-29 02:39:33,911 WARN o.a.j.p.h.s.HTTPSamplerBase: Existing CookieManager Cookie 管理器 superseded by Cookie 管理器
2026-05-29 02:39:33,911 WARN o.a.j.p.h.s.HTTPSamplerBase: Existing CookieManager Cookie 管理器 superseded by Cookie 管理器
2026-05-29 02:39:34,009 WARN o.a.j.p.h.s.HTTPSamplerBase: Existing CookieManager Cookie 管理器 superseded by Cookie 管理器
2026-05-29 02:39:34,009 WARN o.a.j.p.h.s.HTTPSamplerBase: Existing CookieManager Cookie 管理器 superseded by Cookie 管理器
2026-05-29 02:39:34,014 INFO o.a.j.t.JMeterThread: Thread started: 场景3-峰值负载(50用户) 3-28
2026-05-29 02:39:34,022 WARN o.a.j.p.h.s.HTTPSamplerBase: Existing CookieManager Cookie 管理器 superseded by Cookie 管理器
2026-05-29 02:39:34,025 WARN o.a.j.p.h.s.HTTPSamplerBase: Existing CookieManager Cookie 管理器 superseded by Cookie 管理器
2026-05-29 02:39:34,032 WARN o.a.j.p.h.s.HTTPSamplerBase: Existing CookieManager Cookie 管理器 superseded by Cookie 管理器
2026-05-29 02:39:34,039 WARN o.a.j.p.h.s.HTTPSamplerBase: Existing CookieManager Cookie 管理器 superseded by Cookie 管理器
2026-05-29 02:39:34,125 WARN o.a.j.p.h.s.HTTPSamplerBase: Existing CookieManager Cookie 管理器 superseded by Cookie 管理器
2026-05-29 02:39:34,125 WARN o.a.j.p.h.s.HTTPSamplerBase: Existing CookieManager Cookie 管理器 superseded by Cookie 管理器
2026-05-29 02:39:34,125 WARN o.a.j.p.h.s.HTTPSamplerBase: Existing CookieManager Cookie 管理器 superseded by Cookie 管理器
2026-05-29 02:39:34,125 WARN o.a.j.p.h.s.HTTPSamplerBase: Existing CookieManager Cookie 管理器 superseded by Cookie 管理器
2026-05-29 02:39:34,127 WARN o.a.j.p.h.s.HTTPSamplerBase: Existing CookieManager Cookie 管理器 superseded by Cookie 管理器
2026-05-29 02:39:34,205 WARN o.a.j.p.h.s.HTTPSamplerBase: Existing CookieManager Cookie 管理器 superseded by Cookie 管理器
2026-05-29 02:39:34,205 WARN o.a.j.p.h.s.HTTPSamplerBase: Existing CookieManager Cookie 管理器 superseded by Cookie 管理器
2026-05-29 02:39:34,205 WARN o.a.j.p.h.s.HTTPSamplerBase: Existing CookieManager Cookie 管理器 superseded by Cookie 管理器
2026-05-29 02:39:34,205 WARN o.a.j.p.h.s.HTTPSamplerBase: Existing CookieManager Cookie 管理器 superseded by Cookie 管理器
2026-05-29 02:39:34,238 WARN o.a.j.p.h.s.HTTPSamplerBase: Existing CookieManager Cookie 管理器 superseded by Cookie 管理器
2026-05-29 02:39:34,336 WARN o.a.j.p.h.s.HTTPSamplerBase: Existing CookieManager Cookie 管理器 superseded by Cookie 管理器
2026-05-29 02:39:34,408 WARN o.a.j.p.h.s.HTTPSamplerBase: Existing CookieManager Cookie 管理器 superseded by Cookie 管理器
2026-05-29 02:39:34,413 INFO o.a.j.t.JMeterThread: Thread started: 场景3-峰值负载(50用户) 3-29
2026-05-29 02:39:34,437 WARN o.a.j.p.h.s.HTTPSamplerBase: Existing CookieManager Cookie 管理器 superseded by Cookie 管理器
2026-05-29 02:39:34,527 WARN o.a.j.p.h.s.HTTPSamplerBase: Existing CookieManager Cookie 管理器 superseded by Cookie 管理器
2026-05-29 02:39:34,606 WARN o.a.j.p.h.s.HTTPSamplerBase: Existing CookieManager Cookie 管理器 superseded by Cookie 管理器
2026-05-29 02:39:34,606 WARN o.a.j.p.h.s.HTTPSamplerBase: Existing CookieManager Cookie 管理器 superseded by Cookie 管理器
2026-05-29 02:39:34,606 WARN o.a.j.p.h.s.HTTPSamplerBase: Existing CookieManager Cookie 管理器 superseded by Cookie 管理器
2026-05-29 02:39:34,606 WARN o.a.j.p.h.s.HTTPSamplerBase: Existing CookieManager Cookie 管理器 superseded by Cookie 管理器
2026-05-29 02:39:34,606 WARN o.a.j.p.h.s.HTTPSamplerBase: Existing CookieManager Cookie 管理器 superseded by Cookie 管理器
2026-05-29 02:39:34,606 WARN o.a.j.p.h.s.HTTPSamplerBase: Existing CookieManager Cookie 管理器 superseded by Cookie 管理器
2026-05-29 02:39:34,607 WARN o.a.j.p.h.s.HTTPSamplerBase: Existing CookieManager Cookie 管理器 superseded by Cookie 管理器
2026-05-29 02:39:34,608 WARN o.a.j.p.h.s.HTTPSamplerBase: Existing CookieManager Cookie 管理器 superseded by Cookie 管理器
2026-05-29 02:39:34,614 WARN o.a.j.p.h.s.HTTPSamplerBase: Existing CookieManager Cookie 管理器 superseded by Cookie 管理器
2026-05-29 02:39:34,614 WARN o.a.j.p.h.s.HTTPSamplerBase: Existing CookieManager Cookie 管理器 superseded by Cookie 管理器
2026-05-29 02:39:34,614 WARN o.a.j.p.h.s.HTTPSamplerBase: Existing CookieManager Cookie 管理器 superseded by Cookie 管理器
2026-05-29 02:39:34,614 WARN o.a.j.p.h.s.HTTPSamplerBase: Existing CookieManager Cookie 管理器 superseded by Cookie 管理器
2026-05-29 02:39:34,614 WARN o.a.j.p.h.s.HTTPSamplerBase: Existing CookieManager Cookie 管理器 superseded by Cookie 管理器
2026-05-29 02:39:34,630 WARN o.a.j.p.h.s.HTTPSamplerBase: Existing CookieManager Cookie 管理器 superseded by Cookie 管理器
2026-05-29 02:39:34,630 WARN o.a.j.p.h.s.HTTPSamplerBase: Existing CookieManager Cookie 管理器 superseded by Cookie 管理器
2026-05-29 02:39:34,632 WARN o.a.j.p.h.s.HTTPSamplerBase: Existing CookieManager Cookie 管理器 superseded by Cookie 管理器
2026-05-29 02:39:34,725 WARN o.a.j.p.h.s.HTTPSamplerBase: Existing CookieManager Cookie 管理器 superseded by Cookie 管理器
2026-05-29 02:39:34,725 WARN o.a.j.p.h.s.HTTPSamplerBase: Existing CookieManager Cookie 管理器 superseded by Cookie 管理器
2026-05-29 02:39:34,725 WARN o.a.j.p.h.s.HTTPSamplerBase: Existing CookieManager Cookie 管理器 superseded by Cookie 管理器
2026-05-29 02:39:34,733 WARN o.a.j.p.h.s.HTTPSamplerBase: Existing CookieManager Cookie 管理器 superseded by Cookie 管理器
2026-05-29 02:39:34,735 WARN o.a.j.p.h.s.HTTPSamplerBase: Existing CookieManager Cookie 管理器 superseded by Cookie 管理器
2026-05-29 02:39:34,808 WARN o.a.j.p.h.s.HTTPSamplerBase: Existing CookieManager Cookie 管理器 superseded by Cookie 管理器
2026-05-29 02:39:34,808 WARN o.a.j.p.h.s.HTTPSamplerBase: Existing CookieManager Cookie 管理器 superseded by Cookie 管理器
2026-05-29 02:39:34,813 WARN o.a.j.p.h.s.HTTPSamplerBase: Existing CookieManager Cookie 管理器 superseded by Cookie 管理器
2026-05-29 02:39:34,814 INFO o.a.j.t.JMeterThread: Thread started: 场景3-峰值负载(50用户) 3-30
2026-05-29 02:39:34,835 WARN o.a.j.p.h.s.HTTPSamplerBase: Existing CookieManager Cookie 管理器 superseded by Cookie 管理器
2026-05-29 02:39:34,849 WARN o.a.j.p.h.s.HTTPSamplerBase: Existing CookieManager Cookie 管理器 superseded by Cookie 管理器
2026-05-29 02:39:34,854 WARN o.a.j.p.h.s.HTTPSamplerBase: Existing CookieManager Cookie 管理器 superseded by Cookie 管理器
2026-05-29 02:39:34,945 WARN o.a.j.p.h.s.HTTPSamplerBase: Existing CookieManager Cookie 管理器 superseded by Cookie 管理器
2026-05-29 02:39:34,946 WARN o.a.j.p.h.s.HTTPSamplerBase: Existing CookieManager Cookie 管理器 superseded by Cookie 管理器
2026-05-29 02:39:34,946 WARN o.a.j.p.h.s.HTTPSamplerBase: Existing CookieManager Cookie 管理器 superseded by Cookie 管理器
2026-05-29 02:39:34,946 WARN o.a.j.p.h.s.HTTPSamplerBase: Existing CookieManager Cookie 管理器 superseded by Cookie 管理器
2026-05-29 02:39:34,952 WARN o.a.j.p.h.s.HTTPSamplerBase: Existing CookieManager Cookie 管理器 superseded by Cookie 管理器
2026-05-29 02:39:35,015 WARN o.a.j.p.h.s.HTTPSamplerBase: Existing CookieManager Cookie 管理器 superseded by Cookie 管理器
2026-05-29 02:39:35,024 WARN o.a.j.p.h.s.HTTPSamplerBase: Existing CookieManager Cookie 管理器 superseded by Cookie 管理器
2026-05-29 02:39:35,041 WARN o.a.j.p.h.s.HTTPSamplerBase: Existing CookieManager Cookie 管理器 superseded by Cookie 管理器
2026-05-29 02:39:35,045 WARN o.a.j.p.h.s.HTTPSamplerBase: Existing CookieManager Cookie 管理器 superseded by Cookie 管理器
2026-05-29 02:39:35,114 WARN o.a.j.p.h.s.HTTPSamplerBase: Existing CookieManager Cookie 管理器 superseded by Cookie 管理器
2026-05-29 02:39:35,133 WARN o.a.j.p.h.s.HTTPSamplerBase: Existing CookieManager Cookie 管理器 superseded by Cookie 管理器
2026-05-29 02:39:35,147 WARN o.a.j.p.h.s.HTTPSamplerBase: Existing CookieManager Cookie 管理器 superseded by Cookie 管理器
2026-05-29 02:39:35,147 WARN o.a.j.p.h.s.HTTPSamplerBase: Existing CookieManager Cookie 管理器 superseded by Cookie 管理器
2026-05-29 02:39:35,213 INFO o.a.j.t.JMeterThread: Thread started: 场景3-峰值负载(50用户) 3-31
2026-05-29 02:39:35,225 WARN o.a.j.p.h.s.HTTPSamplerBase: Existing CookieManager Cookie 管理器 superseded by Cookie 管理器
2026-05-29 02:39:35,228 WARN o.a.j.p.h.s.HTTPSamplerBase: Existing CookieManager Cookie 管理器 superseded by Cookie 管理器
2026-05-29 02:39:35,228 WARN o.a.j.p.h.s.HTTPSamplerBase: Existing CookieManager Cookie 管理器 superseded by Cookie 管理器
2026-05-29 02:39:35,229 WARN o.a.j.p.h.s.HTTPSamplerBase: Existing CookieManager Cookie 管理器 superseded by Cookie 管理器
2026-05-29 02:39:35,319 WARN o.a.j.p.h.s.HTTPSamplerBase: Existing CookieManager Cookie 管理器 superseded by Cookie 管理器
2026-05-29 02:39:35,330 WARN o.a.j.p.h.s.HTTPSamplerBase: Existing CookieManager Cookie 管理器 superseded by Cookie 管理器
2026-05-29 02:39:35,416 WARN o.a.j.p.h.s.HTTPSamplerBase: Existing CookieManager Cookie 管理器 superseded by Cookie 管理器
2026-05-29 02:39:35,505 WARN o.a.j.p.h.s.HTTPSamplerBase: Existing CookieManager Cookie 管理器 superseded by Cookie 管理器
2026-05-29 02:39:35,505 WARN o.a.j.p.h.s.HTTPSamplerBase: Existing CookieManager Cookie 管理器 superseded by Cookie 管理器
2026-05-29 02:39:35,505 WARN o.a.j.p.h.s.HTTPSamplerBase: Existing CookieManager Cookie 管理器 superseded by Cookie 管理器
2026-05-29 02:39:35,606 WARN o.a.j.p.h.s.HTTPSamplerBase: Existing CookieManager Cookie 管理器 superseded by Cookie 管理器
2026-05-29 02:39:35,614 INFO o.a.j.t.JMeterThread: Thread started: 场景3-峰值负载(50用户) 3-32
2026-05-29 02:39:35,637 WARN o.a.j.p.h.s.HTTPSamplerBase: Existing CookieManager Cookie 管理器 superseded by Cookie 管理器
2026-05-29 02:39:35,637 WARN o.a.j.p.h.s.HTTPSamplerBase: Existing CookieManager Cookie 管理器 superseded by Cookie 管理器
2026-05-29 02:39:35,637 WARN o.a.j.p.h.s.HTTPSamplerBase: Existing CookieManager Cookie 管理器 superseded by Cookie 管理器
2026-05-29 02:39:35,704 WARN o.a.j.p.h.s.HTTPSamplerBase: Existing CookieManager Cookie 管理器 superseded by Cookie 管理器
2026-05-29 02:39:35,704 WARN o.a.j.p.h.s.HTTPSamplerBase: Existing CookieManager Cookie 管理器 superseded by Cookie 管理器
2026-05-29 02:39:35,739 WARN o.a.j.p.h.s.HTTPSamplerBase: Existing CookieManager Cookie 管理器 superseded by Cookie 管理器
2026-05-29 02:39:35,740 WARN o.a.j.p.h.s.HTTPSamplerBase: Existing CookieManager Cookie 管理器 superseded by Cookie 管理器
2026-05-29 02:39:35,741 WARN o.a.j.p.h.s.HTTPSamplerBase: Existing CookieManager Cookie 管理器 superseded by Cookie 管理器
2026-05-29 02:39:35,741 WARN o.a.j.p.h.s.HTTPSamplerBase: Existing CookieManager Cookie 管理器 superseded by Cookie 管理器
2026-05-29 02:39:35,742 WARN o.a.j.p.h.s.HTTPSamplerBase: Existing CookieManager Cookie 管理器 superseded by Cookie 管理器
2026-05-29 02:39:35,743 WARN o.a.j.p.h.s.HTTPSamplerBase: Existing CookieManager Cookie 管理器 superseded by Cookie 管理器
2026-05-29 02:39:35,805 WARN o.a.j.p.h.s.HTTPSamplerBase: Existing CookieManager Cookie 管理器 superseded by Cookie 管理器
2026-05-29 02:39:35,811 WARN o.a.j.p.h.s.HTTPSamplerBase: Existing CookieManager Cookie 管理器 superseded by Cookie 管理器
2026-05-29 02:39:35,811 WARN o.a.j.p.h.s.HTTPSamplerBase: Existing CookieManager Cookie 管理器 superseded by Cookie 管理器
2026-05-29 02:39:35,823 WARN o.a.j.p.h.s.HTTPSamplerBase: Existing CookieManager Cookie 管理器 superseded by Cookie 管理器
2026-05-29 02:39:35,823 WARN o.a.j.p.h.s.HTTPSamplerBase: Existing CookieManager Cookie 管理器 superseded by Cookie 管理器
2026-05-29 02:39:35,824 WARN o.a.j.p.h.s.HTTPSamplerBase: Existing CookieManager Cookie 管理器 superseded by Cookie 管理器
2026-05-29 02:39:35,836 WARN o.a.j.p.h.s.HTTPSamplerBase: Existing CookieManager Cookie 管理器 superseded by Cookie 管理器
2026-05-29 02:39:35,907 WARN o.a.j.p.h.s.HTTPSamplerBase: Existing CookieManager Cookie 管理器 superseded by Cookie 管理器
2026-05-29 02:39:35,913 WARN o.a.j.p.h.s.HTTPSamplerBase: Existing CookieManager Cookie 管理器 superseded by Cookie 管理器
2026-05-29 02:39:35,913 WARN o.a.j.p.h.s.HTTPSamplerBase: Existing CookieManager Cookie 管理器 superseded by Cookie 管理器
2026-05-29 02:39:35,913 WARN o.a.j.p.h.s.HTTPSamplerBase: Existing CookieManager Cookie 管理器 superseded by Cookie 管理器
2026-05-29 02:39:35,913 WARN o.a.j.p.h.s.HTTPSamplerBase: Existing CookieManager Cookie 管理器 superseded by Cookie 管理器
2026-05-29 02:39:35,931 WARN o.a.j.p.h.s.HTTPSamplerBase: Existing CookieManager Cookie 管理器 superseded by Cookie 管理器
2026-05-29 02:39:35,931 WARN o.a.j.p.h.s.HTTPSamplerBase: Existing CookieManager Cookie 管理器 superseded by Cookie 管理器
2026-05-29 02:39:35,931 WARN o.a.j.p.h.s.HTTPSamplerBase: Existing CookieManager Cookie 管理器 superseded by Cookie 管理器
2026-05-29 02:39:36,011 WARN o.a.j.p.h.s.HTTPSamplerBase: Existing CookieManager Cookie 管理器 superseded by Cookie 管理器
2026-05-29 02:39:36,014 WARN o.a.j.p.h.s.HTTPSamplerBase: Existing CookieManager Cookie 管理器 superseded by Cookie 管理器
2026-05-29 02:39:36,014 INFO o.a.j.t.JMeterThread: Thread started: 场景3-峰值负载(50用户) 3-33
2026-05-29 02:39:36,014 WARN o.a.j.p.h.s.HTTPSamplerBase: Existing CookieManager Cookie 管理器 superseded by Cookie 管理器
2026-05-29 02:39:36,015 WARN o.a.j.p.h.s.HTTPSamplerBase: Existing CookieManager Cookie 管理器 superseded by Cookie 管理器
2026-05-29 02:39:36,015 WARN o.a.j.p.h.s.HTTPSamplerBase: Existing CookieManager Cookie 管理器 superseded by Cookie 管理器
2026-05-29 02:39:36,015 WARN o.a.j.p.h.s.HTTPSamplerBase: Existing CookieManager Cookie 管理器 superseded by Cookie 管理器
2026-05-29 02:39:36,015 WARN o.a.j.p.h.s.HTTPSamplerBase: Existing CookieManager Cookie 管理器 superseded by Cookie 管理器
2026-05-29 02:39:36,023 WARN o.a.j.p.h.s.HTTPSamplerBase: Existing CookieManager Cookie 管理器 superseded by Cookie 管理器
2026-05-29 02:39:36,035 WARN o.a.j.p.h.s.HTTPSamplerBase: Existing CookieManager Cookie 管理器 superseded by Cookie 管理器
2026-05-29 02:39:36,108 WARN o.a.j.p.h.s.HTTPSamplerBase: Existing CookieManager Cookie 管理器 superseded by Cookie 管理器
2026-05-29 02:39:36,108 WARN o.a.j.p.h.s.HTTPSamplerBase: Existing CookieManager Cookie 管理器 superseded by Cookie 管理器
2026-05-29 02:39:36,108 WARN o.a.j.p.h.s.HTTPSamplerBase: Existing CookieManager Cookie 管理器 superseded by Cookie 管理器
2026-05-29 02:39:36,108 WARN o.a.j.p.h.s.HTTPSamplerBase: Existing CookieManager Cookie 管理器 superseded by Cookie 管理器
2026-05-29 02:39:36,108 WARN o.a.j.p.h.s.HTTPSamplerBase: Existing CookieManager Cookie 管理器 superseded by Cookie 管理器
2026-05-29 02:39:36,109 WARN o.a.j.p.h.s.HTTPSamplerBase: Existing CookieManager Cookie 管理器 superseded by Cookie 管理器
2026-05-29 02:39:36,132 WARN o.a.j.p.h.s.HTTPSamplerBase: Existing CookieManager Cookie 管理器 superseded by Cookie 管理器
2026-05-29 02:39:36,136 WARN o.a.j.p.h.s.HTTPSamplerBase: Existing CookieManager Cookie 管理器 superseded by Cookie 管理器
2026-05-29 02:39:36,137 WARN o.a.j.p.h.s.HTTPSamplerBase: Existing CookieManager Cookie 管理器 superseded by Cookie 管理器
2026-05-29 02:39:36,204 WARN o.a.j.p.h.s.HTTPSamplerBase: Existing CookieManager Cookie 管理器 superseded by Cookie 管理器
2026-05-29 02:39:36,225 WARN o.a.j.p.h.s.HTTPSamplerBase: Existing CookieManager Cookie 管理器 superseded by Cookie 管理器
2026-05-29 02:39:36,225 WARN o.a.j.p.h.s.HTTPSamplerBase: Existing CookieManager Cookie 管理器 superseded by Cookie 管理器
2026-05-29 02:39:36,234 WARN o.a.j.p.h.s.HTTPSamplerBase: Existing CookieManager Cookie 管理器 superseded by Cookie 管理器
2026-05-29 02:39:36,316 WARN o.a.j.p.h.s.HTTPSamplerBase: Existing CookieManager Cookie 管理器 superseded by Cookie 管理器
2026-05-29 02:39:36,316 WARN o.a.j.p.h.s.HTTPSamplerBase: Existing CookieManager Cookie 管理器 superseded by Cookie 管理器
2026-05-29 02:39:36,316 WARN o.a.j.p.h.s.HTTPSamplerBase: Existing CookieManager Cookie 管理器 superseded by Cookie 管理器
2026-05-29 02:39:36,316 WARN o.a.j.p.h.s.HTTPSamplerBase: Existing CookieManager Cookie 管理器 superseded by Cookie 管理器
2026-05-29 02:39:36,316 WARN o.a.j.p.h.s.HTTPSamplerBase: Existing CookieManager Cookie 管理器 superseded by Cookie 管理器
2026-05-29 02:39:36,316 WARN o.a.j.p.h.s.HTTPSamplerBase: Existing CookieManager Cookie 管理器 superseded by Cookie 管理器
2026-05-29 02:39:36,329 WARN o.a.j.p.h.s.HTTPSamplerBase: Existing CookieManager Cookie 管理器 superseded by Cookie 管理器
2026-05-29 02:39:36,405 WARN o.a.j.p.h.s.HTTPSamplerBase: Existing CookieManager Cookie 管理器 superseded by Cookie 管理器
2026-05-29 02:39:36,413 INFO o.a.j.t.JMeterThread: Thread started: 场景3-峰值负载(50用户) 3-34
2026-05-29 02:39:36,417 WARN o.a.j.p.h.s.HTTPSamplerBase: Existing CookieManager Cookie 管理器 superseded by Cookie 管理器
2026-05-29 02:39:36,423 WARN o.a.j.p.h.s.HTTPSamplerBase: Existing CookieManager Cookie 管理器 superseded by Cookie 管理器
2026-05-29 02:39:36,504 WARN o.a.j.p.h.s.HTTPSamplerBase: Existing CookieManager Cookie 管理器 superseded by Cookie 管理器
2026-05-29 02:39:36,504 WARN o.a.j.p.h.s.HTTPSamplerBase: Existing CookieManager Cookie 管理器 superseded by Cookie 管理器
2026-05-29 02:39:36,504 WARN o.a.j.p.h.s.HTTPSamplerBase: Existing CookieManager Cookie 管理器 superseded by Cookie 管理器
2026-05-29 02:39:36,514 WARN o.a.j.p.h.s.HTTPSamplerBase: Existing CookieManager Cookie 管理器 superseded by Cookie 管理器
2026-05-29 02:39:36,514 WARN o.a.j.p.h.s.HTTPSamplerBase: Existing CookieManager Cookie 管理器 superseded by Cookie 管理器
2026-05-29 02:39:36,514 WARN o.a.j.p.h.s.HTTPSamplerBase: Existing CookieManager Cookie 管理器 superseded by Cookie 管理器
2026-05-29 02:39:36,527 WARN o.a.j.p.h.s.HTTPSamplerBase: Existing CookieManager Cookie 管理器 superseded by Cookie 管理器
2026-05-29 02:39:36,533 WARN o.a.j.p.h.s.HTTPSamplerBase: Existing CookieManager Cookie 管理器 superseded by Cookie 管理器
2026-05-29 02:39:36,539 WARN o.a.j.p.h.s.HTTPSamplerBase: Existing CookieManager Cookie 管理器 superseded by Cookie 管理器
2026-05-29 02:39:36,539 WARN o.a.j.p.h.s.HTTPSamplerBase: Existing CookieManager Cookie 管理器 superseded by Cookie 管理器
2026-05-29 02:39:36,539 WARN o.a.j.p.h.s.HTTPSamplerBase: Existing CookieManager Cookie 管理器 superseded by Cookie 管理器
2026-05-29 02:39:36,541 WARN o.a.j.p.h.s.HTTPSamplerBase: Existing CookieManager Cookie 管理器 superseded by Cookie 管理器
2026-05-29 02:39:36,541 INFO o.a.j.t.JMeterThread: Thread finished: 场景2-中等负载(30用户) 2-2
2026-05-29 02:39:36,625 WARN o.a.j.p.h.s.HTTPSamplerBase: Existing CookieManager Cookie 管理器 superseded by Cookie 管理器
2026-05-29 02:39:36,625 INFO o.a.j.t.JMeterThread: Thread finished: 场景2-中等负载(30用户) 2-6
2026-05-29 02:39:36,721 WARN o.a.j.p.h.s.HTTPSamplerBase: Existing CookieManager Cookie 管理器 superseded by Cookie 管理器
2026-05-29 02:39:36,721 WARN o.a.j.p.h.s.HTTPSamplerBase: Existing CookieManager Cookie 管理器 superseded by Cookie 管理器
2026-05-29 02:39:36,721 WARN o.a.j.p.h.s.HTTPSamplerBase: Existing CookieManager Cookie 管理器 superseded by Cookie 管理器
2026-05-29 02:39:36,721 WARN o.a.j.p.h.s.HTTPSamplerBase: Existing CookieManager Cookie 管理器 superseded by Cookie 管理器
2026-05-29 02:39:36,721 WARN o.a.j.p.h.s.HTTPSamplerBase: Existing CookieManager Cookie 管理器 superseded by Cookie 管理器
2026-05-29 02:39:36,721 INFO o.a.j.t.JMeterThread: Thread finished: 场景2-中等负载(30用户) 2-5
2026-05-29 02:39:36,731 WARN o.a.j.p.h.s.HTTPSamplerBase: Existing CookieManager Cookie 管理器 superseded by Cookie 管理器
2026-05-29 02:39:36,805 WARN o.a.j.p.h.s.HTTPSamplerBase: Existing CookieManager Cookie 管理器 superseded by Cookie 管理器
2026-05-29 02:39:36,814 INFO o.a.j.t.JMeterThread: Thread started: 场景3-峰值负载(50用户) 3-35
2026-05-29 02:39:36,819 WARN o.a.j.p.h.s.HTTPSamplerBase: Existing CookieManager Cookie 管理器 superseded by Cookie 管理器
2026-05-29 02:39:36,823 WARN o.a.j.p.h.s.HTTPSamplerBase: Existing CookieManager Cookie 管理器 superseded by Cookie 管理器
2026-05-29 02:39:36,904 WARN o.a.j.p.h.s.HTTPSamplerBase: Existing CookieManager Cookie 管理器 superseded by Cookie 管理器
2026-05-29 02:39:36,952 WARN o.a.j.p.h.s.HTTPSamplerBase: Existing CookieManager Cookie 管理器 superseded by Cookie 管理器
2026-05-29 02:39:37,039 WARN o.a.j.p.h.s.HTTPSamplerBase: Existing CookieManager Cookie 管理器 superseded by Cookie 管理器
2026-05-29 02:39:37,039 WARN o.a.j.p.h.s.HTTPSamplerBase: Existing CookieManager Cookie 管理器 superseded by Cookie 管理器
2026-05-29 02:39:37,039 WARN o.a.j.p.h.s.HTTPSamplerBase: Existing CookieManager Cookie 管理器 superseded by Cookie 管理器
2026-05-29 02:39:37,039 WARN o.a.j.p.h.s.HTTPSamplerBase: Existing CookieManager Cookie 管理器 superseded by Cookie 管理器
2026-05-29 02:39:37,039 WARN o.a.j.p.h.s.HTTPSamplerBase: Existing CookieManager Cookie 管理器 superseded by Cookie 管理器
2026-05-29 02:39:37,039 INFO o.a.j.t.JMeterThread: Thread finished: 场景2-中等负载(30用户) 2-16
2026-05-29 02:39:37,039 WARN o.a.j.p.h.s.HTTPSamplerBase: Existing CookieManager Cookie 管理器 superseded by Cookie 管理器
2026-05-29 02:39:37,039 WARN o.a.j.p.h.s.HTTPSamplerBase: Existing CookieManager Cookie 管理器 superseded by Cookie 管理器
2026-05-29 02:39:37,039 WARN o.a.j.p.h.s.HTTPSamplerBase: Existing CookieManager Cookie 管理器 superseded by Cookie 管理器
2026-05-29 02:39:37,039 WARN o.a.j.p.h.s.HTTPSamplerBase: Existing CookieManager Cookie 管理器 superseded by Cookie 管理器
2026-05-29 02:39:37,051 WARN o.a.j.p.h.s.HTTPSamplerBase: Existing CookieManager Cookie 管理器 superseded by Cookie 管理器
2026-05-29 02:39:37,057 WARN o.a.j.p.h.s.HTTPSamplerBase: Existing CookieManager Cookie 管理器 superseded by Cookie 管理器
2026-05-29 02:39:37,057 WARN o.a.j.p.h.s.HTTPSamplerBase: Existing CookieManager Cookie 管理器 superseded by Cookie 管理器
2026-05-29 02:39:37,104 WARN o.a.j.p.h.s.HTTPSamplerBase: Existing CookieManager Cookie 管理器 superseded by Cookie 管理器
2026-05-29 02:39:37,104 INFO o.a.j.t.JMeterThread: Thread finished: 场景2-中等负载(30用户) 2-30
2026-05-29 02:39:37,104 WARN o.a.j.p.h.s.HTTPSamplerBase: Existing CookieManager Cookie 管理器 superseded by Cookie 管理器
2026-05-29 02:39:37,104 WARN o.a.j.p.h.s.HTTPSamplerBase: Existing CookieManager Cookie 管理器 superseded by Cookie 管理器
2026-05-29 02:39:37,104 WARN o.a.j.p.h.s.HTTPSamplerBase: Existing CookieManager Cookie 管理器 superseded by Cookie 管理器
2026-05-29 02:39:37,151 WARN o.a.j.p.h.s.HTTPSamplerBase: Existing CookieManager Cookie 管理器 superseded by Cookie 管理器
2026-05-29 02:39:37,151 WARN o.a.j.p.h.s.HTTPSamplerBase: Existing CookieManager Cookie 管理器 superseded by Cookie 管理器
2026-05-29 02:39:37,151 INFO o.a.j.t.JMeterThread: Thread finished: 场景2-中等负载(30用户) 2-22
2026-05-29 02:39:37,204 INFO o.a.j.t.JMeterThread: Thread finished: 场景2-中等负载(30用户) 2-17
2026-05-29 02:39:37,204 WARN o.a.j.p.h.s.HTTPSamplerBase: Existing CookieManager Cookie 管理器 superseded by Cookie 管理器
2026-05-29 02:39:37,214 INFO o.a.j.t.JMeterThread: Thread started: 场景3-峰值负载(50用户) 3-36
2026-05-29 02:39:37,215 WARN o.a.j.p.h.s.HTTPSamplerBase: Existing CookieManager Cookie 管理器 superseded by Cookie 管理器
2026-05-29 02:39:37,223 WARN o.a.j.p.h.s.HTTPSamplerBase: Existing CookieManager Cookie 管理器 superseded by Cookie 管理器
2026-05-29 02:39:37,237 WARN o.a.j.p.h.s.HTTPSamplerBase: Existing CookieManager Cookie 管理器 superseded by Cookie 管理器
2026-05-29 02:39:37,306 WARN o.a.j.p.h.s.HTTPSamplerBase: Existing CookieManager Cookie 管理器 superseded by Cookie 管理器
2026-05-29 02:39:37,325 WARN o.a.j.p.h.s.HTTPSamplerBase: Existing CookieManager Cookie 管理器 superseded by Cookie 管理器
2026-05-29 02:39:37,335 WARN o.a.j.p.h.s.HTTPSamplerBase: Existing CookieManager Cookie 管理器 superseded by Cookie 管理器
2026-05-29 02:39:37,335 WARN o.a.j.p.h.s.HTTPSamplerBase: Existing CookieManager Cookie 管理器 superseded by Cookie 管理器
2026-05-29 02:39:37,335 WARN o.a.j.p.h.s.HTTPSamplerBase: Existing CookieManager Cookie 管理器 superseded by Cookie 管理器
2026-05-29 02:39:37,335 INFO o.a.j.t.JMeterThread: Thread finished: 场景2-中等负载(30用户) 2-24
2026-05-29 02:39:37,335 WARN o.a.j.p.h.s.HTTPSamplerBase: Existing CookieManager Cookie 管理器 superseded by Cookie 管理器
2026-05-29 02:39:37,418 WARN o.a.j.p.h.s.HTTPSamplerBase: Existing CookieManager Cookie 管理器 superseded by Cookie 管理器
2026-05-29 02:39:37,418 WARN o.a.j.p.h.s.HTTPSamplerBase: Existing CookieManager Cookie 管理器 superseded by Cookie 管理器
2026-05-29 02:39:37,418 WARN o.a.j.p.h.s.HTTPSamplerBase: Existing CookieManager Cookie 管理器 superseded by Cookie 管理器
2026-05-29 02:39:37,421 WARN o.a.j.p.h.s.HTTPSamplerBase: Existing CookieManager Cookie 管理器 superseded by Cookie 管理器
2026-05-29 02:39:37,427 WARN o.a.j.p.h.s.HTTPSamplerBase: Existing CookieManager Cookie 管理器 superseded by Cookie 管理器
2026-05-29 02:39:37,433 WARN o.a.j.p.h.s.HTTPSamplerBase: Existing CookieManager Cookie 管理器 superseded by Cookie 管理器
2026-05-29 02:39:37,433 INFO o.a.j.t.JMeterThread: Thread finished: 场景2-中等负载(30用户) 2-15
2026-05-29 02:39:37,433 WARN o.a.j.p.h.s.HTTPSamplerBase: Existing CookieManager Cookie 管理器 superseded by Cookie 管理器
2026-05-29 02:39:37,433 INFO o.a.j.t.JMeterThread: Thread finished: 场景2-中等负载(30用户) 2-1
2026-05-29 02:39:37,433 WARN o.a.j.p.h.s.HTTPSamplerBase: Existing CookieManager Cookie 管理器 superseded by Cookie 管理器
2026-05-29 02:39:37,524 INFO o.a.j.t.JMeterThread: Thread finished: 场景2-中等负载(30用户) 2-25
2026-05-29 02:39:37,524 WARN o.a.j.p.h.s.HTTPSamplerBase: Existing CookieManager Cookie 管理器 superseded by Cookie 管理器
2026-05-29 02:39:37,524 WARN o.a.j.p.h.s.HTTPSamplerBase: Existing CookieManager Cookie 管理器 superseded by Cookie 管理器
2026-05-29 02:39:37,524 WARN o.a.j.p.h.s.HTTPSamplerBase: Existing CookieManager Cookie 管理器 superseded by Cookie 管理器
2026-05-29 02:39:37,527 WARN o.a.j.p.h.s.HTTPSamplerBase: Existing CookieManager Cookie 管理器 superseded by Cookie 管理器
2026-05-29 02:39:37,527 WARN o.a.j.p.h.s.HTTPSamplerBase: Existing CookieManager Cookie 管理器 superseded by Cookie 管理器
2026-05-29 02:39:37,532 WARN o.a.j.p.h.s.HTTPSamplerBase: Existing CookieManager Cookie 管理器 superseded by Cookie 管理器
2026-05-29 02:39:37,532 INFO o.a.j.t.JMeterThread: Thread finished: 场景2-中等负载(30用户) 2-10
2026-05-29 02:39:37,613 INFO o.a.j.t.JMeterThread: Thread started: 场景3-峰值负载(50用户) 3-37
2026-05-29 02:39:37,621 WARN o.a.j.p.h.s.HTTPSamplerBase: Existing CookieManager Cookie 管理器 superseded by Cookie 管理器
2026-05-29 02:39:37,621 WARN o.a.j.p.h.s.HTTPSamplerBase: Existing CookieManager Cookie 管理器 superseded by Cookie 管理器
2026-05-29 02:39:37,622 WARN o.a.j.p.h.s.HTTPSamplerBase: Existing CookieManager Cookie 管理器 superseded by Cookie 管理器
2026-05-29 02:39:37,622 WARN o.a.j.p.h.s.HTTPSamplerBase: Existing CookieManager Cookie 管理器 superseded by Cookie 管理器
2026-05-29 02:39:37,622 WARN o.a.j.p.h.s.HTTPSamplerBase: Existing CookieManager Cookie 管理器 superseded by Cookie 管理器
2026-05-29 02:39:37,622 WARN o.a.j.p.h.s.HTTPSamplerBase: Existing CookieManager Cookie 管理器 superseded by Cookie 管理器
2026-05-29 02:39:37,622 WARN o.a.j.p.h.s.HTTPSamplerBase: Existing CookieManager Cookie 管理器 superseded by Cookie 管理器
2026-05-29 02:39:37,624 WARN o.a.j.p.h.s.HTTPSamplerBase: Existing CookieManager Cookie 管理器 superseded by Cookie 管理器
2026-05-29 02:39:37,638 WARN o.a.j.p.h.s.HTTPSamplerBase: Existing CookieManager Cookie 管理器 superseded by Cookie 管理器
2026-05-29 02:39:37,638 INFO o.a.j.t.JMeterThread: Thread finished: 场景2-中等负载(30用户) 2-4
2026-05-29 02:39:37,707 WARN o.a.j.p.h.s.HTTPSamplerBase: Existing CookieManager Cookie 管理器 superseded by Cookie 管理器
2026-05-29 02:39:37,707 INFO o.a.j.t.JMeterThread: Thread finished: 场景2-中等负载(30用户) 2-26
2026-05-29 02:39:37,720 WARN o.a.j.p.h.s.HTTPSamplerBase: Existing CookieManager Cookie 管理器 superseded by Cookie 管理器
2026-05-29 02:39:37,720 WARN o.a.j.p.h.s.HTTPSamplerBase: Existing CookieManager Cookie 管理器 superseded by Cookie 管理器
2026-05-29 02:39:37,720 INFO o.a.j.t.JMeterThread: Thread finished: 场景2-中等负载(30用户) 2-23
2026-05-29 02:39:37,720 WARN o.a.j.p.h.s.HTTPSamplerBase: Existing CookieManager Cookie 管理器 superseded by Cookie 管理器
2026-05-29 02:39:37,720 WARN o.a.j.p.h.s.HTTPSamplerBase: Existing CookieManager Cookie 管理器 superseded by Cookie 管理器
2026-05-29 02:39:37,729 WARN o.a.j.p.h.s.HTTPSamplerBase: Existing CookieManager Cookie 管理器 superseded by Cookie 管理器
2026-05-29 02:39:37,729 INFO o.a.j.t.JMeterThread: Thread finished: 场景2-中等负载(30用户) 2-11
2026-05-29 02:39:37,729 WARN o.a.j.p.h.s.HTTPSamplerBase: Existing CookieManager Cookie 管理器 superseded by Cookie 管理器
2026-05-29 02:39:37,729 INFO o.a.j.t.JMeterThread: Thread finished: 场景2-中等负载(30用户) 2-12
2026-05-29 02:39:37,804 WARN o.a.j.p.h.s.HTTPSamplerBase: Existing CookieManager Cookie 管理器 superseded by Cookie 管理器
2026-05-29 02:39:37,817 WARN o.a.j.p.h.s.HTTPSamplerBase: Existing CookieManager Cookie 管理器 superseded by Cookie 管理器
2026-05-29 02:39:37,817 WARN o.a.j.p.h.s.HTTPSamplerBase: Existing CookieManager Cookie 管理器 superseded by Cookie 管理器
2026-05-29 02:39:37,817 WARN o.a.j.p.h.s.HTTPSamplerBase: Existing CookieManager Cookie 管理器 superseded by Cookie 管理器
2026-05-29 02:39:37,829 WARN o.a.j.p.h.s.HTTPSamplerBase: Existing CookieManager Cookie 管理器 superseded by Cookie 管理器
2026-05-29 02:39:38,006 WARN o.a.j.p.h.s.HTTPSamplerBase: Existing CookieManager Cookie 管理器 superseded by Cookie 管理器
2026-05-29 02:39:38,006 INFO o.a.j.t.JMeterThread: Thread finished: 场景2-中等负载(30用户) 2-27
2026-05-29 02:39:38,007 INFO o.a.j.t.JMeterThread: Thread finished: 场景2-中等负载(30用户) 2-19
2026-05-29 02:39:38,009 WARN o.a.j.p.h.s.HTTPSamplerBase: Existing CookieManager Cookie 管理器 superseded by Cookie 管理器
2026-05-29 02:39:38,009 WARN o.a.j.p.h.s.HTTPSamplerBase: Existing CookieManager Cookie 管理器 superseded by Cookie 管理器
2026-05-29 02:39:38,012 INFO o.a.j.t.JMeterThread: Thread started: 场景3-峰值负载(50用户) 3-38
2026-05-29 02:39:38,018 WARN o.a.j.p.h.s.HTTPSamplerBase: Existing CookieManager Cookie 管理器 superseded by Cookie 管理器
2026-05-29 02:39:38,018 INFO o.a.j.t.JMeterThread: Thread finished: 场景2-中等负载(30用户) 2-8
2026-05-29 02:39:38,111 WARN o.a.j.p.h.s.HTTPSamplerBase: Existing CookieManager Cookie 管理器 superseded by Cookie 管理器
2026-05-29 02:39:38,118 INFO o.a.j.t.JMeterThread: Thread finished: 场景2-中等负载(30用户) 2-14
2026-05-29 02:39:38,125 WARN o.a.j.p.h.s.HTTPSamplerBase: Existing CookieManager Cookie 管理器 superseded by Cookie 管理器
2026-05-29 02:39:38,133 WARN o.a.j.p.h.s.HTTPSamplerBase: Existing CookieManager Cookie 管理器 superseded by Cookie 管理器
2026-05-29 02:39:38,133 INFO o.a.j.t.JMeterThread: Thread finished: 场景2-中等负载(30用户) 2-3
2026-05-29 02:39:38,218 WARN o.a.j.p.h.s.HTTPSamplerBase: Existing CookieManager Cookie 管理器 superseded by Cookie 管理器
2026-05-29 02:39:38,218 WARN o.a.j.p.h.s.HTTPSamplerBase: Existing CookieManager Cookie 管理器 superseded by Cookie 管理器
2026-05-29 02:39:38,218 WARN o.a.j.p.h.s.HTTPSamplerBase: Existing CookieManager Cookie 管理器 superseded by Cookie 管理器
2026-05-29 02:39:38,219 WARN o.a.j.p.h.s.HTTPSamplerBase: Existing CookieManager Cookie 管理器 superseded by Cookie 管理器
2026-05-29 02:39:38,219 INFO o.a.j.t.JMeterThread: Stopping because end time detected by thread: 场景2-中等负载(30用户) 2-20
2026-05-29 02:39:38,219 INFO o.a.j.t.JMeterThread: Thread finished: 场景2-中等负载(30用户) 2-20
2026-05-29 02:39:38,219 WARN o.a.j.p.h.s.HTTPSamplerBase: Existing CookieManager Cookie 管理器 superseded by Cookie 管理器
2026-05-29 02:39:38,219 WARN o.a.j.p.h.s.HTTPSamplerBase: Existing CookieManager Cookie 管理器 superseded by Cookie 管理器
2026-05-29 02:39:38,310 INFO o.a.j.t.JMeterThread: Stopping because end time detected by thread: 场景2-中等负载(30用户) 2-29
2026-05-29 02:39:38,310 INFO o.a.j.t.JMeterThread: Thread finished: 场景2-中等负载(30用户) 2-29
2026-05-29 02:39:38,310 INFO o.a.j.t.JMeterThread: Stopping because end time detected by thread: 场景2-中等负载(30用户) 2-18
2026-05-29 02:39:38,310 INFO o.a.j.t.JMeterThread: Thread finished: 场景2-中等负载(30用户) 2-18
2026-05-29 02:39:38,324 INFO o.a.j.t.JMeterThread: Stopping because end time detected by thread: 场景2-中等负载(30用户) 2-21
2026-05-29 02:39:38,324 WARN o.a.j.p.h.s.HTTPSamplerBase: Existing CookieManager Cookie 管理器 superseded by Cookie 管理器
2026-05-29 02:39:38,325 INFO o.a.j.t.JMeterThread: Thread finished: 场景2-中等负载(30用户) 2-21
2026-05-29 02:39:38,325 WARN o.a.j.p.h.s.HTTPSamplerBase: Existing CookieManager Cookie 管理器 superseded by Cookie 管理器
2026-05-29 02:39:38,325 WARN o.a.j.p.h.s.HTTPSamplerBase: Existing CookieManager Cookie 管理器 superseded by Cookie 管理器
2026-05-29 02:39:38,326 WARN o.a.j.p.h.s.HTTPSamplerBase: Existing CookieManager Cookie 管理器 superseded by Cookie 管理器
2026-05-29 02:39:38,326 INFO o.a.j.t.JMeterThread: Stopping because end time detected by thread: 场景2-中等负载(30用户) 2-13
2026-05-29 02:39:38,326 WARN o.a.j.p.h.s.HTTPSamplerBase: Existing CookieManager Cookie 管理器 superseded by Cookie 管理器
2026-05-29 02:39:38,326 INFO o.a.j.t.JMeterThread: Thread finished: 场景2-中等负载(30用户) 2-13
2026-05-29 02:39:38,327 WARN o.a.j.p.h.s.HTTPSamplerBase: Existing CookieManager Cookie 管理器 superseded by Cookie 管理器
2026-05-29 02:39:38,328 WARN o.a.j.p.h.s.HTTPSamplerBase: Existing CookieManager Cookie 管理器 superseded by Cookie 管理器
2026-05-29 02:39:38,406 WARN o.a.j.p.h.s.HTTPSamplerBase: Existing CookieManager Cookie 管理器 superseded by Cookie 管理器
2026-05-29 02:39:38,408 INFO o.a.j.t.JMeterThread: Stopping because end time detected by thread: 场景2-中等负载(30用户) 2-9
2026-05-29 02:39:38,408 INFO o.a.j.t.JMeterThread: Thread finished: 场景2-中等负载(30用户) 2-9
2026-05-29 02:39:38,410 WARN o.a.j.p.h.s.HTTPSamplerBase: Existing CookieManager Cookie 管理器 superseded by Cookie 管理器
2026-05-29 02:39:38,410 WARN o.a.j.p.h.s.HTTPSamplerBase: Existing CookieManager Cookie 管理器 superseded by Cookie 管理器
2026-05-29 02:39:38,410 WARN o.a.j.p.h.s.HTTPSamplerBase: Existing CookieManager Cookie 管理器 superseded by Cookie 管理器
2026-05-29 02:39:38,410 WARN o.a.j.p.h.s.HTTPSamplerBase: Existing CookieManager Cookie 管理器 superseded by Cookie 管理器
2026-05-29 02:39:38,412 INFO o.a.j.t.JMeterThread: Thread started: 场景3-峰值负载(50用户) 3-39
2026-05-29 02:39:38,417 INFO o.a.j.t.JMeterThread: Stopping because end time detected by thread: 场景2-中等负载(30用户) 2-28
2026-05-29 02:39:38,417 INFO o.a.j.t.JMeterThread: Thread finished: 场景2-中等负载(30用户) 2-28
2026-05-29 02:39:38,509 WARN o.a.j.p.h.s.HTTPSamplerBase: Existing CookieManager Cookie 管理器 superseded by Cookie 管理器
2026-05-29 02:39:38,509 WARN o.a.j.p.h.s.HTTPSamplerBase: Existing CookieManager Cookie 管理器 superseded by Cookie 管理器
2026-05-29 02:39:38,509 WARN o.a.j.p.h.s.HTTPSamplerBase: Existing CookieManager Cookie 管理器 superseded by Cookie 管理器
2026-05-29 02:39:38,509 INFO o.a.j.t.JMeterThread: Stopping because end time detected by thread: 场景2-中等负载(30用户) 2-7
2026-05-29 02:39:38,509 INFO o.a.j.t.JMeterThread: Thread finished: 场景2-中等负载(30用户) 2-7
2026-05-29 02:39:38,529 WARN o.a.j.p.h.s.HTTPSamplerBase: Existing CookieManager Cookie 管理器 superseded by Cookie 管理器
2026-05-29 02:39:38,529 WARN o.a.j.p.h.s.HTTPSamplerBase: Existing CookieManager Cookie 管理器 superseded by Cookie 管理器
2026-05-29 02:39:38,529 WARN o.a.j.p.h.s.HTTPSamplerBase: Existing CookieManager Cookie 管理器 superseded by Cookie 管理器
2026-05-29 02:39:38,529 WARN o.a.j.p.h.s.HTTPSamplerBase: Existing CookieManager Cookie 管理器 superseded by Cookie 管理器
2026-05-29 02:39:38,612 WARN o.a.j.p.h.s.HTTPSamplerBase: Existing CookieManager Cookie 管理器 superseded by Cookie 管理器
2026-05-29 02:39:38,612 WARN o.a.j.p.h.s.HTTPSamplerBase: Existing CookieManager Cookie 管理器 superseded by Cookie 管理器
2026-05-29 02:39:38,612 WARN o.a.j.p.h.s.HTTPSamplerBase: Existing CookieManager Cookie 管理器 superseded by Cookie 管理器
2026-05-29 02:39:38,612 WARN o.a.j.p.h.s.HTTPSamplerBase: Existing CookieManager Cookie 管理器 superseded by Cookie 管理器
2026-05-29 02:39:38,612 WARN o.a.j.p.h.s.HTTPSamplerBase: Existing CookieManager Cookie 管理器 superseded by Cookie 管理器
2026-05-29 02:39:38,706 WARN o.a.j.p.h.s.HTTPSamplerBase: Existing CookieManager Cookie 管理器 superseded by Cookie 管理器
2026-05-29 02:39:38,706 WARN o.a.j.p.h.s.HTTPSamplerBase: Existing CookieManager Cookie 管理器 superseded by Cookie 管理器
2026-05-29 02:39:38,711 WARN o.a.j.p.h.s.HTTPSamplerBase: Existing CookieManager Cookie 管理器 superseded by Cookie 管理器
2026-05-29 02:39:38,712 WARN o.a.j.p.h.s.HTTPSamplerBase: Existing CookieManager Cookie 管理器 superseded by Cookie 管理器
2026-05-29 02:39:38,812 INFO o.a.j.t.JMeterThread: Thread started: 场景3-峰值负载(50用户) 3-40
2026-05-29 02:39:38,818 WARN o.a.j.p.h.s.HTTPSamplerBase: Existing CookieManager Cookie 管理器 superseded by Cookie 管理器
2026-05-29 02:39:38,820 WARN o.a.j.p.h.s.HTTPSamplerBase: Existing CookieManager Cookie 管理器 superseded by Cookie 管理器
2026-05-29 02:39:38,821 WARN o.a.j.p.h.s.HTTPSamplerBase: Existing CookieManager Cookie 管理器 superseded by Cookie 管理器
2026-05-29 02:39:38,821 WARN o.a.j.p.h.s.HTTPSamplerBase: Existing CookieManager Cookie 管理器 superseded by Cookie 管理器
2026-05-29 02:39:38,821 WARN o.a.j.p.h.s.HTTPSamplerBase: Existing CookieManager Cookie 管理器 superseded by Cookie 管理器
2026-05-29 02:39:38,825 WARN o.a.j.p.h.s.HTTPSamplerBase: Existing CookieManager Cookie 管理器 superseded by Cookie 管理器
2026-05-29 02:39:38,907 WARN o.a.j.p.h.s.HTTPSamplerBase: Existing CookieManager Cookie 管理器 superseded by Cookie 管理器
2026-05-29 02:39:38,911 WARN o.a.j.p.h.s.HTTPSamplerBase: Existing CookieManager Cookie 管理器 superseded by Cookie 管理器
2026-05-29 02:39:38,911 WARN o.a.j.p.h.s.HTTPSamplerBase: Existing CookieManager Cookie 管理器 superseded by Cookie 管理器
2026-05-29 02:39:38,916 WARN o.a.j.p.h.s.HTTPSamplerBase: Existing CookieManager Cookie 管理器 superseded by Cookie 管理器
2026-05-29 02:39:38,916 WARN o.a.j.p.h.s.HTTPSamplerBase: Existing CookieManager Cookie 管理器 superseded by Cookie 管理器
2026-05-29 02:39:38,916 WARN o.a.j.p.h.s.HTTPSamplerBase: Existing CookieManager Cookie 管理器 superseded by Cookie 管理器
2026-05-29 02:39:38,916 WARN o.a.j.p.h.s.HTTPSamplerBase: Existing CookieManager Cookie 管理器 superseded by Cookie 管理器
2026-05-29 02:39:38,920 WARN o.a.j.p.h.s.HTTPSamplerBase: Existing CookieManager Cookie 管理器 superseded by Cookie 管理器
2026-05-29 02:39:38,931 WARN o.a.j.p.h.s.HTTPSamplerBase: Existing CookieManager Cookie 管理器 superseded by Cookie 管理器
2026-05-29 02:39:39,017 WARN o.a.j.p.h.s.HTTPSamplerBase: Existing CookieManager Cookie 管理器 superseded by Cookie 管理器
2026-05-29 02:39:39,017 WARN o.a.j.p.h.s.HTTPSamplerBase: Existing CookieManager Cookie 管理器 superseded by Cookie 管理器
2026-05-29 02:39:39,036 WARN o.a.j.p.h.s.HTTPSamplerBase: Existing CookieManager Cookie 管理器 superseded by Cookie 管理器
2026-05-29 02:39:39,043 WARN o.a.j.p.h.s.HTTPSamplerBase: Existing CookieManager Cookie 管理器 superseded by Cookie 管理器
2026-05-29 02:39:39,110 WARN o.a.j.p.h.s.HTTPSamplerBase: Existing CookieManager Cookie 管理器 superseded by Cookie 管理器
2026-05-29 02:39:39,111 WARN o.a.j.p.h.s.HTTPSamplerBase: Existing CookieManager Cookie 管理器 superseded by Cookie 管理器
2026-05-29 02:39:39,139 WARN o.a.j.p.h.s.HTTPSamplerBase: Existing CookieManager Cookie 管理器 superseded by Cookie 管理器
2026-05-29 02:39:39,139 WARN o.a.j.p.h.s.HTTPSamplerBase: Existing CookieManager Cookie 管理器 superseded by Cookie 管理器
2026-05-29 02:39:39,139 WARN o.a.j.p.h.s.HTTPSamplerBase: Existing CookieManager Cookie 管理器 superseded by Cookie 管理器
2026-05-29 02:39:39,139 WARN o.a.j.p.h.s.HTTPSamplerBase: Existing CookieManager Cookie 管理器 superseded by Cookie 管理器
2026-05-29 02:39:39,142 WARN o.a.j.p.h.s.HTTPSamplerBase: Existing CookieManager Cookie 管理器 superseded by Cookie 管理器
2026-05-29 02:39:39,145 WARN o.a.j.p.h.s.HTTPSamplerBase: Existing CookieManager Cookie 管理器 superseded by Cookie 管理器
2026-05-29 02:39:39,213 INFO o.a.j.t.JMeterThread: Thread started: 场景3-峰值负载(50用户) 3-41
2026-05-29 02:39:39,254 WARN o.a.j.p.h.s.HTTPSamplerBase: Existing CookieManager Cookie 管理器 superseded by Cookie 管理器
2026-05-29 02:39:39,254 WARN o.a.j.p.h.s.HTTPSamplerBase: Existing CookieManager Cookie 管理器 superseded by Cookie 管理器
2026-05-29 02:39:39,254 WARN o.a.j.p.h.s.HTTPSamplerBase: Existing CookieManager Cookie 管理器 superseded by Cookie 管理器
2026-05-29 02:39:39,254 WARN o.a.j.p.h.s.HTTPSamplerBase: Existing CookieManager Cookie 管理器 superseded by Cookie 管理器
2026-05-29 02:39:39,254 WARN o.a.j.p.h.s.HTTPSamplerBase: Existing CookieManager Cookie 管理器 superseded by Cookie 管理器
2026-05-29 02:39:39,254 WARN o.a.j.p.h.s.HTTPSamplerBase: Existing CookieManager Cookie 管理器 superseded by Cookie 管理器
2026-05-29 02:39:39,254 WARN o.a.j.p.h.s.HTTPSamplerBase: Existing CookieManager Cookie 管理器 superseded by Cookie 管理器
2026-05-29 02:39:39,349 WARN o.a.j.p.h.s.HTTPSamplerBase: Existing CookieManager Cookie 管理器 superseded by Cookie 管理器
2026-05-29 02:39:39,349 WARN o.a.j.p.h.s.HTTPSamplerBase: Existing CookieManager Cookie 管理器 superseded by Cookie 管理器
2026-05-29 02:39:39,349 WARN o.a.j.p.h.s.HTTPSamplerBase: Existing CookieManager Cookie 管理器 superseded by Cookie 管理器
2026-05-29 02:39:39,349 WARN o.a.j.p.h.s.HTTPSamplerBase: Existing CookieManager Cookie 管理器 superseded by Cookie 管理器
2026-05-29 02:39:39,349 WARN o.a.j.p.h.s.HTTPSamplerBase: Existing CookieManager Cookie 管理器 superseded by Cookie 管理器
2026-05-29 02:39:39,349 WARN o.a.j.p.h.s.HTTPSamplerBase: Existing CookieManager Cookie 管理器 superseded by Cookie 管理器
2026-05-29 02:39:39,349 WARN o.a.j.p.h.s.HTTPSamplerBase: Existing CookieManager Cookie 管理器 superseded by Cookie 管理器
2026-05-29 02:39:39,349 WARN o.a.j.p.h.s.HTTPSamplerBase: Existing CookieManager Cookie 管理器 superseded by Cookie 管理器
2026-05-29 02:39:39,356 WARN o.a.j.p.h.s.HTTPSamplerBase: Existing CookieManager Cookie 管理器 superseded by Cookie 管理器
2026-05-29 02:39:39,356 WARN o.a.j.p.h.s.HTTPSamplerBase: Existing CookieManager Cookie 管理器 superseded by Cookie 管理器
2026-05-29 02:39:39,386 WARN o.a.j.p.h.s.HTTPSamplerBase: Existing CookieManager Cookie 管理器 superseded by Cookie 管理器
2026-05-29 02:39:39,444 WARN o.a.j.p.h.s.HTTPSamplerBase: Existing CookieManager Cookie 管理器 superseded by Cookie 管理器
2026-05-29 02:39:39,457 WARN o.a.j.p.h.s.HTTPSamplerBase: Existing CookieManager Cookie 管理器 superseded by Cookie 管理器
2026-05-29 02:39:39,457 WARN o.a.j.p.h.s.HTTPSamplerBase: Existing CookieManager Cookie 管理器 superseded by Cookie 管理器
2026-05-29 02:39:39,457 WARN o.a.j.p.h.s.HTTPSamplerBase: Existing CookieManager Cookie 管理器 superseded by Cookie 管理器
2026-05-29 02:39:39,473 WARN o.a.j.p.h.s.HTTPSamplerBase: Existing CookieManager Cookie 管理器 superseded by Cookie 管理器
2026-05-29 02:39:39,478 WARN o.a.j.p.h.s.HTTPSamplerBase: Existing CookieManager Cookie 管理器 superseded by Cookie 管理器
2026-05-29 02:39:39,536 WARN o.a.j.p.h.s.HTTPSamplerBase: Existing CookieManager Cookie 管理器 superseded by Cookie 管理器
2026-05-29 02:39:39,612 INFO o.a.j.t.JMeterThread: Thread started: 场景3-峰值负载(50用户) 3-42
2026-05-29 02:39:40,012 INFO o.a.j.t.JMeterThread: Thread started: 场景3-峰值负载(50用户) 3-43
2026-05-29 02:39:40,412 INFO o.a.j.t.JMeterThread: Thread started: 场景3-峰值负载(50用户) 3-44
2026-05-29 02:39:40,630 WARN o.a.j.p.h.s.HTTPSamplerBase: Existing CookieManager Cookie 管理器 superseded by Cookie 管理器
2026-05-29 02:39:40,633 WARN o.a.j.p.h.s.HTTPSamplerBase: Existing CookieManager Cookie 管理器 superseded by Cookie 管理器
2026-05-29 02:39:40,633 WARN o.a.j.p.h.s.HTTPSamplerBase: Existing CookieManager Cookie 管理器 superseded by Cookie 管理器
2026-05-29 02:39:40,633 WARN o.a.j.p.h.s.HTTPSamplerBase: Existing CookieManager Cookie 管理器 superseded by Cookie 管理器
2026-05-29 02:39:40,633 WARN o.a.j.p.h.s.HTTPSamplerBase: Existing CookieManager Cookie 管理器 superseded by Cookie 管理器
2026-05-29 02:39:40,634 WARN o.a.j.p.h.s.HTTPSamplerBase: Existing CookieManager Cookie 管理器 superseded by Cookie 管理器
2026-05-29 02:39:40,634 WARN o.a.j.p.h.s.HTTPSamplerBase: Existing CookieManager Cookie 管理器 superseded by Cookie 管理器
2026-05-29 02:39:40,634 WARN o.a.j.p.h.s.HTTPSamplerBase: Existing CookieManager Cookie 管理器 superseded by Cookie 管理器
2026-05-29 02:39:40,635 WARN o.a.j.p.h.s.HTTPSamplerBase: Existing CookieManager Cookie 管理器 superseded by Cookie 管理器
2026-05-29 02:39:40,635 WARN o.a.j.p.h.s.HTTPSamplerBase: Existing CookieManager Cookie 管理器 superseded by Cookie 管理器
2026-05-29 02:39:40,635 WARN o.a.j.p.h.s.HTTPSamplerBase: Existing CookieManager Cookie 管理器 superseded by Cookie 管理器
2026-05-29 02:39:40,635 WARN o.a.j.p.h.s.HTTPSamplerBase: Existing CookieManager Cookie 管理器 superseded by Cookie 管理器
2026-05-29 02:39:40,635 WARN o.a.j.p.h.s.HTTPSamplerBase: Existing CookieManager Cookie 管理器 superseded by Cookie 管理器
2026-05-29 02:39:40,635 WARN o.a.j.p.h.s.HTTPSamplerBase: Existing CookieManager Cookie 管理器 superseded by Cookie 管理器
2026-05-29 02:39:40,635 WARN o.a.j.p.h.s.HTTPSamplerBase: Existing CookieManager Cookie 管理器 superseded by Cookie 管理器
2026-05-29 02:39:40,635 WARN o.a.j.p.h.s.HTTPSamplerBase: Existing CookieManager Cookie 管理器 superseded by Cookie 管理器
2026-05-29 02:39:40,636 WARN o.a.j.p.h.s.HTTPSamplerBase: Existing CookieManager Cookie 管理器 superseded by Cookie 管理器
2026-05-29 02:39:40,640 WARN o.a.j.p.h.s.HTTPSamplerBase: Existing CookieManager Cookie 管理器 superseded by Cookie 管理器
2026-05-29 02:39:40,643 WARN o.a.j.p.h.s.HTTPSamplerBase: Existing CookieManager Cookie 管理器 superseded by Cookie 管理器
2026-05-29 02:39:40,643 WARN o.a.j.p.h.s.HTTPSamplerBase: Existing CookieManager Cookie 管理器 superseded by Cookie 管理器
2026-05-29 02:39:40,644 WARN o.a.j.p.h.s.HTTPSamplerBase: Existing CookieManager Cookie 管理器 superseded by Cookie 管理器
2026-05-29 02:39:40,644 WARN o.a.j.p.h.s.HTTPSamplerBase: Existing CookieManager Cookie 管理器 superseded by Cookie 管理器
2026-05-29 02:39:40,644 WARN o.a.j.p.h.s.HTTPSamplerBase: Existing CookieManager Cookie 管理器 superseded by Cookie 管理器
2026-05-29 02:39:40,644 WARN o.a.j.p.h.s.HTTPSamplerBase: Existing CookieManager Cookie 管理器 superseded by Cookie 管理器
2026-05-29 02:39:40,644 WARN o.a.j.p.h.s.HTTPSamplerBase: Existing CookieManager Cookie 管理器 superseded by Cookie 管理器
2026-05-29 02:39:40,644 WARN o.a.j.p.h.s.HTTPSamplerBase: Existing CookieManager Cookie 管理器 superseded by Cookie 管理器
2026-05-29 02:39:40,644 WARN o.a.j.p.h.s.HTTPSamplerBase: Existing CookieManager Cookie 管理器 superseded by Cookie 管理器
2026-05-29 02:39:40,704 WARN o.a.j.p.h.s.HTTPSamplerBase: Existing CookieManager Cookie 管理器 superseded by Cookie 管理器
2026-05-29 02:39:40,704 WARN o.a.j.p.h.s.HTTPSamplerBase: Existing CookieManager Cookie 管理器 superseded by Cookie 管理器
2026-05-29 02:39:40,704 WARN o.a.j.p.h.s.HTTPSamplerBase: Existing CookieManager Cookie 管理器 superseded by Cookie 管理器
2026-05-29 02:39:40,704 WARN o.a.j.p.h.s.HTTPSamplerBase: Existing CookieManager Cookie 管理器 superseded by Cookie 管理器
2026-05-29 02:39:40,704 WARN o.a.j.p.h.s.HTTPSamplerBase: Existing CookieManager Cookie 管理器 superseded by Cookie 管理器
2026-05-29 02:39:40,704 WARN o.a.j.p.h.s.HTTPSamplerBase: Existing CookieManager Cookie 管理器 superseded by Cookie 管理器
2026-05-29 02:39:40,705 WARN o.a.j.p.h.s.HTTPSamplerBase: Existing CookieManager Cookie 管理器 superseded by Cookie 管理器
2026-05-29 02:39:40,709 WARN o.a.j.p.h.s.HTTPSamplerBase: Existing CookieManager Cookie 管理器 superseded by Cookie 管理器
2026-05-29 02:39:40,709 WARN o.a.j.p.h.s.HTTPSamplerBase: Existing CookieManager Cookie 管理器 superseded by Cookie 管理器
2026-05-29 02:39:40,709 WARN o.a.j.p.h.s.HTTPSamplerBase: Existing CookieManager Cookie 管理器 superseded by Cookie 管理器
2026-05-29 02:39:40,710 WARN o.a.j.p.h.s.HTTPSamplerBase: Existing CookieManager Cookie 管理器 superseded by Cookie 管理器
2026-05-29 02:39:40,805 WARN o.a.j.p.h.s.HTTPSamplerBase: Existing CookieManager Cookie 管理器 superseded by Cookie 管理器
2026-05-29 02:39:40,805 WARN o.a.j.p.h.s.HTTPSamplerBase: Existing CookieManager Cookie 管理器 superseded by Cookie 管理器
2026-05-29 02:39:40,805 WARN o.a.j.p.h.s.HTTPSamplerBase: Existing CookieManager Cookie 管理器 superseded by Cookie 管理器
2026-05-29 02:39:40,805 WARN o.a.j.p.h.s.HTTPSamplerBase: Existing CookieManager Cookie 管理器 superseded by Cookie 管理器
2026-05-29 02:39:40,805 WARN o.a.j.p.h.s.HTTPSamplerBase: Existing CookieManager Cookie 管理器 superseded by Cookie 管理器
2026-05-29 02:39:40,805 WARN o.a.j.p.h.s.HTTPSamplerBase: Existing CookieManager Cookie 管理器 superseded by Cookie 管理器
2026-05-29 02:39:40,805 WARN o.a.j.p.h.s.HTTPSamplerBase: Existing CookieManager Cookie 管理器 superseded by Cookie 管理器
2026-05-29 02:39:40,805 WARN o.a.j.p.h.s.HTTPSamplerBase: Existing CookieManager Cookie 管理器 superseded by Cookie 管理器
2026-05-29 02:39:40,813 INFO o.a.j.t.JMeterThread: Thread started: 场景3-峰值负载(50用户) 3-45
2026-05-29 02:39:40,827 WARN o.a.j.p.h.s.HTTPSamplerBase: Existing CookieManager Cookie 管理器 superseded by Cookie 管理器
2026-05-29 02:39:40,937 WARN o.a.j.p.h.s.HTTPSamplerBase: Existing CookieManager Cookie 管理器 superseded by Cookie 管理器
2026-05-29 02:39:40,937 WARN o.a.j.p.h.s.HTTPSamplerBase: Existing CookieManager Cookie 管理器 superseded by Cookie 管理器
2026-05-29 02:39:40,937 WARN o.a.j.p.h.s.HTTPSamplerBase: Existing CookieManager Cookie 管理器 superseded by Cookie 管理器
2026-05-29 02:39:40,944 WARN o.a.j.p.h.s.HTTPSamplerBase: Existing CookieManager Cookie 管理器 superseded by Cookie 管理器
2026-05-29 02:39:41,007 WARN o.a.j.p.h.s.HTTPSamplerBase: Existing CookieManager Cookie 管理器 superseded by Cookie 管理器
2026-05-29 02:39:41,007 WARN o.a.j.p.h.s.HTTPSamplerBase: Existing CookieManager Cookie 管理器 superseded by Cookie 管理器
2026-05-29 02:39:41,007 WARN o.a.j.p.h.s.HTTPSamplerBase: Existing CookieManager Cookie 管理器 superseded by Cookie 管理器
2026-05-29 02:39:41,033 WARN o.a.j.p.h.s.HTTPSamplerBase: Existing CookieManager Cookie 管理器 superseded by Cookie 管理器
2026-05-29 02:39:41,042 WARN o.a.j.p.h.s.HTTPSamplerBase: Existing CookieManager Cookie 管理器 superseded by Cookie 管理器
2026-05-29 02:39:41,056 WARN o.a.j.p.h.s.HTTPSamplerBase: Existing CookieManager Cookie 管理器 superseded by Cookie 管理器
2026-05-29 02:39:41,057 WARN o.a.j.p.h.s.HTTPSamplerBase: Existing CookieManager Cookie 管理器 superseded by Cookie 管理器
2026-05-29 02:39:41,057 WARN o.a.j.p.h.s.HTTPSamplerBase: Existing CookieManager Cookie 管理器 superseded by Cookie 管理器
2026-05-29 02:39:41,057 WARN o.a.j.p.h.s.HTTPSamplerBase: Existing CookieManager Cookie 管理器 superseded by Cookie 管理器
2026-05-29 02:39:41,103 WARN o.a.j.p.h.s.HTTPSamplerBase: Existing CookieManager Cookie 管理器 superseded by Cookie 管理器
2026-05-29 02:39:41,133 WARN o.a.j.p.h.s.HTTPSamplerBase: Existing CookieManager Cookie 管理器 superseded by Cookie 管理器
2026-05-29 02:39:41,142 WARN o.a.j.p.h.s.HTTPSamplerBase: Existing CookieManager Cookie 管理器 superseded by Cookie 管理器
2026-05-29 02:39:41,155 WARN o.a.j.p.h.s.HTTPSamplerBase: Existing CookieManager Cookie 管理器 superseded by Cookie 管理器
2026-05-29 02:39:41,155 WARN o.a.j.p.h.s.HTTPSamplerBase: Existing CookieManager Cookie 管理器 superseded by Cookie 管理器
2026-05-29 02:39:41,155 WARN o.a.j.p.h.s.HTTPSamplerBase: Existing CookieManager Cookie 管理器 superseded by Cookie 管理器
2026-05-29 02:39:41,159 WARN o.a.j.p.h.s.HTTPSamplerBase: Existing CookieManager Cookie 管理器 superseded by Cookie 管理器
2026-05-29 02:39:41,160 WARN o.a.j.p.h.s.HTTPSamplerBase: Existing CookieManager Cookie 管理器 superseded by Cookie 管理器
2026-05-29 02:39:41,215 INFO o.a.j.t.JMeterThread: Thread started: 场景3-峰值负载(50用户) 3-46
2026-05-29 02:39:41,230 WARN o.a.j.p.h.s.HTTPSamplerBase: Existing CookieManager Cookie 管理器 superseded by Cookie 管理器
2026-05-29 02:39:41,237 WARN o.a.j.p.h.s.HTTPSamplerBase: Existing CookieManager Cookie 管理器 superseded by Cookie 管理器
2026-05-29 02:39:41,238 WARN o.a.j.p.h.s.HTTPSamplerBase: Existing CookieManager Cookie 管理器 superseded by Cookie 管理器
2026-05-29 02:39:41,247 WARN o.a.j.p.h.s.HTTPSamplerBase: Existing CookieManager Cookie 管理器 superseded by Cookie 管理器
2026-05-29 02:39:41,306 WARN o.a.j.p.h.s.HTTPSamplerBase: Existing CookieManager Cookie 管理器 superseded by Cookie 管理器
2026-05-29 02:39:41,334 WARN o.a.j.p.h.s.HTTPSamplerBase: Existing CookieManager Cookie 管理器 superseded by Cookie 管理器
2026-05-29 02:39:41,334 WARN o.a.j.p.h.s.HTTPSamplerBase: Existing CookieManager Cookie 管理器 superseded by Cookie 管理器
2026-05-29 02:39:41,334 WARN o.a.j.p.h.s.HTTPSamplerBase: Existing CookieManager Cookie 管理器 superseded by Cookie 管理器
2026-05-29 02:39:41,334 WARN o.a.j.p.h.s.HTTPSamplerBase: Existing CookieManager Cookie 管理器 superseded by Cookie 管理器
2026-05-29 02:39:41,338 WARN o.a.j.p.h.s.HTTPSamplerBase: Existing CookieManager Cookie 管理器 superseded by Cookie 管理器
2026-05-29 02:39:41,408 WARN o.a.j.p.h.s.HTTPSamplerBase: Existing CookieManager Cookie 管理器 superseded by Cookie 管理器
2026-05-29 02:39:41,504 WARN o.a.j.p.h.s.HTTPSamplerBase: Existing CookieManager Cookie 管理器 superseded by Cookie 管理器
2026-05-29 02:39:41,504 WARN o.a.j.p.h.s.HTTPSamplerBase: Existing CookieManager Cookie 管理器 superseded by Cookie 管理器
2026-05-29 02:39:41,517 WARN o.a.j.p.h.s.HTTPSamplerBase: Existing CookieManager Cookie 管理器 superseded by Cookie 管理器
2026-05-29 02:39:41,517 WARN o.a.j.p.h.s.HTTPSamplerBase: Existing CookieManager Cookie 管理器 superseded by Cookie 管理器
2026-05-29 02:39:41,528 WARN o.a.j.p.h.s.HTTPSamplerBase: Existing CookieManager Cookie 管理器 superseded by Cookie 管理器
2026-05-29 02:39:41,532 WARN o.a.j.p.h.s.HTTPSamplerBase: Existing CookieManager Cookie 管理器 superseded by Cookie 管理器
2026-05-29 02:39:41,542 WARN o.a.j.p.h.s.HTTPSamplerBase: Existing CookieManager Cookie 管理器 superseded by Cookie 管理器
2026-05-29 02:39:41,542 WARN o.a.j.p.h.s.HTTPSamplerBase: Existing CookieManager Cookie 管理器 superseded by Cookie 管理器
2026-05-29 02:39:41,542 WARN o.a.j.p.h.s.HTTPSamplerBase: Existing CookieManager Cookie 管理器 superseded by Cookie 管理器
2026-05-29 02:39:41,543 WARN o.a.j.p.h.s.HTTPSamplerBase: Existing CookieManager Cookie 管理器 superseded by Cookie 管理器
2026-05-29 02:39:41,543 WARN o.a.j.p.h.s.HTTPSamplerBase: Existing CookieManager Cookie 管理器 superseded by Cookie 管理器
2026-05-29 02:39:41,603 WARN o.a.j.p.h.s.HTTPSamplerBase: Existing CookieManager Cookie 管理器 superseded by Cookie 管理器
2026-05-29 02:39:41,615 INFO o.a.j.t.JMeterThread: Thread started: 场景3-峰值负载(50用户) 3-47
2026-05-29 02:39:41,704 WARN o.a.j.p.h.s.HTTPSamplerBase: Existing CookieManager Cookie 管理器 superseded by Cookie 管理器
2026-05-29 02:39:41,704 WARN o.a.j.p.h.s.HTTPSamplerBase: Existing CookieManager Cookie 管理器 superseded by Cookie 管理器
2026-05-29 02:39:41,704 WARN o.a.j.p.h.s.HTTPSamplerBase: Existing CookieManager Cookie 管理器 superseded by Cookie 管理器
2026-05-29 02:39:41,704 WARN o.a.j.p.h.s.HTTPSamplerBase: Existing CookieManager Cookie 管理器 superseded by Cookie 管理器
2026-05-29 02:39:41,704 WARN o.a.j.p.h.s.HTTPSamplerBase: Existing CookieManager Cookie 管理器 superseded by Cookie 管理器
2026-05-29 02:39:41,732 WARN o.a.j.p.h.s.HTTPSamplerBase: Existing CookieManager Cookie 管理器 superseded by Cookie 管理器
2026-05-29 02:39:41,813 WARN o.a.j.p.h.s.HTTPSamplerBase: Existing CookieManager Cookie 管理器 superseded by Cookie 管理器
2026-05-29 02:39:41,813 WARN o.a.j.p.h.s.HTTPSamplerBase: Existing CookieManager Cookie 管理器 superseded by Cookie 管理器
2026-05-29 02:39:41,813 WARN o.a.j.p.h.s.HTTPSamplerBase: Existing CookieManager Cookie 管理器 superseded by Cookie 管理器
2026-05-29 02:39:41,813 WARN o.a.j.p.h.s.HTTPSamplerBase: Existing CookieManager Cookie 管理器 superseded by Cookie 管理器
2026-05-29 02:39:41,817 WARN o.a.j.p.h.s.HTTPSamplerBase: Existing CookieManager Cookie 管理器 superseded by Cookie 管理器
2026-05-29 02:39:41,817 WARN o.a.j.p.h.s.HTTPSamplerBase: Existing CookieManager Cookie 管理器 superseded by Cookie 管理器
2026-05-29 02:39:41,817 WARN o.a.j.p.h.s.HTTPSamplerBase: Existing CookieManager Cookie 管理器 superseded by Cookie 管理器
2026-05-29 02:39:41,907 WARN o.a.j.p.h.s.HTTPSamplerBase: Existing CookieManager Cookie 管理器 superseded by Cookie 管理器
2026-05-29 02:39:41,907 WARN o.a.j.p.h.s.HTTPSamplerBase: Existing CookieManager Cookie 管理器 superseded by Cookie 管理器
2026-05-29 02:39:41,907 WARN o.a.j.p.h.s.HTTPSamplerBase: Existing CookieManager Cookie 管理器 superseded by Cookie 管理器
2026-05-29 02:39:41,907 WARN o.a.j.p.h.s.HTTPSamplerBase: Existing CookieManager Cookie 管理器 superseded by Cookie 管理器
2026-05-29 02:39:41,911 WARN o.a.j.p.h.s.HTTPSamplerBase: Existing CookieManager Cookie 管理器 superseded by Cookie 管理器
2026-05-29 02:39:41,919 WARN o.a.j.p.h.s.HTTPSamplerBase: Existing CookieManager Cookie 管理器 superseded by Cookie 管理器
2026-05-29 02:39:41,919 WARN o.a.j.p.h.s.HTTPSamplerBase: Existing CookieManager Cookie 管理器 superseded by Cookie 管理器
2026-05-29 02:39:41,930 WARN o.a.j.p.h.s.HTTPSamplerBase: Existing CookieManager Cookie 管理器 superseded by Cookie 管理器
2026-05-29 02:39:41,930 WARN o.a.j.p.h.s.HTTPSamplerBase: Existing CookieManager Cookie 管理器 superseded by Cookie 管理器
2026-05-29 02:39:41,932 WARN o.a.j.p.h.s.HTTPSamplerBase: Existing CookieManager Cookie 管理器 superseded by Cookie 管理器
2026-05-29 02:39:42,009 WARN o.a.j.p.h.s.HTTPSamplerBase: Existing CookieManager Cookie 管理器 superseded by Cookie 管理器
2026-05-29 02:39:42,009 WARN o.a.j.p.h.s.HTTPSamplerBase: Existing CookieManager Cookie 管理器 superseded by Cookie 管理器
2026-05-29 02:39:42,009 WARN o.a.j.p.h.s.HTTPSamplerBase: Existing CookieManager Cookie 管理器 superseded by Cookie 管理器
2026-05-29 02:39:42,009 WARN o.a.j.p.h.s.HTTPSamplerBase: Existing CookieManager Cookie 管理器 superseded by Cookie 管理器
2026-05-29 02:39:42,009 WARN o.a.j.p.h.s.HTTPSamplerBase: Existing CookieManager Cookie 管理器 superseded by Cookie 管理器
2026-05-29 02:39:42,009 WARN o.a.j.p.h.s.HTTPSamplerBase: Existing CookieManager Cookie 管理器 superseded by Cookie 管理器
2026-05-29 02:39:42,010 WARN o.a.j.p.h.s.HTTPSamplerBase: Existing CookieManager Cookie 管理器 superseded by Cookie 管理器
2026-05-29 02:39:42,013 INFO o.a.j.t.JMeterThread: Thread started: 场景3-峰值负载(50用户) 3-48
2026-05-29 02:39:42,016 WARN o.a.j.p.h.s.HTTPSamplerBase: Existing CookieManager Cookie 管理器 superseded by Cookie 管理器
2026-05-29 02:39:42,034 WARN o.a.j.p.h.s.HTTPSamplerBase: Existing CookieManager Cookie 管理器 superseded by Cookie 管理器
2026-05-29 02:39:42,114 WARN o.a.j.p.h.s.HTTPSamplerBase: Existing CookieManager Cookie 管理器 superseded by Cookie 管理器
2026-05-29 02:39:42,114 WARN o.a.j.p.h.s.HTTPSamplerBase: Existing CookieManager Cookie 管理器 superseded by Cookie 管理器
2026-05-29 02:39:42,115 WARN o.a.j.p.h.s.HTTPSamplerBase: Existing CookieManager Cookie 管理器 superseded by Cookie 管理器
2026-05-29 02:39:42,115 WARN o.a.j.p.h.s.HTTPSamplerBase: Existing CookieManager Cookie 管理器 superseded by Cookie 管理器
2026-05-29 02:39:42,115 WARN o.a.j.p.h.s.HTTPSamplerBase: Existing CookieManager Cookie 管理器 superseded by Cookie 管理器
2026-05-29 02:39:42,115 WARN o.a.j.p.h.s.HTTPSamplerBase: Existing CookieManager Cookie 管理器 superseded by Cookie 管理器
2026-05-29 02:39:42,119 WARN o.a.j.p.h.s.HTTPSamplerBase: Existing CookieManager Cookie 管理器 superseded by Cookie 管理器
2026-05-29 02:39:42,133 WARN o.a.j.p.h.s.HTTPSamplerBase: Existing CookieManager Cookie 管理器 superseded by Cookie 管理器
2026-05-29 02:39:42,214 WARN o.a.j.p.h.s.HTTPSamplerBase: Existing CookieManager Cookie 管理器 superseded by Cookie 管理器
2026-05-29 02:39:42,218 WARN o.a.j.p.h.s.HTTPSamplerBase: Existing CookieManager Cookie 管理器 superseded by Cookie 管理器
2026-05-29 02:39:42,218 WARN o.a.j.p.h.s.HTTPSamplerBase: Existing CookieManager Cookie 管理器 superseded by Cookie 管理器
2026-05-29 02:39:42,227 WARN o.a.j.p.h.s.HTTPSamplerBase: Existing CookieManager Cookie 管理器 superseded by Cookie 管理器
2026-05-29 02:39:42,227 WARN o.a.j.p.h.s.HTTPSamplerBase: Existing CookieManager Cookie 管理器 superseded by Cookie 管理器
2026-05-29 02:39:42,340 WARN o.a.j.p.h.s.HTTPSamplerBase: Existing CookieManager Cookie 管理器 superseded by Cookie 管理器
2026-05-29 02:39:42,340 WARN o.a.j.p.h.s.HTTPSamplerBase: Existing CookieManager Cookie 管理器 superseded by Cookie 管理器
2026-05-29 02:39:42,340 INFO o.a.j.t.JMeterThread: Thread finished: 场景3-峰值负载(50用户) 3-6
2026-05-29 02:39:42,413 WARN o.a.j.p.h.s.HTTPSamplerBase: Existing CookieManager Cookie 管理器 superseded by Cookie 管理器
2026-05-29 02:39:42,413 WARN o.a.j.p.h.s.HTTPSamplerBase: Existing CookieManager Cookie 管理器 superseded by Cookie 管理器
2026-05-29 02:39:42,413 WARN o.a.j.p.h.s.HTTPSamplerBase: Existing CookieManager Cookie 管理器 superseded by Cookie 管理器
2026-05-29 02:39:42,413 INFO o.a.j.t.JMeterThread: Thread finished: 场景3-峰值负载(50用户) 3-3
2026-05-29 02:39:42,413 WARN o.a.j.p.h.s.HTTPSamplerBase: Existing CookieManager Cookie 管理器 superseded by Cookie 管理器
2026-05-29 02:39:42,413 WARN o.a.j.p.h.s.HTTPSamplerBase: Existing CookieManager Cookie 管理器 superseded by Cookie 管理器
2026-05-29 02:39:42,413 WARN o.a.j.p.h.s.HTTPSamplerBase: Existing CookieManager Cookie 管理器 superseded by Cookie 管理器
2026-05-29 02:39:42,413 WARN o.a.j.p.h.s.HTTPSamplerBase: Existing CookieManager Cookie 管理器 superseded by Cookie 管理器
2026-05-29 02:39:42,413 WARN o.a.j.p.h.s.HTTPSamplerBase: Existing CookieManager Cookie 管理器 superseded by Cookie 管理器
2026-05-29 02:39:42,413 WARN o.a.j.p.h.s.HTTPSamplerBase: Existing CookieManager Cookie 管理器 superseded by Cookie 管理器
2026-05-29 02:39:42,414 INFO o.a.j.t.JMeterThread: Thread started: 场景3-峰值负载(50用户) 3-49
2026-05-29 02:39:42,414 INFO o.a.j.t.JMeterThread: Thread finished: 场景3-峰值负载(50用户) 3-49
2026-05-29 02:39:42,445 WARN o.a.j.p.h.s.HTTPSamplerBase: Existing CookieManager Cookie 管理器 superseded by Cookie 管理器
2026-05-29 02:39:42,445 WARN o.a.j.p.h.s.HTTPSamplerBase: Existing CookieManager Cookie 管理器 superseded by Cookie 管理器
2026-05-29 02:39:42,446 WARN o.a.j.p.h.s.HTTPSamplerBase: Existing CookieManager Cookie 管理器 superseded by Cookie 管理器
2026-05-29 02:39:42,446 WARN o.a.j.p.h.s.HTTPSamplerBase: Existing CookieManager Cookie 管理器 superseded by Cookie 管理器
2026-05-29 02:39:42,446 WARN o.a.j.p.h.s.HTTPSamplerBase: Existing CookieManager Cookie 管理器 superseded by Cookie 管理器
2026-05-29 02:39:42,507 WARN o.a.j.p.h.s.HTTPSamplerBase: Existing CookieManager Cookie 管理器 superseded by Cookie 管理器
2026-05-29 02:39:42,643 WARN o.a.j.p.h.s.HTTPSamplerBase: Existing CookieManager Cookie 管理器 superseded by Cookie 管理器
2026-05-29 02:39:42,643 WARN o.a.j.p.h.s.HTTPSamplerBase: Existing CookieManager Cookie 管理器 superseded by Cookie 管理器
2026-05-29 02:39:42,643 WARN o.a.j.p.h.s.HTTPSamplerBase: Existing CookieManager Cookie 管理器 superseded by Cookie 管理器
2026-05-29 02:39:42,643 WARN o.a.j.p.h.s.HTTPSamplerBase: Existing CookieManager Cookie 管理器 superseded by Cookie 管理器
2026-05-29 02:39:42,643 WARN o.a.j.p.h.s.HTTPSamplerBase: Existing CookieManager Cookie 管理器 superseded by Cookie 管理器
2026-05-29 02:39:42,643 INFO o.a.j.t.JMeterThread: Thread finished: 场景3-峰值负载(50用户) 3-18
2026-05-29 02:39:42,643 INFO o.a.j.t.JMeterThread: Thread finished: 场景3-峰值负载(50用户) 3-41
2026-05-29 02:39:42,643 WARN o.a.j.p.h.s.HTTPSamplerBase: Existing CookieManager Cookie 管理器 superseded by Cookie 管理器
2026-05-29 02:39:42,643 INFO o.a.j.t.JMeterThread: Thread finished: 场景3-峰值负载(50用户) 3-43
2026-05-29 02:39:42,643 INFO o.a.j.t.JMeterThread: Thread finished: 场景3-峰值负载(50用户) 3-12
2026-05-29 02:39:42,741 WARN o.a.j.p.h.s.HTTPSamplerBase: Existing CookieManager Cookie 管理器 superseded by Cookie 管理器
2026-05-29 02:39:42,741 WARN o.a.j.p.h.s.HTTPSamplerBase: Existing CookieManager Cookie 管理器 superseded by Cookie 管理器
2026-05-29 02:39:42,741 INFO o.a.j.t.JMeterThread: Thread finished: 场景3-峰值负载(50用户) 3-27
2026-05-29 02:39:42,741 WARN o.a.j.p.h.s.HTTPSamplerBase: Existing CookieManager Cookie 管理器 superseded by Cookie 管理器
2026-05-29 02:39:42,741 WARN o.a.j.p.h.s.HTTPSamplerBase: Existing CookieManager Cookie 管理器 superseded by Cookie 管理器
2026-05-29 02:39:42,741 INFO o.a.j.t.JMeterThread: Thread finished: 场景3-峰值负载(50用户) 3-16
2026-05-29 02:39:42,741 WARN o.a.j.p.h.s.HTTPSamplerBase: Existing CookieManager Cookie 管理器 superseded by Cookie 管理器
2026-05-29 02:39:42,741 INFO o.a.j.t.JMeterThread: Thread finished: 场景3-峰值负载(50用户) 3-48
2026-05-29 02:39:42,748 WARN o.a.j.p.h.s.HTTPSamplerBase: Existing CookieManager Cookie 管理器 superseded by Cookie 管理器
2026-05-29 02:39:42,752 WARN o.a.j.p.h.s.HTTPSamplerBase: Existing CookieManager Cookie 管理器 superseded by Cookie 管理器
2026-05-29 02:39:42,752 INFO o.a.j.t.JMeterThread: Thread finished: 场景3-峰值负载(50用户) 3-2
2026-05-29 02:39:42,762 WARN o.a.j.p.h.s.HTTPSamplerBase: Existing CookieManager Cookie 管理器 superseded by Cookie 管理器
2026-05-29 02:39:42,762 WARN o.a.j.p.h.s.HTTPSamplerBase: Existing CookieManager Cookie 管理器 superseded by Cookie 管理器
2026-05-29 02:39:42,762 WARN o.a.j.p.h.s.HTTPSamplerBase: Existing CookieManager Cookie 管理器 superseded by Cookie 管理器
2026-05-29 02:39:42,763 INFO o.a.j.t.JMeterThread: Thread finished: 场景3-峰值负载(50用户) 3-21
2026-05-29 02:39:42,763 WARN o.a.j.p.h.s.HTTPSamplerBase: Existing CookieManager Cookie 管理器 superseded by Cookie 管理器
2026-05-29 02:39:42,762 WARN o.a.j.p.h.s.HTTPSamplerBase: Existing CookieManager Cookie 管理器 superseded by Cookie 管理器
2026-05-29 02:39:42,763 INFO o.a.j.t.JMeterThread: Thread finished: 场景3-峰值负载(50用户) 3-45
2026-05-29 02:39:42,762 WARN o.a.j.p.h.s.HTTPSamplerBase: Existing CookieManager Cookie 管理器 superseded by Cookie 管理器
2026-05-29 02:39:42,763 INFO o.a.j.t.JMeterThread: Thread finished: 场景3-峰值负载(50用户) 3-31
2026-05-29 02:39:42,763 WARN o.a.j.p.h.s.HTTPSamplerBase: Existing CookieManager Cookie 管理器 superseded by Cookie 管理器
2026-05-29 02:39:42,763 INFO o.a.j.t.JMeterThread: Thread finished: 场景3-峰值负载(50用户) 3-23
2026-05-29 02:39:42,814 INFO o.a.j.t.JMeterThread: Thread started: 场景3-峰值负载(50用户) 3-50
2026-05-29 02:39:42,814 INFO o.a.j.t.JMeterThread: Thread finished: 场景3-峰值负载(50用户) 3-50
2026-05-29 02:39:42,834 WARN o.a.j.p.h.s.HTTPSamplerBase: Existing CookieManager Cookie 管理器 superseded by Cookie 管理器
2026-05-29 02:39:42,834 WARN o.a.j.p.h.s.HTTPSamplerBase: Existing CookieManager Cookie 管理器 superseded by Cookie 管理器
2026-05-29 02:39:42,834 WARN o.a.j.p.h.s.HTTPSamplerBase: Existing CookieManager Cookie 管理器 superseded by Cookie 管理器
2026-05-29 02:39:42,834 INFO o.a.j.t.JMeterThread: Thread finished: 场景3-峰值负载(50用户) 3-11
2026-05-29 02:39:42,834 WARN o.a.j.p.h.s.HTTPSamplerBase: Existing CookieManager Cookie 管理器 superseded by Cookie 管理器
2026-05-29 02:39:42,834 INFO o.a.j.t.JMeterThread: Thread finished: 场景3-峰值负载(50用户) 3-28
2026-05-29 02:39:42,834 INFO o.a.j.t.JMeterThread: Thread finished: 场景3-峰值负载(50用户) 3-5
2026-05-29 02:39:42,857 WARN o.a.j.p.h.s.HTTPSamplerBase: Existing CookieManager Cookie 管理器 superseded by Cookie 管理器
2026-05-29 02:39:42,857 WARN o.a.j.p.h.s.HTTPSamplerBase: Existing CookieManager Cookie 管理器 superseded by Cookie 管理器
2026-05-29 02:39:42,857 WARN o.a.j.p.h.s.HTTPSamplerBase: Existing CookieManager Cookie 管理器 superseded by Cookie 管理器
2026-05-29 02:39:42,857 INFO o.a.j.t.JMeterThread: Thread finished: 场景3-峰值负载(50用户) 3-34
2026-05-29 02:39:42,857 INFO o.a.j.t.JMeterThread: Thread finished: 场景3-峰值负载(50用户) 3-15
2026-05-29 02:39:42,857 INFO o.a.j.t.JMeterThread: Thread finished: 场景3-峰值负载(50用户) 3-13
2026-05-29 02:39:42,913 WARN o.a.j.p.h.s.HTTPSamplerBase: Existing CookieManager Cookie 管理器 superseded by Cookie 管理器
2026-05-29 02:39:42,913 INFO o.a.j.t.JMeterThread: Thread finished: 场景3-峰值负载(50用户) 3-30
2026-05-29 02:39:42,915 WARN o.a.j.p.h.s.HTTPSamplerBase: Existing CookieManager Cookie 管理器 superseded by Cookie 管理器
2026-05-29 02:39:42,915 INFO o.a.j.t.JMeterThread: Thread finished: 场景3-峰值负载(50用户) 3-36
2026-05-29 02:39:42,950 WARN o.a.j.p.h.s.HTTPSamplerBase: Existing CookieManager Cookie 管理器 superseded by Cookie 管理器
2026-05-29 02:39:42,950 INFO o.a.j.t.JMeterThread: Thread finished: 场景3-峰值负载(50用户) 3-29
2026-05-29 02:39:42,952 WARN o.a.j.p.h.s.HTTPSamplerBase: Existing CookieManager Cookie 管理器 superseded by Cookie 管理器
2026-05-29 02:39:42,953 INFO o.a.j.t.JMeterThread: Thread finished: 场景3-峰值负载(50用户) 3-39
2026-05-29 02:39:43,011 WARN o.a.j.p.h.s.HTTPSamplerBase: Existing CookieManager Cookie 管理器 superseded by Cookie 管理器
2026-05-29 02:39:43,011 WARN o.a.j.p.h.s.HTTPSamplerBase: Existing CookieManager Cookie 管理器 superseded by Cookie 管理器
2026-05-29 02:39:43,011 WARN o.a.j.p.h.s.HTTPSamplerBase: Existing CookieManager Cookie 管理器 superseded by Cookie 管理器
2026-05-29 02:39:43,011 INFO o.a.j.t.JMeterThread: Thread finished: 场景3-峰值负载(50用户) 3-7
2026-05-29 02:39:43,011 INFO o.a.j.t.JMeterThread: Thread finished: 场景3-峰值负载(50用户) 3-25
2026-05-29 02:39:43,011 WARN o.a.j.p.h.s.HTTPSamplerBase: Existing CookieManager Cookie 管理器 superseded by Cookie 管理器
2026-05-29 02:39:43,012 INFO o.a.j.t.JMeterThread: Thread finished: 场景3-峰值负载(50用户) 3-19
2026-05-29 02:39:43,012 WARN o.a.j.p.h.s.HTTPSamplerBase: Existing CookieManager Cookie 管理器 superseded by Cookie 管理器
2026-05-29 02:39:43,012 INFO o.a.j.t.JMeterThread: Thread finished: 场景3-峰值负载(50用户) 3-8
2026-05-29 02:39:43,019 WARN o.a.j.p.h.s.HTTPSamplerBase: Existing CookieManager Cookie 管理器 superseded by Cookie 管理器
2026-05-29 02:39:43,019 WARN o.a.j.p.h.s.HTTPSamplerBase: Existing CookieManager Cookie 管理器 superseded by Cookie 管理器
2026-05-29 02:39:43,019 INFO o.a.j.t.JMeterThread: Thread finished: 场景3-峰值负载(50用户) 3-32
2026-05-29 02:39:43,020 INFO o.a.j.t.JMeterThread: Thread finished: 场景3-峰值负载(50用户) 3-22
2026-05-29 02:39:43,107 WARN o.a.j.p.h.s.HTTPSamplerBase: Existing CookieManager Cookie 管理器 superseded by Cookie 管理器
2026-05-29 02:39:43,107 INFO o.a.j.t.JMeterThread: Thread finished: 场景3-峰值负载(50用户) 3-24
2026-05-29 02:39:43,124 WARN o.a.j.p.h.s.HTTPSamplerBase: Existing CookieManager Cookie 管理器 superseded by Cookie 管理器
2026-05-29 02:39:43,124 WARN o.a.j.p.h.s.HTTPSamplerBase: Existing CookieManager Cookie 管理器 superseded by Cookie 管理器
2026-05-29 02:39:43,125 INFO o.a.j.t.JMeterThread: Thread finished: 场景3-峰值负载(50用户) 3-4
2026-05-29 02:39:43,125 WARN o.a.j.p.h.s.HTTPSamplerBase: Existing CookieManager Cookie 管理器 superseded by Cookie 管理器
2026-05-29 02:39:43,125 INFO o.a.j.t.JMeterThread: Thread finished: 场景3-峰值负载(50用户) 3-38
2026-05-29 02:39:43,125 WARN o.a.j.p.h.s.HTTPSamplerBase: Existing CookieManager Cookie 管理器 superseded by Cookie 管理器
2026-05-29 02:39:43,125 WARN o.a.j.p.h.s.HTTPSamplerBase: Existing CookieManager Cookie 管理器 superseded by Cookie 管理器
2026-05-29 02:39:43,125 INFO o.a.j.t.JMeterThread: Thread finished: 场景3-峰值负载(50用户) 3-20
2026-05-29 02:39:43,125 INFO o.a.j.t.JMeterThread: Thread finished: 场景3-峰值负载(50用户) 3-9
2026-05-29 02:39:43,126 WARN o.a.j.p.h.s.HTTPSamplerBase: Existing CookieManager Cookie 管理器 superseded by Cookie 管理器
2026-05-29 02:39:43,126 INFO o.a.j.t.JMeterThread: Thread finished: 场景3-峰值负载(50用户) 3-26
2026-05-29 02:39:43,126 WARN o.a.j.p.h.s.HTTPSamplerBase: Existing CookieManager Cookie 管理器 superseded by Cookie 管理器
2026-05-29 02:39:43,126 INFO o.a.j.t.JMeterThread: Thread finished: 场景3-峰值负载(50用户) 3-33
2026-05-29 02:39:43,132 WARN o.a.j.p.h.s.HTTPSamplerBase: Existing CookieManager Cookie 管理器 superseded by Cookie 管理器
2026-05-29 02:39:43,132 INFO o.a.j.t.JMeterThread: Thread finished: 场景3-峰值负载(50用户) 3-37
2026-05-29 02:39:43,145 WARN o.a.j.p.h.s.HTTPSamplerBase: Existing CookieManager Cookie 管理器 superseded by Cookie 管理器
2026-05-29 02:39:43,145 WARN o.a.j.p.h.s.HTTPSamplerBase: Existing CookieManager Cookie 管理器 superseded by Cookie 管理器
2026-05-29 02:39:43,145 INFO o.a.j.t.JMeterThread: Thread finished: 场景3-峰值负载(50用户) 3-14
2026-05-29 02:39:43,145 WARN o.a.j.p.h.s.HTTPSamplerBase: Existing CookieManager Cookie 管理器 superseded by Cookie 管理器
2026-05-29 02:39:43,145 INFO o.a.j.t.JMeterThread: Thread finished: 场景3-峰值负载(50用户) 3-1
2026-05-29 02:39:43,146 WARN o.a.j.p.h.s.HTTPSamplerBase: Existing CookieManager Cookie 管理器 superseded by Cookie 管理器
2026-05-29 02:39:43,146 WARN o.a.j.p.h.s.HTTPSamplerBase: Existing CookieManager Cookie 管理器 superseded by Cookie 管理器
2026-05-29 02:39:43,146 INFO o.a.j.t.JMeterThread: Thread finished: 场景3-峰值负载(50用户) 3-44
2026-05-29 02:39:43,204 WARN o.a.j.p.h.s.HTTPSamplerBase: Existing CookieManager Cookie 管理器 superseded by Cookie 管理器
2026-05-29 02:39:43,204 INFO o.a.j.t.JMeterThread: Thread finished: 场景3-峰值负载(50用户) 3-17
2026-05-29 02:39:43,233 INFO o.a.j.t.JMeterThread: Stopping because end time detected by thread: 场景3-峰值负载(50用户) 3-46
2026-05-29 02:39:43,233 INFO o.a.j.t.JMeterThread: Stopping because end time detected by thread: 场景3-峰值负载(50用户) 3-47
2026-05-29 02:39:43,233 INFO o.a.j.t.JMeterThread: Stopping because end time detected by thread: 场景3-峰值负载(50用户) 3-42
2026-05-29 02:39:43,233 INFO o.a.j.t.JMeterThread: Thread finished: 场景3-峰值负载(50用户) 3-46
2026-05-29 02:39:43,233 INFO o.a.j.t.JMeterThread: Thread finished: 场景3-峰值负载(50用户) 3-42
2026-05-29 02:39:43,233 INFO o.a.j.t.JMeterThread: Thread finished: 场景3-峰值负载(50用户) 3-47
2026-05-29 02:39:43,237 INFO o.a.j.t.JMeterThread: Stopping because end time detected by thread: 场景3-峰值负载(50用户) 3-10
2026-05-29 02:39:43,237 INFO o.a.j.t.JMeterThread: Thread finished: 场景3-峰值负载(50用户) 3-10
2026-05-29 02:39:43,255 INFO o.a.j.t.JMeterThread: Stopping because end time detected by thread: 场景3-峰值负载(50用户) 3-35
2026-05-29 02:39:43,255 INFO o.a.j.t.JMeterThread: Thread finished: 场景3-峰值负载(50用户) 3-35
2026-05-29 02:39:43,304 INFO o.a.j.t.JMeterThread: Stopping because end time detected by thread: 场景3-峰值负载(50用户) 3-40
2026-05-29 02:39:43,304 INFO o.a.j.t.JMeterThread: Thread finished: 场景3-峰值负载(50用户) 3-40
2026-05-29 02:39:43,305 INFO o.a.j.e.StandardJMeterEngine: Notifying test listeners of end of test
2026-05-29 02:39:43,305 INFO o.a.j.r.Summariser: summary +    791 in 00:00:13 =   59.5/s Avg:   204 Min:    26 Max:  1169 Err:     0 (0.00%) Active: 0 Started: 90 Finished: 90
2026-05-29 02:39:43,305 INFO o.a.j.r.Summariser: summary =   1004 in 00:00:30 =   33.3/s Avg:   187 Min:    23 Max:  1169 Err:     0 (0.00%)
2026-05-29 02:39:43,305 INFO o.a.j.JMeter: Generating Dashboard
2026-05-29 02:39:43,306 INFO o.a.j.r.d.ReportGenerator: Flushing result collector before report Generation
2026-05-29 02:39:43,333 INFO o.a.j.r.p.NormalizerSampleConsumer: Using format, 'ms', to parse timeStamp field
2026-05-29 02:39:43,469 INFO o.a.j.r.p.AbstractSampleConsumer: class org.apache.jmeter.report.processor.AggregateConsumer#stopProducing(): beginDate produced 0 samples
2026-05-29 02:39:43,469 INFO o.a.j.r.p.AbstractSampleConsumer: class org.apache.jmeter.report.processor.AggregateConsumer#stopProducing(): endDate produced 0 samples
2026-05-29 02:39:43,477 INFO o.a.j.r.p.AbstractSampleConsumer: class org.apache.jmeter.report.processor.ApdexSummaryConsumer#stopProducing(): apdexSummary produced 0 samples
2026-05-29 02:39:43,477 INFO o.a.j.r.p.AbstractSampleConsumer: class org.apache.jmeter.report.processor.RequestsSummaryConsumer#stopProducing(): requestsSummary produced 0 samples
2026-05-29 02:39:43,489 INFO o.a.j.r.p.AbstractSampleConsumer: class org.apache.jmeter.report.processor.StatisticsSummaryConsumer#stopProducing(): statisticsSummary produced 0 samples
2026-05-29 02:39:43,493 INFO o.a.j.r.p.AbstractSampleConsumer: class org.apache.jmeter.report.processor.Top5ErrorsBySamplerConsumer#stopProducing(): top5ErrorsBySampler produced 0 samples
2026-05-29 02:39:43,493 INFO o.a.j.r.p.AbstractSampleConsumer: class org.apache.jmeter.report.processor.ErrorsSummaryConsumer#stopProducing(): errorsSummary produced 0 samples
2026-05-29 02:39:43,493 INFO o.a.j.r.p.AbstractSampleConsumer: class org.apache.jmeter.report.processor.graph.impl.HitsPerSecondGraphConsumer#stopProducing(): hitsPerSecond produced 0 samples
2026-05-29 02:39:43,544 INFO o.a.j.r.p.AbstractSampleConsumer: class org.apache.jmeter.report.processor.graph.impl.LatencyVSRequestGraphConsumer#stopProducing(): latencyVsRequest produced 0 samples
2026-05-29 02:39:43,545 INFO o.a.j.r.p.AbstractSampleConsumer: class org.apache.jmeter.report.processor.graph.impl.SyntheticResponseTimeDistributionGraphConsumer#stopProducing(): syntheticResponseTimeDistribution produced 0 samples
2026-05-29 02:39:43,546 INFO o.a.j.r.p.AbstractSampleConsumer: class org.apache.jmeter.report.processor.graph.impl.BytesThroughputGraphConsumer#stopProducing(): bytesThroughputOverTime produced 0 samples
2026-05-29 02:39:43,546 INFO o.a.j.r.p.AbstractSampleConsumer: class org.apache.jmeter.report.processor.graph.impl.CodesPerSecondGraphConsumer#stopProducing(): codesPerSecond produced 0 samples
2026-05-29 02:39:43,585 INFO o.a.j.r.p.AbstractSampleConsumer: class org.apache.jmeter.report.processor.graph.impl.ResponseTimeVSRequestGraphConsumer#stopProducing(): responseTimeVsRequest produced 0 samples
2026-05-29 02:39:43,585 INFO o.a.j.r.p.AbstractSampleConsumer: class org.apache.jmeter.report.processor.FilterConsumer#stopProducing(): startIntervalControlerFilter produced 7126 samples
2026-05-29 02:39:43,585 INFO o.a.j.r.p.AbstractSampleConsumer: class org.apache.jmeter.report.processor.graph.impl.TotalTPSGraphConsumer#stopProducing(): totalTPS produced 0 samples
2026-05-29 02:39:43,586 INFO o.a.j.r.p.AbstractSampleConsumer: class org.apache.jmeter.report.processor.graph.impl.ActiveThreadsGraphConsumer#stopProducing(): activeThreadsOverTime produced 0 samples
2026-05-29 02:39:43,586 INFO o.a.j.r.p.AbstractSampleConsumer: class org.apache.jmeter.report.processor.graph.impl.TimeVSThreadGraphConsumer#stopProducing(): timeVsThreads produced 0 samples
2026-05-29 02:39:43,586 INFO o.a.j.r.p.AbstractSampleConsumer: class org.apache.jmeter.report.processor.graph.impl.ResponseTimeDistributionGraphConsumer#stopProducing(): responseTimeDistribution produced 0 samples
2026-05-29 02:39:43,587 INFO o.a.j.r.p.AbstractSampleConsumer: class org.apache.jmeter.report.processor.graph.impl.TransactionsPerSecondGraphConsumer#stopProducing(): transactionsPerSecond produced 0 samples
2026-05-29 02:39:43,587 INFO o.a.j.r.p.AbstractSampleConsumer: class org.apache.jmeter.report.processor.graph.impl.ResponseTimePercentilesGraphConsumer#stopProducing(): responseTimePercentiles produced 0 samples
2026-05-29 02:39:43,588 INFO o.a.j.r.p.AbstractSampleConsumer: class org.apache.jmeter.report.processor.graph.impl.ResponseTimePercentilesOverTimeGraphConsumer#stopProducing(): responseTimePercentilesOverTime produced 0 samples
2026-05-29 02:39:43,589 INFO o.a.j.r.p.AbstractSampleConsumer: class org.apache.jmeter.report.processor.graph.impl.ResponseTimeOverTimeGraphConsumer#stopProducing(): responseTimesOverTime produced 0 samples
2026-05-29 02:39:43,589 INFO o.a.j.r.p.AbstractSampleConsumer: class org.apache.jmeter.report.processor.graph.impl.ConnectTimeOverTimeGraphConsumer#stopProducing(): connectTimeOverTime produced 0 samples
2026-05-29 02:39:43,589 INFO o.a.j.r.p.AbstractSampleConsumer: class org.apache.jmeter.report.processor.graph.impl.LatencyOverTimeGraphConsumer#stopProducing(): latenciesOverTime produced 0 samples
2026-05-29 02:39:43,589 INFO o.a.j.r.p.AbstractSampleConsumer: class org.apache.jmeter.report.processor.FilterConsumer#stopProducing(): nameFilter produced 15270 samples
2026-05-29 02:39:43,589 INFO o.a.j.r.p.AbstractSampleConsumer: class org.apache.jmeter.report.processor.FilterConsumer#stopProducing(): dateRangeFilter produced 3054 samples
2026-05-29 02:39:43,589 INFO o.a.j.r.p.AbstractSampleConsumer: class org.apache.jmeter.report.processor.NormalizerSampleConsumer#stopProducing(): normalizer produced 1018 samples
2026-05-29 02:39:43,589 INFO o.a.j.r.p.CsvFileSampleSource: produce(): 1018 samples produced in 237ms on channel 0
2026-05-29 02:39:43,589 INFO o.a.j.r.d.ReportGenerator: Exporting data using exporter:'json' of className:'org.apache.jmeter.report.dashboard.JsonExporter'
2026-05-29 02:39:43,666 INFO o.a.j.r.d.JsonExporter: Found data for consumer statisticsSummary?in context
2026-05-29 02:39:43,666 INFO o.a.j.r.d.JsonExporter: Creating statistics for overall
2026-05-29 02:39:43,667 INFO o.a.j.r.d.JsonExporter: Creating statistics for other transactions
2026-05-29 02:39:43,667 INFO o.a.j.r.d.JsonExporter: Checking output folder
2026-05-29 02:39:43,667 INFO o.a.j.r.d.JsonExporter: Writing statistics JSON to e:\0projects\0000Testing-and-Maintenance\Final-exp\tests\jmeter\results\boutique_report\statistics.json
2026-05-29 02:39:43,707 INFO o.a.j.r.d.ReportGenerator: Exporting data using exporter:'html' of className:'org.apache.jmeter.report.dashboard.HtmlTemplateExporter'
2026-05-29 02:39:43,710 INFO o.a.j.r.d.HtmlTemplateExporter: Will generate dashboard in folder: e:\0projects\0000Testing-and-Maintenance\Final-exp\tests\jmeter\results\boutique_report
2026-05-29 02:39:43,899 INFO o.a.j.r.d.HtmlTemplateExporter: Report will be generated in: e:\0projects\0000Testing-and-Maintenance\Final-exp\tests\jmeter\results\boutique_report, creating folder structure
2026-05-29 02:39:43,902 INFO o.a.j.r.d.TemplateVisitor: Copying folder from 'E:\apache-jmeter-5.6.3\bin\report-template' to 'e:\0projects\0000Testing-and-Maintenance\Final-exp\tests\jmeter\results\boutique_report', got message: e:\0projects\0000Testing-and-Maintenance\Final-exp\tests\jmeter\results\boutique_report, found non empty folder with following content [e:\0projects\0000Testing-and-Maintenance\Final-exp\tests\jmeter\results\boutique_report\statistics.json], will be ignored
2026-05-29 02:39:44,327 INFO o.a.j.JMeter: Dashboard generated
