timestamp,anomaly_score,y_pred,y_true
2026-05-30T12:55:57Z,27.919162920840975,0,0
2026-05-30T12:56:02Z,36.5416333149296,0,0
2026-05-30T12:56:07Z,35.0475992689812,0,0
2026-05-30T12:56:12Z,36.84830570388818,0,0
2026-05-30T12:56:17Z,29.813136958647284,0,0
2026-05-30T12:56:22Z,25.143919792101705,0,0
2026-05-30T12:56:27Z,24.312200253485816,0,0
2026-05-30T12:56:32Z,25.823352393046882,0,0
2026-05-30T12:56:37Z,23.569619029415044,0,0
2026-05-30T12:56:42Z,23.02892636433065,0,0
2026-05-30T12:56:47Z,25.631928262334974,0,0
2026-05-30T12:56:52Z,24.866750437518903,0,0
2026-05-30T12:56:57Z,24.129794211781817,0,0
2026-05-30T12:57:02Z,25.83826111283924,0,0
2026-05-30T12:57:07Z,24.21958667250793,0,0
2026-05-30T12:57:12Z,25.406186232729084,0,0
2026-05-30T12:57:17Z,23.037869692107225,0,0
2026-05-30T12:57:22Z,24.138830306991817,0,0
2026-05-30T12:57:27Z,28.038642407203874,0,0
2026-05-30T12:57:32Z,30.53730385947268,0,0
2026-05-30T12:57:37Z,30.710043420676193,0,0
2026-05-30T12:57:42Z,23.263011870545416,0,0
2026-05-30T12:57:47Z,25.954822272830192,0,0
2026-05-30T12:57:52Z,25.469061045035737,0,0
2026-05-30T12:57:57Z,24.434552880544857,0,0
2026-05-30T12:58:02Z,23.129289895702435,0,0
2026-05-30T12:58:07Z,24.236113894663415,0,0
2026-05-30T12:58:12Z,24.954850873266764,0,0
2026-05-30T12:58:17Z,25.87133743451198,0,0
2026-05-30T12:58:22Z,25.170998780444336,0,0
2026-05-30T12:58:27Z,22.90686299791285,0,0
2026-05-30T12:58:32Z,21.253929484136833,0,0
2026-05-30T12:58:37Z,21.32811273788931,0,0
2026-05-30T12:58:42Z,21.34020233298187,0,0
2026-05-30T12:58:47Z,22.105850971320187,0,0
2026-05-30T12:58:52Z,22.63143834319586,0,0
2026-05-30T12:58:57Z,22.16729407627394,0,0
2026-05-30T12:59:02Z,20.19120953525246,0,0
2026-05-30T12:59:07Z,20.703137041826302,0,0
2026-05-30T12:59:12Z,21.540685054018493,0,0
2026-05-30T12:59:17Z,24.441847452237212,0,0
2026-05-30T12:59:22Z,24.834683666361418,0,0
2026-05-30T12:59:27Z,22.208046694646082,0,0
2026-05-30T12:59:32Z,20.557584486412768,0,0
2026-05-30T12:59:37Z,22.223662359116737,0,0
2026-05-30T12:59:42Z,22.30415675958475,0,0
2026-05-30T12:59:47Z,21.69192920858115,0,0
2026-05-30T12:59:52Z,22.6284163113049,0,0
2026-05-30T12:59:57Z,23.607105859642616,0,0
2026-05-30T13:00:02Z,21.12576022852656,0,0
2026-05-30T13:00:07Z,21.11350367966983,0,0
2026-05-30T13:00:12Z,22.242232131453,0,0
2026-05-30T13:00:17Z,30.95599345488492,0,0
2026-05-30T13:00:22Z,31.240232524781277,0,0
2026-05-30T13:00:27Z,29.629937360341735,0,0
2026-05-30T13:00:32Z,22.600982883333565,0,0
2026-05-30T13:00:37Z,22.51331284509239,0,0
2026-05-30T13:00:42Z,20.992854932864397,0,0
2026-05-30T13:00:47Z,21.901534303531477,0,0
2026-05-30T13:00:52Z,21.7909853184038,0,0
2026-05-30T13:00:57Z,21.99004917267757,0,0
2026-05-30T13:01:02Z,23.37391521447208,0,1
2026-05-30T13:01:07Z,21.046519143412688,0,1
2026-05-30T13:01:12Z,20.604341429362858,0,1
2026-05-30T13:01:17Z,30.84757338582834,0,1
2026-05-30T13:01:22Z,32.871441825200556,0,1
2026-05-30T13:01:27Z,40.92361089169774,1,1
2026-05-30T13:01:32Z,33.274882665818815,0,1
2026-05-30T13:01:37Z,34.64901139665219,0,1
2026-05-30T13:01:42Z,33.417558093617146,0,1
2026-05-30T13:01:47Z,36.28514828462314,0,1
2026-05-30T13:01:52Z,35.37953877721045,0,1
2026-05-30T13:01:57Z,42.68084581606553,1,1
2026-05-30T13:02:02Z,37.02915306944176,0,0
2026-05-30T13:02:07Z,37.095163835763174,0,0
2026-05-30T13:02:12Z,36.62236459956971,0,0
2026-05-30T13:02:17Z,24.711180856471003,0,0
2026-05-30T13:02:22Z,23.976254039373625,0,0
2026-05-30T13:02:27Z,22.819878957590312,0,0
2026-05-30T13:02:32Z,22.605891311335185,0,0
2026-05-30T13:02:37Z,17.52492906831927,0,0
2026-05-30T13:02:42Z,17.889421683311898,0,0
2026-05-30T13:02:47Z,20.762516629929,0,0
2026-05-30T13:02:52Z,20.75339337247753,0,0
2026-05-30T13:02:57Z,20.536443486527432,0,0
2026-05-30T13:03:02Z,20.088987378119853,0,0
2026-05-30T13:03:07Z,21.423846989276164,0,0
2026-05-30T13:03:12Z,20.0381376962117,0,0
2026-05-30T13:03:17Z,17.250553289125452,0,0
2026-05-30T13:03:22Z,17.639928996486255,0,0
2026-05-30T13:03:27Z,17.221540018719903,0,0
2026-05-30T13:03:32Z,18.32861623553395,0,0
2026-05-30T13:03:37Z,18.753817686275134,0,0
2026-05-30T13:03:42Z,19.034440634508787,0,0
2026-05-30T13:03:47Z,18.365066104853,0,0
2026-05-30T13:03:52Z,20.93912199178355,0,0
2026-05-30T13:03:57Z,21.053144299547824,0,0
2026-05-30T13:04:02Z,21.274496447067552,0,0
2026-05-30T13:04:07Z,22.62105390339412,0,0
2026-05-30T13:04:12Z,22.85138675059763,0,0
2026-05-30T13:04:17Z,23.05575563072814,0,0
2026-05-30T13:04:22Z,22.74493400396615,0,0
2026-05-30T13:04:27Z,18.602143611985586,0,0
2026-05-30T13:04:32Z,19.148242723139706,0,0
2026-05-30T13:04:37Z,19.40244651598597,0,0
2026-05-30T13:04:42Z,19.35646443860059,0,0
2026-05-30T13:04:47Z,17.426127036143736,0,0
2026-05-30T13:04:52Z,17.69105784181234,0,0
2026-05-30T13:04:57Z,21.896290543754212,0,0
2026-05-30T13:05:02Z,21.0272657134219,0,0
2026-05-30T13:05:07Z,20.515509126008784,0,0
2026-05-30T13:05:12Z,17.781441532972757,0,0
2026-05-30T13:05:17Z,17.873511560221477,0,0
2026-05-30T13:05:22Z,19.338589819071228,0,0
2026-05-30T13:05:27Z,20.90318354429993,0,0
2026-05-30T13:05:32Z,18.185034044574774,0,0
2026-05-30T13:05:37Z,18.699540926405962,0,0
2026-05-30T13:05:42Z,18.773906059464895,0,0
2026-05-30T13:05:47Z,17.483620090790623,0,0
2026-05-30T13:05:52Z,18.14190845344177,0,0
2026-05-30T13:05:57Z,18.057116611936348,0,0
2026-05-30T13:06:02Z,19.23169898332559,0,0
2026-05-30T13:06:07Z,24.585182283553046,0,0
2026-05-30T13:06:12Z,25.73895810507721,0,0
2026-05-30T13:06:17Z,20.143314220074885,0,0
2026-05-30T13:06:22Z,21.959083201578512,0,0
2026-05-30T13:06:27Z,19.46890042112108,0,0
2026-05-30T13:06:32Z,20.04862028449857,0,0
2026-05-30T13:06:37Z,21.418665428845728,0,0
2026-05-30T13:06:42Z,22.337986751946808,0,0
2026-05-30T13:06:47Z,21.825664376167953,0,0
2026-05-30T13:06:52Z,24.84280677304533,0,0
2026-05-30T13:06:57Z,25.040800697870807,0,0
2026-05-30T13:07:02Z,30.04762873428362,0,0
2026-05-30T13:07:07Z,32.89810906671844,0,0
2026-05-30T13:07:12Z,32.664397395975115,0,0
2026-05-30T13:07:17Z,24.519232698505228,0,0
2026-05-30T13:07:22Z,27.061481182106633,0,1
2026-05-30T13:07:27Z,32.08765926447563,0,1
2026-05-30T13:07:32Z,65.75614592705617,1,1
2026-05-30T13:07:37Z,76.77301995272364,1,1
2026-05-30T13:07:42Z,105.62087368674533,1,1
2026-05-30T13:07:47Z,103.77707495363407,1,1
2026-05-30T13:07:52Z,99.48506602349602,1,1
2026-05-30T13:07:57Z,95.69661927514679,1,1
2026-05-30T13:08:02Z,81.64924612622725,1,1
2026-05-30T13:08:07Z,84.51315172509454,1,1
2026-05-30T13:08:12Z,67.54339111291159,1,1
2026-05-30T13:08:17Z,76.00605587217876,1,1
2026-05-30T13:08:22Z,74.67972179935461,1,0
2026-05-30T13:08:27Z,50.054944679523004,1,0
2026-05-30T13:08:32Z,43.014145687642724,1,0
2026-05-30T13:08:37Z,35.767467266666955,0,0
2026-05-30T13:08:42Z,45.18136424412981,1,0
2026-05-30T13:08:47Z,74.30007750025057,1,0
2026-05-30T13:08:52Z,71.32061906721698,1,0
2026-05-30T13:08:57Z,48.10376646422278,1,0
2026-05-30T13:09:02Z,34.379238764280814,0,0
2026-05-30T13:09:07Z,33.04213073274374,0,0
2026-05-30T13:09:12Z,33.08389415616426,0,0
2026-05-30T13:09:17Z,35.110815947963715,0,0
2026-05-30T13:09:22Z,35.39896067628089,0,0
2026-05-30T13:09:27Z,35.23633054072515,0,0
2026-05-30T13:09:32Z,37.49419186220338,0,0
2026-05-30T13:09:37Z,33.95529785458816,0,0
2026-05-30T13:09:42Z,31.978506229443866,0,0
2026-05-30T13:09:47Z,33.33622958080195,0,0
2026-05-30T13:09:52Z,33.549378640867005,0,0
2026-05-30T13:09:57Z,35.19062563391826,0,0
2026-05-30T13:10:02Z,32.89943282718133,0,0
2026-05-30T13:10:07Z,28.244520533694832,0,0
2026-05-30T13:10:12Z,29.04806371419135,0,0
2026-05-30T13:10:17Z,30.619492547524906,0,0
2026-05-30T13:10:22Z,32.61035625447872,0,0
2026-05-30T13:10:27Z,28.45281945575895,0,0
2026-05-30T13:10:32Z,27.912601955410572,0,0
2026-05-30T13:10:37Z,27.39982662025097,0,0
2026-05-30T13:10:42Z,29.819743917759368,0,0
2026-05-30T13:10:47Z,30.232685123755175,0,0
2026-05-30T13:10:52Z,31.42095222344392,0,0
2026-05-30T13:10:57Z,28.477641660652125,0,0
2026-05-30T13:11:02Z,28.91022608002477,0,0
2026-05-30T13:11:07Z,29.314305149604174,0,0
2026-05-30T13:11:12Z,26.7251230714229,0,0
2026-05-30T13:11:17Z,34.650978686601086,0,0
2026-05-30T13:11:22Z,35.66462517715701,0,0
2026-05-30T13:11:27Z,36.45337818042661,0,0
2026-05-30T13:11:32Z,28.492981656716843,0,0
2026-05-30T13:11:37Z,26.248325868846287,0,0
2026-05-30T13:11:42Z,25.567223502631343,0,0
2026-05-30T13:11:47Z,25.219721088435122,0,0
2026-05-30T13:11:52Z,25.791513196881276,0,0
2026-05-30T13:11:57Z,25.075874630300365,0,0
2026-05-30T13:12:02Z,22.969407427546194,0,0
2026-05-30T13:12:07Z,24.05226154633637,0,0
2026-05-30T13:12:12Z,24.766160545351475,0,0
2026-05-30T13:12:17Z,42.23956285154398,1,0
2026-05-30T13:12:22Z,44.36066742474844,1,0
2026-05-30T13:12:27Z,33.519313196605694,0,0
2026-05-30T13:12:32Z,25.183814467144053,0,0
2026-05-30T13:12:37Z,25.191126950132436,0,0
2026-05-30T13:12:42Z,26.014965435410822,0,0
2026-05-30T13:12:47Z,25.579485063152084,0,0
2026-05-30T13:12:52Z,29.391255311779638,0,0
2026-05-30T13:12:57Z,24.844586979643935,0,0
2026-05-30T13:13:02Z,25.2174743485811,0,0
2026-05-30T13:13:07Z,26.691581589340437,0,0
2026-05-30T13:13:12Z,24.107443399754324,0,0
2026-05-30T13:13:17Z,26.826397291684245,0,0
2026-05-30T13:13:22Z,27.34829754463901,0,0
2026-05-30T13:13:27Z,27.287726257559058,0,0
2026-05-30T13:13:32Z,33.863437569754154,0,0
2026-05-30T13:13:37Z,32.94371071293055,0,0
2026-05-30T13:13:42Z,33.622821542473076,0,0
2026-05-30T13:13:47Z,22.661067753311862,0,0
2026-05-30T13:13:52Z,25.01270845481026,0,0
2026-05-30T13:13:57Z,30.435365207017774,0,1
2026-05-30T13:14:02Z,30.59584956993737,0,1
2026-05-30T13:14:07Z,30.66588417353988,0,1
2026-05-30T13:14:12Z,30.23872801832772,0,1
2026-05-30T13:14:17Z,28.627618306834705,0,1
2026-05-30T13:14:22Z,29.229299546175426,0,1
2026-05-30T13:14:27Z,28.2038380737794,0,1
2026-05-30T13:14:32Z,36.12062601517704,0,1
2026-05-30T13:14:37Z,35.20120865721504,0,1
2026-05-30T13:14:42Z,35.426204430512804,0,1
2026-05-30T13:14:47Z,35.3361556172265,0,1
2026-05-30T13:14:52Z,41.00970318585055,1,0
2026-05-30T13:14:57Z,41.20140593425014,1,0
2026-05-30T13:15:02Z,40.00856369665997,0,0
2026-05-30T13:15:07Z,28.77531107943844,0,0
2026-05-30T13:15:12Z,25.66163757619725,0,0
2026-05-30T13:15:17Z,25.303243397667224,0,0
2026-05-30T13:15:22Z,23.132785711299995,0,0
2026-05-30T13:15:27Z,20.743715761211874,0,0
2026-05-30T13:15:32Z,32.01811287709216,0,0
2026-05-30T13:15:37Z,34.16384899726731,0,0
2026-05-30T13:15:42Z,33.21924682421703,0,0
2026-05-30T13:15:47Z,24.659053672249563,0,0
2026-05-30T13:15:52Z,24.695267433999728,0,0
2026-05-30T13:15:57Z,24.74144976631934,0,0
2026-05-30T13:16:02Z,30.74021260454529,0,0
2026-05-30T13:16:07Z,30.41386416271154,0,0
2026-05-30T13:16:12Z,33.51115826513703,0,0
2026-05-30T13:16:17Z,27.622417752938738,0,0
2026-05-30T13:16:22Z,27.79534313283414,0,0
2026-05-30T13:16:27Z,24.577082481786636,0,0
2026-05-30T13:16:32Z,25.58673134540056,0,0
2026-05-30T13:16:37Z,27.849795849017767,0,0
2026-05-30T13:16:42Z,32.420748967126215,0,0
2026-05-30T13:16:47Z,30.23492973962434,0,0
2026-05-30T13:16:52Z,27.747237866765587,0,0
2026-05-30T13:16:57Z,25.379272743496223,0,0
2026-05-30T13:17:02Z,24.03126091490168,0,0
2026-05-30T13:17:07Z,24.504205772572988,0,0
2026-05-30T13:17:12Z,26.985780470040886,0,0
2026-05-30T13:17:17Z,35.02555868187645,0,0
2026-05-30T13:17:22Z,35.19084951678637,0,0
2026-05-30T13:17:27Z,31.429009362693762,0,0
2026-05-30T13:17:32Z,28.99338197980282,0,0
2026-05-30T13:17:37Z,31.31895011326165,0,0
2026-05-30T13:17:42Z,34.584730355196285,0,0
2026-05-30T13:17:47Z,26.63887206640606,0,0
2026-05-30T13:17:52Z,26.33147271302048,0,0
2026-05-30T13:17:57Z,24.83630806345632,0,0
2026-05-30T13:18:02Z,25.663685046023318,0,0
2026-05-30T13:18:07Z,29.019666661086866,0,0
2026-05-30T13:18:12Z,30.554225336157877,0,0
2026-05-30T13:18:17Z,34.485482086520044,0,0
2026-05-30T13:18:22Z,34.247518364673425,0,0
2026-05-30T13:18:27Z,31.96904873196454,0,0
2026-05-30T13:18:32Z,29.395187920561305,0,0
2026-05-30T13:18:37Z,30.648820875113238,0,0
2026-05-30T13:18:42Z,31.554731529916687,0,0
2026-05-30T13:18:47Z,29.051340912604367,0,0
2026-05-30T13:18:52Z,27.851857826237527,0,0
2026-05-30T13:18:57Z,28.259344835128054,0,0
2026-05-30T13:19:02Z,31.176218056791576,0,0
2026-05-30T13:19:07Z,30.53034950589597,0,0
2026-05-30T13:19:12Z,32.20412200721114,0,0
2026-05-30T13:19:17Z,37.02822931157221,0,0
2026-05-30T13:19:22Z,39.35065929034183,0,1
2026-05-30T13:19:27Z,44.12687260838985,1,1
2026-05-30T13:19:32Z,65.20341318126573,1,1
2026-05-30T13:19:37Z,71.29093541835226,1,1
2026-05-30T13:19:42Z,105.9500130332588,1,1
2026-05-30T13:19:47Z,105.38095620674687,1,1
2026-05-30T13:19:52Z,96.13382553973413,1,1
2026-05-30T13:19:57Z,99.17107127106866,1,1
2026-05-30T13:20:02Z,86.50862494776567,1,1
2026-05-30T13:20:07Z,84.65245351156288,1,1
2026-05-30T13:20:12Z,64.42362563317855,1,1
2026-05-30T13:20:17Z,72.91610669522127,1,1
2026-05-30T13:20:22Z,72.81575662368132,1,0
2026-05-30T13:20:27Z,53.24660197659357,1,0
2026-05-30T13:20:32Z,46.02809138844435,1,0
2026-05-30T13:20:37Z,41.2726952086503,1,0
2026-05-30T13:20:42Z,43.764270446065574,1,0
2026-05-30T13:20:47Z,42.833116261395695,1,0
2026-05-30T13:20:52Z,42.66121778059582,1,0
2026-05-30T13:20:57Z,41.78400139475284,1,0
2026-05-30T13:21:02Z,36.62266484864189,0,0
2026-05-30T13:21:07Z,36.45404889304489,0,0
2026-05-30T13:21:12Z,35.603058640258155,0,0
2026-05-30T13:21:17Z,36.04190836757661,0,0
2026-05-30T13:21:22Z,37.98152214386017,0,0
2026-05-30T13:21:27Z,40.700534341231325,1,0
2026-05-30T13:21:32Z,47.81701459270733,1,0
2026-05-30T13:21:37Z,49.2538016488286,1,0
2026-05-30T13:21:42Z,50.614721861612324,1,0
2026-05-30T13:21:47Z,39.34921001933287,0,0
2026-05-30T13:21:52Z,37.63401275555054,0,0
2026-05-30T13:21:57Z,29.768259283495446,0,0
2026-05-30T13:22:02Z,30.413482114182976,0,0
2026-05-30T13:22:07Z,31.38469608997668,0,0
2026-05-30T13:22:12Z,32.32114089706269,0,0
2026-05-30T13:22:17Z,33.66497662313303,0,0
2026-05-30T13:22:22Z,32.98530372344088,0,0
2026-05-30T13:22:27Z,30.637066564914683,0,0
2026-05-30T13:22:32Z,31.272278347785615,0,0
2026-05-30T13:22:37Z,30.96346215085869,0,0
2026-05-30T13:22:42Z,31.42808693295845,0,0
2026-05-30T13:22:47Z,31.473546873327066,0,0
2026-05-30T13:22:52Z,32.485367190229894,0,0
2026-05-30T13:22:57Z,32.82850703647205,0,0
2026-05-30T13:23:02Z,37.43432161614755,0,0
2026-05-30T13:23:07Z,34.48675734939811,0,0
2026-05-30T13:23:12Z,31.743331145569186,0,0
2026-05-30T13:23:17Z,23.232251842851007,0,0
2026-05-30T13:23:22Z,23.45015614364455,0,0
2026-05-30T13:23:27Z,24.37776886978702,0,0
2026-05-30T13:23:32Z,25.678737488675083,0,0
2026-05-30T13:23:37Z,24.549064448625057,0,0
2026-05-30T13:23:42Z,27.016208846444215,0,0
2026-05-30T13:23:47Z,28.612895095809442,0,0
2026-05-30T13:23:52Z,29.367129211950314,0,0
2026-05-30T13:23:57Z,25.091757694277266,0,0
2026-05-30T13:24:02Z,26.21318915094455,0,0
2026-05-30T13:24:07Z,27.14889376632724,0,0
2026-05-30T13:24:12Z,26.409374517692733,0,0
2026-05-30T13:24:17Z,24.406540916967874,0,0
2026-05-30T13:24:22Z,25.3335238233759,0,0
2026-05-30T13:24:27Z,24.9204380369663,0,0
2026-05-30T13:24:32Z,25.82658291421754,0,0
2026-05-30T13:24:37Z,28.16856879224612,0,0
2026-05-30T13:24:42Z,24.53561836747873,0,1
2026-05-30T13:24:47Z,26.744257045083245,0,1
2026-05-30T13:24:52Z,28.61163666826144,0,1
2026-05-30T13:24:57Z,27.426029274669858,0,1
2026-05-30T13:25:02Z,29.645120521854224,0,1
2026-05-30T13:25:07Z,33.461047634294246,0,1
2026-05-30T13:25:12Z,37.735231590737754,0,1
2026-05-30T13:25:17Z,33.27718440748191,0,1
2026-05-30T13:25:22Z,42.614230992600916,1,1
2026-05-30T13:25:27Z,43.117368439167485,1,1
2026-05-30T13:25:32Z,42.40179759502198,1,1
2026-05-30T13:25:37Z,38.06905641180125,0,0
2026-05-30T13:25:42Z,37.691285825312924,0,0
2026-05-30T13:25:47Z,38.1754350052813,0,0
2026-05-30T13:25:52Z,30.985118603573042,0,0
2026-05-30T13:25:57Z,31.870306574681287,0,0
2026-05-30T13:26:02Z,30.388934319440885,0,0
2026-05-30T13:26:07Z,27.85825293922504,0,0
2026-05-30T13:26:12Z,26.25575985452238,0,0
2026-05-30T13:26:17Z,29.44323432457469,0,0
2026-05-30T13:26:22Z,28.58810841473204,0,0
2026-05-30T13:26:27Z,25.473758992109417,0,0
2026-05-30T13:26:32Z,34.219600023247054,0,0
2026-05-30T13:26:37Z,36.799232511532,0,0
2026-05-30T13:26:42Z,35.96740618726078,0,0
2026-05-30T13:26:47Z,26.116474144619893,0,0
2026-05-30T13:26:52Z,25.534889453329207,0,0
2026-05-30T13:26:57Z,25.762943133903143,0,0
2026-05-30T13:27:02Z,30.644974599606634,0,0
2026-05-30T13:27:07Z,30.711076129796353,0,0
2026-05-30T13:27:12Z,29.25375157627505,0,0
2026-05-30T13:27:17Z,22.775066212700416,0,0
2026-05-30T13:27:22Z,23.267665975271036,0,0
2026-05-30T13:27:27Z,24.03350159212166,0,0
2026-05-30T13:27:32Z,26.172554317874315,0,0
2026-05-30T13:27:37Z,25.819329388998334,0,0
2026-05-30T13:27:42Z,27.9035186942871,0,0
2026-05-30T13:27:47Z,28.520097563533042,0,0
2026-05-30T13:27:52Z,30.658723663491273,0,0
2026-05-30T13:27:57Z,27.121269910483647,0,0
2026-05-30T13:28:02Z,27.326020761675963,0,0
2026-05-30T13:28:07Z,26.38721077783746,0,0
2026-05-30T13:28:12Z,25.18324245669934,0,0
2026-05-30T13:28:17Z,26.134998247469035,0,0
2026-05-30T13:28:22Z,26.362348944054887,0,0
2026-05-30T13:28:27Z,26.411988812281677,0,0
2026-05-30T13:28:32Z,22.125997394474602,0,0
2026-05-30T13:28:37Z,22.43663048949294,0,0
2026-05-30T13:28:42Z,22.22714732758073,0,0
2026-05-30T13:28:47Z,23.6345512567633,0,0
2026-05-30T13:28:52Z,24.875707705861526,0,0
2026-05-30T13:28:57Z,21.201470664374757,0,0
2026-05-30T13:29:02Z,19.085958634886136,0,0
2026-05-30T13:29:07Z,18.852829890773442,0,0
2026-05-30T13:29:12Z,20.137878531083512,0,0
2026-05-30T13:29:17Z,22.57593849106747,0,0
2026-05-30T13:29:22Z,22.963342515649302,0,0
2026-05-30T13:29:27Z,22.321012444862433,0,0
2026-05-30T13:29:32Z,19.097739196405335,0,0
2026-05-30T13:29:37Z,20.705753046341744,0,0
2026-05-30T13:29:42Z,17.972635910607405,0,0
2026-05-30T13:29:47Z,18.52210073659613,0,0
2026-05-30T13:29:52Z,18.603173383345396,0,0
2026-05-30T13:29:57Z,19.709956508933264,0,0
2026-05-30T13:30:02Z,19.980525909374542,0,0
2026-05-30T13:30:07Z,19.507630222975934,0,0
2026-05-30T13:30:12Z,20.420253758146018,0,0
2026-05-30T13:30:17Z,24.010677927574783,0,0
2026-05-30T13:30:22Z,24.963548675440798,0,0
2026-05-30T13:30:27Z,24.644447275519553,0,0
2026-05-30T13:30:32Z,20.59530895911718,0,0
2026-05-30T13:30:37Z,20.247094447766816,0,0
2026-05-30T13:30:42Z,19.81405609910775,0,0
2026-05-30T13:30:47Z,24.409308923767995,0,0
2026-05-30T13:30:52Z,23.823796899617538,0,0
2026-05-30T13:30:57Z,23.315482346704894,0,0
2026-05-30T13:31:02Z,28.901161519889925,0,1
2026-05-30T13:31:07Z,39.32646252623618,0,1
2026-05-30T13:31:12Z,60.4159018000196,1,1
2026-05-30T13:31:17Z,89.18813429795497,1,1
2026-05-30T13:31:22Z,94.9060546045398,1,1
2026-05-30T13:31:27Z,127.61298591722817,1,1
2026-05-30T13:31:32Z,104.83342998820328,1,1
2026-05-30T13:31:37Z,100.83303923008812,1,1
2026-05-30T13:31:42Z,98.10081840031924,1,1
2026-05-30T13:31:47Z,86.17918696833743,1,1
2026-05-30T13:31:52Z,87.14615160478347,1,1
2026-05-30T13:31:57Z,47.132371033577115,1,1
2026-05-30T13:32:02Z,46.22657463868127,1,0
2026-05-30T13:32:07Z,46.26796691248917,1,0
2026-05-30T13:32:12Z,33.791301124902674,0,0
2026-05-30T13:32:17Z,30.463128392845952,0,0
2026-05-30T13:32:22Z,29.281525445936566,0,0
2026-05-30T13:32:27Z,28.793862865122563,0,0
2026-05-30T13:32:32Z,26.613962758634976,0,0
2026-05-30T13:32:37Z,25.91489263068644,0,0
2026-05-30T13:32:42Z,28.31299444382634,0,0
2026-05-30T13:32:47Z,24.294644936829,0,0
2026-05-30T13:32:52Z,24.335038637939885,0,0
2026-05-30T13:32:57Z,24.58878176672413,0,0
2026-05-30T13:33:02Z,26.397171146839575,0,0
2026-05-30T13:33:07Z,24.909798424378742,0,0
2026-05-30T13:33:12Z,28.070763971472566,0,0
2026-05-30T13:33:17Z,26.44789411294237,0,0
2026-05-30T13:33:22Z,27.452244789684983,0,0
2026-05-30T13:33:27Z,24.57265002029694,0,0
2026-05-30T13:33:32Z,25.030334567979928,0,0
2026-05-30T13:33:37Z,25.466410090589555,0,0
2026-05-30T13:33:42Z,25.468583147497093,0,0
2026-05-30T13:33:47Z,27.307996935232275,0,0
2026-05-30T13:33:52Z,26.251732391380777,0,0
2026-05-30T13:33:57Z,27.630978225523165,0,0
2026-05-30T13:34:02Z,26.212341481171343,0,0
2026-05-30T13:34:07Z,24.98347974569901,0,0
2026-05-30T13:34:12Z,23.975275812043826,0,0
2026-05-30T13:34:17Z,24.02944470374743,0,0
2026-05-30T13:34:22Z,23.41751298652769,0,0
2026-05-30T13:34:27Z,23.23310244479257,0,0
2026-05-30T13:34:32Z,22.184241574418753,0,0
2026-05-30T13:34:37Z,22.29064408255761,0,0
2026-05-30T13:34:42Z,24.463813279045436,0,0
2026-05-30T13:34:47Z,22.005553759432427,0,0
2026-05-30T13:34:52Z,21.83331541454979,0,0
2026-05-30T13:34:57Z,21.617082631328863,0,0
2026-05-30T13:35:02Z,23.57744291088245,0,0
2026-05-30T13:35:07Z,24.836032165639295,0,0
2026-05-30T13:35:12Z,27.079269926739507,0,0
2026-05-30T13:35:17Z,23.577835592641197,0,0
2026-05-30T13:35:22Z,21.657764003966786,0,0
2026-05-30T13:35:27Z,18.995610816384517,0,0
2026-05-30T13:35:32Z,17.896876870312497,0,0
2026-05-30T13:35:37Z,18.15319828592891,0,0
2026-05-30T13:35:42Z,18.836627290197285,0,0
2026-05-30T13:35:47Z,22.522111540032235,0,0
2026-05-30T13:35:52Z,22.502880992191056,0,0
2026-05-30T13:35:57Z,22.20327102566003,0,0
2026-05-30T13:36:02Z,18.65524273245867,0,0
2026-05-30T13:36:07Z,19.168437877543433,0,0
2026-05-30T13:36:12Z,20.62425467491071,0,0
2026-05-30T13:36:17Z,19.529630719002405,0,0
2026-05-30T13:36:22Z,22.88130237236346,0,0
2026-05-30T13:36:27Z,23.197714051022114,0,0
2026-05-30T13:36:32Z,21.877085291028457,0,0
2026-05-30T13:36:37Z,22.28790149769385,0,0
2026-05-30T13:36:42Z,25.783965973851707,0,1
2026-05-30T13:36:47Z,26.19840009444765,0,1
2026-05-30T13:36:52Z,27.187395549343947,0,1
2026-05-30T13:36:57Z,28.104317318495788,0,1
2026-05-30T13:37:02Z,28.94070946790262,0,1
2026-05-30T13:37:07Z,31.103717524376492,0,1
2026-05-30T13:37:12Z,30.148115121326214,0,1
2026-05-30T13:37:17Z,32.511261771849455,0,1
2026-05-30T13:37:22Z,34.50322704067704,0,1
2026-05-30T13:37:27Z,41.493844553710225,1,1
2026-05-30T13:37:32Z,41.22852278948926,1,1
2026-05-30T13:37:37Z,43.01553284550353,1,1
2026-05-30T13:37:42Z,42.33713687242236,1,0
2026-05-30T13:37:47Z,47.41835840697384,1,0
2026-05-30T13:37:52Z,34.08227281678184,0,0
2026-05-30T13:37:57Z,30.4309054067946,0,0
2026-05-30T13:38:02Z,32.443141815045166,0,0
2026-05-30T13:38:07Z,30.18380356568938,0,0
2026-05-30T13:38:12Z,33.07190919186649,0,0
2026-05-30T13:38:17Z,28.968989266021154,0,0
2026-05-30T13:38:22Z,27.920158558539846,0,0
2026-05-30T13:38:27Z,27.593705530797394,0,0
2026-05-30T13:38:32Z,27.25648387385511,0,0
2026-05-30T13:38:37Z,27.84230627455228,0,0
2026-05-30T13:38:42Z,27.18178978565188,0,0
2026-05-30T13:38:47Z,28.01698681281666,0,0
2026-05-30T13:38:52Z,28.592575416166596,0,0
2026-05-30T13:38:57Z,28.43105700873926,0,0
2026-05-30T13:39:02Z,32.017068983733566,0,0
2026-05-30T13:39:07Z,30.693358812423398,0,0
2026-05-30T13:39:12Z,32.30283242187786,0,0
2026-05-30T13:39:17Z,32.486296427248874,0,0
2026-05-30T13:39:22Z,33.17453266366898,0,0
2026-05-30T13:39:27Z,33.04093980157987,0,0
2026-05-30T13:39:32Z,28.765652645352816,0,0
2026-05-30T13:39:37Z,24.596683235340258,0,0
2026-05-30T13:39:42Z,26.23526622895946,0,0
2026-05-30T13:39:47Z,28.328088757803265,0,0
2026-05-30T13:39:52Z,27.429192176669552,0,0
2026-05-30T13:39:57Z,26.964521262972873,0,0
2026-05-30T13:40:02Z,24.37244870568772,0,0
2026-05-30T13:40:07Z,25.359036308777213,0,0
2026-05-30T13:40:12Z,25.644738804053503,0,0
2026-05-30T13:40:17Z,28.84659619921902,0,0
2026-05-30T13:40:22Z,28.814656880143367,0,0
2026-05-30T13:40:27Z,26.033627722246365,0,0
2026-05-30T13:40:32Z,27.759531884741726,0,0
2026-05-30T13:40:37Z,31.145241892433567,0,0
2026-05-30T13:40:42Z,23.99798322384226,0,0
2026-05-30T13:40:47Z,29.610843630779698,0,0
2026-05-30T13:40:52Z,30.28491814121994,0,0
2026-05-30T13:40:57Z,23.054432873573997,0,0
2026-05-30T13:41:02Z,17.354930363967775,0,0
2026-05-30T13:41:07Z,18.46697656211917,0,0
2026-05-30T13:41:12Z,19.40347147182493,0,0
2026-05-30T13:41:17Z,22.112723803600304,0,0
2026-05-30T13:41:22Z,20.70221604619537,0,0
2026-05-30T13:41:27Z,19.550915182236604,0,0
2026-05-30T13:41:32Z,17.61415999840583,0,0
2026-05-30T13:41:37Z,20.799356025257723,0,0
2026-05-30T13:41:42Z,23.741114026451598,0,0
2026-05-30T13:41:47Z,20.440912470773842,0,0
2026-05-30T13:41:52Z,19.348863249152096,0,0
2026-05-30T13:41:57Z,17.927236242108613,0,0
2026-05-30T13:42:02Z,17.45294342554658,0,0
2026-05-30T13:42:07Z,17.782004749788612,0,0
2026-05-30T13:42:12Z,21.536009263853273,0,0
2026-05-30T13:42:17Z,21.061664651714867,0,0
2026-05-30T13:42:22Z,20.97477333685798,0,0
2026-05-30T13:42:27Z,18.324224854915094,0,0
2026-05-30T13:42:32Z,18.596590397496406,0,0
2026-05-30T13:42:37Z,20.482161202579533,0,0
2026-05-30T13:42:42Z,27.542090429087665,0,0
2026-05-30T13:42:47Z,24.18627641307826,0,0
2026-05-30T13:42:52Z,25.541919669311284,0,0
2026-05-30T13:42:57Z,30.14543831230577,0,0
2026-05-30T13:43:02Z,27.146940783027667,0,1
2026-05-30T13:43:07Z,28.90220614777931,0,1
2026-05-30T13:43:12Z,33.17673867066952,0,1
2026-05-30T13:43:17Z,69.33695905308421,1,1
2026-05-30T13:43:22Z,79.0430562628456,1,1
2026-05-30T13:43:27Z,103.62139617830556,1,1
2026-05-30T13:43:32Z,75.99738937361812,1,1
2026-05-30T13:43:37Z,65.80124557962343,1,1
2026-05-30T13:43:42Z,66.78047221482272,1,1
2026-05-30T13:43:47Z,66.2272413080565,1,1
2026-05-30T13:43:52Z,75.79780490036163,1,1
2026-05-30T13:43:57Z,57.035864552152766,1,1
2026-05-30T13:44:02Z,49.15955310489034,1,0
2026-05-30T13:44:07Z,51.36009102077169,1,0
2026-05-30T13:44:12Z,48.16852303721218,1,0
2026-05-30T13:44:17Z,42.258761825156334,1,0
2026-05-30T13:44:22Z,41.09250849221093,1,0
2026-05-30T13:44:27Z,31.231825897532737,0,0
2026-05-30T13:44:32Z,30.179753790734694,0,0
2026-05-30T13:44:37Z,29.813267987207723,0,0
2026-05-30T13:44:42Z,30.922401763202082,0,0
2026-05-30T13:44:47Z,35.420126972224736,0,0
2026-05-30T13:44:52Z,34.77252337613041,0,0
2026-05-30T13:44:57Z,35.38135519996323,0,0
2026-05-30T13:45:02Z,49.57646198544766,1,0
2026-05-30T13:45:07Z,50.098958392600316,1,0
2026-05-30T13:45:12Z,42.956145437365386,1,0
2026-05-30T13:45:17Z,32.27909264812723,0,0
2026-05-30T13:45:22Z,32.185856862114406,0,0
2026-05-30T13:45:27Z,33.351816201972525,0,0
2026-05-30T13:45:32Z,34.31678871322835,0,0
2026-05-30T13:45:37Z,35.37809353457311,0,0
2026-05-30T13:45:42Z,36.69878888424378,0,0
2026-05-30T13:45:47Z,37.35528123518762,0,0
2026-05-30T13:45:52Z,38.3890246109938,0,0
2026-05-30T13:45:57Z,37.90366069013477,0,0
2026-05-30T13:46:02Z,31.296630039764302,0,0
2026-05-30T13:46:07Z,31.57871080744028,0,0
2026-05-30T13:46:12Z,32.269346919195975,0,0
2026-05-30T13:46:17Z,33.56310813648386,0,0
2026-05-30T13:46:22Z,34.18376999875875,0,0
2026-05-30T13:46:27Z,34.17443279320881,0,0
2026-05-30T13:46:32Z,31.995209431984406,0,0
2026-05-30T13:46:37Z,31.777289185138827,0,0
2026-05-30T13:46:42Z,32.36354927578675,0,0
2026-05-30T13:46:47Z,35.8943601117999,0,0
2026-05-30T13:46:52Z,36.68895170387667,0,0
2026-05-30T13:46:57Z,31.844830921377934,0,0
2026-05-30T13:47:02Z,30.26881592966602,0,0
2026-05-30T13:47:07Z,31.501753505454722,0,0
2026-05-30T13:47:12Z,37.14351396860146,0,0
2026-05-30T13:47:17Z,31.570442855481083,0,0
2026-05-30T13:47:22Z,31.321589881174482,0,0
2026-05-30T13:47:27Z,24.515695124024333,0,0
2026-05-30T13:47:32Z,26.62228960864107,0,0
2026-05-30T13:47:37Z,27.493723027606322,0,0
2026-05-30T13:47:42Z,26.097901503772192,0,0
2026-05-30T13:47:47Z,23.12240794346736,0,0
2026-05-30T13:47:52Z,23.591887922500785,0,0
2026-05-30T13:47:57Z,24.948611906818357,0,0
2026-05-30T13:48:02Z,30.460223049164718,0,0
2026-05-30T13:48:07Z,29.645381369095197,0,0
2026-05-30T13:48:12Z,32.18393856962691,0,0
2026-05-30T13:48:17Z,27.958945538709592,0,1
2026-05-30T13:48:22Z,25.312576338048785,0,1
2026-05-30T13:48:27Z,20.695534078749212,0,1
2026-05-30T13:48:32Z,20.786614431240096,0,1
2026-05-30T13:48:37Z,21.828071564038872,0,1
2026-05-30T13:48:42Z,21.695763284626246,0,1
2026-05-30T13:48:47Z,29.338240523683915,0,1
2026-05-30T13:48:52Z,30.538229316761146,0,1
2026-05-30T13:48:57Z,31.13128819769816,0,1
2026-05-30T13:49:02Z,49.3112495607083,1,1
2026-05-30T13:49:07Z,49.129545792405374,1,1
2026-05-30T13:49:12Z,47.400523711003146,1,1
2026-05-30T13:49:17Z,39.34166478363815,0,0
2026-05-30T13:49:22Z,25.532010082451293,0,0
2026-05-30T13:49:27Z,29.13931715309498,0,0
2026-05-30T13:49:32Z,29.74339596710152,0,0
2026-05-30T13:49:37Z,30.96576131512478,0,0
2026-05-30T13:49:42Z,24.657116587151787,0,0
2026-05-30T13:49:47Z,20.815490394584,0,0
2026-05-30T13:49:52Z,21.037343264849792,0,0
2026-05-30T13:49:57Z,20.879908873770123,0,0
2026-05-30T13:50:02Z,21.724824124794782,0,0
2026-05-30T13:50:07Z,21.91512988655067,0,0
2026-05-30T13:50:12Z,22.83492379443744,0,0
2026-05-30T13:50:17Z,23.125164693515863,0,0
2026-05-30T13:50:22Z,23.745812896312856,0,0
2026-05-30T13:50:27Z,23.652104809041056,0,0
2026-05-30T13:50:32Z,23.372785680247894,0,0
2026-05-30T13:50:37Z,23.1575493541291,0,0
2026-05-30T13:50:42Z,22.1847865211735,0,0
2026-05-30T13:50:47Z,38.24123732800314,0,0
2026-05-30T13:50:52Z,41.478122639482685,1,0
2026-05-30T13:50:57Z,43.71077661773922,1,0
2026-05-30T13:51:02Z,25.780735653012485,0,0
2026-05-30T13:51:07Z,27.874899236315443,0,0
2026-05-30T13:51:12Z,24.224349538077504,0,0
2026-05-30T13:51:17Z,25.054552937830074,0,0
2026-05-30T13:51:22Z,25.288526084494244,0,0
2026-05-30T13:51:27Z,30.440661569629043,0,0
2026-05-30T13:51:32Z,31.087465633223346,0,0
2026-05-30T13:51:37Z,31.607879816191463,0,0
2026-05-30T13:51:42Z,27.61936104802753,0,0
2026-05-30T13:51:47Z,25.057847468292664,0,0
2026-05-30T13:51:52Z,24.6036858628478,0,0
2026-05-30T13:51:57Z,23.407760456552634,0,0
2026-05-30T13:52:02Z,23.70580732598695,0,0
2026-05-30T13:52:07Z,24.82966661042696,0,0
2026-05-30T13:52:12Z,23.259936617053523,0,0
2026-05-30T13:52:17Z,24.76618061318195,0,0
2026-05-30T13:52:22Z,25.34367156842827,0,0
2026-05-30T13:52:27Z,25.428977497219535,0,0
2026-05-30T13:52:32Z,23.191772569440552,0,0
2026-05-30T13:52:37Z,24.60772679506973,0,0
2026-05-30T13:52:42Z,24.70205016843339,0,0
2026-05-30T13:52:47Z,23.872223345535005,0,0
2026-05-30T13:52:52Z,23.78519484402122,0,0
2026-05-30T13:52:57Z,19.869939813324468,0,0
2026-05-30T13:53:02Z,19.966149665429523,0,0
2026-05-30T13:53:07Z,20.22715149706731,0,0
2026-05-30T13:53:12Z,18.905032653756233,0,0
2026-05-30T13:53:17Z,18.903053164422737,0,0
2026-05-30T13:53:22Z,18.932545157841645,0,0
2026-05-30T13:53:27Z,18.050291344896987,0,0
2026-05-30T13:53:32Z,26.24781820868364,0,0
2026-05-30T13:53:37Z,29.144882313781196,0,0
2026-05-30T13:53:42Z,28.206318514918756,0,0
2026-05-30T13:53:47Z,28.507162524903563,0,1
2026-05-30T13:53:52Z,29.477301555909087,0,1
2026-05-30T13:53:57Z,41.25872288004879,1,1
2026-05-30T13:54:02Z,77.23399279824328,1,1
2026-05-30T13:54:07Z,84.7014028587762,1,1
2026-05-30T13:54:12Z,113.67430443851181,1,1
2026-05-30T13:54:17Z,85.32827632037832,1,1
2026-05-30T13:54:22Z,78.71552013069565,1,1
2026-05-30T13:54:27Z,77.11549955313473,1,1
2026-05-30T13:54:32Z,77.07051969264573,1,1
2026-05-30T13:54:37Z,81.9277141383009,1,1
2026-05-30T13:54:42Z,61.77336290057434,1,1
2026-05-30T13:54:47Z,50.083150841126745,1,0
2026-05-30T13:54:52Z,49.590386943144416,1,0
2026-05-30T13:54:57Z,47.099424341337205,1,0
2026-05-30T13:55:02Z,51.569148284738354,1,0
2026-05-30T13:55:07Z,46.37932050986577,1,0
2026-05-30T13:55:12Z,34.06447263543274,0,0
2026-05-30T13:55:17Z,33.72083904853444,0,0
2026-05-30T13:55:22Z,33.982518871301274,0,0
2026-05-30T13:55:27Z,33.215310797159674,0,0
2026-05-30T13:55:32Z,36.47245340065552,0,0
2026-05-30T13:55:37Z,37.42911778226836,0,0
2026-05-30T13:55:42Z,34.84030122342973,0,0
2026-05-30T13:55:47Z,42.68886092875384,1,0
2026-05-30T13:55:52Z,41.67524762401398,1,0
2026-05-30T13:55:57Z,41.60293931989069,1,0
2026-05-30T13:56:02Z,33.10747665236427,0,0
2026-05-30T13:56:07Z,33.58102015097984,0,0
2026-05-30T13:56:12Z,33.85970096092019,0,0
2026-05-30T13:56:17Z,38.96840303490005,0,0
2026-05-30T13:56:22Z,37.880840183249745,0,0
2026-05-30T13:56:27Z,38.480419881522295,0,0
2026-05-30T13:56:32Z,34.02506874415978,0,0
2026-05-30T13:56:37Z,35.51238212438901,0,0
2026-05-30T13:56:42Z,37.009510795798654,0,0
2026-05-30T13:56:47Z,34.846744130603135,0,0
2026-05-30T13:56:52Z,35.550657408381376,0,0
2026-05-30T13:56:57Z,34.67513613257934,0,0
2026-05-30T13:57:02Z,37.787745576169314,0,0
2026-05-30T13:57:07Z,37.33353360010512,0,0
2026-05-30T13:57:12Z,39.772105018929764,0,0
2026-05-30T13:57:17Z,44.03934294852259,1,0
2026-05-30T13:57:22Z,43.73888850778409,1,0
2026-05-30T13:57:27Z,38.01537781725808,0,0
2026-05-30T13:57:32Z,32.10467599959662,0,0
2026-05-30T13:57:37Z,32.67686260630438,0,0
2026-05-30T13:57:42Z,33.441086965049834,0,0
2026-05-30T13:57:47Z,35.20547721384276,0,0
2026-05-30T13:57:52Z,33.14524246735401,0,0
2026-05-30T13:57:57Z,32.26237315234576,0,0
2026-05-30T13:58:02Z,31.115541420594198,0,0
2026-05-30T13:58:07Z,31.407901283153272,0,0
2026-05-30T13:58:12Z,30.186041246346306,0,0
2026-05-30T13:58:17Z,30.187453510760875,0,0
2026-05-30T13:58:22Z,29.847605426638765,0,0
2026-05-30T13:58:27Z,29.083343720310495,0,0
2026-05-30T13:58:32Z,29.04295909941746,0,0
2026-05-30T13:58:37Z,29.121659357585415,0,0
2026-05-30T13:58:42Z,29.18157764274912,0,0
2026-05-30T13:58:47Z,40.001623966819615,0,0
2026-05-30T13:58:52Z,43.43566249884139,1,0
2026-05-30T13:58:57Z,44.47406767056511,1,0
2026-05-30T13:59:02Z,33.96972511053975,0,0
2026-05-30T13:59:07Z,32.38590153636995,0,0
2026-05-30T13:59:12Z,30.53981371422173,0,0
2026-05-30T13:59:17Z,32.6295151629657,0,0
2026-05-30T13:59:22Z,29.140913291824596,0,0
2026-05-30T13:59:27Z,26.134711472309597,0,0
2026-05-30T13:59:32Z,24.81895882269563,0,0
2026-05-30T13:59:37Z,24.940641439059117,0,0
2026-05-30T13:59:42Z,23.365872240115237,0,0
2026-05-30T13:59:47Z,24.130610689314953,0,0
2026-05-30T13:59:52Z,24.278089104228314,0,0
2026-05-30T13:59:57Z,22.787632357246547,0,0
2026-05-30T14:00:02Z,22.614946259457792,0,0
2026-05-30T14:00:07Z,23.30548142001214,0,0
2026-05-30T14:00:12Z,23.78603358130952,0,0
2026-05-30T14:00:17Z,27.520293242884662,0,0
2026-05-30T14:00:22Z,25.00664351425221,0,0
2026-05-30T14:00:27Z,23.00903071024143,0,0
2026-05-30T14:00:32Z,21.487763484476766,0,0
2026-05-30T14:00:37Z,22.801721305198072,0,0
2026-05-30T14:00:42Z,22.798930320649006,0,0
2026-05-30T14:00:47Z,28.350877052805806,0,1
2026-05-30T14:00:52Z,28.938146801316222,0,1
2026-05-30T14:00:57Z,33.22106844134855,0,1
2026-05-30T14:01:02Z,26.084881504757853,0,1
2026-05-30T14:01:07Z,27.62801975029449,0,1
2026-05-30T14:01:12Z,34.805525449039756,0,1
2026-05-30T14:01:17Z,37.12430772021164,0,1
2026-05-30T14:01:22Z,37.52743510315739,0,1
2026-05-30T14:01:27Z,39.21165982073599,0,1
2026-05-30T14:01:32Z,33.46731256345751,0,1
2026-05-30T14:01:37Z,34.324474140890274,0,1
2026-05-30T14:01:42Z,43.864380594443915,1,1
2026-05-30T14:01:47Z,44.260246126937325,1,0
2026-05-30T14:01:52Z,36.729143929172686,0,0
2026-05-30T14:01:57Z,36.284642482040816,0,0
2026-05-30T14:02:02Z,33.202827825800824,0,0
2026-05-30T14:02:07Z,26.34811975739013,0,0
2026-05-30T14:02:12Z,25.01638507787799,0,0
2026-05-30T14:02:17Z,24.76147268624113,0,0
2026-05-30T14:02:22Z,24.308975090980677,0,0
2026-05-30T14:02:27Z,24.006010989795676,0,0
2026-05-30T14:02:32Z,24.69978160611723,0,0
2026-05-30T14:02:37Z,27.131431501335932,0,0
2026-05-30T14:02:42Z,28.989921866646746,0,0
2026-05-30T14:02:47Z,26.907295875180125,0,0
2026-05-30T14:02:52Z,25.283838828440203,0,0
2026-05-30T14:02:57Z,28.10841244702518,0,0
2026-05-30T14:03:02Z,28.242726948271006,0,0
2026-05-30T14:03:07Z,28.54853096655053,0,0
2026-05-30T14:03:12Z,29.90846464983717,0,0
2026-05-30T14:03:17Z,36.41532187015614,0,0
2026-05-30T14:03:22Z,35.940768392939944,0,0
2026-05-30T14:03:27Z,29.641684169971725,0,0
2026-05-30T14:03:32Z,21.25027417573903,0,0
2026-05-30T14:03:37Z,21.15720421438618,0,0
2026-05-30T14:03:42Z,19.29328756706729,0,0
2026-05-30T14:03:47Z,18.832553821996118,0,0
2026-05-30T14:03:52Z,18.667040142926037,0,0
2026-05-30T14:03:57Z,18.89880915775013,0,0
2026-05-30T14:04:02Z,28.781091536365786,0,0
2026-05-30T14:04:07Z,29.855780390067366,0,0
2026-05-30T14:04:12Z,32.6643587475822,0,0
2026-05-30T14:04:17Z,26.776370672291314,0,0
2026-05-30T14:04:22Z,24.741773679210787,0,0
2026-05-30T14:04:27Z,21.472441343438664,0,0
2026-05-30T14:04:32Z,21.54330514985599,0,0
2026-05-30T14:04:37Z,22.178234445682612,0,0
2026-05-30T14:04:42Z,21.677662133531435,0,0
2026-05-30T14:04:47Z,22.298433768068243,0,0
2026-05-30T14:04:52Z,21.10674399023797,0,0
2026-05-30T14:04:57Z,21.21719269431939,0,0
2026-05-30T14:05:02Z,19.462744814363493,0,0
2026-05-30T14:05:07Z,20.47512663003593,0,0
2026-05-30T14:05:12Z,18.22132840561398,0,0
2026-05-30T14:05:17Z,20.853541146875433,0,0
2026-05-30T14:05:22Z,23.93557265135343,0,0
2026-05-30T14:05:27Z,31.641755814798913,0,0
2026-05-30T14:05:32Z,34.14676760506571,0,0
2026-05-30T14:05:37Z,32.804760625739156,0,0
2026-05-30T14:05:42Z,28.29291232854139,0,0
2026-05-30T14:05:47Z,28.41596169983827,0,0
2026-05-30T14:05:52Z,27.048684906750047,0,0
2026-05-30T14:05:57Z,26.72050085541153,0,0
2026-05-30T14:06:02Z,25.739447501924985,0,0
2026-05-30T14:06:07Z,27.64834201569007,0,0
2026-05-30T14:06:12Z,26.142588904123578,0,0
2026-05-30T14:06:17Z,25.36867380158042,0,0
2026-05-30T14:06:22Z,26.80542020215875,0,0
2026-05-30T14:06:27Z,26.783324381481314,0,0
2026-05-30T14:06:32Z,32.743350712292745,0,0
2026-05-30T14:06:37Z,36.794012101491504,0,0
2026-05-30T14:06:42Z,40.28966059478516,1,0
2026-05-30T14:06:47Z,29.696279886273857,0,0
2026-05-30T14:06:52Z,29.63060043084596,0,0
2026-05-30T14:06:57Z,28.050433908620953,0,0
2026-05-30T14:07:02Z,28.78279132869435,0,0
2026-05-30T14:07:07Z,29.023376163647477,0,0
2026-05-30T14:07:12Z,27.277200825403085,0,0
2026-05-30T14:07:17Z,28.920354656101168,0,0
2026-05-30T14:07:22Z,34.13608885759079,0,1
2026-05-30T14:07:27Z,40.07366472971951,0,1
2026-05-30T14:07:32Z,81.72949365597545,1,1
2026-05-30T14:07:37Z,94.4579068053609,1,1
2026-05-30T14:07:42Z,120.36940796438977,1,1
2026-05-30T14:07:47Z,98.77856347414757,1,1
2026-05-30T14:07:52Z,93.95006903919227,1,1
2026-05-30T14:07:57Z,96.80500071115424,1,1
2026-05-30T14:08:02Z,84.38575503135398,1,1
2026-05-30T14:08:07Z,82.19450057491271,1,1
2026-05-30T14:08:12Z,55.6262890021686,1,1
2026-05-30T14:08:17Z,67.95224369214787,1,0
2026-05-30T14:08:22Z,68.41063970111301,1,0
2026-05-30T14:08:27Z,51.69707501656277,1,0
2026-05-30T14:08:32Z,35.96272378836756,0,0
2026-05-30T14:08:37Z,38.684465860878575,0,0
2026-05-30T14:08:42Z,38.71455891256434,0,0
2026-05-30T14:08:47Z,38.48566696290749,0,0
2026-05-30T14:08:52Z,36.908310481621,0,0
2026-05-30T14:08:57Z,34.33739075178594,0,0
2026-05-30T14:09:02Z,30.54094857466867,0,0
2026-05-30T14:09:07Z,30.555915157049988,0,0
2026-05-30T14:09:12Z,32.812010793450455,0,0
2026-05-30T14:09:17Z,31.427996990583445,0,0
2026-05-30T14:09:22Z,31.69958973192859,0,0
2026-05-30T14:09:27Z,32.60179712024449,0,0
2026-05-30T14:09:32Z,31.042066625905207,0,0
2026-05-30T14:09:37Z,31.989751370868376,0,0
2026-05-30T14:09:42Z,27.123430558147263,0,0
2026-05-30T14:09:47Z,26.79115017159863,0,0
2026-05-30T14:09:52Z,27.752988506398232,0,0
2026-05-30T14:09:57Z,28.50730057176952,0,0
2026-05-30T14:10:02Z,29.742105026917024,0,0
2026-05-30T14:10:07Z,30.216920371144617,0,0
2026-05-30T14:10:12Z,28.086726550456504,0,0
2026-05-30T14:10:17Z,27.47643416935928,0,0
2026-05-30T14:10:22Z,28.37917488097179,0,0
2026-05-30T14:10:27Z,25.405960941033428,0,0
2026-05-30T14:10:32Z,25.990651081639875,0,0
2026-05-30T14:10:37Z,26.47450309528768,0,0
2026-05-30T14:10:42Z,25.247767694455263,0,0
2026-05-30T14:10:47Z,26.131202915458616,0,0
2026-05-30T14:10:52Z,25.095861044837783,0,0
2026-05-30T14:10:57Z,25.776387761523324,0,0
2026-05-30T14:11:02Z,27.84197169439385,0,0
2026-05-30T14:11:07Z,27.79680309280866,0,0
2026-05-30T14:11:12Z,21.610090501704637,0,0
2026-05-30T14:11:17Z,24.78114452588818,0,0
2026-05-30T14:11:22Z,26.09420511050773,0,0
2026-05-30T14:11:27Z,27.183180067203494,0,0
2026-05-30T14:11:32Z,22.08379746772184,0,0
2026-05-30T14:11:37Z,23.49233990975566,0,0
2026-05-30T14:11:42Z,20.386406746782736,0,0
2026-05-30T14:11:47Z,21.808211018812063,0,0
2026-05-30T14:11:52Z,24.332485183817884,0,0
2026-05-30T14:11:57Z,26.42069896711945,0,0
2026-05-30T14:12:02Z,24.439590876406292,0,0
2026-05-30T14:12:07Z,23.6267113924056,0,0
2026-05-30T14:12:12Z,22.44571427181889,0,0
2026-05-30T14:12:17Z,21.57242700404419,0,0
2026-05-30T14:12:22Z,23.432960497982823,0,0
2026-05-30T14:12:27Z,25.892777984915384,0,0
2026-05-30T14:12:32Z,28.679990332755544,0,0
2026-05-30T14:12:37Z,26.111389986036436,0,0
2026-05-30T14:12:42Z,22.21437086289677,0,0
2026-05-30T14:12:47Z,22.861005284640598,0,0
2026-05-30T14:12:52Z,24.943523770093154,0,0
2026-05-30T14:12:57Z,27.23787710154933,0,0
2026-05-30T14:13:02Z,25.752047591631232,0,0
2026-05-30T14:13:07Z,25.794062244465323,0,0
2026-05-30T14:13:12Z,23.158676597846174,0,0
2026-05-30T14:13:17Z,25.625444396778825,0,0
2026-05-30T14:13:22Z,28.343846377939954,0,0
2026-05-30T14:13:27Z,33.2036245265543,0,0
2026-05-30T14:13:32Z,25.727296034339844,0,0
2026-05-30T14:13:37Z,23.600152621235416,0,0
2026-05-30T14:13:42Z,24.540049083161378,0,0
2026-05-30T14:13:47Z,34.830605658966434,0,0
2026-05-30T14:13:52Z,36.629004564071344,0,0
2026-05-30T14:13:57Z,30.214083754081457,0,0
2026-05-30T14:14:02Z,22.764884997247904,0,0
2026-05-30T14:14:07Z,25.93105975379443,0,1
2026-05-30T14:14:12Z,21.79141322383772,0,1
2026-05-30T14:14:17Z,23.069465192393462,0,1
2026-05-30T14:14:22Z,23.440584681171835,0,1
2026-05-30T14:14:27Z,24.760828928032605,0,1
2026-05-30T14:14:32Z,30.637298576345614,0,1
2026-05-30T14:14:37Z,35.43826056624205,0,1
2026-05-30T14:14:42Z,40.36593686734616,1,1
2026-05-30T14:14:47Z,46.46318832194114,1,1
2026-05-30T14:14:52Z,40.49555856622615,1,1
2026-05-30T14:14:57Z,39.38573483925118,0,1
2026-05-30T14:15:02Z,44.29666104016207,1,1
2026-05-30T14:15:07Z,43.79847872867687,1,0
2026-05-30T14:15:12Z,36.55718171659849,0,0
2026-05-30T14:15:17Z,30.471492996987003,0,0
2026-05-30T14:15:22Z,29.980079440550362,0,0
2026-05-30T14:15:27Z,30.95194822463651,0,0
2026-05-30T14:15:32Z,32.213899456235815,0,0
2026-05-30T14:15:37Z,29.586229597054356,0,0
2026-05-30T14:15:42Z,28.25596030769468,0,0
2026-05-30T14:15:47Z,25.519980144561657,0,0
2026-05-30T14:15:52Z,26.376225459798498,0,0
2026-05-30T14:15:57Z,26.778786368843576,0,0
2026-05-30T14:16:02Z,28.44415444091863,0,0
2026-05-30T14:16:07Z,31.76127565255176,0,0
2026-05-30T14:16:12Z,31.885264555022587,0,0
2026-05-30T14:16:17Z,27.58663697942957,0,0
2026-05-30T14:16:22Z,28.55117154446993,0,0
2026-05-30T14:16:27Z,31.836543083995764,0,0
2026-05-30T14:16:32Z,33.29713685631388,0,0
2026-05-30T14:16:37Z,31.22293624736829,0,0
2026-05-30T14:16:42Z,26.720805688000333,0,0
2026-05-30T14:16:47Z,29.90980507773235,0,0
2026-05-30T14:16:52Z,30.721521188859377,0,0
2026-05-30T14:16:57Z,30.131200041350233,0,0
2026-05-30T14:17:02Z,28.52253708129782,0,0
2026-05-30T14:17:07Z,28.293990094215168,0,0
2026-05-30T14:17:12Z,27.69983060739552,0,0
2026-05-30T14:17:17Z,30.244494150817744,0,0
2026-05-30T14:17:22Z,29.336961112365344,0,0
2026-05-30T14:17:27Z,27.32249830613619,0,0
2026-05-30T14:17:32Z,30.46522002509583,0,0
2026-05-30T14:17:37Z,30.96810061740392,0,0
2026-05-30T14:17:42Z,27.00084483098692,0,0
2026-05-30T14:17:47Z,23.735463247128163,0,0
2026-05-30T14:17:52Z,24.15525266297961,0,0
2026-05-30T14:17:57Z,25.15764335565335,0,0
2026-05-30T14:18:02Z,22.707752474066368,0,0
2026-05-30T14:18:07Z,23.045189664066758,0,0
2026-05-30T14:18:12Z,23.17987297924815,0,0
2026-05-30T14:18:17Z,27.012424591190836,0,0
2026-05-30T14:18:22Z,26.924211825330623,0,0
2026-05-30T14:18:27Z,26.096992924787074,0,0
2026-05-30T14:18:32Z,26.007402914626134,0,0
2026-05-30T14:18:37Z,27.118846956294227,0,0
2026-05-30T14:18:42Z,26.642874884178624,0,0
2026-05-30T14:18:47Z,22.315269179793283,0,0
2026-05-30T14:18:52Z,22.81883870859303,0,0
2026-05-30T14:18:57Z,23.524451614124064,0,0
2026-05-30T14:19:02Z,22.70424799162574,0,0
2026-05-30T14:19:07Z,23.93307335396345,0,0
2026-05-30T14:19:12Z,28.30652496966394,0,0
2026-05-30T14:19:17Z,26.16231608504583,0,0
2026-05-30T14:19:22Z,26.283436855224565,0,0
2026-05-30T14:19:27Z,22.570009306732043,0,0
2026-05-30T14:19:32Z,25.45020150003205,0,0
2026-05-30T14:19:37Z,27.59609052149043,0,0
2026-05-30T14:19:42Z,23.39992991392351,0,0
2026-05-30T14:19:47Z,23.317827126881905,0,0
2026-05-30T14:19:52Z,25.30451849256427,0,1
2026-05-30T14:19:57Z,24.731200141850294,0,1
2026-05-30T14:20:02Z,41.42453655048683,1,1
2026-05-30T14:20:07Z,56.855377723077446,1,1
2026-05-30T14:20:12Z,85.26974852846968,1,1
2026-05-30T14:20:17Z,87.9653759772747,1,1
2026-05-30T14:20:22Z,82.98641322664382,1,1
2026-05-30T14:20:27Z,86.67926696558176,1,1
2026-05-30T14:20:32Z,69.26468279163419,1,1
2026-05-30T14:20:37Z,70.19737602450512,1,1
2026-05-30T14:20:42Z,63.041664710344094,1,1
2026-05-30T14:20:47Z,70.73907907294186,1,1
2026-05-30T14:20:52Z,66.56185092794385,1,0
2026-05-30T14:20:57Z,42.05122691587958,1,0
2026-05-30T14:21:02Z,42.91141958927585,1,0
2026-05-30T14:21:07Z,37.49122215765336,0,0
2026-05-30T14:21:12Z,36.18514746303679,0,0
2026-05-30T14:21:17Z,34.54696479394034,0,0
2026-05-30T14:21:22Z,35.21231737461814,0,0
2026-05-30T14:21:27Z,35.277291788007574,0,0
2026-05-30T14:21:32Z,38.554850225010895,0,0
2026-05-30T14:21:37Z,37.213898638874156,0,0
2026-05-30T14:21:42Z,33.53482059694035,0,0
2026-05-30T14:21:47Z,34.69441178067538,0,0
2026-05-30T14:21:52Z,33.504397987957674,0,0
2026-05-30T14:21:57Z,32.49903430344443,0,0
2026-05-30T14:22:02Z,29.70194789853221,0,0
2026-05-30T14:22:07Z,33.407584925618046,0,0
2026-05-30T14:22:12Z,31.610396831777074,0,0
2026-05-30T14:22:17Z,32.36735958371591,0,0
2026-05-30T14:22:22Z,29.840304996439734,0,0
2026-05-30T14:22:27Z,31.956857861078213,0,0
2026-05-30T14:22:32Z,34.10522436227104,0,0
2026-05-30T14:22:37Z,32.53711594681683,0,0
2026-05-30T14:22:42Z,32.70141341162365,0,0
2026-05-30T14:22:47Z,31.371985140226407,0,0
2026-05-30T14:22:52Z,32.16218778542172,0,0
2026-05-30T14:22:57Z,31.551013760060698,0,0
2026-05-30T14:23:02Z,30.621945365487512,0,0
2026-05-30T14:23:07Z,30.66586515089272,0,0
2026-05-30T14:23:12Z,31.863798392156774,0,0
2026-05-30T14:23:17Z,32.69979553322979,0,0
2026-05-30T14:23:22Z,33.39510700249329,0,0
2026-05-30T14:23:27Z,31.035497883118786,0,0
2026-05-30T14:23:32Z,33.97761848710718,0,0
2026-05-30T14:23:37Z,31.922381100174,0,0
2026-05-30T14:23:42Z,31.334196170487978,0,0
2026-05-30T14:23:47Z,30.186099631315166,0,0
2026-05-30T14:23:52Z,30.356153067847792,0,0
2026-05-30T14:23:57Z,29.75779580301719,0,0
2026-05-30T14:24:02Z,31.542058306846883,0,0
2026-05-30T14:24:07Z,31.01869352276617,0,0
2026-05-30T14:24:12Z,32.6639933748805,0,0
2026-05-30T14:24:17Z,33.841707719550236,0,0
2026-05-30T14:24:22Z,35.03904535695678,0,0
2026-05-30T14:24:27Z,34.98016514924712,0,0
2026-05-30T14:24:32Z,29.912913704973022,0,0
2026-05-30T14:24:37Z,30.13926268305567,0,0
2026-05-30T14:24:42Z,31.325988108816716,0,0
2026-05-30T14:24:47Z,45.89188192694365,1,0
2026-05-30T14:24:52Z,46.15766500524071,1,0
2026-05-30T14:24:57Z,51.036536435669134,1,0
2026-05-30T14:25:02Z,37.05611123457108,0,0
2026-05-30T14:25:07Z,34.3393996842492,0,0
2026-05-30T14:25:12Z,31.13132790741531,0,0
2026-05-30T14:25:17Z,27.494926722697414,0,0
2026-05-30T14:25:22Z,27.849529547747494,0,0
2026-05-30T14:25:27Z,27.667513317588615,0,0
2026-05-30T14:25:32Z,26.10092384735242,0,0
2026-05-30T14:25:37Z,25.85936155457656,0,0
2026-05-30T14:25:42Z,27.43804152797337,0,0
2026-05-30T14:25:47Z,27.824488830923748,0,0
2026-05-30T14:25:52Z,28.6692345416269,0,0
2026-05-30T14:25:57Z,28.87525688422739,0,0
2026-05-30T14:26:02Z,25.59897198540046,0,0
2026-05-30T14:26:07Z,26.19486193971722,0,0
2026-05-30T14:26:12Z,26.789591334684417,0,0
2026-05-30T14:26:17Z,29.925968300944547,0,0
2026-05-30T14:26:22Z,31.1920701125894,0,0
2026-05-30T14:26:27Z,28.899806650428133,0,0
2026-05-30T14:26:32Z,23.61838666252503,0,0
2026-05-30T14:26:37Z,23.838289056781527,0,0
2026-05-30T14:26:42Z,25.530436997172565,0,0
2026-05-30T14:26:47Z,24.666948717365884,0,1
2026-05-30T14:26:52Z,24.964388973845885,0,1
2026-05-30T14:26:57Z,31.195366091414392,0,1
2026-05-30T14:27:02Z,30.468244028755343,0,1
2026-05-30T14:27:07Z,29.532868391092784,0,1
2026-05-30T14:27:12Z,31.585595319962422,0,1
2026-05-30T14:27:17Z,39.26260744796148,0,1
2026-05-30T14:27:22Z,48.06939462062646,1,1
2026-05-30T14:27:27Z,49.67762683438278,1,1
2026-05-30T14:27:32Z,51.75366504645077,1,1
2026-05-30T14:27:37Z,53.06929897756046,1,1
2026-05-30T14:27:42Z,48.09081729975859,1,1
2026-05-30T14:27:47Z,44.83771881473622,1,0
2026-05-30T14:27:52Z,37.185224218298615,0,0
2026-05-30T14:27:57Z,31.948712135848062,0,0
2026-05-30T14:28:02Z,36.020309280593416,0,0
2026-05-30T14:28:07Z,31.601247202882078,0,0
2026-05-30T14:28:12Z,30.324387363332526,0,0
2026-05-30T14:28:17Z,26.3116019409941,0,0
2026-05-30T14:28:22Z,25.31181481850075,0,0
2026-05-30T14:28:27Z,25.577080904752705,0,0
2026-05-30T14:28:32Z,29.456906713276766,0,0
2026-05-30T14:28:37Z,28.655910469879302,0,0
2026-05-30T14:28:42Z,26.34493021463527,0,0
2026-05-30T14:28:47Z,27.527144424819667,0,0
2026-05-30T14:28:52Z,27.961683865199944,0,0
2026-05-30T14:28:57Z,32.40520470029813,0,0
2026-05-30T14:29:02Z,29.1332588068571,0,0
2026-05-30T14:29:07Z,28.922290220329266,0,0
2026-05-30T14:29:12Z,27.99095389940559,0,0
2026-05-30T14:29:17Z,30.129382211835505,0,0
2026-05-30T14:29:22Z,32.53204408152375,0,0
2026-05-30T14:29:27Z,41.234597364884515,1,0
2026-05-30T14:29:32Z,42.3690054831162,1,0
2026-05-30T14:29:37Z,40.75730774551594,1,0
2026-05-30T14:29:42Z,32.56535706906107,0,0
2026-05-30T14:29:47Z,30.323402370740993,0,0
2026-05-30T14:29:52Z,25.74585489561217,0,0
2026-05-30T14:29:57Z,24.459813096077337,0,0
2026-05-30T14:30:02Z,33.28174066363784,0,0
2026-05-30T14:30:07Z,34.16970447211949,0,0
2026-05-30T14:30:12Z,36.14652677573626,0,0
2026-05-30T14:30:17Z,24.456800865737325,0,0
2026-05-30T14:30:22Z,19.63286568139105,0,0
2026-05-30T14:30:27Z,19.207925033535723,0,0
2026-05-30T14:30:32Z,22.28204885492498,0,0
2026-05-30T14:30:37Z,23.57416287066718,0,0
2026-05-30T14:30:42Z,21.415787777278965,0,0
2026-05-30T14:30:47Z,21.418761079253073,0,0
2026-05-30T14:30:52Z,22.64031223339255,0,0
2026-05-30T14:30:57Z,22.746369023165265,0,0
2026-05-30T14:31:02Z,20.19126073288995,0,0
2026-05-30T14:31:07Z,20.8972729032223,0,0
2026-05-30T14:31:12Z,19.42575561524492,0,0
2026-05-30T14:31:17Z,21.72044709982708,0,0
2026-05-30T14:31:22Z,21.503333676723848,0,0
2026-05-30T14:31:27Z,21.12790674002987,0,0
2026-05-30T14:31:32Z,17.78510614618483,0,0
2026-05-30T14:31:37Z,17.426495110738877,0,0
2026-05-30T14:31:42Z,18.202977454521736,0,0
2026-05-30T14:31:47Z,18.451320835579416,0,0
2026-05-30T14:31:52Z,18.855847360584853,0,0
2026-05-30T14:31:57Z,21.45587111712581,0,0
2026-05-30T14:32:02Z,17.728254455912296,0,0
2026-05-30T14:32:07Z,17.53269866430527,0,0
2026-05-30T14:32:12Z,17.781425221588574,0,0
2026-05-30T14:32:17Z,21.277455594570778,0,0
2026-05-30T14:32:22Z,22.928077638456564,0,0
2026-05-30T14:32:27Z,24.334639157880645,0,0
2026-05-30T14:32:32Z,20.186952928510824,0,0
2026-05-30T14:32:37Z,20.230021670661653,0,0
2026-05-30T14:32:42Z,19.238998008015837,0,0
2026-05-30T14:32:47Z,17.723419640100502,0,0
2026-05-30T14:32:52Z,18.323844261520644,0,0
2026-05-30T14:32:57Z,18.523187325427845,0,0
2026-05-30T14:33:02Z,23.072284049773195,0,1
2026-05-30T14:33:07Z,29.638604921465586,0,1
2026-05-30T14:33:12Z,42.649047927461645,1,1
2026-05-30T14:33:17Z,79.67558372216847,1,1
2026-05-30T14:33:22Z,85.4254223360948,1,1
2026-05-30T14:33:27Z,106.62180191790846,1,1
2026-05-30T14:33:32Z,82.53300663735985,1,1
2026-05-30T14:33:37Z,74.02293433907565,1,1
2026-05-30T14:33:42Z,83.09938743273099,1,1
2026-05-30T14:33:47Z,81.09172549706183,1,1
2026-05-30T14:33:52Z,76.81037910252853,1,1
2026-05-30T14:33:57Z,54.95330171146988,1,1
2026-05-30T14:34:02Z,48.48015184530006,1,0
2026-05-30T14:34:07Z,50.007999816431585,1,0
2026-05-30T14:34:12Z,29.924199620084607,0,0
2026-05-30T14:34:17Z,35.626711650432725,0,0
2026-05-30T14:34:22Z,30.244023303464523,0,0
2026-05-30T14:34:27Z,27.97434905985039,0,0
2026-05-30T14:34:32Z,29.684165658780742,0,0
2026-05-30T14:34:37Z,30.031906979242926,0,0
2026-05-30T14:34:42Z,26.30921616445155,0,0
2026-05-30T14:34:47Z,28.35019961858415,0,0
2026-05-30T14:34:52Z,27.90977407867613,0,0
2026-05-30T14:34:57Z,28.167336914222943,0,0
2026-05-30T14:35:02Z,28.234005859114404,0,0
2026-05-30T14:35:07Z,28.160841142778125,0,0
2026-05-30T14:35:12Z,28.05429285205502,0,0
2026-05-30T14:35:17Z,28.41651086312634,0,0
2026-05-30T14:35:22Z,29.914999869481974,0,0
2026-05-30T14:35:27Z,29.086860583323492,0,0
2026-05-30T14:35:32Z,25.6673739570723,0,0
2026-05-30T14:35:37Z,29.036004643501222,0,0
2026-05-30T14:35:42Z,27.41807783803293,0,0
2026-05-30T14:35:47Z,28.145301132912827,0,0
2026-05-30T14:35:52Z,28.980175307436674,0,0
2026-05-30T14:35:57Z,26.02794571415739,0,0
2026-05-30T14:36:02Z,25.450746356053166,0,0
2026-05-30T14:36:07Z,25.35288077191904,0,0
2026-05-30T14:36:12Z,25.16873018126074,0,0
2026-05-30T14:36:17Z,25.295118653086632,0,0
2026-05-30T14:36:22Z,24.604609347719826,0,0
2026-05-30T14:36:27Z,26.418630457925097,0,0
2026-05-30T14:36:32Z,24.68030308784098,0,0
2026-05-30T14:36:37Z,26.580891350523444,0,0
2026-05-30T14:36:42Z,27.456238322833805,0,0
2026-05-30T14:36:47Z,31.633674020711943,0,0
2026-05-30T14:36:52Z,30.63318223530616,0,0
2026-05-30T14:36:57Z,29.67078949075473,0,0
2026-05-30T14:37:02Z,29.422268454285366,0,0
2026-05-30T14:37:07Z,29.45675193205944,0,0
2026-05-30T14:37:12Z,25.885340954116707,0,0
2026-05-30T14:37:17Z,25.296390036313724,0,0
2026-05-30T14:37:22Z,24.7492275396778,0,0
2026-05-30T14:37:27Z,23.327489837900806,0,0
2026-05-30T14:37:32Z,24.273932909975706,0,0
2026-05-30T14:37:37Z,25.043777527845744,0,0
2026-05-30T14:37:42Z,26.952825324427074,0,0
2026-05-30T14:37:47Z,28.452405076133935,0,0
2026-05-30T14:37:52Z,28.136397792048918,0,0
2026-05-30T14:37:57Z,26.273303055077974,0,0
2026-05-30T14:38:02Z,25.995258852901635,0,0
2026-05-30T14:38:07Z,27.938661138971646,0,0
2026-05-30T14:38:12Z,29.962049295357993,0,0
2026-05-30T14:38:17Z,29.046282391729896,0,0
2026-05-30T14:38:22Z,27.067510793705118,0,0
2026-05-30T14:38:27Z,28.541871168717996,0,0
2026-05-30T14:38:32Z,30.245026331762553,0,0
2026-05-30T14:38:37Z,32.77035168174291,0,0
2026-05-30T14:38:42Z,31.017749697492704,0,0
2026-05-30T14:38:47Z,25.67919404389832,0,0
2026-05-30T14:38:52Z,25.701091431111614,0,0
2026-05-30T14:38:57Z,27.000668278269735,0,0
2026-05-30T14:39:02Z,25.022744079742385,0,0
2026-05-30T14:39:07Z,30.283423595442642,0,0
2026-05-30T14:39:12Z,34.54995714930727,0,0
2026-05-30T14:39:17Z,30.169938476595355,0,0
2026-05-30T14:39:22Z,27.876057056079162,0,0
2026-05-30T14:39:27Z,25.915970536442778,0,0
2026-05-30T14:39:32Z,26.518540304908434,0,0
2026-05-30T14:39:37Z,26.085267413050545,0,0
2026-05-30T14:39:42Z,25.568266798593548,0,0
2026-05-30T14:39:47Z,28.28626652376068,0,0
2026-05-30T14:39:52Z,28.558470230596356,0,0
2026-05-30T14:39:57Z,27.09555568407029,0,1
2026-05-30T14:40:02Z,26.360193830288033,0,1
2026-05-30T14:40:07Z,29.082875413899444,0,1
2026-05-30T14:40:12Z,36.61949800574685,0,1
2026-05-30T14:40:17Z,36.06466286744297,0,1
2026-05-30T14:40:22Z,39.02585256061935,0,1
2026-05-30T14:40:27Z,35.107971905491056,0,1
2026-05-30T14:40:32Z,36.80031462894439,0,1
2026-05-30T14:40:37Z,36.137924070291895,0,1
2026-05-30T14:40:42Z,43.27766738839589,1,1
2026-05-30T14:40:47Z,49.38957044840406,1,1
2026-05-30T14:40:52Z,36.786950098242826,0,1
2026-05-30T14:40:57Z,41.833964998053006,1,0
2026-05-30T14:41:02Z,32.667294590816454,0,0
2026-05-30T14:41:07Z,32.07448627582043,0,0
2026-05-30T14:41:12Z,29.745382784568953,0,0
2026-05-30T14:41:17Z,24.374739201244306,0,0
2026-05-30T14:41:22Z,23.73815083356508,0,0
2026-05-30T14:41:27Z,23.139511423705265,0,0
2026-05-30T14:41:32Z,18.17284720442053,0,0
2026-05-30T14:41:37Z,18.66951628948279,0,0
2026-05-30T14:41:42Z,19.486511462691368,0,0
2026-05-30T14:41:47Z,24.70786784655394,0,0
2026-05-30T14:41:52Z,28.22851857397962,0,0
2026-05-30T14:41:57Z,27.674751400227954,0,0
2026-05-30T14:42:02Z,23.135757597833493,0,0
2026-05-30T14:42:07Z,23.705025493545445,0,0
2026-05-30T14:42:12Z,20.522613605561357,0,0
2026-05-30T14:42:17Z,24.53757404266321,0,0
2026-05-30T14:42:22Z,22.101459428700327,0,0
2026-05-30T14:42:27Z,20.545270465151827,0,0
2026-05-30T14:42:32Z,21.782844752347803,0,0
2026-05-30T14:42:37Z,21.24579403642552,0,0
2026-05-30T14:42:42Z,21.88823493225934,0,0
2026-05-30T14:42:47Z,22.44733909762509,0,0
2026-05-30T14:42:52Z,22.52775866248033,0,0
2026-05-30T14:42:57Z,26.41457846884304,0,0
2026-05-30T14:43:02Z,25.604725839883848,0,0
2026-05-30T14:43:07Z,26.087427180243353,0,0
2026-05-30T14:43:12Z,25.779218713955906,0,0
2026-05-30T14:43:17Z,25.17996909390419,0,0
2026-05-30T14:43:22Z,24.650621425154323,0,0
2026-05-30T14:43:27Z,25.417398355226297,0,0
2026-05-30T14:43:32Z,25.052246970495393,0,0
2026-05-30T14:43:37Z,24.848086302725658,0,0
2026-05-30T14:43:42Z,24.509588857293213,0,0
2026-05-30T14:43:47Z,23.54066584676907,0,0
2026-05-30T14:43:52Z,22.989958258146675,0,0
2026-05-30T14:43:57Z,23.66556660323938,0,0
2026-05-30T14:44:02Z,22.358763187651117,0,0
2026-05-30T14:44:07Z,25.218153874123637,0,0
2026-05-30T14:44:12Z,24.380142164456394,0,0
2026-05-30T14:44:17Z,24.87205926892761,0,0
2026-05-30T14:44:22Z,23.263723427423574,0,0
2026-05-30T14:44:27Z,23.230847553515677,0,0
2026-05-30T14:44:32Z,24.428509404366867,0,0
2026-05-30T14:44:37Z,24.137365979234648,0,0
2026-05-30T14:44:42Z,22.639645584568285,0,0
2026-05-30T14:44:47Z,23.15070112169764,0,0
2026-05-30T14:44:52Z,23.679914926124027,0,0
2026-05-30T14:44:57Z,22.5505079288838,0,0
2026-05-30T14:45:02Z,23.356843968182638,0,0
2026-05-30T14:45:07Z,23.24885224158582,0,0
2026-05-30T14:45:12Z,25.11606042382786,0,1
2026-05-30T14:45:17Z,38.13612859730151,0,1
2026-05-30T14:45:22Z,52.03600422740941,1,1
2026-05-30T14:45:27Z,78.60314221904483,1,1
2026-05-30T14:45:32Z,95.09468345604438,1,1
2026-05-30T14:45:37Z,92.36524920080144,1,1
2026-05-30T14:45:42Z,111.73829329473233,1,1
2026-05-30T14:45:47Z,83.05008418298137,1,1
2026-05-30T14:45:52Z,85.75150583254096,1,1
2026-05-30T14:45:57Z,79.87370523500827,1,1
2026-05-30T14:46:02Z,73.54467204371674,1,1
2026-05-30T14:46:07Z,78.44221203486846,1,1
2026-05-30T14:46:12Z,43.595594054564835,1,0
2026-05-30T14:46:17Z,39.363887187947554,0,0
2026-05-30T14:46:22Z,41.831418910316344,1,0
2026-05-30T14:46:27Z,34.560109316607175,0,0
2026-05-30T14:46:32Z,31.997660570013352,0,0
2026-05-30T14:46:37Z,28.994523466024553,0,0
2026-05-30T14:46:42Z,28.65354081109426,0,0
2026-05-30T14:46:47Z,30.721732103330353,0,0
2026-05-30T14:46:52Z,32.67221917528144,0,0
2026-05-30T14:46:57Z,30.831507146523535,0,0
2026-05-30T14:47:02Z,27.381365187140126,0,0
2026-05-30T14:47:07Z,21.816124012417426,0,0
2026-05-30T14:47:12Z,23.327357078696387,0,0
2026-05-30T14:47:17Z,22.904627599896635,0,0
2026-05-30T14:47:22Z,22.136741320043917,0,0
2026-05-30T14:47:27Z,26.327571546124943,0,0
2026-05-30T14:47:32Z,24.935493795847474,0,0
2026-05-30T14:47:37Z,24.79281033113188,0,0
2026-05-30T14:47:42Z,23.14130592483368,0,0
2026-05-30T14:47:47Z,22.88966417905897,0,0
2026-05-30T14:47:52Z,24.879474877103394,0,0
2026-05-30T14:47:57Z,23.09028942717771,0,0
2026-05-30T14:48:02Z,28.800465246080748,0,0
2026-05-30T14:48:07Z,26.87869549358846,0,0
2026-05-30T14:48:12Z,23.84555905716276,0,0
2026-05-30T14:48:17Z,24.76809763003773,0,0
2026-05-30T14:48:22Z,24.210707161855574,0,0
2026-05-30T14:48:27Z,26.643242549040473,0,0
2026-05-30T14:48:32Z,23.3701911082457,0,0
2026-05-30T14:48:37Z,26.24586438964007,0,0
2026-05-30T14:48:42Z,23.133862637108614,0,0
2026-05-30T14:48:47Z,24.54128615953167,0,0
2026-05-30T14:48:52Z,24.01113003789393,0,0
2026-05-30T14:48:57Z,31.06736138847087,0,0
2026-05-30T14:49:02Z,28.86708259209047,0,0
2026-05-30T14:49:07Z,28.754418595248012,0,0
2026-05-30T14:49:12Z,22.88794320499848,0,0
2026-05-30T14:49:17Z,23.263417284298754,0,0
2026-05-30T14:49:22Z,23.58067188478849,0,0
2026-05-30T14:49:27Z,24.9504134283537,0,0
2026-05-30T14:49:32Z,22.404385631476803,0,0
2026-05-30T14:49:37Z,20.342660885565184,0,0
2026-05-30T14:49:42Z,20.130953056821856,0,0
2026-05-30T14:49:47Z,20.050842225628752,0,0
2026-05-30T14:49:52Z,22.08107409337683,0,0
2026-05-30T14:49:57Z,22.635567923293127,0,0
2026-05-30T14:50:02Z,20.302325043212544,0,0
2026-05-30T14:50:07Z,20.669303401484168,0,0
2026-05-30T14:50:12Z,20.711980201771734,0,0
2026-05-30T14:50:17Z,22.377426652266134,0,0
2026-05-30T14:50:22Z,21.1239456247427,0,0
2026-05-30T14:50:27Z,17.235767054565187,0,0
2026-05-30T14:50:32Z,21.667677847623864,0,0
2026-05-30T14:50:37Z,22.64779380302984,0,0
2026-05-30T14:50:42Z,33.861722577590506,0,0
2026-05-30T14:50:47Z,41.54801981248787,1,0
2026-05-30T14:50:52Z,38.63717011014135,0,0
2026-05-30T14:50:57Z,26.0959778091527,0,0
2026-05-30T14:51:02Z,22.125429927911327,0,0
2026-05-30T14:51:07Z,22.739703144209905,0,0
2026-05-30T14:51:12Z,23.474359945971468,0,0
2026-05-30T14:51:17Z,24.490216815802558,0,0
2026-05-30T14:51:22Z,23.1459187401877,0,0
2026-05-30T14:51:27Z,23.66427283100797,0,1
2026-05-30T14:51:32Z,20.140431521697295,0,1
2026-05-30T14:51:37Z,23.63234015594969,0,1
2026-05-30T14:51:42Z,22.993216469890402,0,1
2026-05-30T14:51:47Z,22.443378837064458,0,1
2026-05-30T14:51:52Z,23.78411436813814,0,1
2026-05-30T14:51:57Z,34.64591684218032,0,1
2026-05-30T14:52:02Z,45.33515890023475,1,1
2026-05-30T14:52:07Z,54.626969506159334,1,1
2026-05-30T14:52:12Z,62.247319243979064,1,1
2026-05-30T14:52:17Z,42.33033869145182,1,1
2026-05-30T14:52:22Z,43.66380128351808,1,1
2026-05-30T14:52:27Z,34.28531858015023,0,0
2026-05-30T14:52:32Z,37.95753904343351,0,0
2026-05-30T14:52:37Z,32.857075628887934,0,0
2026-05-30T14:52:42Z,30.201692265072737,0,0
2026-05-30T14:52:47Z,31.946580141383407,0,0
2026-05-30T14:52:52Z,29.22513111108281,0,0
2026-05-30T14:52:57Z,23.81686477668958,0,0
2026-05-30T14:53:02Z,33.82482780075431,0,0
2026-05-30T14:53:07Z,34.65643949039956,0,0
2026-05-30T14:53:12Z,30.95824120546459,0,0
2026-05-30T14:53:17Z,25.150145057181135,0,0
2026-05-30T14:53:22Z,24.41995990836816,0,0
2026-05-30T14:53:27Z,25.554548910416877,0,0
2026-05-30T14:53:32Z,24.506943500002368,0,0
2026-05-30T14:53:37Z,25.884100360900128,0,0
2026-05-30T14:53:42Z,25.23433197075247,0,0
2026-05-30T14:53:47Z,30.993325065982873,0,0
2026-05-30T14:53:52Z,30.624737564093472,0,0
2026-05-30T14:53:57Z,30.65264247119508,0,0
2026-05-30T14:54:02Z,28.162659341234885,0,0
2026-05-30T14:54:07Z,31.910987687146836,0,0
2026-05-30T14:54:12Z,34.92231101204026,0,0
2026-05-30T14:54:17Z,32.238530180550796,0,0
2026-05-30T14:54:22Z,30.61272280879782,0,0
2026-05-30T14:54:27Z,28.445162097603017,0,0
2026-05-30T14:54:32Z,33.90427667085339,0,0
2026-05-30T14:54:37Z,38.89310104009958,0,0
2026-05-30T14:54:42Z,37.4911573115536,0,0
2026-05-30T14:54:47Z,35.549114710555,0,0
2026-05-30T14:54:52Z,33.77933372142752,0,0
2026-05-30T14:54:57Z,29.490473274950006,0,0
2026-05-30T14:55:02Z,29.359831924331473,0,0
2026-05-30T14:55:07Z,29.49274767422527,0,0
2026-05-30T14:55:12Z,30.69581013516715,0,0
2026-05-30T14:55:17Z,36.670517932234404,0,0
2026-05-30T14:55:22Z,36.22790517279693,0,0
2026-05-30T14:55:27Z,33.25699875619449,0,0
2026-05-30T14:55:32Z,32.439138567409685,0,0
2026-05-30T14:55:37Z,32.731007541891664,0,0
2026-05-30T14:55:42Z,34.19666444250604,0,0
2026-05-30T14:55:47Z,29.68682786758756,0,0
2026-05-30T14:55:52Z,30.612959209975024,0,0
2026-05-30T14:55:57Z,29.30080616483037,0,0
2026-05-30T14:56:02Z,29.960028860779836,0,0
2026-05-30T14:56:07Z,30.49834066936377,0,1
2026-05-30T14:56:12Z,34.04304159648489,0,1
2026-05-30T14:56:17Z,45.05105539881269,1,1
2026-05-30T14:56:22Z,59.09652445248035,1,1
2026-05-30T14:56:27Z,78.8610012953804,1,1
2026-05-30T14:56:32Z,101.23429847164928,1,1
2026-05-30T14:56:37Z,94.42732248559776,1,1
2026-05-30T14:56:42Z,99.21546314766942,1,1
2026-05-30T14:56:47Z,69.36685212271702,1,1
2026-05-30T14:56:52Z,66.61334116878861,1,1
2026-05-30T14:56:57Z,65.95532573927137,1,1
2026-05-30T14:57:02Z,68.52435653990258,1,1
2026-05-30T14:57:07Z,67.23906794538478,1,0
2026-05-30T14:57:12Z,41.90306953105607,1,0
2026-05-30T14:57:17Z,45.47471637912562,1,0
2026-05-30T14:57:22Z,45.65559727672852,1,0
2026-05-30T14:57:27Z,39.22710684609314,0,0
2026-05-30T14:57:32Z,34.940960457608696,0,0
2026-05-30T14:57:37Z,34.5184572935035,0,0
2026-05-30T14:57:42Z,33.24945225551362,0,0
2026-05-30T14:57:47Z,31.087889097837092,0,0
2026-05-30T14:57:52Z,31.651345068553567,0,0
2026-05-30T14:57:57Z,30.347168959237436,0,0
2026-05-30T14:58:02Z,31.198415912866494,0,0
2026-05-30T15:02:13Z,20.02923103357802,0,0
2026-05-30T15:02:18Z,24.847247734412296,0,0
2026-05-30T15:02:23Z,28.259413442754493,0,0
2026-05-30T15:02:28Z,28.625631118763195,0,0
2026-05-30T15:02:33Z,26.29543708678554,0,0
2026-05-30T15:02:38Z,24.18768319142814,0,0
2026-05-30T15:02:43Z,23.51817918599252,0,0
2026-05-30T15:02:48Z,18.173437120167264,0,0
2026-05-30T15:02:53Z,18.938320402292707,0,0
2026-05-30T15:02:58Z,17.73482758052315,0,0
2026-05-30T15:03:03Z,17.242500729080465,0,0
2026-05-30T15:03:08Z,16.805751737614944,0,0
2026-05-30T15:03:13Z,16.466183313575133,0,0
2026-05-30T15:03:18Z,17.737915541417753,0,0
2026-05-30T15:03:23Z,18.436507111919493,0,0
2026-05-30T15:03:28Z,16.8335497883124,0,0
2026-05-30T15:03:33Z,18.227051885509667,0,0
2026-05-30T15:03:38Z,19.18746918551263,0,0
2026-05-30T15:03:43Z,20.288130957690534,0,0
2026-05-30T15:03:48Z,21.822031150371128,0,0
2026-05-30T15:03:53Z,20.928938708059565,0,0
2026-05-30T15:03:58Z,19.95641326201157,0,0
2026-05-30T15:04:03Z,19.85990374143653,0,0
2026-05-30T15:04:08Z,21.202982006626453,0,0
2026-05-30T15:04:13Z,20.559260262094572,0,0
2026-05-30T15:04:18Z,19.160419073341572,0,0
2026-05-30T15:04:23Z,20.339008301015,0,0
2026-05-30T15:04:28Z,21.920153011759925,0,0
2026-05-30T15:04:33Z,30.055708017648662,0,0
2026-05-30T15:04:38Z,27.22365697588394,0,0
2026-05-30T15:04:43Z,23.72798759309923,0,0
2026-05-30T15:04:48Z,18.641833196494282,0,0
2026-05-30T15:04:53Z,20.495461260578594,0,0
2026-05-30T15:04:58Z,22.126639705499727,0,0
2026-05-30T15:05:03Z,19.348150358934078,0,0
2026-05-30T15:05:08Z,17.896866315762217,0,0
2026-05-30T15:05:13Z,17.261295827196996,0,0
2026-05-30T15:05:18Z,21.25290356969465,0,0
2026-05-30T15:05:23Z,21.580539483298057,0,0
2026-05-30T15:05:28Z,21.490144541525382,0,0
2026-05-30T15:05:33Z,18.64941358529701,0,0
2026-05-30T15:05:38Z,21.042649234708044,0,0
2026-05-30T15:05:43Z,20.186388440716584,0,0
2026-05-30T15:05:48Z,21.121780752684277,0,0
2026-05-30T15:05:53Z,23.415918343530073,0,0
2026-05-30T15:05:58Z,23.339023051760787,0,0
2026-05-30T15:06:03Z,23.219723737893634,0,0
2026-05-30T15:06:08Z,19.802053963623795,0,0
2026-05-30T15:06:13Z,18.70630717281871,0,0
2026-05-30T15:06:18Z,19.191131668127767,0,0
2026-05-30T15:06:23Z,20.173130358284915,0,0
2026-05-30T15:06:28Z,20.606108049400756,0,0
2026-05-30T15:06:33Z,30.72371833468341,0,0
2026-05-30T15:06:38Z,24.94816269494692,0,0
2026-05-30T15:06:43Z,22.364713388528767,0,0
2026-05-30T15:06:48Z,23.095121394162234,0,0
2026-05-30T15:06:53Z,24.214626425112186,0,0
2026-05-30T15:06:58Z,22.75207106746453,0,0
2026-05-30T15:07:03Z,25.998978523137936,0,0
2026-05-30T15:07:08Z,26.88068335245933,0,0
2026-05-30T15:07:13Z,26.42575122221882,0,0
2026-05-30T15:07:18Z,24.12982276985343,0,1
2026-05-30T15:07:23Z,25.956811939781296,0,1
2026-05-30T15:07:28Z,29.900175719142226,0,1
2026-05-30T15:07:33Z,32.50323172671839,0,1
2026-05-30T15:07:38Z,42.83022903798155,1,1
2026-05-30T15:07:43Z,33.096517908689165,0,1
2026-05-30T15:07:48Z,36.173462058738494,0,1
2026-05-30T15:07:53Z,37.202094105199045,0,1
2026-05-30T15:07:58Z,42.826662617541984,1,1
2026-05-30T15:08:03Z,43.493097230155755,1,1
2026-05-30T15:08:08Z,49.947199315950456,1,1
2026-05-30T15:08:13Z,56.76500707443998,1,1
2026-05-30T15:08:18Z,47.874890702717465,1,0
2026-05-30T15:08:23Z,40.02131622835465,0,0
2026-05-30T15:08:28Z,37.50084119444407,0,0
2026-05-30T15:08:33Z,39.37943012820579,0,0
2026-05-30T15:08:38Z,32.942164367116646,0,0
2026-05-30T15:08:43Z,31.98340688484224,0,0
2026-05-30T15:08:48Z,32.071995574493,0,0
2026-05-30T15:08:53Z,30.661804170309253,0,0
2026-05-30T15:08:58Z,30.10189067024109,0,0
2026-05-30T15:09:03Z,31.25319294253589,0,0
2026-05-30T15:09:08Z,31.879745125105153,0,0
2026-05-30T15:09:13Z,23.65653097540856,0,0
2026-05-30T15:09:18Z,23.088985066612036,0,0
2026-05-30T15:09:23Z,26.673760796359318,0,0
2026-05-30T15:09:28Z,27.952686559739902,0,0
2026-05-30T15:09:33Z,30.98319802565962,0,0
2026-05-30T15:09:38Z,28.782881247317412,0,0
2026-05-30T15:09:43Z,27.56745270798683,0,0
2026-05-30T15:09:48Z,27.952693101763984,0,0
2026-05-30T15:09:53Z,28.734927576444065,0,0
2026-05-30T15:09:58Z,28.134336222196836,0,0
2026-05-30T15:10:03Z,25.00209488160948,0,0
2026-05-30T15:10:08Z,25.463033121918762,0,0
2026-05-30T15:10:13Z,25.47302296269593,0,0
2026-05-30T15:10:18Z,24.52713585997721,0,0
2026-05-30T15:10:23Z,23.853321842318525,0,0
2026-05-30T15:10:28Z,22.570741182338086,0,0
2026-05-30T15:10:33Z,32.63006308919556,0,0
2026-05-30T15:10:38Z,45.63291961943166,1,0
2026-05-30T15:10:43Z,52.77970080675629,1,0
2026-05-30T15:10:48Z,39.047418807719644,0,0
2026-05-30T15:10:53Z,27.823536929625277,0,0
2026-05-30T15:10:58Z,24.269975352528434,0,0
2026-05-30T15:11:03Z,25.625806761154628,0,0
2026-05-30T15:11:08Z,25.31151578870523,0,0
2026-05-30T15:11:13Z,25.476737119642394,0,0
2026-05-30T15:11:18Z,22.925057784467413,0,0
2026-05-30T15:11:23Z,22.499738735940696,0,0
2026-05-30T15:11:28Z,22.062719336128215,0,0
2026-05-30T15:11:33Z,26.930352558554013,0,0
2026-05-30T15:11:38Z,26.526418350736712,0,0
2026-05-30T15:11:43Z,25.14344846968818,0,0
2026-05-30T15:11:48Z,21.74257314055581,0,0
2026-05-30T15:11:53Z,21.84450377780879,0,0
2026-05-30T15:11:58Z,17.119189806126325,0,0
2026-05-30T15:12:03Z,20.394955631597625,0,0
2026-05-30T15:12:08Z,22.4485766819124,0,0
2026-05-30T15:12:13Z,23.631438303340175,0,0
2026-05-30T15:12:18Z,25.203448781581592,0,0
2026-05-30T15:12:23Z,28.71182428896541,0,0
2026-05-30T15:12:28Z,22.805280336978594,0,0
2026-05-30T15:12:33Z,22.389177307475297,0,0
2026-05-30T15:12:38Z,22.32184968795292,0,0
2026-05-30T15:12:43Z,20.837236070226687,0,0
2026-05-30T15:12:48Z,20.30661883504609,0,0
2026-05-30T15:12:53Z,26.882235507226078,0,0
2026-05-30T15:12:58Z,27.949741337057063,0,0
2026-05-30T15:13:03Z,25.178221412104662,0,0
2026-05-30T15:13:08Z,21.075960026515663,0,0
2026-05-30T15:13:13Z,22.802649975633432,0,0
2026-05-30T15:13:18Z,24.89208230536725,0,1
2026-05-30T15:13:23Z,30.71827702463817,0,1
2026-05-30T15:13:28Z,33.500340751935184,0,1
2026-05-30T15:13:33Z,66.51919728244016,1,1
2026-05-30T15:13:38Z,109.93652312523885,1,1
2026-05-30T15:13:43Z,116.48608576566467,1,1
2026-05-30T15:13:48Z,90.93762877336069,1,1
2026-05-30T15:13:53Z,82.21214801611758,1,1
2026-05-30T15:13:58Z,77.55301050177071,1,1
2026-05-30T15:14:03Z,70.65627551487798,1,1
2026-05-30T15:14:08Z,49.20900040401826,1,1
2026-05-30T15:14:13Z,53.63016532829102,1,1
2026-05-30T15:14:18Z,56.725462366288546,1,0
2026-05-30T15:14:23Z,42.22793466053025,1,0
2026-05-30T15:14:28Z,44.789293649214414,1,0
2026-05-30T15:14:33Z,45.628396188137245,1,0
2026-05-30T15:14:38Z,38.392131130294906,0,0
2026-05-30T15:14:43Z,33.553993817193565,0,0
2026-05-30T15:14:48Z,37.4681557149487,0,0
2026-05-30T15:14:53Z,36.945743200845705,0,0
2026-05-30T15:14:58Z,36.30778177287258,0,0
2026-05-30T15:15:03Z,32.63025687594446,0,0
2026-05-30T15:15:08Z,31.396553691155177,0,0
2026-05-30T15:15:13Z,35.28490693988037,0,0
2026-05-30T15:15:18Z,36.420787820123095,0,0
2026-05-30T15:15:23Z,33.7146687630205,0,0
2026-05-30T15:15:28Z,33.22206424076445,0,0
2026-05-30T15:15:33Z,37.83788845010793,0,0
2026-05-30T15:15:38Z,37.679001144933395,0,0
2026-05-30T15:15:43Z,40.72933410310746,1,0
2026-05-30T15:15:48Z,33.665572221539435,0,0
2026-05-30T15:15:53Z,34.39802623286019,0,0
2026-05-30T15:15:58Z,34.46930534644511,0,0
2026-05-30T15:16:03Z,36.71754276646465,0,0
2026-05-30T15:16:08Z,34.757535578236975,0,0
2026-05-30T15:16:13Z,31.53644163616014,0,0
2026-05-30T15:16:18Z,35.29990731857452,0,0
2026-05-30T15:16:23Z,35.78558324142893,0,0
2026-05-30T15:16:28Z,36.662074304775594,0,0
2026-05-30T15:16:33Z,32.87749121442211,0,0
2026-05-30T15:16:38Z,32.04676604893532,0,0
2026-05-30T15:16:43Z,30.91760033216086,0,0
2026-05-30T15:16:48Z,31.713339725806435,0,0
2026-05-30T15:16:53Z,32.48375212326711,0,0
2026-05-30T15:16:58Z,29.570120112167672,0,0
2026-05-30T15:17:03Z,30.28410119313621,0,0
2026-05-30T15:17:08Z,29.739467647547976,0,0
2026-05-30T15:17:13Z,28.879758362621445,0,0
2026-05-30T15:17:18Z,28.53675234850713,0,0
2026-05-30T15:17:23Z,28.619511374808432,0,0
2026-05-30T15:17:28Z,28.318545009491544,0,0
2026-05-30T15:17:33Z,38.67937932303114,0,0
2026-05-30T15:17:38Z,37.197396284303295,0,0
2026-05-30T15:17:43Z,37.619454923268606,0,0
2026-05-30T15:17:48Z,37.033734128840116,0,0
2026-05-30T15:17:53Z,37.26145963886325,0,0
2026-05-30T15:17:58Z,30.594744523436653,0,0
2026-05-30T15:18:03Z,29.480390636763808,0,0
2026-05-30T15:18:08Z,32.24358993764015,0,0
2026-05-30T15:18:13Z,28.45057721406068,0,0
2026-05-30T15:18:18Z,37.85507224030935,0,0
2026-05-30T15:18:23Z,31.52525186257079,0,0
2026-05-30T15:18:28Z,30.65030773554693,0,0
2026-05-30T15:18:33Z,22.809824495094638,0,0
2026-05-30T15:18:38Z,24.163276114123164,0,1
2026-05-30T15:18:43Z,27.310992611620783,0,1
2026-05-30T15:18:48Z,23.504284986845065,0,1
2026-05-30T15:18:53Z,28.102758722378574,0,1
2026-05-30T15:18:58Z,31.27640173608407,0,1
2026-05-30T15:19:03Z,35.51795183037627,0,1
2026-05-30T15:19:08Z,39.80293455119699,0,1
2026-05-30T15:19:13Z,35.61941449058929,0,1
2026-05-30T15:19:18Z,31.307227813335537,0,1
2026-05-30T15:19:23Z,33.57553424747252,0,1
2026-05-30T15:19:28Z,39.14986138361978,0,1
2026-05-30T15:19:33Z,41.95524463439466,1,1
2026-05-30T15:19:38Z,42.79107240326543,1,0
2026-05-30T15:19:43Z,43.48648830389483,1,0
2026-05-30T15:19:48Z,34.020959044555795,0,0
2026-05-30T15:19:53Z,30.31035953615126,0,0
2026-05-30T15:19:58Z,25.063545741081228,0,0
2026-05-30T15:20:03Z,27.193467456602868,0,0
2026-05-30T15:20:08Z,24.88703727291439,0,0
2026-05-30T15:20:13Z,23.71899697324753,0,0
2026-05-30T15:20:18Z,24.449977643291817,0,0
2026-05-30T15:20:23Z,24.623131218980387,0,0
2026-05-30T15:20:28Z,22.35842598903391,0,0
2026-05-30T15:20:33Z,23.630423994740628,0,0
2026-05-30T15:20:38Z,23.63344211723866,0,0
2026-05-30T15:20:43Z,25.051897278424374,0,0
2026-05-30T15:20:48Z,23.323282429168046,0,0
2026-05-30T15:20:53Z,23.322347058612305,0,0
2026-05-30T15:20:58Z,20.963359655794836,0,0
2026-05-30T15:21:03Z,22.018797670376856,0,0
2026-05-30T15:21:08Z,23.433269577002026,0,0
2026-05-30T15:21:13Z,27.877777261434225,0,0
2026-05-30T15:21:18Z,29.586297473680638,0,0
2026-05-30T15:21:23Z,28.5087621392847,0,0
2026-05-30T15:21:28Z,22.806819666799207,0,0
2026-05-30T15:21:33Z,20.906281325131637,0,0
2026-05-30T15:21:38Z,23.893414017351095,0,0
2026-05-30T15:21:43Z,23.407272345304875,0,0
2026-05-30T15:21:48Z,25.558122078058368,0,0
2026-05-30T15:21:53Z,26.533093584453567,0,0
2026-05-30T15:21:58Z,27.73034443054066,0,0
2026-05-30T15:22:03Z,27.04708772095605,0,0
2026-05-30T15:22:08Z,28.569141192468578,0,0
2026-05-30T15:22:13Z,32.90059388487961,0,0
2026-05-30T15:22:18Z,31.730351128915075,0,0
2026-05-30T15:22:23Z,34.080806865561655,0,0
2026-05-30T15:22:28Z,29.467384143378894,0,0
2026-05-30T15:22:33Z,28.62859609802898,0,0
2026-05-30T15:22:38Z,28.431646181828178,0,0
2026-05-30T15:22:43Z,26.388359617348634,0,0
2026-05-30T15:22:48Z,28.7421450815067,0,0
2026-05-30T15:22:53Z,34.05261929959225,0,0
2026-05-30T15:22:58Z,31.580349087172138,0,0
2026-05-30T15:23:03Z,36.94688138679219,0,0
2026-05-30T15:23:08Z,40.05536408354641,0,0
2026-05-30T15:23:13Z,36.98688333637182,0,0
2026-05-30T15:23:18Z,32.689068597085445,0,0
2026-05-30T15:23:23Z,34.36595257818288,0,0
2026-05-30T15:23:28Z,35.763179156944545,0,0
2026-05-30T15:23:33Z,28.742667123302688,0,0
2026-05-30T15:23:38Z,28.348968055499853,0,0
2026-05-30T15:23:43Z,28.394328847581832,0,0
2026-05-30T15:23:48Z,22.375339122093095,0,0
2026-05-30T15:23:53Z,23.626413140690133,0,0
2026-05-30T15:23:58Z,27.6440125295253,0,0
2026-05-30T15:24:03Z,33.313622922487305,0,0
2026-05-30T15:24:08Z,32.76946981774587,0,0
2026-05-30T15:24:13Z,27.822544146366106,0,0
2026-05-30T15:24:18Z,27.384913390695417,0,0
2026-05-30T15:24:23Z,27.987766651974724,0,0
2026-05-30T15:24:28Z,27.471101517274164,0,0
2026-05-30T15:24:33Z,26.191130224742913,0,0
2026-05-30T15:24:38Z,26.546089143247613,0,0
2026-05-30T15:24:43Z,29.841944609819606,0,0
2026-05-30T15:24:48Z,30.417687998691292,0,0
2026-05-30T15:24:53Z,30.797420302284785,0,0
2026-05-30T15:24:58Z,27.164744810552264,0,0
2026-05-30T15:25:03Z,26.195453034699483,0,0
2026-05-30T15:25:08Z,29.74712327178362,0,1
2026-05-30T15:25:13Z,31.338312013705462,0,1
2026-05-30T15:25:18Z,63.51189397276721,1,1
2026-05-30T15:25:23Z,95.25497993562887,1,1
2026-05-30T15:25:28Z,97.47465411400273,1,1
2026-05-30T15:25:33Z,100.26769639930062,1,1
2026-05-30T15:25:38Z,112.5028188496478,1,1
2026-05-30T15:25:43Z,108.22816263638607,1,1
2026-05-30T15:25:48Z,82.94970153497961,1,1
2026-05-30T15:25:53Z,66.97648364003514,1,1
2026-05-30T15:25:58Z,64.03328520868733,1,1
2026-05-30T15:26:03Z,71.99343579909724,1,1
2026-05-30T15:26:08Z,44.63415113614066,1,0
2026-05-30T15:26:13Z,39.28064943188835,0,0
2026-05-30T15:26:18Z,39.3351762169736,0,0
2026-05-30T15:26:23Z,36.06687056428658,0,0
2026-05-30T15:26:28Z,35.922070786607755,0,0
2026-05-30T15:26:33Z,31.71725835330772,0,0
2026-05-30T15:26:38Z,31.837832559782072,0,0
2026-05-30T15:26:43Z,32.36583381455179,0,0
2026-05-30T15:26:48Z,30.6431080095154,0,0
2026-05-30T15:26:53Z,29.174915809582068,0,0
2026-05-30T15:26:58Z,32.05641701607278,0,0
2026-05-30T15:27:03Z,32.992513281822816,0,0
2026-05-30T15:27:08Z,34.16837932113268,0,0
2026-05-30T15:27:13Z,34.78427932697138,0,0
2026-05-30T15:27:18Z,35.65831291200403,0,0
2026-05-30T15:27:23Z,34.28778456007304,0,0
2026-05-30T15:27:28Z,33.51763575285804,0,0
2026-05-30T15:27:33Z,34.4314908329455,0,0
2026-05-30T15:27:38Z,36.82970147472537,0,0
2026-05-30T15:27:43Z,32.122176990785036,0,0
2026-05-30T15:27:48Z,32.45790787332689,0,0
2026-05-30T15:27:53Z,31.20906395681525,0,0
2026-05-30T15:27:58Z,30.861355362588505,0,0
2026-05-30T15:28:03Z,32.79292307428044,0,0
2026-05-30T15:28:08Z,33.878355323405685,0,0
2026-05-30T15:28:13Z,39.979952413872,0,0
2026-05-30T15:28:18Z,31.3451999756345,0,0
2026-05-30T15:28:23Z,32.85401360396284,0,0
2026-05-30T15:28:28Z,34.8295213620932,0,0
2026-05-30T15:28:33Z,35.57508640531162,0,0
2026-05-30T15:28:38Z,34.51395695357158,0,0
2026-05-30T15:28:43Z,34.92447925959708,0,0
2026-05-30T15:28:48Z,32.70114127342968,0,0
2026-05-30T15:28:53Z,32.03334697598812,0,0
2026-05-30T15:28:58Z,31.31962659486205,0,0
2026-05-30T15:29:03Z,33.788335831394186,0,0
2026-05-30T15:29:08Z,33.52048456416135,0,0
2026-05-30T15:29:13Z,33.27366207237793,0,0
2026-05-30T15:29:18Z,34.308505868345975,0,0
2026-05-30T15:29:23Z,38.1127139194988,0,0
2026-05-30T15:29:28Z,40.163787109661484,1,0
2026-05-30T15:29:33Z,45.01846802569225,1,0
2026-05-30T15:29:38Z,37.399188277832245,0,0
2026-05-30T15:29:43Z,31.24328339518084,0,0
2026-05-30T15:29:48Z,28.91691704094881,0,0
2026-05-30T15:29:53Z,28.7069878411088,0,0
2026-05-30T15:29:58Z,28.546413925263764,0,0
2026-05-30T15:30:03Z,28.74080091926338,0,0
2026-05-30T15:30:08Z,28.007298971976134,0,0
2026-05-30T15:30:13Z,28.1193650029674,0,0
2026-05-30T15:30:18Z,29.19199666368452,0,0
2026-05-30T15:30:23Z,28.54147130782492,0,0
2026-05-30T15:30:28Z,27.8075753852457,0,0
2026-05-30T15:30:33Z,25.346222710697738,0,0
2026-05-30T15:30:38Z,26.612355049218834,0,0
2026-05-30T15:30:43Z,25.768811116971406,0,0
2026-05-30T15:30:48Z,25.360634607572592,0,0
2026-05-30T15:30:53Z,23.46338044681779,0,0
2026-05-30T15:30:58Z,22.649625513372523,0,0
2026-05-30T15:31:03Z,21.946310070713402,0,0
2026-05-30T15:31:08Z,24.536478593868036,0,1
2026-05-30T15:31:13Z,26.712398486907233,0,1
2026-05-30T15:31:18Z,27.07022121925651,0,1
2026-05-30T15:31:23Z,28.636326061281565,0,1
2026-05-30T15:31:28Z,27.05945188937882,0,1
2026-05-30T15:31:33Z,31.858456252044483,0,1
2026-05-30T15:31:38Z,38.66111852506551,0,1
2026-05-30T15:31:43Z,37.061661392363156,0,1
2026-05-30T15:31:48Z,36.278608646923615,0,1
2026-05-30T15:31:53Z,41.56688293645182,1,1
2026-05-30T15:31:58Z,43.93209910855005,1,1
2026-05-30T15:32:03Z,40.81052163682833,1,1
2026-05-30T15:32:08Z,35.46948191944739,0,0
2026-05-30T15:32:13Z,34.26137785446274,0,0
2026-05-30T15:32:18Z,33.67184454040742,0,0
2026-05-30T15:32:23Z,28.80605182878631,0,0
2026-05-30T15:32:28Z,23.679928425050797,0,0
2026-05-30T15:32:33Z,23.899544685397736,0,0
2026-05-30T15:32:38Z,22.147799772089204,0,0
2026-05-30T15:32:43Z,19.380255003376533,0,0
2026-05-30T15:32:48Z,19.748087797666642,0,0
2026-05-30T15:32:53Z,18.909006810218624,0,0
2026-05-30T15:32:58Z,17.81167267853703,0,0
2026-05-30T15:33:03Z,18.83875190221091,0,0
2026-05-30T15:33:08Z,19.07084038143821,0,0
2026-05-30T15:33:13Z,19.395286643573243,0,0
2026-05-30T15:33:18Z,20.801452061692746,0,0
2026-05-30T15:33:23Z,23.011930986616303,0,0
2026-05-30T15:33:28Z,21.695725635956812,0,0
2026-05-30T15:33:33Z,24.49495373114303,0,0
2026-05-30T15:33:38Z,22.23442808669899,0,0
2026-05-30T15:33:43Z,22.447564518150664,0,0
2026-05-30T15:33:48Z,19.505541859015267,0,0
2026-05-30T15:33:53Z,31.7255034568037,0,0
2026-05-30T15:33:58Z,37.82367609650532,0,0
2026-05-30T15:34:03Z,38.97831176742436,0,0
2026-05-30T15:34:08Z,35.443535460453305,0,0
2026-05-30T15:34:13Z,34.34792535626196,0,0
2026-05-30T15:34:18Z,46.638450265489716,1,0
2026-05-30T15:34:23Z,43.35306120439237,1,0
2026-05-30T15:34:28Z,42.411929657747784,1,0
2026-05-30T15:34:33Z,42.3427134689503,1,0
2026-05-30T15:34:38Z,46.96922251395596,1,0
2026-05-30T15:34:43Z,45.28032108651082,1,0
2026-05-30T15:34:48Z,34.34280197952023,0,0
2026-05-30T15:34:53Z,26.95205509698743,0,0
2026-05-30T15:34:58Z,21.181021178484695,0,0
2026-05-30T15:35:03Z,18.40545092508406,0,0
2026-05-30T15:35:08Z,19.892223618886792,0,0
2026-05-30T15:35:13Z,22.214810838357884,0,0
2026-05-30T15:35:18Z,25.835947277990172,0,0
2026-05-30T15:35:23Z,26.731618770231705,0,0
2026-05-30T15:35:28Z,23.787635386579623,0,0
2026-05-30T15:35:33Z,21.553720140925183,0,0
2026-05-30T15:35:38Z,19.74218731715436,0,0
2026-05-30T15:35:43Z,18.87641744745964,0,0
2026-05-30T15:35:48Z,26.405731917164502,0,0
2026-05-30T15:35:53Z,34.251074834419015,0,0
2026-05-30T15:35:58Z,39.59202375636014,0,0
2026-05-30T15:36:03Z,30.653833553213452,0,0
2026-05-30T15:36:08Z,24.88850942775739,0,0
2026-05-30T15:36:13Z,24.074662721784374,0,0
2026-05-30T15:36:18Z,23.457457619543646,0,0
2026-05-30T15:36:23Z,24.63832652165175,0,0
2026-05-30T15:36:28Z,24.15333049384054,0,0
2026-05-30T15:36:33Z,28.276090643625118,0,0
2026-05-30T15:36:38Z,26.137989621461728,0,0
2026-05-30T15:36:43Z,26.790472497599808,0,1
2026-05-30T15:36:48Z,33.51086746396867,0,1
2026-05-30T15:36:53Z,56.826491357737,1,1
2026-05-30T15:36:58Z,63.15435047531918,1,1
2026-05-30T15:37:03Z,95.28373671554185,1,1
2026-05-30T15:37:08Z,118.57574348760099,1,1
2026-05-30T15:37:13Z,124.74021434002282,1,1
2026-05-30T15:37:18Z,95.61901970255933,1,1
2026-05-30T15:37:23Z,82.23935403490897,1,1
2026-05-30T15:37:28Z,80.1307624893511,1,1
2026-05-30T15:37:33Z,81.97859744016405,1,1
2026-05-30T15:37:38Z,58.14503255493395,1,1
2026-05-30T15:37:43Z,55.51951519596511,1,0
2026-05-30T15:37:48Z,47.97055948904405,1,0
2026-05-30T15:37:53Z,40.786294345394865,1,0
2026-05-30T15:37:58Z,41.02192727754932,1,0
2026-05-30T15:38:03Z,41.833988226996034,1,0
2026-05-30T15:38:08Z,41.42031091622472,1,0
2026-05-30T15:38:13Z,40.01764757901605,0,0
2026-05-30T15:38:18Z,34.06806678313573,0,0
2026-05-30T15:38:23Z,35.84819941901552,0,0
2026-05-30T15:38:28Z,36.08564171030255,0,0
2026-05-30T15:38:33Z,36.18083248803373,0,0
2026-05-30T15:38:38Z,37.46765300540936,0,0
2026-05-30T15:38:43Z,39.20471670420138,0,0
2026-05-30T15:38:48Z,36.103993778299206,0,0
2026-05-30T15:38:53Z,38.122913155239395,0,0
2026-05-30T15:38:58Z,37.37459874064218,0,0
2026-05-30T15:39:03Z,43.90079061546463,1,0
2026-05-30T15:39:08Z,44.157492059262566,1,0
2026-05-30T15:39:13Z,42.20386579495273,1,0
2026-05-30T15:39:18Z,41.317056261655935,1,0
2026-05-30T15:39:23Z,38.52371654692504,0,0
2026-05-30T15:39:28Z,40.05442442183326,0,0
2026-05-30T15:39:33Z,46.18880788334605,1,0
2026-05-30T15:39:38Z,45.911344343339785,1,0
2026-05-30T15:39:43Z,38.67434777177606,0,0
2026-05-30T15:39:48Z,47.51188647222518,1,0
2026-05-30T15:39:53Z,46.74974037393442,1,0
2026-05-30T15:39:58Z,44.70245017454573,1,0
2026-05-30T15:40:03Z,33.25198277518958,0,0
2026-05-30T15:40:08Z,33.09300869774319,0,0
2026-05-30T15:40:13Z,37.010097420155084,0,0
2026-05-30T15:40:18Z,34.336960856513514,0,0
2026-05-30T15:40:23Z,32.75588749140975,0,0
2026-05-30T15:40:28Z,33.0251191713962,0,0
2026-05-30T15:40:33Z,33.17630876253983,0,0
2026-05-30T15:40:38Z,32.87483200298233,0,0
2026-05-30T15:40:43Z,27.478619689822693,0,0
2026-05-30T15:40:48Z,27.937823415856336,0,0
2026-05-30T15:40:53Z,21.96931000025222,0,0
2026-05-30T15:40:58Z,21.86887929438595,0,0
2026-05-30T15:41:03Z,20.24916411738181,0,0
2026-05-30T15:41:08Z,26.575065822080184,0,0
2026-05-30T15:41:13Z,27.212470854842174,0,0
2026-05-30T15:41:18Z,28.205811722534023,0,0
2026-05-30T15:41:23Z,28.42209890050362,0,0
2026-05-30T15:41:28Z,31.38316905240262,0,0
2026-05-30T15:41:33Z,24.928214268336994,0,0
2026-05-30T15:41:38Z,21.64117070766306,0,0
2026-05-30T15:41:43Z,19.202840330972528,0,0
2026-05-30T15:41:48Z,18.337627174857978,0,0
2026-05-30T15:41:53Z,17.839527877669603,0,0
2026-05-30T15:41:58Z,16.449744106585708,0,0
2026-05-30T15:42:03Z,18.62935057758045,0,0
2026-05-30T15:42:08Z,18.30762413760179,0,0
2026-05-30T15:42:13Z,19.13896824796383,0,0
2026-05-30T15:42:18Z,16.879638831002282,0,0
2026-05-30T15:42:23Z,18.37885395121486,0,0
2026-05-30T15:42:28Z,19.086611578504467,0,0
2026-05-30T15:42:33Z,20.42707268283589,0,0
2026-05-30T15:42:38Z,19.42543047329026,0,0
2026-05-30T15:42:43Z,20.287025616284676,0,1
2026-05-30T15:42:48Z,18.922480966426672,0,1
2026-05-30T15:42:53Z,18.765153187616335,0,1
2026-05-30T15:42:58Z,21.781192672084433,0,1
2026-05-30T15:43:03Z,24.110430186634314,0,1
2026-05-30T15:43:08Z,26.30604151646319,0,1
2026-05-30T15:43:13Z,29.685022769336328,0,1
2026-05-30T15:43:18Z,31.071964930429942,0,1
2026-05-30T15:43:23Z,32.45218204750293,0,1
2026-05-30T15:43:28Z,36.24517472350202,0,1
2026-05-30T15:43:33Z,38.41492512064388,0,1
2026-05-30T15:43:38Z,39.82600893601394,0,0
2026-05-30T15:43:43Z,33.90525171913553,0,0
2026-05-30T15:43:48Z,33.82015119509819,0,0
2026-05-30T15:43:53Z,31.6879253419972,0,0
2026-05-30T15:43:58Z,28.222467813670818,0,0
2026-05-30T15:44:03Z,27.332076594978453,0,0
2026-05-30T15:44:08Z,23.01247392054299,0,0
2026-05-30T15:44:13Z,19.605563992844736,0,0
2026-05-30T15:44:18Z,20.53156178047244,0,0
2026-05-30T15:44:23Z,22.131991993221604,0,0
2026-05-30T15:44:28Z,23.08136875567993,0,0
2026-05-30T15:44:33Z,24.056496657324526,0,0
2026-05-30T15:44:38Z,21.660079662628103,0,0
2026-05-30T15:44:43Z,20.45252790113628,0,0
2026-05-30T15:44:48Z,18.37609510822619,0,0
2026-05-30T15:44:53Z,20.90598112540555,0,0
2026-05-30T15:44:58Z,20.7104456073482,0,0
2026-05-30T15:45:03Z,21.228828110445107,0,0
2026-05-30T15:45:08Z,20.65337669065301,0,0
2026-05-30T15:45:13Z,25.341618220981594,0,0
2026-05-30T15:45:18Z,24.500066094304948,0,0
2026-05-30T15:45:23Z,24.5710530675661,0,0
2026-05-30T15:45:28Z,25.534358863806062,0,0
2026-05-30T15:45:33Z,26.729628303232026,0,0
2026-05-30T15:45:38Z,26.254580367337965,0,0
2026-05-30T15:45:43Z,26.33788140538494,0,0
2026-05-30T15:45:48Z,24.965881168892402,0,0
2026-05-30T15:45:53Z,24.536081542962982,0,0
2026-05-30T15:45:58Z,23.705314912366607,0,0
2026-05-30T15:46:03Z,24.09199953948583,0,0
2026-05-30T15:46:08Z,23.800514226202914,0,0
2026-05-30T15:46:13Z,25.355092132443993,0,0
2026-05-30T15:46:18Z,25.816197065450496,0,0
2026-05-30T15:46:23Z,26.334392494713548,0,0
2026-05-30T15:46:28Z,26.88910837223623,0,0
2026-05-30T15:46:33Z,26.285245994959787,0,0
2026-05-30T15:46:38Z,27.190263867754823,0,0
2026-05-30T15:46:43Z,25.24431822829876,0,0
2026-05-30T15:46:48Z,29.075844009925447,0,0
2026-05-30T15:46:53Z,29.67384569422162,0,0
2026-05-30T15:46:58Z,25.153103394895815,0,0
2026-05-30T15:47:03Z,25.93969551349165,0,0
2026-05-30T15:47:08Z,27.729584429550236,0,0
2026-05-30T15:47:13Z,27.535660356436978,0,0
2026-05-30T15:47:18Z,30.207031327749306,0,0
2026-05-30T15:47:23Z,28.076845781554454,0,0
2026-05-30T15:47:28Z,28.195081553295594,0,0
2026-05-30T15:47:33Z,27.98185424262948,0,0
2026-05-30T15:47:38Z,27.157640442233742,0,0
2026-05-30T15:47:43Z,26.321168861177284,0,0
2026-05-30T15:47:48Z,23.294551177882898,0,0
2026-05-30T15:47:53Z,23.621670624955268,0,0
2026-05-30T15:47:58Z,24.422680646884547,0,0
2026-05-30T15:48:03Z,28.364089588840336,0,0
2026-05-30T15:48:08Z,32.30138483669961,0,0
2026-05-30T15:48:13Z,26.437739847765968,0,0
2026-05-30T15:48:18Z,31.913278255158886,0,0
2026-05-30T15:48:23Z,33.96362729408444,0,0
2026-05-30T15:48:28Z,30.85049473794988,0,0
2026-05-30T15:48:33Z,28.338253256406595,0,0
2026-05-30T15:48:38Z,28.031552943426767,0,0
2026-05-30T15:48:43Z,28.75529987343787,0,1
2026-05-30T15:48:48Z,33.547385653448295,0,1
2026-05-30T15:48:53Z,59.40897773975976,1,1
2026-05-30T15:48:58Z,64.01682269635249,1,1
2026-05-30T15:49:03Z,94.69742533882375,1,1
2026-05-30T15:49:08Z,113.01250843569649,1,1
2026-05-30T15:49:13Z,108.7636735998336,1,1
2026-05-30T15:49:18Z,74.73917007793979,1,1
2026-05-30T15:49:23Z,76.89676926754683,1,1
2026-05-30T15:49:28Z,76.65007656222623,1,1
2026-05-30T15:49:33Z,73.64743312170427,1,1
2026-05-30T15:49:38Z,50.28002422047183,1,1
2026-05-30T15:49:43Z,57.164742912272246,1,0
2026-05-30T15:49:48Z,64.40346854922964,1,0
2026-05-30T15:49:53Z,49.77918955421386,1,0
2026-05-30T15:49:58Z,44.94269436549079,1,0
2026-05-30T15:50:03Z,42.07046996208488,1,0
2026-05-30T15:50:08Z,37.11655047161252,0,0
2026-05-30T15:50:13Z,40.05276932108076,0,0
2026-05-30T15:50:18Z,38.248480840010046,0,0
2026-05-30T15:50:23Z,37.81427744325985,0,0
2026-05-30T15:50:28Z,37.60120434626861,0,0
2026-05-30T15:50:33Z,37.895517392333716,0,0
2026-05-30T15:50:38Z,40.55711587276086,1,0
2026-05-30T15:50:43Z,44.31876056901156,1,0
2026-05-30T15:50:48Z,46.21656205573908,1,0
2026-05-30T15:50:53Z,42.974910528829206,1,0
2026-05-30T15:50:58Z,37.48307036917961,0,0
2026-05-30T15:51:03Z,37.37561205155397,0,0
2026-05-30T15:51:08Z,39.066368992608254,0,0
2026-05-30T15:51:13Z,38.98976423554359,0,0
2026-05-30T15:51:18Z,41.87546410988783,1,0
2026-05-30T15:51:23Z,40.313239447895235,1,0
2026-05-30T15:51:28Z,37.61269225148684,0,0
2026-05-30T15:51:33Z,39.76710490307695,0,0
2026-05-30T15:51:38Z,41.42105307851423,1,0
2026-05-30T15:51:43Z,39.96926272476315,0,0
2026-05-30T15:51:48Z,39.74108639905433,0,0
2026-05-30T15:51:53Z,38.47346996607174,0,0
2026-05-30T15:51:58Z,37.28182516299239,0,0
2026-05-30T15:52:03Z,36.741213225456484,0,0
2026-05-30T15:52:08Z,36.39546778332168,0,0
2026-05-30T15:52:13Z,37.608722908885795,0,0
2026-05-30T15:52:18Z,39.713736126883,0,0
2026-05-30T15:52:23Z,47.278465689369824,1,0
2026-05-30T15:52:28Z,51.929331686895836,1,0
2026-05-30T15:52:33Z,43.84865293404374,1,0
2026-05-30T15:52:38Z,39.40167688973824,0,0
2026-05-30T15:52:43Z,40.90633781793443,1,0
2026-05-30T15:52:48Z,34.39226026818885,0,0
2026-05-30T15:52:53Z,35.7501409906003,0,0
2026-05-30T15:52:58Z,34.605649160002415,0,0
2026-05-30T15:53:03Z,35.61428765195238,0,0
2026-05-30T15:53:08Z,33.053423268904524,0,0
2026-05-30T15:53:13Z,30.186414763195813,0,0
2026-05-30T15:53:18Z,26.786714029643477,0,0
2026-05-30T15:53:23Z,27.338457045558634,0,0
2026-05-30T15:53:28Z,25.05787396184902,0,0
2026-05-30T15:53:33Z,24.299633516586212,0,0
2026-05-30T15:53:38Z,23.470359500471005,0,0
2026-05-30T15:53:43Z,23.390526883463465,0,0
2026-05-30T15:53:48Z,22.84618349763501,0,0
2026-05-30T15:53:53Z,28.147273873928462,0,0
2026-05-30T15:53:58Z,28.038290363958005,0,0
2026-05-30T15:54:03Z,40.177853415037696,1,0
2026-05-30T15:54:08Z,33.95769322543035,0,0
2026-05-30T15:54:13Z,33.12841855976639,0,0
2026-05-30T15:54:18Z,27.758271910066853,0,0
2026-05-30T15:54:23Z,27.289602097660982,0,0
2026-05-30T15:54:28Z,26.248559248779763,0,0
2026-05-30T15:54:33Z,26.944460819582233,0,0
2026-05-30T15:54:38Z,27.79798809159049,0,0
2026-05-30T15:54:43Z,27.674100583601984,0,0
2026-05-30T15:54:48Z,24.27600186546009,0,1
2026-05-30T15:54:53Z,23.540932562425613,0,1
2026-05-30T15:54:58Z,28.6629844043116,0,1
2026-05-30T15:55:03Z,31.594561699330953,0,1
2026-05-30T15:55:08Z,32.418770966792614,0,1
2026-05-30T15:55:13Z,31.851762733573054,0,1
2026-05-30T15:55:18Z,32.74022735233572,0,1
2026-05-30T15:55:23Z,27.964576676531678,0,1
2026-05-30T15:55:28Z,35.551928808469185,0,1
2026-05-30T15:55:33Z,36.00303292594271,0,1
2026-05-30T15:55:38Z,31.893505464896208,0,1
2026-05-30T15:55:43Z,40.33049038773632,1,1
2026-05-30T15:55:48Z,35.26983743465627,0,0
2026-05-30T15:55:53Z,35.386408701150515,0,0
2026-05-30T15:55:58Z,33.38316495579447,0,0
2026-05-30T15:56:03Z,34.394740442174935,0,0
2026-05-30T15:56:08Z,25.36687970558227,0,0
2026-05-30T15:56:13Z,23.21717976611872,0,0
2026-05-30T15:56:18Z,24.6385860530714,0,0
2026-05-30T15:56:23Z,25.299496409610335,0,0
2026-05-30T15:56:28Z,22.237081081258847,0,0
2026-05-30T15:56:33Z,22.803644990204074,0,0
2026-05-30T15:56:38Z,24.23666337334689,0,0
2026-05-30T15:56:43Z,23.612404114504734,0,0
2026-05-30T15:56:48Z,28.883234937174713,0,0
2026-05-30T15:56:53Z,26.91284831800221,0,0
2026-05-30T15:56:58Z,22.05320701992463,0,0
2026-05-30T15:57:03Z,25.183187897956984,0,0
2026-05-30T15:57:08Z,26.756643840730533,0,0
2026-05-30T15:57:13Z,25.88223025203949,0,0
2026-05-30T15:57:18Z,24.004063884900653,0,0
2026-05-30T15:57:23Z,24.80447128264928,0,0
2026-05-30T15:57:28Z,23.52120805726863,0,0
2026-05-30T15:57:33Z,28.693287195238867,0,0
2026-05-30T15:57:38Z,31.776880097399136,0,0
2026-05-30T15:57:43Z,29.13431788837231,0,0
2026-05-30T15:57:48Z,24.693749232324212,0,0
2026-05-30T15:57:53Z,23.768992952642943,0,0
2026-05-30T15:57:58Z,23.30811387403925,0,0
2026-05-30T15:58:03Z,25.107026212961145,0,0
2026-05-30T15:58:08Z,27.243651808073885,0,0
2026-05-30T15:58:13Z,33.742970118417766,0,0
2026-05-30T15:58:18Z,37.65807986058736,0,0
2026-05-30T15:58:23Z,35.16878742805731,0,0
2026-05-30T15:58:28Z,26.512179432538822,0,0
2026-05-30T15:58:33Z,26.604568113087858,0,0
2026-05-30T15:58:38Z,27.575828691844848,0,0
2026-05-30T15:58:43Z,27.72269945421492,0,0
2026-05-30T15:58:48Z,27.439969220264523,0,0
2026-05-30T15:58:53Z,26.76429185263671,0,0
2026-05-30T15:58:58Z,28.610182297177182,0,0
2026-05-30T15:59:03Z,28.534464985839115,0,0
2026-05-30T15:59:08Z,27.83034671333934,0,0
2026-05-30T15:59:13Z,27.76960983050055,0,0
2026-05-30T15:59:18Z,36.52331686841348,0,0
2026-05-30T15:59:23Z,34.22187595791942,0,0
2026-05-30T15:59:28Z,28.71913945739813,0,0
2026-05-30T15:59:33Z,26.315928990339316,0,0
2026-05-30T15:59:38Z,27.688430965413858,0,0
2026-05-30T15:59:43Z,26.497593016540662,0,0
2026-05-30T15:59:48Z,31.0561288363335,0,0
2026-05-30T15:59:53Z,39.23411209778256,0,0
2026-05-30T15:59:58Z,41.013400255361006,1,0
2026-05-30T16:00:03Z,44.566935080437645,1,0
2026-05-30T16:00:08Z,35.98343035891438,0,0
2026-05-30T16:00:13Z,34.17319901287927,0,1
2026-05-30T16:00:18Z,26.36990962231905,0,1
2026-05-30T16:00:23Z,40.410295941885586,1,1
2026-05-30T16:00:28Z,47.01726790239743,1,1
2026-05-30T16:00:33Z,78.02439684259141,1,1
2026-05-30T16:00:38Z,110.13947816573344,1,1
2026-05-30T16:00:43Z,112.21675509031442,1,1
2026-05-30T16:00:48Z,80.20516422193693,1,1
2026-05-30T16:00:53Z,76.05166659827849,1,1
2026-05-30T16:00:58Z,72.55778894238709,1,1
2026-05-30T16:01:03Z,77.3481487263939,1,1
2026-05-30T16:01:08Z,45.84022967431408,1,1
2026-05-30T16:01:13Z,43.30425215952159,1,0
2026-05-30T16:01:18Z,43.512371985769384,1,0
2026-05-30T16:01:23Z,36.6795574606811,0,0
2026-05-30T16:01:28Z,32.44035969991007,0,0
2026-05-30T16:01:33Z,38.19937786942673,0,0
2026-05-30T16:01:38Z,30.860668889833512,0,0
2026-05-30T16:01:43Z,26.159107024112416,0,0
2026-05-30T16:01:48Z,36.16967514966398,0,0
2026-05-30T16:01:53Z,39.980853011748955,0,0
2026-05-30T16:01:58Z,42.626196439870746,1,0
2026-05-30T16:02:03Z,27.14542699303623,0,0
2026-05-30T16:02:08Z,27.94694453865867,0,0
2026-05-30T16:02:13Z,27.882684114369454,0,0
2026-05-30T16:02:18Z,26.244239207927826,0,0
2026-05-30T16:02:23Z,27.443636703991167,0,0
2026-05-30T16:02:28Z,27.933045699059996,0,0
2026-05-30T16:02:33Z,26.857787953638613,0,0
2026-05-30T16:02:38Z,26.848864444379828,0,0
2026-05-30T16:02:43Z,26.477395247742344,0,0
2026-05-30T16:02:48Z,28.83081995699812,0,0
2026-05-30T16:02:53Z,28.882609770272055,0,0
2026-05-30T16:02:58Z,27.543007504055716,0,0
2026-05-30T16:03:03Z,29.454546745381315,0,0
2026-05-30T16:03:08Z,33.54648731003993,0,0
2026-05-30T16:03:13Z,32.50346746326751,0,0
2026-05-30T16:03:18Z,33.57245151952243,0,0
2026-05-30T16:03:23Z,27.608822304948575,0,0
2026-05-30T16:03:28Z,27.093110435761844,0,0
2026-05-30T16:03:33Z,28.410685945351588,0,0
2026-05-30T16:03:38Z,29.636434294809376,0,0
2026-05-30T16:03:43Z,31.416115032037915,0,0
2026-05-30T16:03:48Z,38.09629948435125,0,0
2026-05-30T16:03:53Z,35.37313982778532,0,0
2026-05-30T16:03:58Z,33.40846039456203,0,0
2026-05-30T16:04:03Z,39.76515068937237,0,0
2026-05-30T16:04:08Z,38.33019399453321,0,0
2026-05-30T16:04:13Z,38.48032485015219,0,0
2026-05-30T16:04:18Z,24.902331819165976,0,0
2026-05-30T16:04:23Z,25.466370843553257,0,0
2026-05-30T16:04:28Z,24.06624840515555,0,0
2026-05-30T16:04:33Z,21.703242639389288,0,0
2026-05-30T16:04:38Z,20.89060471939883,0,0
2026-05-30T16:04:43Z,18.247208421246658,0,0
2026-05-30T16:04:48Z,21.858035050623293,0,0
2026-05-30T16:04:53Z,21.304430419676528,0,0
2026-05-30T16:04:58Z,20.34763030369822,0,0
2026-05-30T16:05:03Z,21.319998299436328,0,0
2026-05-30T16:05:08Z,21.484398452347527,0,0
2026-05-30T16:05:13Z,21.075581456189056,0,0
2026-05-30T16:05:18Z,20.813882593368547,0,0
2026-05-30T16:05:23Z,20.79570321867276,0,0
2026-05-30T16:05:28Z,20.08961962057867,0,0
2026-05-30T16:05:33Z,18.524448333862427,0,0
2026-05-30T16:05:38Z,19.204816936349374,0,0
2026-05-30T16:05:43Z,20.411108741416367,0,0
2026-05-30T16:05:48Z,20.294935330661144,0,0
2026-05-30T16:05:53Z,19.522257359093043,0,0
2026-05-30T16:05:58Z,17.439338510129495,0,0
2026-05-30T16:06:03Z,19.76974015626325,0,0
2026-05-30T16:06:08Z,18.815484852332613,0,0
2026-05-30T16:06:13Z,16.35133202471074,0,0
2026-05-30T16:06:18Z,17.679029394105715,0,0
2026-05-30T16:06:23Z,17.520671260388394,0,0
2026-05-30T16:06:28Z,18.99344470441182,0,0
2026-05-30T16:06:33Z,24.277658593059293,0,0
2026-05-30T16:06:38Z,22.90586383207806,0,0
2026-05-30T16:06:43Z,23.34672279471172,0,0
2026-05-30T16:06:48Z,28.784238674835322,0,1
2026-05-30T16:06:53Z,28.596936619764683,0,1
2026-05-30T16:06:58Z,22.162175565730035,0,1
2026-05-30T16:07:03Z,24.01681821441398,0,1
2026-05-30T16:07:08Z,28.197805950017596,0,1
2026-05-30T16:07:13Z,29.912191042010484,0,1
2026-05-30T16:07:18Z,29.20485308756828,0,1
2026-05-30T16:07:23Z,34.24308565610126,0,1
2026-05-30T16:07:28Z,40.12787747345322,1,1
2026-05-30T16:07:33Z,43.83945670254356,1,1
2026-05-30T16:07:38Z,41.712641927221526,1,1
2026-05-30T16:07:43Z,38.570578766719215,0,0
2026-05-30T16:07:48Z,41.91409825772382,1,0
2026-05-30T16:07:53Z,37.722193014225866,0,0
2026-05-30T16:07:58Z,39.564420449833314,0,0
2026-05-30T16:08:03Z,46.744533146801295,1,0
2026-05-30T16:08:08Z,39.79341478201709,0,0
2026-05-30T16:08:13Z,29.137973212635835,0,0
2026-05-30T16:08:18Z,26.688852833902637,0,0
2026-05-30T16:08:23Z,26.53030715995213,0,0
2026-05-30T16:08:28Z,29.788553010151595,0,0
2026-05-30T16:08:33Z,32.13048615472714,0,0
2026-05-30T16:08:38Z,32.12942443192469,0,0
2026-05-30T16:08:43Z,26.761692844245886,0,0
2026-05-30T16:08:48Z,24.552113187454008,0,0
2026-05-30T16:08:53Z,25.377208845737407,0,0
2026-05-30T16:08:58Z,24.67593907757018,0,0
2026-05-30T16:09:03Z,25.750763660271602,0,0
2026-05-30T16:09:08Z,26.7950627609209,0,0
2026-05-30T16:09:13Z,28.90464603004201,0,0
2026-05-30T16:09:18Z,29.491307838196022,0,0
2026-05-30T16:09:23Z,29.785303865032702,0,0
2026-05-30T16:09:28Z,27.498104287251223,0,0
2026-05-30T16:09:33Z,26.90900565658429,0,0
2026-05-30T16:09:38Z,30.300762044280503,0,0
2026-05-30T16:09:43Z,29.963893517757626,0,0
2026-05-30T16:09:48Z,32.65099434919948,0,0
2026-05-30T16:09:53Z,28.667292930148584,0,0
2026-05-30T16:09:58Z,30.455519234264322,0,0
2026-05-30T16:10:03Z,27.831580636836073,0,0
2026-05-30T16:10:08Z,25.511321387173943,0,0
2026-05-30T16:10:13Z,24.65951964338279,0,0
2026-05-30T16:10:18Z,26.99931394398243,0,0
2026-05-30T16:10:23Z,28.4516435121066,0,0
2026-05-30T16:10:28Z,28.286819423186145,0,0
2026-05-30T16:10:33Z,28.100817960591648,0,0
2026-05-30T16:10:38Z,25.313906094694644,0,0
2026-05-30T16:10:43Z,24.609769994640164,0,0
2026-05-30T16:10:48Z,24.821863116300015,0,0
2026-05-30T16:10:53Z,25.827769070061237,0,0
2026-05-30T16:10:58Z,25.33760631152343,0,0
2026-05-30T16:11:03Z,23.60861388948255,0,0
2026-05-30T16:11:08Z,24.727260934037155,0,0
2026-05-30T16:11:13Z,22.918529766805705,0,0
2026-05-30T16:11:18Z,27.021445826038786,0,0
2026-05-30T16:11:23Z,25.129075442661495,0,0
2026-05-30T16:11:28Z,23.82243372555154,0,0
2026-05-30T16:11:33Z,23.282631707793218,0,0
2026-05-30T16:11:38Z,22.72220512960246,0,0
2026-05-30T16:11:43Z,20.794211244620094,0,0
2026-05-30T16:11:48Z,21.25281552343194,0,0
2026-05-30T16:11:53Z,24.463618075759914,0,0
2026-05-30T16:11:58Z,23.074871056476006,0,0
2026-05-30T16:12:03Z,25.451262399833865,0,0
2026-05-30T16:12:08Z,24.70361619354366,0,0
2026-05-30T16:12:13Z,22.869495883808543,0,0
2026-05-30T16:12:18Z,21.150891820853005,0,0
2026-05-30T16:12:23Z,21.631782331633392,0,0
2026-05-30T16:12:28Z,23.818109440548398,0,0
2026-05-30T16:12:33Z,47.0581266466036,1,0
2026-05-30T16:12:38Z,54.86485238456729,1,0
2026-05-30T16:12:43Z,55.03223524692645,1,0
2026-05-30T16:12:48Z,27.86888262990565,0,0
2026-05-30T16:12:53Z,23.581894403605716,0,0
2026-05-30T16:12:58Z,24.762717513072992,0,1
2026-05-30T16:13:03Z,28.964243732296232,0,1
2026-05-30T16:13:08Z,39.730425823180994,0,1
2026-05-30T16:13:13Z,42.18275594239374,1,1
2026-05-30T16:13:18Z,76.18189304673287,1,1
2026-05-30T16:13:23Z,106.86266470359321,1,1
2026-05-30T16:13:28Z,110.90327313827271,1,1
2026-05-30T16:13:33Z,71.40128062061265,1,1
2026-05-30T16:13:38Z,75.03423227025426,1,1
2026-05-30T16:13:43Z,69.76046650288329,1,1
2026-05-30T16:13:48Z,75.4932625946989,1,1
2026-05-30T16:13:53Z,59.0126285697215,1,1
2026-05-30T16:13:58Z,54.335218612420654,1,0
2026-05-30T16:14:03Z,42.84937516140479,1,0
2026-05-30T16:14:08Z,37.74491941476615,0,0
2026-05-30T16:14:13Z,33.071939548117264,0,0
2026-05-30T16:14:18Z,27.532915660498006,0,0
2026-05-30T16:14:23Z,26.904808433428187,0,0
2026-05-30T16:14:28Z,24.84748719705601,0,0
2026-05-30T16:14:33Z,25.243049875089987,0,0
2026-05-30T16:14:38Z,26.54014350028624,0,0
2026-05-30T16:14:43Z,26.326422484679178,0,0
2026-05-30T16:14:48Z,23.27511690334943,0,0
2026-05-30T16:14:53Z,22.855895748557874,0,0
2026-05-30T16:14:58Z,23.528193375881486,0,0
2026-05-30T16:15:03Z,23.60868169095744,0,0
2026-05-30T16:15:08Z,24.049976287267246,0,0
2026-05-30T16:15:13Z,25.29332823366093,0,0
2026-05-30T16:15:18Z,26.124350845348793,0,0
2026-05-30T16:15:23Z,26.881702312236264,0,0
2026-05-30T16:15:28Z,29.530159687486353,0,0
2026-05-30T16:15:33Z,30.188772200613904,0,0
2026-05-30T16:15:38Z,30.43719300688442,0,0
2026-05-30T16:15:43Z,29.6221519990074,0,0
2026-05-30T16:15:48Z,31.612987903215405,0,0
2026-05-30T16:15:53Z,30.702569355134663,0,0
2026-05-30T16:15:58Z,30.53173183627618,0,0
2026-05-30T16:16:03Z,35.74458674691232,0,0
2026-05-30T16:16:08Z,39.016492749900465,0,0
2026-05-30T16:16:13Z,36.89603964435546,0,0
2026-05-30T16:16:18Z,31.72005648234797,0,0
2026-05-30T16:16:23Z,34.183279288995365,0,0
2026-05-30T16:16:28Z,35.67210473670611,0,0
2026-05-30T16:16:33Z,41.13687508826483,1,0
2026-05-30T16:16:38Z,37.83346699949963,0,0
2026-05-30T16:16:43Z,36.10849176986802,0,0
2026-05-30T16:16:48Z,28.87535635961551,0,0
2026-05-30T16:16:53Z,29.215041990169837,0,0
2026-05-30T16:16:58Z,31.65866587932272,0,0
2026-05-30T16:17:03Z,34.18341444994397,0,0
2026-05-30T16:17:08Z,35.544916353428086,0,0
2026-05-30T16:17:13Z,35.63279291697906,0,0
2026-05-30T16:17:18Z,34.72949264494119,0,0
2026-05-30T16:17:23Z,32.455565941541714,0,0
2026-05-30T16:17:28Z,29.109529562152176,0,0
2026-05-30T16:17:33Z,28.194256091119314,0,0
2026-05-30T16:17:38Z,29.495188464751195,0,0
2026-05-30T16:17:43Z,26.455926069409564,0,0
2026-05-30T16:17:48Z,26.934850423152795,0,0
2026-05-30T16:17:53Z,25.7879589525744,0,0
2026-05-30T16:17:58Z,22.99955142461685,0,0
2026-05-30T16:18:03Z,23.246789538507795,0,0
2026-05-30T16:18:08Z,22.503079659104472,0,1
2026-05-30T16:18:13Z,25.168106019826062,0,1
2026-05-30T16:18:18Z,27.29780610518287,0,1
2026-05-30T16:18:23Z,28.251684556251796,0,1
2026-05-30T16:18:28Z,27.32364133927095,0,1
2026-05-30T16:18:33Z,31.932228659792656,0,1
2026-05-30T16:18:38Z,30.990650046187305,0,1
2026-05-30T16:18:43Z,38.03722846679697,0,1
2026-05-30T16:18:48Z,39.49005192519417,0,1
2026-05-30T16:18:53Z,43.36715719981619,1,1
2026-05-30T16:18:58Z,45.7849664047141,1,1
2026-05-30T16:19:03Z,45.303406137627974,1,1
2026-05-30T16:19:08Z,39.56091376285399,0,0
2026-05-30T16:19:13Z,37.10518411085511,0,0
2026-05-30T16:19:18Z,37.669449379914354,0,0
2026-05-30T16:19:23Z,29.755321303221614,0,0
2026-05-30T16:19:28Z,30.542926375917006,0,0
2026-05-30T16:19:33Z,22.517022436773477,0,0
2026-05-30T16:19:38Z,22.923915324071363,0,0
2026-05-30T16:19:43Z,18.874638492414743,0,0
2026-05-30T16:19:48Z,17.370898847657354,0,0
2026-05-30T16:19:53Z,17.477238459944058,0,0
2026-05-30T16:19:58Z,18.192121709869543,0,0
2026-05-30T16:20:03Z,20.962622348545597,0,0
2026-05-30T16:20:08Z,20.69482616896786,0,0
2026-05-30T16:20:13Z,21.673977726244825,0,0
2026-05-30T16:20:18Z,22.963665388018747,0,0
2026-05-30T16:20:23Z,30.20144897066038,0,0
2026-05-30T16:20:28Z,27.874041271776264,0,0
2026-05-30T16:20:33Z,29.275772236230935,0,0
2026-05-30T16:20:38Z,28.789820205537858,0,0
2026-05-30T16:20:43Z,29.524622010294095,0,0
2026-05-30T16:20:48Z,31.72639626887397,0,0
2026-05-30T16:20:53Z,27.997407720624437,0,0
2026-05-30T16:20:58Z,26.565634373210216,0,0
2026-05-30T16:21:03Z,28.199998010768027,0,0
2026-05-30T16:21:08Z,32.4578743033961,0,0
2026-05-30T16:21:13Z,32.61812364727201,0,0
2026-05-30T16:21:18Z,35.37331916492807,0,0
2026-05-30T16:21:23Z,31.713514572171725,0,0
2026-05-30T16:21:28Z,30.6385746750149,0,0
2026-05-30T16:21:33Z,31.674520862796527,0,0
2026-05-30T16:21:38Z,33.29418950887227,0,0
2026-05-30T16:21:43Z,27.890796058259276,0,0
2026-05-30T16:21:48Z,26.0929264853296,0,0
2026-05-30T16:21:53Z,27.16538415068832,0,0
2026-05-30T16:21:58Z,28.41547431658021,0,0
2026-05-30T16:22:03Z,27.823073624226275,0,0
2026-05-30T16:22:08Z,27.972900595687868,0,0
2026-05-30T16:22:13Z,30.406392259390017,0,0
2026-05-30T16:22:18Z,33.60794414883836,0,0
2026-05-30T16:22:23Z,32.36566322154813,0,0
2026-05-30T16:22:28Z,27.04947411886795,0,0
2026-05-30T16:22:33Z,27.35419861294632,0,0
2026-05-30T16:22:38Z,26.212806773935256,0,0
2026-05-30T16:22:43Z,26.30153148356652,0,0
2026-05-30T16:22:48Z,28.16019037089898,0,0
2026-05-30T16:22:53Z,26.771390721479484,0,0
2026-05-30T16:22:58Z,26.533534389645723,0,0
2026-05-30T16:23:03Z,32.42098090147668,0,0
2026-05-30T16:23:08Z,29.827788025409404,0,0
2026-05-30T16:23:13Z,27.63649024560133,0,0
2026-05-30T16:23:18Z,28.040337077953886,0,0
2026-05-30T16:23:23Z,33.43100910234127,0,0
2026-05-30T16:23:28Z,38.301071013954875,0,0
2026-05-30T16:23:33Z,41.09663293932203,1,0
2026-05-30T16:23:38Z,33.33787191399921,0,1
2026-05-30T16:23:43Z,31.127202013042847,0,1
2026-05-30T16:23:48Z,48.697393520521146,1,1
2026-05-30T16:23:53Z,67.62813054871059,1,1
2026-05-30T16:23:58Z,66.986468055066,1,1
2026-05-30T16:24:03Z,45.30674919514283,1,1
2026-05-30T16:24:08Z,44.450895650110574,1,1
2026-05-30T16:24:13Z,45.09389008920257,1,1
2026-05-30T16:24:18Z,46.55952497357232,1,1
2026-05-30T16:24:23Z,40.90177257725584,1,1
2026-05-30T16:24:28Z,42.54729096555866,1,1
2026-05-30T16:24:33Z,54.755326106481604,1,1
2026-05-30T16:24:38Z,48.32690324940729,1,0
2026-05-30T16:24:43Z,38.094912252421615,0,0
2026-05-30T16:24:48Z,37.27456629195252,0,0
2026-05-30T16:24:53Z,29.962670233351517,0,0
2026-05-30T16:24:58Z,31.931219762797056,0,0
2026-05-30T16:25:03Z,44.10007811493827,1,0
2026-05-30T16:25:08Z,45.29781898051596,1,0
2026-05-30T16:25:13Z,43.82195236670045,1,0
2026-05-30T16:25:18Z,34.47521505275877,0,0
2026-05-30T16:25:23Z,38.34952574325481,0,0
2026-05-30T16:25:28Z,39.48432245303322,0,0
2026-05-30T16:25:33Z,37.14857693269674,0,0
2026-05-30T16:25:38Z,36.865416402208965,0,0
2026-05-30T16:25:43Z,39.90358435887676,0,0
2026-05-30T16:25:48Z,43.63959365979467,1,0
2026-05-30T16:25:53Z,45.73674217507766,1,0
2026-05-30T16:25:58Z,40.26616311243547,1,0
2026-05-30T16:26:03Z,31.96205389771908,0,0
2026-05-30T16:26:08Z,34.40173835812302,0,0
2026-05-30T16:26:13Z,35.5545708281842,0,0
2026-05-30T16:26:18Z,36.777871927139664,0,0
2026-05-30T16:26:23Z,31.857357852108088,0,0
2026-05-30T16:26:28Z,32.04203816563761,0,0
2026-05-30T16:26:33Z,29.580774377946874,0,0
2026-05-30T16:26:38Z,32.01010161910133,0,0
2026-05-30T16:26:43Z,30.423417293183796,0,0
2026-05-30T16:26:48Z,28.987037180433212,0,0
2026-05-30T16:26:53Z,31.295372981903334,0,0
2026-05-30T16:26:58Z,33.991149412165605,0,0
2026-05-30T16:27:03Z,35.59170258942792,0,0
2026-05-30T16:27:08Z,34.109193677006125,0,0
2026-05-30T16:27:13Z,31.82718806397927,0,0
2026-05-30T16:27:18Z,28.166069064405193,0,0
2026-05-30T16:27:23Z,28.257103271301034,0,0
2026-05-30T16:27:28Z,29.311886296163955,0,0
2026-05-30T16:27:33Z,30.409557571200445,0,0
2026-05-30T16:27:38Z,31.439597448485706,0,0
2026-05-30T16:27:43Z,28.555983337270767,0,0
2026-05-30T16:27:48Z,29.835215818296888,0,0
2026-05-30T16:27:53Z,30.73786120580666,0,0
2026-05-30T16:27:58Z,28.965872164119787,0,0
2026-05-30T16:28:03Z,30.099689843338062,0,0
2026-05-30T16:28:08Z,29.719763903705065,0,0
2026-05-30T16:28:13Z,29.04300522740258,0,0
2026-05-30T16:28:18Z,26.47514845098126,0,0
2026-05-30T16:28:23Z,26.987116839508744,0,0
2026-05-30T16:28:28Z,28.027523759450276,0,0
2026-05-30T16:28:33Z,31.170445931796735,0,0
2026-05-30T16:28:38Z,31.70086158410082,0,0
2026-05-30T16:28:43Z,26.83854173554822,0,0
2026-05-30T16:28:48Z,24.803456502047382,0,0
2026-05-30T16:28:53Z,23.336583267427173,0,0
2026-05-30T16:28:58Z,20.293553496126776,0,0
2026-05-30T16:29:03Z,21.810295145241007,0,0
2026-05-30T16:29:08Z,22.683970072544877,0,0
2026-05-30T16:29:13Z,22.251767148590613,0,0
2026-05-30T16:29:18Z,21.918838494239218,0,0
2026-05-30T16:29:23Z,21.73445236422669,0,0
2026-05-30T16:29:28Z,20.936378510305836,0,0
2026-05-30T16:29:33Z,22.37759322857068,0,0
2026-05-30T16:29:38Z,22.065838910569955,0,0
2026-05-30T16:29:43Z,21.341469553872887,0,0
2026-05-30T16:29:48Z,18.918741193887996,0,0
2026-05-30T16:29:53Z,20.894059909561342,0,0
2026-05-30T16:29:58Z,21.2107387778757,0,0
2026-05-30T16:30:03Z,22.32905152115428,0,0
2026-05-30T16:30:08Z,25.154978265978436,0,0
2026-05-30T16:30:13Z,26.804822357073746,0,0
2026-05-30T16:30:18Z,25.104981150109758,0,0
2026-05-30T16:30:23Z,24.78245646051274,0,0
2026-05-30T16:30:28Z,25.041683015920146,0,0
2026-05-30T16:30:33Z,23.762749134386965,0,1
2026-05-30T16:30:38Z,23.50067742920277,0,1
2026-05-30T16:30:43Z,23.150465498969997,0,1
2026-05-30T16:30:48Z,27.225545474290726,0,1
2026-05-30T16:30:53Z,26.564944401079792,0,1
2026-05-30T16:30:58Z,26.185055018598767,0,1
2026-05-30T16:31:03Z,35.48837193973599,0,1
2026-05-30T16:31:08Z,43.502571258919836,1,1
2026-05-30T16:31:13Z,42.0657937479919,1,1
2026-05-30T16:31:18Z,50.34454981688898,1,1
2026-05-30T16:31:23Z,52.988361048731484,1,1
2026-05-30T16:31:28Z,50.45285242978474,1,0
2026-05-30T16:31:33Z,41.68737026988241,1,0
2026-05-30T16:31:38Z,30.050928531460734,0,0
2026-05-30T16:31:43Z,30.7193904340377,0,0
2026-05-30T16:31:48Z,29.32314047213236,0,0
2026-05-30T16:31:53Z,24.632438174909,0,0
2026-05-30T16:31:58Z,22.87999728070927,0,0
2026-05-30T16:32:03Z,21.42534736320308,0,0
2026-05-30T16:32:08Z,19.04821353773556,0,0
2026-05-30T16:32:13Z,18.481017166735317,0,0
2026-05-30T16:32:18Z,19.078494936216504,0,0
2026-05-30T16:32:23Z,18.766430250314944,0,0
2026-05-30T16:32:28Z,18.118431078465246,0,0
2026-05-30T16:32:33Z,19.13248124459426,0,0
2026-05-30T16:32:38Z,19.145909401281358,0,0
2026-05-30T16:32:43Z,19.028785377882244,0,0
2026-05-30T16:32:48Z,17.52606563406757,0,0
2026-05-30T16:32:53Z,18.95639857889582,0,0
2026-05-30T16:32:58Z,17.3270465313269,0,0
2026-05-30T16:33:03Z,18.44498689757538,0,0
2026-05-30T16:33:08Z,19.39016037272881,0,0
2026-05-30T16:33:13Z,19.809078847514346,0,0
2026-05-30T16:33:18Z,19.27894984672933,0,0
2026-05-30T16:33:23Z,19.029332227860923,0,0
2026-05-30T16:33:28Z,20.25674423078279,0,0
2026-05-30T16:33:33Z,24.352850905635712,0,0
2026-05-30T16:33:38Z,27.438303213305893,0,0
2026-05-30T16:33:43Z,22.29090061686693,0,0
2026-05-30T16:33:48Z,21.514505257307665,0,0
2026-05-30T16:33:53Z,20.079469862977497,0,0
2026-05-30T16:33:58Z,19.466570813931053,0,0
2026-05-30T16:34:03Z,19.10841962940904,0,0
2026-05-30T16:34:08Z,19.10912770862319,0,0
2026-05-30T16:34:13Z,19.280637111326172,0,0
2026-05-30T16:34:18Z,23.511588956869645,0,0
2026-05-30T16:34:23Z,21.342029122438568,0,0
2026-05-30T16:34:28Z,24.87625403850717,0,0
2026-05-30T16:34:33Z,23.49688275086547,0,0
2026-05-30T16:34:38Z,22.37548012388296,0,0
2026-05-30T16:34:43Z,20.0454712648561,0,0
2026-05-30T16:34:48Z,21.217180932667475,0,0
2026-05-30T16:34:53Z,20.820182041983966,0,0
2026-05-30T16:34:58Z,19.48022633545129,0,0
2026-05-30T16:35:03Z,21.012873626008886,0,0
2026-05-30T16:35:08Z,22.748298288534073,0,0
2026-05-30T16:35:13Z,20.675176832894433,0,0
2026-05-30T16:35:18Z,20.399977108116754,0,0
2026-05-30T16:35:23Z,22.207899841410033,0,0
2026-05-30T16:35:28Z,21.586235364293007,0,1
2026-05-30T16:35:33Z,29.225794414370625,0,1
2026-05-30T16:35:38Z,68.8756850305574,1,1
2026-05-30T16:35:43Z,72.35320786562022,1,1
2026-05-30T16:35:48Z,99.9223745057558,1,1
2026-05-30T16:35:53Z,102.83221479114239,1,1
2026-05-30T16:35:58Z,103.69518818824513,1,1
2026-05-30T16:36:03Z,69.40582309412488,1,1
2026-05-30T16:36:08Z,67.00360765796466,1,1
2026-05-30T16:36:13Z,64.56576289258372,1,1
2026-05-30T16:36:18Z,64.43680959687252,1,1
2026-05-30T16:36:23Z,36.328301723960784,0,0
2026-05-30T16:36:28Z,39.91943073785348,0,0
2026-05-30T16:36:33Z,41.13767097770273,1,0
2026-05-30T16:36:38Z,37.95605157573085,0,0
2026-05-30T16:36:43Z,35.94192655657078,0,0
2026-05-30T16:36:48Z,37.976294774309,0,0
2026-05-30T16:36:53Z,31.1723356924751,0,0
2026-05-30T16:36:58Z,32.31470313872565,0,0
2026-05-30T16:37:03Z,29.056345142115504,0,0
2026-05-30T16:37:08Z,28.841485659172662,0,0
2026-05-30T16:37:13Z,31.237116868866977,0,0
2026-05-30T16:37:18Z,27.78011099180779,0,0
2026-05-30T16:37:23Z,28.87393835224765,0,0
2026-05-30T16:37:28Z,27.255625264048916,0,0
2026-05-30T16:37:33Z,28.019796367997444,0,0
2026-05-30T16:37:38Z,28.100044898141547,0,0
2026-05-30T16:37:43Z,28.144637232017025,0,0
2026-05-30T16:37:48Z,29.089872047960625,0,0
2026-05-30T16:37:53Z,28.02432477004796,0,0
2026-05-30T16:37:58Z,27.562315857907812,0,0
2026-05-30T16:38:03Z,28.5157801644691,0,0
2026-05-30T16:38:08Z,29.190130502546133,0,0
2026-05-30T16:38:13Z,29.892661184984533,0,0
2026-05-30T16:38:18Z,30.10562841242681,0,0
2026-05-30T16:38:23Z,28.22776504817039,0,0
2026-05-30T16:38:28Z,27.16059906585233,0,0
2026-05-30T16:38:33Z,27.7905712300156,0,0
2026-05-30T16:38:38Z,29.066248291683223,0,0
2026-05-30T16:38:43Z,30.879755000192475,0,0
2026-05-30T16:38:48Z,29.834085014956713,0,0
2026-05-30T16:38:53Z,33.62587759932103,0,0
2026-05-30T16:38:58Z,32.629461712630984,0,0
2026-05-30T16:39:03Z,33.78183175104142,0,0
2026-05-30T16:39:08Z,35.22777284815108,0,0
2026-05-30T16:39:13Z,35.88200595643163,0,0
2026-05-30T16:39:18Z,38.67360406939305,0,0
2026-05-30T16:39:23Z,36.05564512786144,0,0
2026-05-30T16:39:28Z,32.28363542544434,0,0
2026-05-30T16:39:33Z,31.85806434172656,0,0
2026-05-30T16:39:38Z,33.588642811008775,0,0
2026-05-30T16:39:43Z,33.588678374246406,0,0
2026-05-30T16:39:48Z,32.97861480880332,0,0
2026-05-30T16:39:53Z,30.20334313586126,0,0
2026-05-30T16:39:58Z,30.74374529265033,0,0
2026-05-30T16:40:03Z,28.092091215754493,0,0
2026-05-30T16:40:08Z,27.167445305913134,0,0
2026-05-30T16:40:13Z,27.044130511882443,0,0
2026-05-30T16:40:18Z,26.09488540967913,0,0
2026-05-30T16:40:23Z,24.993825688663083,0,0
2026-05-30T16:40:28Z,26.367565106617796,0,0
2026-05-30T16:40:33Z,45.84820972723695,1,0
2026-05-30T16:40:38Z,44.82858643418686,1,0
2026-05-30T16:40:43Z,45.91825590682194,1,0
2026-05-30T16:40:48Z,27.33243877558762,0,0
2026-05-30T16:40:53Z,27.782899223747208,0,1
2026-05-30T16:40:58Z,29.220088612825734,0,1
2026-05-30T16:41:03Z,33.37656364530929,0,1
2026-05-30T16:41:08Z,32.670979687113935,0,1
2026-05-30T16:41:13Z,34.09833067601336,0,1
2026-05-30T16:41:18Z,36.77839457893135,0,1
2026-05-30T16:41:23Z,39.98845413574679,0,1
2026-05-30T16:41:28Z,38.938155068014865,0,1
2026-05-30T16:41:33Z,42.49176302904098,1,1
2026-05-30T16:41:38Z,47.34993562944001,1,1
2026-05-30T16:41:43Z,45.71082904346092,1,1
2026-05-30T16:41:48Z,48.18917103871183,1,1
2026-05-30T16:41:53Z,44.92751484080331,1,0
2026-05-30T16:41:58Z,37.45435934723567,0,0
2026-05-30T16:42:03Z,38.031088068813844,0,0
2026-05-30T16:42:08Z,38.199270932741854,0,0
2026-05-30T16:42:13Z,30.27990022229683,0,0
2026-05-30T16:42:18Z,29.879063984235884,0,0
2026-05-30T16:42:23Z,28.843953467264477,0,0
2026-05-30T16:42:28Z,26.320517595655723,0,0
2026-05-30T16:42:33Z,27.853912412214903,0,0
2026-05-30T16:42:38Z,27.675616884741096,0,0
2026-05-30T16:42:43Z,27.69359251805517,0,0
2026-05-30T16:42:48Z,28.808186039776153,0,0
2026-05-30T16:42:53Z,30.10067533195013,0,0
2026-05-30T16:42:58Z,24.002801806234682,0,0
2026-05-30T16:43:03Z,24.015795300226415,0,0
2026-05-30T16:43:08Z,21.089996648983192,0,0
2026-05-30T16:43:13Z,19.43467800569647,0,0
2026-05-30T16:43:18Z,19.759853467564852,0,0
2026-05-30T16:43:23Z,19.423865790852354,0,0
2026-05-30T16:43:28Z,19.909290492251664,0,0
2026-05-30T16:43:33Z,19.83802700273924,0,0
2026-05-30T16:43:38Z,18.084876371612673,0,0
2026-05-30T16:43:43Z,18.708405709585943,0,0
2026-05-30T16:43:48Z,20.08058958419647,0,0
2026-05-30T16:43:53Z,21.914879068881433,0,0
2026-05-30T16:43:58Z,22.309604926967143,0,0
2026-05-30T16:44:03Z,19.11902354306978,0,0
2026-05-30T16:44:08Z,17.19999168240784,0,0
2026-05-30T16:44:13Z,16.652272110799103,0,0
2026-05-30T16:44:18Z,18.031515727451136,0,0
2026-05-30T16:44:23Z,16.829885066383934,0,0
2026-05-30T16:44:28Z,16.650402134837595,0,0
2026-05-30T16:44:33Z,16.881685340789122,0,0
2026-05-30T16:44:38Z,17.26887894231057,0,0
2026-05-30T16:44:43Z,19.9667169033867,0,0
2026-05-30T16:44:48Z,27.62494354034513,0,0
2026-05-30T16:44:53Z,28.70278750093989,0,0
2026-05-30T16:44:58Z,25.768797369786263,0,0
2026-05-30T16:45:03Z,22.26356852558734,0,0
2026-05-30T16:45:08Z,22.2882460423034,0,0
2026-05-30T16:45:13Z,21.818042070036462,0,0
2026-05-30T16:45:18Z,22.029464786374106,0,0
2026-05-30T16:45:23Z,22.115321238040213,0,0
2026-05-30T16:45:28Z,21.668189837148137,0,1
2026-05-30T16:45:33Z,28.46284539493368,0,1
2026-05-30T16:45:38Z,58.2584992907465,1,1
2026-05-30T16:45:43Z,65.1597815007178,1,1
2026-05-30T16:45:48Z,91.28902308084521,1,1
2026-05-30T16:45:53Z,105.25210921293183,1,1
2026-05-30T16:45:58Z,94.62541179656803,1,1
2026-05-30T16:46:03Z,70.56159470466825,1,1
2026-05-30T16:46:08Z,74.112678595773,1,1
2026-05-30T16:46:13Z,75.11567783706678,1,1
2026-05-30T16:46:18Z,81.12740357933068,1,1
2026-05-30T16:46:23Z,47.749599033064115,1,1
2026-05-30T16:46:28Z,44.48221975797834,1,0
2026-05-30T16:46:33Z,49.435855322767985,1,0
2026-05-30T16:46:38Z,46.14373028283214,1,0
2026-05-30T16:46:43Z,33.791258477532786,0,0
2026-05-30T16:46:48Z,33.986560654977374,0,0
2026-05-30T16:46:53Z,38.174077245321655,0,0
2026-05-30T16:46:58Z,36.047349513906845,0,0
2026-05-30T16:47:03Z,30.747022624952784,0,0
2026-05-30T16:47:08Z,33.03890400208952,0,0
2026-05-30T16:47:13Z,35.018199836534855,0,0
2026-05-30T16:47:18Z,32.702200505040324,0,0
2026-05-30T16:47:23Z,33.033103235653506,0,0
2026-05-30T16:47:28Z,35.437984021258664,0,0
2026-05-30T16:47:33Z,29.696787924074492,0,0
2026-05-30T16:47:38Z,30.97850267869581,0,0
2026-05-30T16:47:43Z,37.1537737098637,0,0
2026-05-30T16:47:48Z,57.52477432645223,1,0
2026-05-30T16:47:53Z,56.88282148679926,1,0
2026-05-30T16:47:58Z,41.39014936926736,1,0
2026-05-30T16:48:03Z,27.97343856623823,0,0
2026-05-30T16:48:08Z,26.818275970505496,0,0
2026-05-30T16:48:13Z,32.369795875731256,0,0
2026-05-30T16:48:18Z,30.812304972555054,0,0
2026-05-30T16:48:23Z,31.306212257262118,0,0
2026-05-30T16:48:28Z,31.540232957395077,0,0
2026-05-30T16:48:33Z,33.20950230373352,0,0
2026-05-30T16:48:38Z,28.802217893182835,0,0
2026-05-30T16:48:43Z,28.12289908964715,0,0
2026-05-30T16:48:48Z,28.741351385217598,0,0
2026-05-30T16:48:53Z,33.95540694413652,0,0
2026-05-30T16:48:58Z,27.655054590743163,0,0
2026-05-30T16:49:03Z,27.341460485898274,0,0
2026-05-30T16:49:08Z,27.61617039914102,0,0
2026-05-30T16:49:13Z,27.629116940631455,0,0
2026-05-30T16:49:18Z,26.82081784622794,0,0
2026-05-30T16:49:23Z,26.689330684408958,0,0
2026-05-30T16:49:28Z,27.125430711893053,0,0
2026-05-30T16:49:33Z,28.591444688985177,0,0
2026-05-30T16:49:38Z,32.07514522430551,0,0
2026-05-30T16:49:43Z,43.405619830348826,1,0
2026-05-30T16:49:48Z,51.987325541902976,1,0
2026-05-30T16:49:53Z,46.63402536765663,1,0
2026-05-30T16:49:58Z,39.06395252395793,0,0
2026-05-30T16:50:03Z,29.837292643120556,0,0
2026-05-30T16:50:08Z,29.36022711608709,0,0
2026-05-30T16:50:13Z,29.726053769307114,0,0
2026-05-30T16:50:18Z,30.262980418254834,0,0
2026-05-30T16:50:23Z,31.05074866863783,0,0
2026-05-30T16:50:28Z,33.277861700356155,0,0
2026-05-30T16:50:33Z,35.05927454408731,0,0
2026-05-30T16:50:38Z,36.43081131373481,0,0
2026-05-30T16:50:43Z,33.906271709276396,0,0
2026-05-30T16:50:48Z,31.70665144648516,0,0
2026-05-30T16:50:53Z,31.260087741978246,0,0
2026-05-30T16:50:58Z,31.135403917312836,0,0
2026-05-30T16:51:03Z,31.35353953987517,0,0
2026-05-30T16:51:08Z,31.066719453841536,0,0
2026-05-30T16:51:13Z,33.016636119697786,0,0
2026-05-30T16:51:18Z,37.51385658684216,0,0
2026-05-30T16:51:23Z,38.32874123973967,0,0
2026-05-30T16:51:28Z,34.17128012445258,0,0
2026-05-30T16:51:33Z,32.72640906986924,0,0
2026-05-30T16:51:38Z,32.90545216892385,0,0
2026-05-30T16:51:43Z,30.760113610638484,0,0
2026-05-30T16:51:48Z,35.1911273269468,0,0
2026-05-30T16:51:53Z,36.17154518518311,0,0
2026-05-30T16:51:58Z,39.611854320708574,0,0
2026-05-30T16:52:03Z,39.72151237410067,0,1
2026-05-30T16:52:08Z,41.114427369491935,1,1
2026-05-30T16:52:13Z,42.77812412710786,1,1
2026-05-30T16:52:18Z,48.17933284599072,1,1
2026-05-30T16:52:23Z,37.627958961951244,0,1
2026-05-30T16:52:28Z,36.14148155169653,0,1
2026-05-30T16:52:33Z,40.90322046825945,1,1
2026-05-30T16:52:38Z,40.2247133272134,1,1
2026-05-30T16:52:43Z,49.154740242508055,1,1
2026-05-30T16:52:48Z,52.79269594632603,1,1
2026-05-30T16:52:53Z,53.65368906604407,1,1
2026-05-30T16:52:58Z,51.06238667628251,1,1
2026-05-30T16:53:03Z,43.110917174175384,1,0
2026-05-30T16:53:08Z,44.604403240217124,1,0
2026-05-30T16:53:13Z,44.839008791172574,1,0
2026-05-30T16:53:18Z,46.670706888502025,1,0
2026-05-30T16:53:23Z,45.55886298667601,1,0
2026-05-30T16:53:28Z,37.92829892034127,0,0
2026-05-30T16:53:33Z,27.78378967207132,0,0
2026-05-30T16:53:38Z,26.57742771821769,0,0
2026-05-30T16:53:43Z,27.07820712026428,0,0
2026-05-30T16:53:48Z,31.320343892934297,0,0
2026-05-30T16:53:53Z,30.896031973511562,0,0
2026-05-30T16:53:58Z,31.169841457006967,0,0
2026-05-30T16:54:03Z,29.35363744496648,0,0
2026-05-30T16:54:08Z,27.607870093485296,0,0
2026-05-30T16:54:13Z,27.170895025374286,0,0
2026-05-30T16:54:18Z,27.72905550469617,0,0
2026-05-30T16:54:23Z,27.55358603044572,0,0
2026-05-30T16:54:28Z,26.15448076359003,0,0
2026-05-30T16:54:33Z,45.946210815131394,1,0
2026-05-30T16:54:38Z,51.89604001162632,1,0
2026-05-30T16:54:43Z,53.053091825374196,1,0
2026-05-30T16:54:48Z,31.943560095242752,0,0
2026-05-30T16:54:53Z,32.63495285671946,0,0
2026-05-30T16:54:58Z,35.92719637213062,0,0
2026-05-30T16:55:03Z,45.39761289607511,1,0
2026-05-30T16:55:08Z,41.76228293109229,1,0
2026-05-30T16:55:13Z,43.85928284947336,1,0
2026-05-30T16:55:18Z,34.30972228435154,0,0
2026-05-30T16:55:23Z,32.867065344672326,0,0
2026-05-30T16:55:28Z,32.44882245703437,0,0
2026-05-30T16:55:33Z,32.88809040873921,0,0
2026-05-30T16:55:38Z,34.48892580570542,0,0
2026-05-30T16:55:43Z,33.82572211369507,0,0
2026-05-30T16:55:48Z,40.73945140817191,1,0
2026-05-30T16:55:53Z,42.357862155129155,1,0
2026-05-30T16:55:58Z,35.27721900720604,0,0
2026-05-30T16:56:03Z,33.5051414455957,0,0
2026-05-30T16:56:08Z,33.409774079001245,0,0
2026-05-30T16:56:13Z,34.927251233988386,0,0
2026-05-30T16:56:18Z,32.250114624944,0,0
2026-05-30T16:56:23Z,31.264088308800332,0,0
2026-05-30T16:56:28Z,31.2019489965519,0,0
2026-05-30T16:56:33Z,31.749701381974795,0,0
2026-05-30T16:56:38Z,32.43208716092155,0,0
2026-05-30T16:56:43Z,30.373179383303487,0,0
2026-05-30T16:56:48Z,33.19948269154458,0,0
2026-05-30T16:56:53Z,31.958508836474046,0,0
2026-05-30T16:56:58Z,34.76474954026982,0,1
2026-05-30T16:57:03Z,43.16041376980038,1,1
2026-05-30T16:57:08Z,64.24073723997795,1,1
2026-05-30T16:57:13Z,71.41056535034835,1,1
2026-05-30T16:57:18Z,99.2262232036962,1,1
2026-05-30T16:57:23Z,118.8206592180052,1,1
2026-05-30T16:57:28Z,119.18496675975402,1,1
2026-05-30T16:57:33Z,88.60151522011871,1,1
2026-05-30T16:57:38Z,72.10219659407133,1,1
2026-05-30T16:57:43Z,75.51337194092237,1,1
2026-05-30T16:57:48Z,78.03830666279727,1,1
2026-05-30T16:57:53Z,57.53956014313941,1,1
2026-05-30T16:57:58Z,57.493733228038735,1,0
2026-05-30T16:58:03Z,56.56039426712597,1,0
2026-05-30T16:58:08Z,46.43992547530579,1,0
2026-05-30T16:58:13Z,42.97892327867066,1,0
2026-05-30T16:58:18Z,43.538985203632635,1,0
2026-05-30T16:58:23Z,43.35998752313937,1,0
2026-05-30T16:58:28Z,37.59471237153187,0,0
2026-05-30T16:58:33Z,37.68052750652755,0,0
2026-05-30T16:58:38Z,36.78481861863194,0,0
2026-05-30T16:58:43Z,35.94766365512417,0,0
2026-05-30T16:58:48Z,36.4780349645577,0,0
2026-05-30T16:58:53Z,45.52651433535709,1,0
