timestamp,frontend_qps,frontend_latency_p95,frontend_error_rate,frontend_cpu_usage,frontend_memory_usage,frontend_restart_count,cartservice_qps,cartservice_latency_p95,cartservice_error_rate,cartservice_cpu_usage,cartservice_memory_usage,cartservice_restart_count,checkoutservice_qps,checkoutservice_latency_p95,checkoutservice_error_rate,checkoutservice_cpu_usage,checkoutservice_memory_usage,checkoutservice_restart_count,currencyservice_qps,currencyservice_latency_p95,currencyservice_error_rate,currencyservice_cpu_usage,currencyservice_memory_usage,currencyservice_restart_count,emailservice_qps,emailservice_latency_p95,emailservice_error_rate,emailservice_cpu_usage,emailservice_memory_usage,emailservice_restart_count,paymentservice_qps,paymentservice_latency_p95,paymentservice_error_rate,paymentservice_cpu_usage,paymentservice_memory_usage,paymentservice_restart_count,productcatalogservice_qps,productcatalogservice_latency_p95,productcatalogservice_error_rate,productcatalogservice_cpu_usage,productcatalogservice_memory_usage,productcatalogservice_restart_count,recommendationservice_qps,recommendationservice_latency_p95,recommendationservice_error_rate,recommendationservice_cpu_usage,recommendationservice_memory_usage,recommendationservice_restart_count,shippingservice_qps,shippingservice_latency_p95,shippingservice_error_rate,shippingservice_cpu_usage,shippingservice_memory_usage,shippingservice_restart_count,adservice_qps,adservice_latency_p95,adservice_error_rate,adservice_cpu_usage,adservice_memory_usage,adservice_restart_count,redis-cart_cpu_usage,redis-cart_memory_usage,redis-cart_restart_count
2026-05-30T06:40:47Z,2.667022269635952,46.710526315789465,0.0,0.0197581431483192,64.125,4.0,5.133524457186034,4.792592439492832,0.0,0.0082334150396089,177.83984375,0.0,0.1333377780740938,47.08333333333333,0.0,0.0049759218099957,59.48046875,5.0,13.20092456712743,4.497475811004133,0.0,0.0126598804298168,89.25390625,5.0,0.2666711114074271,4.800000000000001,0.0,0.005406714781292,82.8359375,7.0,0.2000133342222814,8.125001388966055,0.0,0.00416414578089,76.7890625,5.0,34.266817787852524,3.317563833989917,0.0,0.0125516547301415,59.26171875,4.0,4.200146676445096,4.909824541075363,0.0,0.0110039022174527,82.92578125,5.0,1.6668889321567226,4.0555294898882055,0.0,0.0040678082829214,53.4375,5.0,3.2,4.649996958204057,0.0,0.0041588918068274,142.1328125,2.0,0.0046772578404984,47.04296875,2.0
2026-05-30T06:40:52Z,2.667022269635952,46.710526315789465,0.0,0.0221952838211023,64.125,4.0,5.133524457186034,4.792592439492832,0.0,0.0092321129089598,177.83984375,0.0,0.1333377780740938,47.08333333333333,0.0,0.0045426362673152,59.78515625,5.0,14.466675556148187,4.517607847454815,0.0,0.0119905287135822,89.25390625,5.0,0.2666711114074271,4.800000000000001,0.0,0.005406714781292,82.8359375,7.0,0.2000133342222814,8.125001388966055,0.0,0.00416414578089,76.7890625,5.0,34.266817787852524,3.317563833989917,0.0,0.0097206905773264,59.26171875,4.0,4.200146676445096,4.909824541075363,0.0,0.0110039022174527,82.92578125,5.0,1.6668889321567226,4.0555294898882055,0.0,0.0044078169573272,53.4375,5.0,3.2,4.649996958204057,0.0,0.0042113731109929,142.1328125,2.0,0.004740979238371,47.04296875,2.0
2026-05-30T06:40:57Z,3.1333333333333333,45.05681818181818,0.0,0.0237979991643604,64.18359375,4.0,5.133524457186034,4.792592439492832,0.0,0.0082449499999999,177.83984375,0.0,0.1333377780740938,47.08333333333333,0.0,0.0045426362673152,59.78515625,5.0,14.466675556148187,4.517607847454813,0.0,0.011093327966186,89.23828125,5.0,0.2000222248892247,4.799999999999999,0.0,0.0055765811455837,82.8359375,7.0,0.2000133342222814,8.125001388966055,0.0,0.00416414578089,76.7890625,5.0,30.26869804833235,3.369732943443752,0.0,0.0131498705999086,59.30078125,4.0,4.266666666666667,4.926666197515226,0.0,0.0111337835219906,82.92578125,5.0,1.5999422272590025,4.073683151853887,0.0,0.0044078169573272,53.4375,5.0,3.2,4.649996958204057,0.0,0.0042091724020719,142.13671875,2.0,0.004740979238371,47.04296875,2.0
2026-05-30T06:41:02Z,3.1333333333333333,45.05681818181818,0.0,0.0282777435947895,64.18359375,4.0,6.000600066674667,4.825045082616031,0.0,0.0115912156205923,176.4140625,0.0,0.2667022269635951,41.87500694513896,0.0,0.0038832585193143,59.78515625,5.0,17.001182379872873,4.521339069657202,0.0,0.011093327966186,89.23828125,5.0,0.2667022269635951,4.800000000000001,0.0,0.0054747659329815,82.86328125,7.0,0.2667022269635951,8.374999999999996,0.0,0.0036016302601982,76.29296875,5.0,31.40388496243944,3.269552373064248,0.0,0.0138681783243629,59.30078125,4.0,4.400284482375428,4.945356522727554,0.0,0.0110607206493761,82.94921875,5.0,2.0000666888909637,3.887519133037776,0.0,0.0035065469508817,53.4375,5.0,3.267102280304041,4.6441527404280345,0.0,0.0042091724020719,142.13671875,2.0,0.0030723249999994,47.04296875,2.0
2026-05-30T06:41:07Z,3.1333333333333333,45.05681818181818,0.0,0.0282777435947895,64.18359375,4.0,6.000600066674667,4.824984617048964,0.0,0.0115912156205923,176.4140625,0.0,0.2667022269635951,41.87500694513896,0.0,0.0038832585193143,59.78515625,5.0,17.00226696892919,4.523239537635963,0.0,0.0079718761647785,89.23828125,5.0,0.2667022269635951,4.800000000000001,0.0,0.0054747659329814,82.86328125,7.0,0.2667022269635951,8.374999999999996,0.0,0.0036016302601982,76.29296875,5.0,31.40388496243944,3.269552373064248,0.0,0.0138681783243629,59.30078125,4.0,4.400284482375428,4.945356522727554,0.0,0.0110607206493761,82.94921875,5.0,2.0000666888909637,3.887519133037776,0.0,0.0031392288711044,53.4375,5.0,3.267102280304041,4.6441527404280345,0.0,0.0042091724020719,142.13671875,2.0,0.0048678626121186,47.02734375,2.0
2026-05-30T06:41:12Z,2.466995599413255,45.855263157894726,0.0,0.0269706615151328,64.12890625,4.0,6.000600066674667,4.824924109672853,0.0,0.0111961827003992,176.85546875,0.0,0.2667022269635951,41.87500694513896,0.0,0.0029500791366354,59.78515625,5.0,17.00226696892919,4.523239537635963,0.0,0.0100270442146169,89.23828125,5.0,0.1333511134817975,4.8,0.0,0.0057039841164788,82.86328125,7.0,0.2667022269635951,8.374999999999996,0.0,0.0030750382493382,71.0625,5.0,28.668755834111217,3.2721761499172146,0.0,0.013117333386993,55.06640625,4.0,3.8671822909721296,4.9688892955047255,0.0,0.0113933703715228,82.94921875,5.0,1.5335733724510825,3.906661273522774,0.0,0.0027204560380775,53.4375,5.0,3.267102280304041,4.6441527404280345,0.0,0.0043505278900036,142.1328125,2.0,0.0048678626121186,47.02734375,2.0
2026-05-30T06:41:17Z,2.466995599413255,45.855263157894726,0.0,0.0266985016445353,64.12890625,4.0,5.133333333333334,4.857145931509201,0.0,0.0109858677218767,176.85546875,0.0,0.1333333333333333,24.25,0.0,0.0038223983114518,60.17578125,5.0,18.60108458905632,4.490903408919743,0.0,0.0108809438458168,89.38671875,5.0,0.0666666666666666,4.8,0.0,0.0056667258662891,82.8828125,7.0,0.1333333333333333,4.8,0.0,0.0030750382493382,71.0625,5.0,27.733564475263368,3.197287122426145,0.0,0.013117333386993,55.06640625,4.0,3.5335644752633684,4.978822985898436,0.0,0.0093637838569656,82.94921875,5.0,1.4001066880042674,3.049967358125106,0.0,0.0040100559100692,53.84765625,5.0,2.8665733395551407,4.6394768291024775,0.0,0.0043505278900036,142.1328125,2.0,0.0048678626121186,47.02734375,2.0
2026-05-30T06:41:22Z,2.466995599413255,45.855263157894726,0.0,0.0262491977013223,64.46875,4.0,5.133333333333334,4.857093746662914,0.0,0.0109858677218767,176.85546875,0.0,0.1333333333333333,24.25,0.0,0.003680425468315,60.17578125,5.0,20.33333333333333,4.429323424797744,0.0,0.0108809438458168,89.38671875,5.0,0.0666666666666666,4.8,0.0,0.0040284108561817,82.8828125,7.0,0.1333333333333333,4.8,0.0,0.0030750382493382,71.0625,5.0,27.733564475263368,3.197287122426145,0.0,0.0135184354687602,55.06640625,4.0,3.5335644752633684,4.978822985898436,0.0,0.0084143363260054,82.94921875,5.0,1.4001066880042674,3.049967358125106,0.0,0.0040100559100692,53.84765625,5.0,2.8665733395551407,4.6394768291024775,0.0,0.0044799650616891,140.63671875,2.0,0.0049925697676971,47.26171875,2.0
2026-05-30T06:41:27Z,2.466666666666667,46.71874999999999,0.0,0.0262491977013223,64.46875,4.0,5.133333333333334,4.857041523676257,0.0,0.0107490848237632,177.64453125,0.0,0.1333333333333333,24.25,0.0,0.003680425468315,60.17578125,5.0,20.33333333333333,4.429323424797744,0.0,0.0108527179850607,89.38671875,5.0,0.1333377780740938,4.8,0.0,0.0043717730580434,82.89453125,7.0,0.1333333333333333,4.8,0.0,0.0025177118376444,71.0390625,5.0,27.8027383106241,3.096302966293066,0.0,0.0128232385179969,55.08984375,4.0,3.4667777851856787,4.976743626554074,0.0,0.0052126666666633,82.94921875,5.0,1.5332888918516543,2.8571593654663725,0.0,0.0037415327429765,53.890625,5.0,2.8665733395551407,4.6394768291024775,0.0,0.0044171592511086,140.63671875,2.0,0.0049925697676971,47.26171875,2.0
2026-05-30T06:41:32Z,2.466666666666667,46.71874999999999,0.0,0.024771264961052,64.46875,4.0,4.600613415122017,4.8597649694031,0.0,0.0103592133390337,177.64453125,0.0,0.1333511134817975,45.0,0.0,0.003680425468315,60.17578125,5.0,17.000951237942836,4.377960810843208,0.0,0.0102837635236425,89.49609375,5.0,0.1333466681483259,4.8,0.0,0.0053120860717091,82.89453125,7.0,0.1333511134817975,22.0,0.0,0.0030069910443197,71.0390625,5.0,26.404285183540487,2.4969905395034138,0.0,0.0128232385179969,55.08984375,4.0,3.467017817189946,4.913095061557077,0.0,0.0100155556561849,83.28515625,5.0,1.3333777925939754,2.60005333511117,0.0,0.0037415327429765,53.890625,5.0,2.8004623016437757,4.648,0.0,0.0044171592511086,140.63671875,2.0,0.0049925697676971,47.26171875,2.0
2026-05-30T06:41:37Z,2.466666666666667,46.71874999999999,0.0,0.024557835456308,62.2109375,4.0,4.600613415122017,4.8597113932596425,0.0,0.0103592133390337,177.64453125,0.0,0.1333511134817975,45.0,0.0,0.003722840403307,60.52734375,5.0,14.068542472329645,4.384063745019919,0.0,0.0102837635236425,89.49609375,5.0,0.1333466681483259,4.8,0.0,0.0053120860717091,82.89453125,7.0,0.1333511134817975,22.0,0.0,0.0026070695881781,71.0390625,5.0,26.404285183540487,2.4969905395034138,0.0,0.0114100993687924,55.08984375,4.0,3.467017817189946,4.913095061557077,0.0,0.0100155556561849,83.28515625,5.0,1.3333777925939754,2.60005333511117,0.0,0.0037415327429765,53.890625,5.0,2.8004623016437757,4.648,0.0,0.0036330275948292,140.63671875,2.0,0.0050733625323503,46.99609375,2.0
2026-05-30T06:41:42Z,2.3336444859314573,45.58333333333331,0.0,0.0240124918430195,62.2109375,4.0,4.600613415122017,4.859657776163505,0.0,0.0085092895701517,177.64453125,0.0,0.1333511134817975,45.0,0.0,0.003722840403307,60.52734375,5.0,14.068542472329645,4.384063745019919,0.0,0.0107899022308307,89.49609375,5.0,0.2666755567408988,4.8,0.0,0.004264380384627,82.89453125,7.0,0.1333511134817975,22.0,0.0,0.003048899129545,71.625,5.0,28.334013613949573,2.496953576231617,0.0,0.0119228882607267,55.11328125,4.0,3.667031151412228,4.896815286624204,0.0,0.0100155556561849,83.28515625,5.0,1.6002133617815708,2.633333333333331,0.0,0.0021192690644711,53.88671875,5.0,2.8004623016437757,4.648,0.0,0.0049059161218316,143.71484375,2.0,0.0050733625323503,46.99609375,2.0
2026-05-30T06:41:47Z,2.3336444859314573,45.58333333333331,0.0,0.0240124918430195,62.2109375,4.0,4.866804453630242,4.82621371655787,0.0,0.0109216951660637,177.625,0.0,0.2666755561481876,44.99999999999999,0.0,0.003722840403307,60.52734375,5.0,13.601333483870109,4.397576640454009,0.0,0.0107899022308307,89.49609375,5.0,0.3333333333333333,4.8,0.0,0.0052758661131044,82.8984375,7.0,0.2666666666666666,22.0,0.0,0.0029477133136983,71.625,5.0,28.26654234607352,2.789122921121342,0.0,0.0119228882607267,55.11328125,4.0,3.6002400160010666,4.898701284457581,0.0,0.0097990515575091,83.6328125,5.0,1.6001511294838129,3.057131880919588,0.0,0.0024154797631085,53.88671875,5.0,2.866857790519368,4.654054054054054,0.0,0.0049059161218316,143.71484375,2.0,0.0041469796692647,46.99609375,2.0
2026-05-30T06:41:52Z,2.3336444859314573,45.58333333333331,0.0,0.0240124918430195,62.2109375,4.0,4.866804453630242,4.82621371655787,0.0,0.0109216951660637,177.625,0.0,0.2666755561481876,44.99999999999999,0.0,0.0034102741033865,60.75390625,5.0,14.200911171855902,4.428906329484898,0.0,0.0116317671675865,87.24609375,5.0,0.3333333333333333,4.8,0.0,0.0052758661131044,82.8984375,7.0,0.2666666666666666,22.0,0.0,0.0029477133136983,71.625,5.0,28.26654234607352,2.789122921121342,0.0,0.0119228882607267,55.11328125,4.0,3.6002400160010666,4.898701284457581,0.0,0.0097990515575091,83.6328125,5.0,1.6001511294838129,3.057131880919588,0.0,0.0027116904617459,53.88671875,5.0,2.866857790519368,4.654054054054054,0.0,0.0047733471000822,143.78125,2.0,0.0050836144499391,46.99609375,2.0
2026-05-30T06:41:57Z,3.0668711247416494,46.18421052631578,0.0,0.0247129336836934,62.73828125,4.0,4.866804453630242,4.82621371655787,0.0,0.0109216951660637,177.625,0.0,0.2666755561481876,44.99999999999999,0.0,0.0043020088346654,60.75390625,5.0,14.200911171855902,4.428906329484898,0.0,0.011279494061214,87.24609375,5.0,0.2666755561481876,4.8,0.0,0.0054074759996984,83.15625,7.0,0.2666666666666666,22.0,0.0,0.0032571720778658,73.99609375,5.0,29.40298256093012,2.9284379288793945,0.0,0.0121226971031566,55.11328125,4.0,3.866924461630775,4.895,0.0,0.0097990515575091,83.6328125,5.0,1.4666933351112297,3.1750286121636164,0.0,0.0028539069312787,53.88671875,5.0,2.866857790519368,4.654054054054054,0.0,0.0049606776132107,143.78125,2.0,0.005026627830111,46.98046875,2.0
2026-05-30T06:42:02Z,3.0668711247416494,46.18421052631578,0.0,0.0247129336836934,62.73828125,4.0,5.400560064007824,4.828571428571428,0.0,0.0113158639113695,177.625,0.0,0.2666933362966519,86.25,0.0,0.0043020088346654,60.75390625,5.0,13.600942289782914,4.478575146399397,0.0,0.011279494061214,87.24609375,5.0,0.2666933362966519,4.8,0.0,0.0053590653504925,83.15625,7.0,0.2666933362966519,20.875004166990763,0.0,0.0033979905590922,73.99609375,5.0,32.33656480330231,2.990759805756793,0.0,0.012353415358506,55.140625,4.0,4.3336222414827645,4.867455367011427,0.0,0.007424558477321,82.84375,5.0,1.6000711182230123,3.400035556872476,0.0,0.0033769384084392,53.88671875,5.0,3.133542236149077,4.640537331847286,0.0,0.0049606776132107,143.78125,2.0,0.005026627830111,46.98046875,2.0
2026-05-30T06:42:07Z,3.0668711247416494,46.18421052631578,0.0,0.0249433376365114,67.59375,4.0,5.400560064007824,4.828571428571428,0.0,0.0108990382079369,176.38671875,0.0,0.2666933362966519,86.25,0.0,0.0043020088346654,60.75390625,5.0,11.467466724745243,4.559848484848484,0.0,0.011279494061214,87.24609375,5.0,0.2666933362966519,4.8,0.0,0.0054041804825318,79.953125,7.0,0.2666933362966519,20.875004166990763,0.0,0.0033979905590922,73.99609375,5.0,32.33656480330231,2.990759805756793,0.0,0.012353415358506,55.140625,4.0,4.3336222414827645,4.867455367011427,0.0,0.0083248596235084,82.84375,5.0,1.6000711182230123,3.400035556872476,0.0,0.0033769384084392,53.88671875,5.0,3.133542236149077,4.640537331847286,0.0,0.0049606776132107,143.78125,2.0,0.0049088529373905,47.2265625,2.0
2026-05-30T06:42:12Z,1.8002400320042673,44.6875,0.0,0.0249891670947709,67.59375,4.0,5.400560064007824,4.828571428571428,0.0,0.0112108523096942,176.38671875,0.0,0.2666933362966519,86.25,0.0,0.0043020088346654,60.75390625,5.0,11.467466724745243,4.559848484848484,0.0,0.0100451899286848,86.56640625,5.0,0.1333511134817975,4.800000000000001,0.0,0.0054041804825318,79.953125,7.0,0.2666933362966519,20.875004166990763,0.0,0.0032351753297292,71.23046875,5.0,28.26777785541306,3.080326358055068,0.0,0.013045993253715,55.33203125,4.0,4.000266684445629,4.890475675822977,0.0,0.0091212879314313,82.55078125,5.0,1.2001244586684052,3.555555555555555,0.0,0.0035700757898319,53.8984375,5.0,3.133542236149077,4.640537331847286,0.0,0.004789480137322,144.0390625,2.0,0.0049088529373905,47.2265625,2.0
2026-05-30T06:42:17Z,1.8002400320042673,44.6875,0.0,0.0249891670947709,67.59375,4.0,4.933493344000711,4.828707831763442,0.0,0.0112108523096942,176.38671875,0.0,0.1333377780740938,87.5,0.0,0.0039183628427094,60.7578125,5.0,14.334271173633798,4.587069980994808,0.0,0.0104396737340743,86.56640625,5.0,0.0666666666666666,4.8,0.0,0.0054797170792598,79.953125,7.0,0.1333377780740938,18.24999999999999,0.0,0.0032351753297292,71.23046875,5.0,25.734235615707718,3.4000259940206594,0.0,0.013045993253715,55.33203125,4.0,3.733582238815921,4.959281437125748,0.0,0.0107498621929322,82.55078125,5.0,1.0667555650381433,3.374996249440526,0.0,0.0036162498051173,53.8984375,5.0,3.600120008000533,4.608575439639145,0.0,0.004789480137322,144.0390625,2.0,0.0049088529373905,47.2265625,2.0
2026-05-30T06:42:22Z,1.8002400320042673,44.6875,0.0,0.0255175345377296,67.59375,4.0,4.933493344000711,4.828707831763442,0.0,0.0112108523096942,176.38671875,0.0,0.1333377780740938,87.5,0.0,0.0039183628427094,60.7578125,5.0,17.7339111496322,4.554584851263905,0.0,0.0104396737340743,86.56640625,5.0,0.0666666666666666,4.8,0.0,0.0054882110947998,79.95703125,7.0,0.1333377780740938,18.24999999999999,0.0,0.0032351753297292,71.23046875,5.0,25.734235615707718,3.4000259940206594,0.0,0.013045993253715,55.33203125,4.0,3.733582238815921,4.959281437125748,0.0,0.0107498621929322,82.55078125,5.0,1.0667555650381433,3.374996249440526,0.0,0.0036162498051173,53.8984375,5.0,3.600120008000533,4.608575439639145,0.0,0.0035791829527099,144.18359375,2.0,0.0047970324545096,47.22265625,2.0
2026-05-30T06:42:27Z,2.933137790813946,43.74999999999999,0.0,0.0196824186503749,67.59375,4.0,4.933493344000711,4.828707831763442,0.0,0.0090525168236877,178.01171875,0.0,0.1333377780740938,87.5,0.0,0.0039183628427094,60.7578125,5.0,17.7339111496322,4.554584851263905,0.0,0.0104396737340743,86.56640625,5.0,0.1333288891851654,4.8,0.0,0.0048089341963323,79.95703125,7.0,0.1333377780740938,18.24999999999999,0.0,0.0027577780763621,71.23046875,5.0,27.268471231415425,3.386250416685184,0.0,0.0104939126755748,55.33203125,4.0,3.666911127408494,4.956470588235294,0.0,0.0104301544601006,82.7265625,5.0,1.4667022245927506,3.2000203184278617,0.0,0.0035576996261558,53.921875,5.0,3.600120008000533,4.608575439639145,0.0,0.004329322206199,144.18359375,2.0,0.0047970324545096,47.22265625,2.0
2026-05-30T06:42:32Z,2.933137790813946,43.74999999999999,0.0,0.0243263223656777,68.1484375,4.0,4.734124581950661,4.826976652547769,0.0,0.0090525168236877,178.01171875,0.0,0.0666755567408987,92.5,0.0,0.0039183628427094,60.7578125,5.0,15.667582344312576,4.495127573402407,0.0,0.0093811201216423,86.4296875,5.0,0.1333377792593975,4.8,0.0,0.0056440129449839,79.95703125,7.0,0.0666755567408987,20.5,0.0,0.0032088066101868,72.1171875,5.0,25.80241803202936,3.2726105821014286,0.0,0.0124245423472905,55.1484375,4.0,3.333662258374677,4.9373494527550745,0.0,0.0105108874082645,82.7265625,5.0,1.5334311241498866,2.6000337795793547,0.0,0.0035576996261558,53.921875,5.0,2.5337556287538794,4.636363636363635,0.0,0.004329322206199,144.18359375,2.0,0.0047970324545096,47.22265625,2.0
2026-05-30T06:42:37Z,2.933137790813946,43.74999999999999,0.0,0.0238621454515176,68.1484375,4.0,4.734124581950661,4.826976652547769,0.0,0.0087090474620962,177.77734375,0.0,0.0666755567408987,92.5,0.0,0.0031763854940881,60.7890625,5.0,14.602462653707788,4.463598326359833,0.0,0.0093811201216423,86.4296875,5.0,0.1333377792593975,4.8,0.0,0.0055669117095503,79.953125,7.0,0.0666755567408987,20.5,0.0,0.0032088066101868,72.1171875,5.0,25.80241803202936,3.2726105821014286,0.0,0.0124245423472905,55.1484375,4.0,3.333662258374677,4.9373494527550745,0.0,0.0104515521384006,82.66015625,5.0,1.5334311241498866,2.6000337795793547,0.0,0.0035576996261558,53.921875,5.0,2.5337556287538794,4.636363636363635,0.0,0.004329322206199,144.18359375,2.0,0.0038422118698948,46.96875,2.0
2026-05-30T06:42:42Z,2.800560112022404,40.86538461538462,0.0,0.0242222790529183,67.5078125,4.0,4.734124581950661,4.826976652547769,0.0,0.0087090474620962,177.77734375,0.0,0.0666755567408987,92.5,0.0,0.0031763854940881,60.7890625,5.0,14.602462653707788,4.463598326359833,0.0,0.0096508047044264,86.515625,5.0,0.1333555594080989,4.8,0.0,0.0055669117095503,79.953125,7.0,0.0666755567408987,20.5,0.0,0.0027893433196717,72.1171875,5.0,28.402724736923165,3.210174678607143,0.0,0.0123112890020913,55.40625,4.0,3.6004800640085346,4.917283950617284,0.0,0.0104515521384006,82.66015625,5.0,1.600271158823488,2.199969996666288,0.0,0.0037930879856508,53.921875,5.0,2.5337556287538794,4.636363636363635,0.0,0.0042093615435585,144.40625,2.0,0.0046482117951789,46.96875,2.0
2026-05-30T06:42:47Z,2.800560112022404,40.86538461538462,0.0,0.0242222790529183,67.5078125,4.0,5.33315112325845,4.790783301590637,0.0,0.0064383932734825,177.77734375,0.0,0.1999911117036641,46.875,0.0,0.0031763854940881,60.7890625,5.0,15.801022566578066,4.434993409661619,0.0,0.0096508047044264,86.515625,5.0,0.1333466693338667,4.8,0.0,0.0054746404590972,79.953125,7.0,0.1333333333333333,21.24996666444429,0.0,0.0031239226161909,74.140625,5.0,32.66702239348662,3.293160639649382,0.0,0.0123112890020913,55.40625,4.0,4.2667822678559215,4.939876245345293,0.0,0.0100818691688235,82.66015625,5.0,1.6667955931919225,2.599927991999112,0.0,0.0029281532931895,53.921875,5.0,3.26644890340644,4.6410256410256405,0.0,0.0042093615435585,144.40625,2.0,0.0046482117951789,46.96875,2.0
2026-05-30T06:42:52Z,2.800560112022404,40.86538461538462,0.0,0.0242222790529183,67.5078125,4.0,5.33315112325845,4.790783301590637,0.0,0.0087810847317933,179.7265625,0.0,0.1999911117036641,46.875,0.0,0.0028436231435686,60.8515625,5.0,15.33232451169922,4.390598290598289,0.0,0.0107645817586307,86.515625,5.0,0.1333466693338667,4.8,0.0,0.0054079275849063,79.95703125,7.0,0.1333333333333333,21.24996666444429,0.0,0.0031239226161909,74.140625,5.0,32.66702239348662,3.293160639649382,0.0,0.0123112890020913,55.40625,4.0,4.2667822678559215,4.939876245345293,0.0,0.0103608604485774,79.58984375,5.0,1.6667955931919225,2.599927991999112,0.0,0.0026120626277186,53.921875,5.0,3.26644890340644,4.6410256410256405,0.0,0.0040448206854933,144.40625,2.0,0.004594933150617,46.953125,2.0
2026-05-30T06:42:57Z,2.533164455702953,43.24999999999999,0.0,0.0239737482160426,67.859375,4.0,5.33315112325845,4.790783301590637,0.0,0.0087810847317933,179.7265625,0.0,0.1999911117036641,46.875,0.0,0.0036603747664574,60.8515625,5.0,15.33232451169922,4.390598290598289,0.0,0.0107645817586307,86.515625,5.0,0.2000088894815209,4.8,0.0,0.0053653392366262,79.95703125,7.0,0.1333333333333333,21.24996666444429,0.0,0.0033219217552771,75.23828125,5.0,31.266671241185207,3.272593128844213,0.0,0.0123188196698787,52.71875,4.0,4.133182232295624,4.891565223083953,0.0,0.0103608604485774,79.58984375,5.0,1.5332400062218074,2.2799999999999967,0.0,0.0035964065731254,52.44921875,5.0,3.26644890340644,4.6410256410256405,0.0,0.0040448206854933,144.40625,2.0,0.0045713479120045,46.953125,2.0
2026-05-30T06:43:02Z,2.533164455702953,43.24999999999999,0.0,0.0239737482160426,67.859375,4.0,4.800275591708484,4.789999999999999,0.0,0.0087810847317933,179.7265625,0.0,0.1333466681483259,24.25,0.0,0.0036603747664574,60.8515625,5.0,13.600346808901335,4.390682107594126,0.0,0.0106270637935047,86.62109375,5.0,0.2000133342222814,4.799999999999999,0.0,0.0053653392366262,79.95703125,7.0,0.2000222248892247,9.416667901326024,0.0,0.0033219217552771,75.23828125,5.0,27.335742477659306,3.0830769230769195,0.0,0.0120287780339551,52.71875,4.0,3.5335555851891365,4.845238095238095,0.0,0.0102848933154704,80.0078125,5.0,1.2666800109637335,2.7333592604115733,0.0,0.0035964065731254,52.44921875,5.0,2.867048939858648,4.655693498317015,0.0,0.0041154697244008,144.81640625,2.0,0.0045713479120045,46.953125,2.0
2026-05-30T06:43:07Z,2.533164455702953,43.24999999999999,0.0,0.0182755876954226,67.859375,4.0,4.800275591708484,4.789999999999999,0.0,0.0072725563154912,178.1484375,0.0,0.1333466681483259,24.25,0.0,0.0036603747664574,60.8515625,5.0,12.735018001511254,4.452241975153649,0.0,0.0106270637935047,86.62109375,5.0,0.2000133342222814,4.799999999999999,0.0,0.0052776503080521,80.03125,7.0,0.2000222248892247,9.416667901326024,0.0,0.0033219217552771,75.23828125,5.0,27.335742477659306,3.0830769230769195,0.0,0.0123390418530317,53.171875,4.0,3.5335555851891365,4.845238095238095,0.0,0.0102848933154704,80.0078125,5.0,1.2666800109637335,2.7333592604115733,0.0,0.0035964065731254,52.44921875,5.0,2.867048939858648,4.655693498317015,0.0,0.0041154697244008,144.81640625,2.0,0.0045235088139326,46.953125,2.0
2026-05-30T06:43:12Z,2.466995599413255,48.07692307692304,0.0,0.0163019250000047,67.859375,4.0,4.800275591708484,4.789999999999999,0.0,0.0087979497268891,178.1484375,0.0,0.1333466681483259,24.25,0.0,0.0035318766249955,56.59375,5.0,12.735018001511254,4.452241975153649,0.0,0.0104503552729991,86.62109375,5.0,0.1333422228148543,4.8,0.0,0.0052776503080521,80.03125,7.0,0.2000222248892247,9.416667901326024,0.0,0.0027372230906405,72.953125,5.0,29.069462522998265,3.1185260399509867,0.0,0.010749667900159,53.171875,4.0,3.8671822909721296,4.893251552813662,0.0,0.010588043448967,80.0078125,5.0,1.2668755925994482,2.866620735637288,0.0,0.0035299561152455,52.44921875,5.0,2.867048939858648,4.655693498317015,0.0,0.0040263879369437,144.9296875,2.0,0.0046628750257671,45.390625,2.0
2026-05-30T06:43:17Z,2.466995599413255,48.07692307692304,0.0,0.0248360560743474,67.78515625,4.0,5.800208902815744,4.822026410154294,0.0,0.0087798152832068,177.78125,0.0,0.2666755561481876,24.25,0.0,0.0036357531760442,56.59375,5.0,14.600897894533889,4.512588925045515,0.0,0.0104503552729991,86.62109375,5.0,0.2000133342222814,4.8,0.0,0.0052419662714752,80.03125,7.0,0.2000088894815209,8.874999999999998,0.0,0.0033518841591059,72.953125,5.0,32.86806677956569,3.149990115756034,0.0,0.0127823447708264,53.171875,4.0,4.40029337244966,4.91111060859132,0.0,0.0089044563068858,80.0078125,5.0,1.6668311416355763,3.249925547653457,0.0,0.0035299561152455,52.44921875,5.0,3.1333333333333337,4.62972972972973,0.0,0.0040263879369437,144.9296875,2.0,0.0046628750257671,45.390625,2.0
2026-05-30T06:43:22Z,2.466995599413255,48.07692307692304,0.0,0.0248360560743474,67.78515625,4.0,5.800208902815744,4.822026410154294,0.0,0.0087798152832068,177.78125,0.0,0.2666755561481876,24.25,0.0,0.0036760583553293,56.5859375,5.0,16.800044447407604,4.511810836786752,0.0,0.0102662485746862,86.6953125,5.0,0.2000133342222814,4.8,0.0,0.0051792355117137,80.03125,7.0,0.2000088894815209,8.874999999999998,0.0,0.0033518841591059,72.953125,5.0,32.86806677956569,3.149990115756034,0.0,0.0123249753619909,52.875,4.0,4.40029337244966,4.91111060859132,0.0,0.0106536020367956,79.87109375,5.0,1.6668311416355763,3.249925547653457,0.0,0.0035299561152455,52.44921875,5.0,3.1333333333333337,4.62972972972973,0.0,0.003294302255336,145.20703125,2.0,0.0047004112536434,45.390625,2.0
2026-05-30T06:43:27Z,2.933528901926795,50.50000000000003,0.0,0.0238163297370897,68.01171875,4.0,5.800208902815744,4.822026410154294,0.0,0.0091123694660979,177.78125,0.0,0.2666755561481876,24.25,0.0,0.0036760583553293,56.5859375,5.0,16.800044447407604,4.511810836786752,0.0,0.0102662485746862,86.6953125,5.0,0.2000088894815209,4.8,0.0,0.0051792355117137,80.03125,7.0,0.2000088894815209,8.874999999999998,0.0,0.0032698223056643,72.52734375,5.0,30.136036091366105,3.0467476543011904,0.0,0.0123249753619909,52.875,4.0,4.4,4.927374325396382,0.0,0.0107554291280167,79.87109375,5.0,1.4666488924443652,3.199994444197518,0.0,0.0020242252008686,52.4453125,5.0,3.1333333333333337,4.62972972972973,0.0,0.0040505237967307,145.20703125,2.0,0.0047004112536434,45.390625,2.0
2026-05-30T06:43:32Z,2.933528901926795,50.50000000000003,0.0,0.0234416275362894,68.01171875,4.0,4.26736456328026,4.825961538461538,0.0,0.0077193919203804,177.78125,0.0,0.1333511134817975,24.25,0.0,0.0036760583553293,56.5859375,5.0,15.867635684757968,4.511402423775629,0.0,0.0101857105876254,86.6953125,5.0,0.1333422234075654,4.8,0.0,0.0043711309042332,80.03125,7.0,0.1333511134817975,8.0,0.0,0.0030295917576881,72.52734375,5.0,27.404249633320006,3.0558504681387944,0.0,0.0122592158262394,52.875,4.0,4.066915588745166,4.979882821797554,0.0,0.0107554291280167,79.87109375,5.0,1.1333777908160791,2.9000733349629986,0.0,0.0022990485610886,52.4453125,5.0,3.267102280304041,4.627027027027026,0.0,0.0040505237967307,145.20703125,2.0,0.0047657047064538,45.4609375,2.0
2026-05-30T06:43:37Z,2.933528901926795,50.50000000000003,0.0,0.0234416275362894,68.01171875,4.0,4.26736456328026,4.825961538461538,0.0,0.0080826060125187,87.27734375,0.0,0.1333511134817975,24.25,0.0,0.0034774292272378,56.5859375,5.0,15.668755834111217,4.506779661016948,0.0,0.0101857105876254,86.6953125,5.0,0.1333422234075654,4.8,0.0,0.0051478601708462,80.03515625,7.0,0.1333511134817975,8.0,0.0,0.0026193597870991,72.52734375,5.0,27.404249633320006,3.0558504681387944,0.0,0.0102819405269762,52.875,4.0,4.066915588745166,4.979882821797554,0.0,0.0104543723027172,79.921875,5.0,1.1333777908160791,2.9000733349629986,0.0,0.0026756765019875,52.6328125,5.0,3.267102280304041,4.627027027027026,0.0,0.004152060816998,145.5625,2.0,0.0048949367088606,45.4609375,2.0
2026-05-30T06:43:42Z,2.3336444859314573,47.84090909090912,0.0,0.0228376731657191,68.01171875,4.0,4.26736456328026,4.825961538461538,0.0,0.0080826060125187,87.27734375,0.0,0.1333511134817975,24.25,0.0,0.0034410805084745,56.671875,5.0,15.668755834111217,4.506779661016948,0.0,0.0107166229516668,91.29296875,5.0,0.1333555594080989,4.799999999999999,0.0,0.0051478601708462,80.03515625,7.0,0.1333511134817975,8.0,0.0,0.003339704047067,74.84765625,5.0,26.00090695824972,3.0078924748644136,0.0,0.0119297351852768,52.6875,4.0,3.200426723563142,4.983132530120482,0.0,0.0104543723027172,79.921875,5.0,1.2668355780770768,2.9999999999999964,0.0,0.0029632403861442,52.6328125,5.0,3.267102280304041,4.627027027027026,0.0,0.0034109528371356,145.5625,2.0,0.0048949367088606,45.4609375,2.0
2026-05-30T06:43:47Z,2.3336444859314573,47.84090909090912,0.0,0.0239564938025924,68.15625,4.0,6.066457791702775,4.823853076520011,0.0,0.0080826060125187,87.27734375,0.0,0.1333333333333333,24.25,0.0,0.0034410805084745,56.671875,5.0,16.934453482686582,4.466372550338527,0.0,0.0107166229516668,91.29296875,5.0,0.1333466693338667,4.8,0.0,0.0051478601708462,80.03515625,7.0,0.1333333333333333,4.766667160519434,0.0,0.0034299366026475,74.84765625,5.0,27.865991191703078,2.8766624933279354,0.0,0.0119297351852768,52.6875,4.0,3.466844468151309,4.960240369309563,0.0,0.0104543723027172,79.921875,5.0,1.4667555674089878,2.5999395503402822,0.0,0.0034507666098807,52.6328125,5.0,3.466666666666667,4.6850000000000005,0.0,0.0041092379197484,145.5625,2.0,0.0048949367088606,45.4609375,2.0
2026-05-30T06:43:52Z,2.3336444859314573,47.84090909090912,0.0,0.0239564938025924,68.15625,4.0,6.066457791702775,4.823853076520011,0.0,0.0081944062069828,87.27734375,0.0,0.1333333333333333,24.25,0.0,0.0028498798699677,56.671875,5.0,15.267115585483475,4.422417136609477,0.0,0.0107166229516668,91.29296875,5.0,0.1333466693338667,4.8,0.0,0.004997805063568,80.03125,7.0,0.1333333333333333,4.766667160519434,0.0,0.0034299366026475,74.84765625,5.0,27.865991191703078,2.8766624933279354,0.0,0.0122584775949266,52.93359375,4.0,3.466844468151309,4.960240369309563,0.0,0.0103878374646923,79.89453125,5.0,1.4667555674089878,2.5999395503402822,0.0,0.0036661861462262,52.5625,5.0,3.466666666666667,4.6850000000000005,0.0,0.0042684049079759,145.7578125,2.0,0.0048185242813853,45.70703125,2.0
2026-05-30T06:43:57Z,3.333333333333333,40.454545454545446,0.0,0.0195531647315568,68.15625,4.0,6.066457791702775,4.823853076520011,0.0,0.0062038483658699,87.27734375,0.0,0.1333333333333333,24.25,0.0,0.0035602212602211,56.5546875,5.0,15.267115585483475,4.422417136609477,0.0,0.0107166229516668,91.29296875,5.0,0.1999911117036641,4.800000000000001,0.0,0.004997805063568,80.03125,7.0,0.1333333333333333,4.766667160519434,0.0,0.0030175685771887,74.84765625,5.0,34.134542302820186,2.7623720810080767,0.0,0.0119101138557787,52.93359375,4.0,4.4,4.909826589595375,0.0,0.0103878374646923,79.89453125,5.0,1.7333955597039803,2.3599928884147783,0.0,0.0037781072569705,52.5625,5.0,3.466666666666667,4.6850000000000005,0.0,0.0042684049079759,145.7578125,2.0,0.0048185242813853,45.70703125,2.0
2026-05-30T06:44:02Z,3.333333333333333,40.454545454545446,0.0,0.0193527773167985,68.15625,4.0,6.000800106680891,4.789519650655022,0.0,0.0092071598266262,88.8828125,0.0,0.2667022269635951,40.00000000000001,0.0,0.0035602212602211,56.5546875,5.0,15.601631298689682,4.413563257963275,0.0,0.0111392948831971,86.9453125,5.0,0.2666755585187951,4.8,0.0,0.004997805063568,80.03125,7.0,0.2667022269635951,8.0,0.0,0.0034790718648795,73.859375,5.0,33.86967143114841,2.664353261679772,0.0,0.0119101138557787,52.93359375,4.0,4.26693336889363,4.884917197407944,0.0,0.0082965391730658,79.89453125,5.0,1.8001777973356643,0.4969236166053176,0.0,0.0037781072569705,52.5625,5.0,3.267102280304041,4.688095238095238,0.0,0.0044081958750205,145.7578125,2.0,0.0047447676767678,45.69921875,2.0
2026-05-30T06:44:07Z,3.333333333333333,40.454545454545446,0.0,0.017392039403312,68.15625,4.0,6.000800106680891,4.789519650655022,0.0,0.0093633543360107,88.8828125,0.0,0.2667022269635951,40.00000000000001,0.0,0.0035946629213484,56.59375,5.0,18.934515713206206,4.390480637982396,0.0,0.0111392948831971,86.9453125,5.0,0.2666755585187951,4.8,0.0,0.0049764048691025,80.03125,7.0,0.2667022269635951,8.0,0.0,0.0034790718648795,73.859375,5.0,33.86967143114841,2.664353261679772,0.0,0.0123433861285866,52.75390625,4.0,4.26693336889363,4.884917197407944,0.0,0.0099708228379536,79.6171875,5.0,1.8001777973356643,0.4969236166053176,0.0,0.0036477764184915,52.5859375,5.0,3.267102280304041,4.688095238095238,0.0,0.0042633704632635,145.78515625,2.0,0.0047447676767678,45.69921875,2.0
2026-05-30T06:44:12Z,3.266884458963931,40.62499999999998,0.0,0.0154313014898255,68.15625,4.0,6.000800106680891,4.789519650655022,0.0,0.0101169449299073,89.55078125,0.0,0.2667022269635951,40.00000000000001,0.0,0.0035391326542456,56.59375,5.0,18.934515713206206,4.390480637982396,0.0,0.0111922047608472,85.79296875,5.0,0.2667022269635951,4.8,0.0,0.0051469342338991,80.46875,7.0,0.2667022269635951,8.0,0.0,0.0036429973188866,73.859375,5.0,32.66974254700058,2.6776393286850317,0.0,0.0123433861285866,52.75390625,4.0,4.1337422672646325,4.865517969405283,0.0,0.0099708228379536,79.6171875,5.0,2.066862242965373,0.4962686567164178,0.0,0.0037585919451267,52.5859375,5.0,3.267102280304041,4.688095238095238,0.0,0.0043259675136182,145.78515625,2.0,0.0038752317501652,45.69921875,2.0
2026-05-30T06:44:17Z,3.266884458963931,40.62499999999998,0.0,0.0253211154382882,69.02734375,4.0,5.199991111703664,4.788844743985234,0.0,0.011321585031514,89.55078125,0.0,0.1333288891851654,44.37499305532406,0.0,0.0035391326542456,56.59375,5.0,19.066653334222163,4.380323668999058,0.0,0.0111922047608472,85.79296875,5.0,0.2000133360002963,4.8,0.0,0.0043227336211515,80.46875,7.0,0.1999955558518321,9.249996296159116,0.0,0.0036429973188866,73.859375,5.0,32.13460453037602,2.3192625840826,0.0,0.0124036837792586,52.75390625,4.0,4.000142231704336,4.820994250875186,0.0,0.0099708228379536,79.6171875,5.0,2.1334044503706866,2.714228022345329,0.0,0.0037585919451267,52.5859375,5.0,2.533333333333333,4.69873417721519,0.0,0.0042927397888955,145.80078125,2.0,0.0046421045728793,45.453125,2.0
2026-05-30T06:44:22Z,3.266884458963931,40.62499999999998,0.0,0.0253211154382882,69.02734375,4.0,5.199991111703664,4.788844743985234,0.0,0.011321585031514,89.55078125,0.0,0.1333288891851654,44.37499305532406,0.0,0.0023660500000005,56.59375,5.0,16.267137810965057,4.360833300307894,0.0,0.0092292806760541,85.79296875,5.0,0.2000133360002963,4.8,0.0,0.0051730028574952,80.46875,7.0,0.1999955558518321,9.249996296159116,0.0,0.0035380379655125,73.5703125,5.0,32.13460453037602,2.3192625840826,0.0,0.010898893723364,52.75390625,4.0,4.000142231704336,4.820994250875186,0.0,0.0102317626750227,79.51953125,5.0,2.1334044503706866,2.714228022345329,0.0,0.0036192295738344,52.61328125,5.0,2.533333333333333,4.69873417721519,0.0,0.0042379028308375,145.80078125,2.0,0.0046421045728793,45.453125,2.0
2026-05-30T06:44:27Z,2.2,39.13461538461538,0.0,0.0240059018724776,68.8515625,4.0,5.199991111703664,4.788844743985234,0.0,0.0114554175250223,89.91796875,0.0,0.1333288891851654,44.37499305532406,0.0,0.0036521995286723,56.8515625,5.0,16.267137810965057,4.360833300307894,0.0,0.0106466137916886,84.53515625,5.0,0.1333288891851654,4.8,0.0,0.0051577852052721,80.21875,7.0,0.1999955558518321,9.249996296159116,0.0,0.0033116924296476,73.5703125,5.0,25.40070227022534,2.3794093430030947,0.0,0.0127817523606978,52.75390625,4.0,3.666666666666667,4.841988932232516,0.0,0.0102317626750227,79.51953125,5.0,1.3332977801479902,2.742871383626833,0.0,0.0035697386392573,52.61328125,5.0,2.533333333333333,4.69873417721519,0.0,0.0042379028308375,145.80078125,2.0,0.0046421045728793,45.453125,2.0
2026-05-30T06:44:32Z,2.2,39.13461538461538,0.0,0.0240059018724776,68.8515625,4.0,3.800493413644388,4.824215463475632,0.0,0.0114554175250223,89.91796875,0.0,0.1333555594080989,44.37498610987643,0.0,0.0036521995286723,56.8515625,5.0,14.935333666432369,4.346269860746062,0.0,0.0106466137916886,84.53515625,5.0,0.1333422234075654,4.8,0.0,0.0051577852052721,80.21875,7.0,0.1333511134817975,9.249996295994483,0.0,0.0033116924296476,73.5703125,5.0,20.869044823476653,2.388462155058755,0.0,0.010972388799438,52.75390625,4.0,3.066920050676802,4.86628008600061,0.0,0.0102317626750227,79.51953125,5.0,0.6666844539271903,2.5667521008541963,0.0,0.0035697386392573,52.61328125,5.0,3.0671778663862748,4.617146561785253,0.0,0.003549879306251,145.80078125,2.0,0.0046983219788759,45.45703125,2.0
2026-05-30T06:44:37Z,2.2,39.13461538461538,0.0,0.0240059018724776,68.8515625,4.0,3.800493413644388,4.824215463475632,0.0,0.0076186749999999,89.91796875,0.0,0.1333555594080989,44.37498610987643,0.0,0.00362649825784,56.2265625,5.0,17.202787136971335,4.330481946706708,0.0,0.0103180399904012,84.12890625,5.0,0.1333422234075654,4.8,0.0,0.0051841147120946,80.22265625,7.0,0.1333511134817975,9.249996295994483,0.0,0.0033116924296476,73.5703125,5.0,20.869044823476653,2.388462155058755,0.0,0.0116342323255129,53.91015625,4.0,3.066920050676802,4.86628008600061,0.0,0.0084911033908742,79.51953125,5.0,0.6666844539271903,2.5667521008541963,0.0,0.0031568234901564,52.625,5.0,3.0671778663862748,4.617146561785253,0.0,0.0030036043862238,145.80078125,2.0,0.0046983219788759,45.45703125,2.0
2026-05-30T06:44:42Z,2.2669689291905586,42.49999999999999,0.0,0.0233084442131847,69.16015625,4.0,3.800493413644388,4.824215463475632,0.0,0.0095964992563779,89.375,0.0,0.1333555594080989,44.37498610987643,0.0,0.0036392214876799,56.2265625,5.0,17.202787136971335,4.330481946706708,0.0,0.0081676583384003,84.12890625,5.0,0.0666755567408987,4.8,0.0,0.0051841147120946,80.22265625,7.0,0.1333511134817975,9.249996295994483,0.0,0.0025118470650068,73.5703125,5.0,20.535133682735125,2.404166537359795,0.0,0.0111056935120486,53.91015625,4.0,2.267053401790284,4.870807889994499,0.0,0.0093094741149952,79.2109375,5.0,0.666817813934896,2.8333345684792848,0.0,0.0031568234901564,52.625,5.0,3.0671778663862748,4.617146561785253,0.0,0.0026701539983619,145.80078125,2.0,0.0046983219788759,45.45703125,2.0
2026-05-30T06:44:47Z,2.2669689291905586,42.49999999999999,0.0,0.0132790028009205,69.16015625,4.0,4.466671130962983,4.831472081218274,0.0,0.0095964992563779,89.375,0.0,0.0,43.75,0.0,0.0036392214876799,56.2265625,5.0,19.000640211575355,4.2762738883130265,0.0,0.0087212760986196,84.12890625,5.0,0.0,4.8,0.0,0.0051841147120946,80.22265625,7.0,0.0,9.375001388935186,0.0,0.0029295707902692,74.03515625,5.0,22.86608450992512,2.5326406747362453,0.0,0.0111056935120486,53.91015625,4.0,2.533364469038953,4.877550703855919,0.0,0.0093094741149952,79.2109375,5.0,0.9334044752666883,3.099957033217768,0.0,0.0031568234901564,52.625,5.0,2.9332355620736394,4.606153846153847,0.0,0.0038557542479778,145.7890625,2.0,0.0046983219788759,45.45703125,2.0
2026-05-30T06:44:52Z,2.2669689291905586,42.49999999999999,0.0,0.0120516249999923,69.16015625,4.0,4.466671130962983,4.831472081218274,0.0,0.0095964992563779,89.375,0.0,0.0,43.75,0.0,0.0034601346871838,56.24609375,5.0,20.19936893096016,4.301317104957601,0.0,0.0103559105431318,83.8828125,5.0,0.0,4.8,0.0,0.0051234791425279,80.21875,7.0,0.0,9.375001388935186,0.0,0.0029295707902692,74.03515625,5.0,22.86608450992512,2.5326406747362453,0.0,0.0106705763768044,53.91015625,4.0,2.533364469038953,4.877550703855919,0.0,0.0095182208042378,79.62890625,5.0,0.9334044752666883,3.099957033217768,0.0,0.0032525173099185,52.6328125,5.0,2.9332355620736394,4.606153846153847,0.0,0.0038649257983784,145.7890625,2.0,0.0046750781598924,45.4296875,2.0
2026-05-30T06:44:57Z,2.533502233482232,44.6875,0.0,0.0178298001013084,69.046875,4.0,4.466671130962983,4.831472081218274,0.0,0.0091264222964951,89.39453125,0.0,0.0,43.75,0.0,0.0033937096136092,56.24609375,5.0,20.19936893096016,4.301317104957601,0.0,0.0103559105431318,83.8828125,5.0,0.1333333333333333,4.8,0.0,0.0051234791425279,80.21875,7.0,0.0,9.375001388935186,0.0,0.0029295707902692,74.03515625,5.0,25.46764916298997,2.5936625148196657,0.0,0.0113440526852963,53.6015625,4.0,3.533231117925472,4.880281690140844,0.0,0.0095182208042378,79.62890625,5.0,1.399906672888474,3.1666666666666634,0.0,0.0032525173099185,52.6328125,5.0,2.9332355620736394,4.606153846153847,0.0,0.0038649257983784,145.7890625,2.0,0.0046750781598924,45.4296875,2.0
2026-05-30T06:45:02Z,2.533502233482232,44.6875,0.0,0.0218467498612049,69.046875,4.0,4.6672711905290285,4.835869565217393,0.0,0.008105854426661,89.39453125,0.0,0.2666933362966519,46.25,0.0,0.0033937096136092,56.24609375,5.0,19.134409029351865,4.311611737947422,0.0,0.0100854898801751,83.8828125,5.0,0.2666755561481876,4.8,0.0,0.0051234791425279,80.21875,7.0,0.2667022281492545,4.8,0.0,0.0028045697374036,73.40625,5.0,25.803138193833096,2.8352984346407077,0.0,0.0113440526852963,53.6015625,4.0,3.600213361781571,4.855474497549226,0.0,0.0095182208042378,79.62890625,5.0,1.7333733490382817,1.600080003555708,0.0,0.0032525173099185,52.6328125,5.0,2.533671156154154,4.59375,0.0,0.0038504904527518,145.8046875,2.0,0.0047002043795617,45.4296875,2.0
2026-05-30T06:45:07Z,2.533502233482232,44.6875,0.0,0.0218467498612049,69.046875,4.0,4.6672711905290285,4.835869565217393,0.0,0.008105854426661,89.39453125,0.0,0.2666933362966519,46.25,0.0,0.0028816405554719,56.3203125,5.0,14.401875802699422,4.3752136752136765,0.0,0.0108122656154645,88.71484375,5.0,0.2666755561481876,4.8,0.0,0.0041359285378056,80.21875,7.0,0.2667022281492545,4.8,0.0,0.0028045697374036,73.40625,5.0,25.803138193833096,2.8352984346407077,0.0,0.0105106157545137,53.6640625,4.0,3.600213361781571,4.855474497549226,0.0,0.0088701322957154,79.62890625,5.0,1.7333733490382817,1.600080003555708,0.0,0.0033383628655288,52.796875,5.0,2.533671156154154,4.59375,0.0,0.0037544384017254,145.8046875,2.0,0.0047002043795617,45.4296875,2.0
2026-05-30T06:45:12Z,2.60017334488966,45.71428571428571,0.0,0.0228807422373417,69.62890625,4.0,4.6672711905290285,4.835869565217393,0.0,0.0069928040805096,91.06640625,0.0,0.2666933362966519,46.25,0.0,0.0034770227512431,56.3203125,5.0,14.401875802699422,4.3752136752136765,0.0,0.0111257463029304,88.71484375,5.0,0.1333422228148543,4.8,0.0,0.0052584692876865,80.24609375,7.0,0.2667022281492545,4.8,0.0,0.0028045697374036,73.40625,5.0,27.269293616329545,2.9434154801420287,0.0,0.0105106157545137,53.6640625,4.0,3.200426723563142,4.828358208955224,0.0,0.0069667866994777,79.62890625,5.0,1.6001955804476844,2.3499824981525768,0.0,0.0033383628655288,52.796875,5.0,2.533671156154154,4.59375,0.0,0.0037544384017254,145.8046875,2.0,0.004832948274874,45.85546875,2.0
2026-05-30T06:45:17Z,2.60017334488966,45.71428571428571,0.0,0.0232451038969691,69.62890625,4.0,6.4,4.792344325035636,0.0,0.0069928040805096,91.06640625,0.0,0.0,47.5,0.0,0.0034770227512431,56.3203125,5.0,14.534133440014225,4.408652099251838,0.0,0.0111257463029304,88.71484375,5.0,0.0,4.8,0.0,0.0052584692876865,80.24609375,7.0,0.0,4.8,0.0,0.0028045697374036,73.40625,5.0,32.33452009334145,3.0256289000118595,0.0,0.0093829825956021,53.6640625,4.0,4.066880028448238,4.8,0.0,0.009747637915269,79.4453125,5.0,1.7334311241498868,3.4749545093319094,0.0,0.0033383628655288,52.796875,5.0,3.3332222296291363,4.628571428571428,0.0,0.0026995882848036,145.8046875,2.0,0.0048006902974852,45.85546875,2.0
2026-05-30T06:45:22Z,2.60017334488966,45.71428571428571,0.0,0.0232451038969691,69.62890625,4.0,6.4,4.792344325035636,0.0,0.007343057961023,90.9921875,0.0,0.0,47.5,0.0,0.0034661733798833,56.32421875,5.0,17.533333333333335,4.430885687032117,0.0,0.0110165193195026,88.62890625,5.0,0.0,4.8,0.0,0.0053353149592888,80.25,7.0,0.0,4.8,0.0,0.0015176000000015,73.40625,5.0,32.33452009334145,3.0256289000118595,0.0,0.0113175248419131,53.6640625,4.0,4.066880028448238,4.8,0.0,0.0107419578369449,79.4453125,5.0,1.7334311241498868,3.4749545093319094,0.0,0.0035554258529172,52.72265625,5.0,3.3332222296291363,4.628571428571428,0.0,0.003339646836024,145.79296875,2.0,0.0048644989725603,45.640625,2.0
2026-05-30T06:45:27Z,3.133542236149077,45.36764705882351,0.0,0.0240998003992038,69.62890625,4.0,6.4,4.792344325035636,0.0,0.0079228214338434,90.9921875,0.0,0.0,47.5,0.0,0.0034514467076803,56.32421875,5.0,17.533333333333335,4.430885687032117,0.0,0.0114833728703917,88.62890625,5.0,0.1333333333333333,4.8,0.0,0.0054863713419001,80.25,7.0,0.0,4.8,0.0,0.0019660858631584,73.40625,5.0,34.867915638820364,3.0249631002675987,0.0,0.0128104632441348,53.95703125,4.0,4.466800008889482,4.8,0.0,0.0106833435645551,79.46484375,5.0,1.9999333377774813,3.275018333447533,0.0,0.0035554258529172,52.72265625,5.0,3.3332222296291363,4.628571428571428,0.0,0.0041891113432902,145.79296875,2.0,0.0048644989725603,45.640625,2.0
2026-05-30T06:45:32Z,3.133542236149077,45.36764705882351,0.0,0.0245635192707839,69.1328125,4.0,5.0673600960135134,4.78974358974359,0.0,0.0079228214338434,90.9921875,0.0,0.2667111188161978,45.0,0.0,0.0034514467076803,56.32421875,5.0,16.801066814242965,4.465207266695637,0.0,0.0114833728703917,88.62890625,5.0,0.2666933386677335,4.799999999999999,0.0,0.0054863713419001,80.25,7.0,0.2667111188161978,4.771428208579919,0.0,0.0028013679110858,72.17578125,5.0,31.13625364299941,3.045579229208657,0.0,0.0128104632441348,53.95703125,4.0,3.867048930967981,4.844186537505888,0.0,0.0106833435645551,79.46484375,5.0,1.866733359114371,3.460052089351902,0.0,0.0035554258529172,52.72265625,5.0,2.7337867449028765,4.630985915492957,0.0,0.0041891113432902,145.79296875,2.0,0.0042294937972575,45.640625,2.0
2026-05-30T06:45:37Z,3.133542236149077,45.36764705882351,0.0,0.0245635192707839,69.1328125,4.0,5.0673600960135134,4.78974358974359,0.0,0.0081026413303397,92.89453125,0.0,0.2667111188161978,45.0,0.0,0.0036901549538271,56.32421875,5.0,17.335671428191493,4.465151515151514,0.0,0.0119210176290497,87.73828125,5.0,0.2666933386677335,4.799999999999999,0.0,0.0055411612450369,80.25,7.0,0.2667111188161978,4.771428208579919,0.0,0.0028013679110858,72.17578125,5.0,31.13625364299941,3.045579229208657,0.0,0.0109043282020932,53.95703125,4.0,3.867048930967981,4.844186537505888,0.0,0.0106833435645551,79.46484375,5.0,1.866733359114371,3.460052089351902,0.0,0.0035646283412663,52.72265625,5.0,2.7337867449028765,4.630985915492957,0.0,0.0041891113432902,145.79296875,2.0,0.0050661974084128,45.640625,2.0
2026-05-30T06:45:42Z,2.667022269635951,43.74999999999999,0.0,0.0256035493681982,69.1328125,4.0,5.0673600960135134,4.78974358974359,0.0,0.0083137761518234,92.89453125,0.0,0.2667111188161978,45.0,0.0,0.0039188712879301,56.4765625,5.0,17.335671428191493,4.465151515151514,0.0,0.0119210176290497,87.73828125,5.0,0.200035562075299,4.799999999999999,0.0,0.0055411612450369,80.25,7.0,0.2667111188161978,4.771428208579919,0.0,0.0028013679110858,72.17578125,5.0,26.4027425384097,3.0030119304851213,0.0,0.0122916407568638,53.72265625,4.0,3.933857847713029,4.8434280805677865,0.0,0.0103435889824234,79.4765625,5.0,1.4669200453416904,3.479999999999997,0.0,0.003588885458474,52.7578125,5.0,2.7337867449028765,4.630985915492957,0.0,0.0043498277428312,142.21484375,2.0,0.0049872891100289,45.953125,2.0
2026-05-30T06:45:47Z,2.667022269635951,43.74999999999999,0.0,0.0247041151021249,69.40234375,4.0,4.800146676445096,4.788889018683933,0.0,0.0083137761518234,92.89453125,0.0,0.2666755561481876,45.0,0.0,0.0039188712879301,56.4765625,5.0,20.001911323284705,4.4464916321380015,0.0,0.0119210176290497,87.73828125,5.0,0.2000088900742321,4.8,0.0,0.0054676185707629,80.25390625,7.0,0.2666666666666666,4.733334321038868,0.0,0.0028531437186737,71.875,5.0,25.868480139270996,3.0496514088591185,0.0,0.0122916407568638,53.72265625,4.0,3.733720044153541,4.843677167892744,0.0,0.0103435889824234,79.4765625,5.0,1.1334711363011762,3.377764004296666,0.0,0.003588885458474,52.7578125,5.0,3.600120008000533,4.638464600187758,0.0,0.0045680479088183,142.21484375,2.0,0.0049872891100289,45.953125,2.0
2026-05-30T06:45:52Z,2.667022269635951,43.74999999999999,0.0,0.0247041151021249,69.40234375,4.0,4.800146676445096,4.788889018683933,0.0,0.0083137761518234,92.89453125,0.0,0.2666755561481876,45.0,0.0,0.0038858466962348,56.4765625,5.0,18.80064004266951,4.373950610966272,0.0,0.0108797542355366,85.2578125,5.0,0.2000088900742321,4.8,0.0,0.004670997584543,80.25390625,7.0,0.2666666666666666,4.733334321038868,0.0,0.0028531437186737,71.875,5.0,25.868480139270996,3.0496514088591185,0.0,0.0122916407568638,53.72265625,4.0,3.733720044153541,4.843677167892744,0.0,0.0057268249999992,79.4765625,5.0,1.1334711363011762,3.377764004296666,0.0,0.003633429604912,52.7578125,5.0,3.600120008000533,4.638464600187758,0.0,0.0045680479088183,142.21484375,2.0,0.0049284079434542,45.953125,2.0
2026-05-30T06:45:57Z,2.599826678221452,56.666666666666565,0.0,0.0242575504322822,69.40234375,4.0,4.800146676445096,4.788889018683933,0.0,0.0077827489450078,92.32421875,0.0,0.2666755561481876,45.0,0.0,0.0038858466962348,56.4765625,5.0,18.80064004266951,4.373950610966272,0.0,0.0108797542355366,85.2578125,5.0,0.2,4.8,0.0,0.0054773913043501,80.25390625,7.0,0.2666666666666666,4.733334321038868,0.0,0.0028531437186737,71.875,5.0,25.06888915440123,2.981791987506858,0.0,0.0133166987719735,53.72265625,4.0,3.066684458074153,4.8883721044414745,0.0,0.0307090708455689,85.16796875,5.0,1.000017778963042,3.2500183341481814,0.0,0.0035319771033234,52.76953125,5.0,3.600120008000533,4.638464600187758,0.0,0.0045680479088183,142.21484375,2.0,0.0047808646158023,46.0,2.0
2026-05-30T06:46:02Z,2.599826678221452,56.666666666666565,0.0,0.0242575504322822,69.40234375,4.0,3.9335955730382026,4.791346254630566,0.0,0.0077827489450078,92.32421875,0.0,0.0,45.0,0.0,0.003725276987573,56.82421875,5.0,17.667288930373136,4.345390187644072,0.0,0.0108797542355366,85.2578125,5.0,0.0666666666666666,4.8,0.0,0.0046527396135285,80.25390625,7.0,0.0,4.733334321060819,0.0,0.0022668755489073,71.875,5.0,21.735382476178238,3.0646009575227864,0.0,0.0124586490811956,53.72265625,4.0,2.5999866782221632,16.000950063337445,0.0,0.0379345486202684,85.16796875,5.0,0.8000222237038025,2.5200586692741886,0.0,0.0035319771033234,52.76953125,5.0,2.9336266992631708,4.6384585225750925,0.0,0.0040699288565005,142.21875,2.0,0.0047808646158023,46.0,2.0
2026-05-30T06:46:07Z,2.599826678221452,56.666666666666565,0.0,0.0233109721222828,67.265625,4.0,3.9335955730382026,4.791346254630566,0.0,0.0077827489450078,92.32421875,0.0,0.0,45.0,0.0,0.0038662873798374,56.82421875,5.0,18.068453530097543,4.332510288065844,0.0,0.0092905687049499,85.2578125,5.0,0.0666666666666666,4.8,0.0,0.0053169369753881,80.2734375,7.0,0.0,4.733334321060819,0.0,0.0023431997591742,71.7734375,5.0,21.735382476178238,3.0646009575227864,0.0,0.0109010062148524,53.72265625,4.0,2.5999866782221632,16.000950063337445,0.0,0.0328574307824301,85.16796875,5.0,0.8000222237038025,2.5200586692741886,0.0,0.0034736540846506,52.76953125,5.0,2.9336266992631708,4.6384585225750925,0.0,0.0040699288565005,142.21875,2.0,0.0046565958103871,45.82421875,2.0
2026-05-30T06:46:12Z,2.0669422589678623,97.49999999999989,0.0,0.022326300833708,67.265625,4.0,3.9335955730382026,4.791346254630566,0.0,0.0073594341418028,91.8671875,0.0,0.0,45.0,0.0,0.0038662873798374,56.82421875,5.0,18.068453530097543,4.332510288065844,0.0,0.010900815613166,84.6953125,5.0,0.0,4.8,0.0,0.0052296079633894,80.2734375,7.0,0.0,4.733334321060819,0.0,0.0029549633614194,71.7734375,5.0,22.333409045048757,3.149626323370306,0.0,0.0112733566971541,53.8984375,4.0,2.8004000693464914,60.27777777777765,0.0,0.0855834165269622,85.6875,5.0,0.8000844542234273,2.87997866429603,0.0,0.0033854957305508,52.77734375,5.0,2.9336266992631708,4.6384585225750925,0.0,0.0040699288565005,142.21875,2.0,0.0045445465618443,45.82421875,2.0
2026-05-30T06:46:17Z,2.0669422589678623,97.49999999999989,0.0,0.022326300833708,67.265625,4.0,4.133333333333334,4.812903541075099,0.0,0.0073594341418028,91.8671875,0.0,0.1333333333333333,47.91666358013259,0.0,0.0036726349896046,56.5625,5.0,15.401164599724408,4.302192796446523,0.0,0.010900815613166,84.6953125,5.0,0.0666666666666666,4.8,0.0,0.0052296079633894,80.2734375,7.0,0.1333377780740938,21.249966665185116,0.0,0.0029549633614194,71.7734375,5.0,23.599506784898075,3.1933438341694345,0.0,0.0112733566971541,53.8984375,4.0,3.066986730679469,84.16648146776305,0.0,0.1060012458073814,85.6875,5.0,1.0667288971862916,2.6999266579249364,0.0,0.0033854957305508,52.77734375,5.0,2.4665822278514766,4.660002644512026,0.0,0.0039365964589313,142.28515625,2.0,0.0045445465618443,45.82421875,2.0
2026-05-30T06:46:22Z,2.0669422589678623,97.49999999999989,0.0,0.022326300833708,67.265625,4.0,4.133333333333334,4.812903541075099,0.0,0.0068919101275217,91.28125,0.0,0.1333333333333333,47.91666358013259,0.0,0.0033502724341156,56.5625,5.0,14.533333333333331,4.300877096027335,0.0,0.0101323482782723,84.6953125,5.0,0.0666666666666666,4.8,0.0,0.0049481296312818,80.20703125,7.0,0.1333377780740938,21.249966665185116,0.0,0.0029549633614194,71.7734375,5.0,23.599506784898075,3.1933438341694345,0.0,0.0112733566971541,53.8984375,4.0,3.066986730679469,84.16648146776305,0.0,0.1249278981728308,85.84375,5.0,1.0667288971862916,2.6999266579249364,0.0,0.0027132029393422,52.77734375,5.0,2.4665822278514766,4.660002644512026,0.0,0.0028194064324996,142.28515625,2.0,0.0037381175659916,45.82421875,2.0
2026-05-30T06:46:27Z,2.1333333333333333,208.94736842105257,0.0,0.0225152919369805,67.203125,4.0,4.133333333333334,4.812903541075099,0.0,0.0068919101275217,91.28125,0.0,0.1333333333333333,47.91666358013259,0.0,0.0032635288521831,56.3046875,5.0,14.533333333333331,4.300877096027335,0.0,0.0097844735833818,84.47265625,5.0,0.1333377780740938,4.8,0.0,0.0049481296312818,80.20703125,7.0,0.1333377780740938,21.249966665185116,0.0,0.0023185258151064,71.7734375,5.0,24.46915608306649,3.4848623623789474,0.0,0.0119680684186753,53.61328125,4.0,3.133222229629136,91.78570124671018,0.0,0.1604985611147567,85.84375,5.0,1.4,2.650006666814813,0.0,0.0032450698951587,52.77734375,5.0,2.4665822278514766,4.660002644512026,0.0,0.003469593866427,142.28515625,2.0,0.005475620064738,50.859375,2.0
2026-05-30T06:46:32Z,2.1333333333333333,208.94736842105257,0.0,0.0222469325954145,67.203125,4.0,4.600920184036808,4.814689269225424,0.0,0.0068919101275217,91.28125,0.0,0.0,48.75,0.0,0.0032635288521831,56.3046875,5.0,15.66822697872908,4.291519827009313,0.0,0.0097844735833818,84.47265625,5.0,0.0666711114074271,4.8,0.0,0.0049481296312818,80.20703125,7.0,0.0,24.25,0.0,0.0027844417913243,71.8359375,5.0,26.73823656582971,3.597263964769931,0.0,0.0119680684186753,53.61328125,4.0,3.466915634976872,95.69774599218876,0.0,0.1604985611147567,85.84375,5.0,1.6668400346736014,3.725028890197589,0.0,0.0025909719732912,52.77734375,5.0,2.333800093352004,4.6676056338028165,0.0,0.0034898439863442,142.28515625,2.0,0.005475620064738,50.859375,2.0
2026-05-30T06:46:37Z,2.1333333333333333,208.94736842105257,0.0,0.023168577632566,66.92578125,4.0,4.600920184036808,4.814689269225424,0.0,0.0059954719453389,90.296875,0.0,0.0,48.75,0.0,0.0032635288521831,56.3046875,5.0,17.202813812529143,4.337037030558933,0.0,0.009979406347195,84.47265625,5.0,0.0666711114074271,4.8,0.0,0.0048284455708422,80.20703125,7.0,0.0,24.25,0.0,0.0027844417913243,71.8359375,5.0,26.73823656582971,3.597263964769931,0.0,0.0119680684186753,53.61328125,4.0,3.466915634976872,95.69774599218876,0.0,0.1745521504169648,85.16796875,5.0,1.6668400346736014,3.725028890197589,0.0,0.002320549482028,52.77734375,5.0,2.333800093352004,4.6676056338028165,0.0,0.0034898439863442,142.28515625,2.0,0.005475620064738,50.859375,2.0
2026-05-30T06:46:42Z,2.800373383117749,210.7142857142857,0.0,0.023168577632566,66.92578125,4.0,4.600920184036808,4.814689269225424,0.0,0.007414021366866,90.296875,0.0,0.0,48.75,0.0,0.0028882066251229,56.30078125,5.0,17.202813812529143,4.337037030558933,0.0,0.010366927433484,84.49609375,5.0,0.1333511134817975,4.799999999999999,0.0,0.0048284455708422,80.20703125,7.0,0.0,24.25,0.0,0.0028321554437348,71.91796875,5.0,28.469453890778155,3.6793203387016944,0.0,0.0088318500000013,53.61328125,4.0,3.667400146696006,97.372881004785,0.0,0.2045175313634544,85.16796875,5.0,2.000324499268881,3.500001111185189,0.0,0.0021316445194573,52.77734375,5.0,2.333800093352004,4.6676056338028165,0.0,0.0031189240401699,142.3203125,2.0,0.0059029140516805,50.859375,2.0
2026-05-30T06:46:47Z,2.800373383117749,210.7142857142857,0.0,0.0196981687903091,66.92578125,4.0,5.266351132146745,4.807843137254903,0.0,0.007414021366866,90.296875,0.0,0.4666533342221629,46.24999999999999,0.0,0.0033552261441741,56.30078125,5.0,17.134124642390603,4.378532384651747,0.0,0.010366927433484,84.49609375,5.0,0.4000177801484642,4.8,0.0,0.0047641480481236,80.20703125,7.0,0.3999911117036642,22.75,0.0,0.0028949675558749,71.91796875,5.0,29.132893462233543,3.670410806308907,0.0,0.0122935873447901,53.67578125,4.0,3.733582305199569,97.19231266311104,0.0,0.2045175313634544,85.16796875,5.0,2.3334400231136003,3.816641479242599,0.0,0.0033671061487898,52.7890625,5.0,2.399920005332978,4.670588235294118,0.0,0.0037312291000062,142.3203125,2.0,0.0053226171653864,50.8515625,2.0
2026-05-30T06:46:52Z,2.800373383117749,210.7142857142857,0.0,0.0204638191463008,66.92578125,4.0,5.266351132146745,4.807843137254903,0.0,0.0060112885242549,90.296875,0.0,0.4666533342221629,46.24999999999999,0.0,0.0036128160835048,56.32421875,5.0,14.266204475257206,4.396581196581197,0.0,0.0101398962080899,84.49609375,5.0,0.4000177801484642,4.8,0.0,0.0048769752162337,80.20703125,7.0,0.3999911117036642,22.75,0.0,0.0028949675558749,71.91796875,5.0,29.132893462233543,3.670410806308907,0.0,0.0122935873447901,53.67578125,4.0,3.733582305199569,97.19231266311104,0.0,0.1890468685690779,80.390625,5.0,2.3334400231136003,3.816641479242599,0.0,0.0033671061487898,52.7890625,5.0,2.399920005332978,4.670588235294118,0.0,0.0037312291000062,142.3203125,2.0,0.0053226171653864,50.8515625,2.0
2026-05-30T06:46:57Z,2.266666666666667,199.37499999999997,0.0,0.0241028379677974,67.01953125,4.0,5.266351132146745,4.807843137254903,0.0,0.0073002008032128,90.6796875,0.0,0.4666533342221629,46.24999999999999,0.0,0.0036128160835048,56.32421875,5.0,14.266204475257206,4.396581196581197,0.0,0.0103691232814928,84.55078125,5.0,0.4,4.8,0.0,0.0048769752162337,80.20703125,7.0,0.3999911117036642,22.75,0.0,0.0030812111254538,71.828125,5.0,27.46660456414787,3.704732291980405,0.0,0.0122935873447901,53.67578125,4.0,3.5997600159989336,96.79687784840124,0.0,0.1835913190660592,80.390625,5.0,1.866622225184988,3.683333333333331,0.0,0.00344426025694,52.7890625,5.0,2.399920005332978,4.670588235294118,0.0,0.0039255124322026,142.515625,2.0,0.005721210167121,50.8515625,2.0
2026-05-30T06:47:02Z,2.266666666666667,199.37499999999997,0.0,0.0241028379677974,67.01953125,4.0,5.534071209494599,4.791588785046729,0.0,0.0073002008032128,90.6796875,0.0,0.2000266702226963,36.25,0.0,0.0037722046643423,56.32421875,5.0,15.134480152909276,4.421232080223416,0.0,0.0103691232814928,84.55078125,5.0,0.2000088900742321,4.8,0.0,0.0048769752162337,80.20703125,7.0,0.2667022269635951,17.499916659258595,0.0,0.0030812111254538,71.828125,5.0,27.202413620477337,3.727158617203112,0.0,0.0127810330877634,53.4453125,4.0,3.666808930967033,95.31245498245728,0.0,0.1835913190660592,80.390625,5.0,1.2667466773347558,3.509124849993332,0.0,0.00344426025694,52.7890625,5.0,3.533804507267636,4.661969281835264,0.0,0.0040504290302479,142.515625,2.0,0.0055032064902451,50.875,2.0
2026-05-30T06:47:07Z,2.266666666666667,199.37499999999997,0.0,0.0210818130979759,67.45703125,4.0,5.534071209494599,4.791588785046729,0.0,0.0073002008032128,90.6796875,0.0,0.2000266702226963,36.25,0.0,0.0031874081579063,56.32421875,5.0,17.401733525356327,4.443246463065549,0.0,0.0103691232814928,84.55078125,5.0,0.2000088900742321,4.8,0.0,0.0049382060206385,80.20703125,7.0,0.2667022269635951,17.499916659258595,0.0,0.0024435742238913,71.828125,5.0,27.202413620477337,3.727158617203112,0.0,0.0127810330877634,53.4453125,4.0,3.666808930967033,95.31245498245728,0.0,0.1565182291903373,80.390625,5.0,1.2667466773347558,3.509124849993332,0.0,0.00344426025694,52.7890625,5.0,3.533804507267636,4.661969281835264,0.0,0.0040504290302479,142.515625,2.0,0.0036936284836497,50.875,2.0
2026-05-30T06:47:12Z,3.0670756100813445,88.38235294117644,0.0,0.0255070786920591,67.45703125,4.0,5.534071209494599,4.791588785046729,0.0,0.0074996896466109,90.2265625,0.0,0.2000266702226963,36.25,0.0,0.0039765279246032,56.44921875,5.0,17.401733525356327,4.443246463065549,0.0,0.0113572040130819,84.62109375,5.0,0.2667022269635951,4.8,0.0,0.0039395773081148,80.20703125,7.0,0.2667022269635951,17.499916659258595,0.0,0.0025694502016016,71.14453125,5.0,31.40192914610837,3.6066700905377775,0.0,0.0127222082408649,53.61328125,4.0,3.933857847713029,92.93478260869566,0.0,0.1156590628267277,79.453125,5.0,1.6001466817794965,3.527289294033743,0.0,0.00344426025694,52.7890625,5.0,3.533804507267636,4.661969281835264,0.0,0.0040574306185548,142.6953125,2.0,0.0045318741364153,50.875,2.0
2026-05-30T06:47:17Z,3.0670756100813445,88.38235294117644,0.0,0.0255070786920591,67.45703125,4.0,6.0,4.806837597746379,0.0,0.0074996896466109,90.2265625,0.0,0.4,32.49980554691315,0.0,0.0042060619371845,56.44921875,5.0,18.13392003911372,4.481243958474968,0.0,0.0113572040130819,84.62109375,5.0,0.4000266702226964,4.8,0.0,0.0053998278922175,79.72265625,7.0,0.3333422228148543,4.800000000000001,0.0,0.0030991978040192,71.14453125,5.0,34.73360003556029,3.5584935324065285,0.0,0.0127222082408649,53.61328125,4.0,4.400266702226963,87.41955741433853,0.0,0.1156590628267277,79.453125,5.0,2.2667333377780743,3.893311445530541,0.0,0.0035748474894414,52.7890625,5.0,3.0665688954069728,4.656410256410256,0.0,0.0042358748632227,142.6953125,2.0,0.0045087376163954,51.1328125,2.0
2026-05-30T06:47:22Z,3.0670756100813445,88.38235294117644,0.0,0.0217105625877352,67.45703125,4.0,6.0,4.806837597746379,0.0,0.0078194726619186,90.44921875,0.0,0.4,32.49980554691315,0.0,0.0042060619371845,56.44921875,5.0,18.6,4.511672004788992,0.0,0.0113572040130819,84.62109375,5.0,0.4000266702226964,4.8,0.0,0.0056771154993882,79.72265625,7.0,0.3333422228148543,4.800000000000001,0.0,0.0030991978040192,71.14453125,5.0,34.73360003556029,3.5584935324065285,0.0,0.0127222082408649,53.61328125,4.0,4.400266702226963,87.41955741433853,0.0,0.0679985131195275,79.453125,5.0,2.2667333377780743,3.893311445530541,0.0,0.0035748474894414,52.7890625,5.0,3.0665688954069728,4.656410256410256,0.0,0.0043300521023575,142.94140625,2.0,0.0045087376163954,51.1328125,2.0
2026-05-30T06:47:27Z,2.8666666666666667,63.57142857142853,0.0,0.0268992964380887,67.8828125,4.0,6.0,4.806837597746379,0.0,0.0078194726619186,90.44921875,0.0,0.4,32.49980554691315,0.0,0.0043780711966188,56.44921875,5.0,18.6,4.511672004788992,0.0,0.0114740745602516,84.52734375,5.0,0.2666666666666666,4.799999999999999,0.0,0.0056771154993882,79.72265625,7.0,0.3333422228148543,4.800000000000001,0.0,0.0030991978040192,71.14453125,5.0,33.80212472774148,3.472383788539036,0.0,0.0116489187795018,53.421875,4.0,4.466666666666667,69.28571428571423,0.0,0.0509717667016695,79.76171875,5.0,2.1333333333333333,4.023530857419244,0.0,0.0036609773493031,52.7890625,5.0,3.0665688954069728,4.656410256410256,0.0,0.0043300521023575,142.94140625,2.0,0.0046977072547596,51.1328125,2.0
2026-05-30T06:47:32Z,2.8666666666666667,63.57142857142853,0.0,0.0268992964380887,67.8828125,4.0,4.734142365655867,4.810389369990485,0.0,0.0078194726619186,90.44921875,0.0,0.0,34.99983331481272,0.0,0.0040329095278701,56.7578125,5.0,14.734062319420367,4.544961567949773,0.0,0.0114740745602516,84.52734375,5.0,0.0666666666666666,4.800000000000001,0.0,0.0056946621149814,79.72265625,7.0,0.0666711114074271,4.799999999999999,0.0,0.0032368366328404,70.85546875,5.0,28.736889363026183,3.6177953159410094,0.0,0.0143772889082348,53.421875,4.0,3.7335555851891367,37.14241493931377,0.0,0.0509717667016695,79.76171875,5.0,1.2000444503711605,4.257165563766381,0.0,0.0036609773493031,52.7890625,5.0,3.067182312312576,4.669767441860465,0.0,0.0043973749141499,142.94140625,2.0,0.0037999362508145,51.1328125,2.0
2026-05-30T06:47:37Z,2.8666666666666667,63.57142857142853,0.0,0.0240481162282395,67.8828125,4.0,4.734142365655867,4.810389369990485,0.0,0.0067554888728603,90.43359375,0.0,0.0,34.99983331481272,0.0,0.0040329095278701,56.7578125,5.0,11.268169089211897,4.558664897859888,0.0,0.0114740745602516,84.52734375,5.0,0.0666666666666666,4.800000000000001,0.0,0.0059445677505289,79.72265625,7.0,0.0666711114074271,4.799999999999999,0.0,0.0032368366328404,70.85546875,5.0,28.736889363026183,3.617795315941008,0.0,0.0143772889082348,53.421875,4.0,3.7335555851891367,37.14241493931381,0.0,0.0115541381097753,79.76171875,5.0,1.2000444503711605,4.257165563766381,0.0,0.0036609773493031,52.7890625,5.0,3.067182312312576,4.669767441860465,0.0,0.0045699357788173,139.6640625,2.0,0.0049732390913558,50.99609375,2.0
2026-05-30T06:47:42Z,2.2669689291905586,47.3148148148148,0.0,0.0271239562826653,67.49609375,4.0,4.734142365655867,4.810389369990485,0.0,0.0079163308298223,90.43359375,0.0,0.0,34.99983331481272,0.0,0.0039056251806303,56.7578125,5.0,11.268169089211897,4.558664897859888,0.0,0.0112687562448453,84.58203125,5.0,0.0,4.8,0.0,0.0058005571262272,79.71875,7.0,0.0666711114074271,4.799999999999999,0.0,0.0031136327717559,70.85546875,5.0,22.53574696211432,3.6317663559647575,0.0,0.0133837330740385,53.375,4.0,3.133848977200872,7.674968274464222,0.0,0.0112059140676863,79.5,5.0,0.7334577997076945,4.372728016607821,0.0,0.0038107860403267,52.796875,5.0,3.067182312312576,4.669767441860465,0.0,0.0046133680860128,139.6640625,2.0,0.0049732390913558,50.99609375,2.0
2026-05-30T06:47:47Z,2.2669689291905586,47.3148148148148,0.0,0.0271239562826653,67.49609375,4.0,4.599991111703664,4.845454307608433,0.0,0.0079163308298223,90.43359375,0.0,0.1333288891851654,42.49999999999999,0.0,0.0038881813456109,56.44140625,5.0,15.134088993198857,4.555620896282361,0.0,0.0112687562448453,84.58203125,5.0,0.0666622225184987,4.799999999999999,0.0,0.0058005571262272,79.71875,7.0,0.0666622225184987,4.800000000000001,0.0,0.0030376680672277,71.01953125,5.0,23.267635661051777,3.740003574243249,0.0,0.0131935862522282,53.375,4.0,3.133626725345069,6.769171493339525,0.0,0.0112059140676863,79.5,5.0,1.0000711277068648,4.495991309496082,0.0,0.002746554230591,52.796875,5.0,3.0,4.6776470588235295,0.0,0.0046133680860128,139.6640625,2.0,0.0049849127906968,50.99609375,2.0
2026-05-30T06:47:52Z,2.2669689291905586,47.3148148148148,0.0,0.0267800298009077,67.84375,4.0,4.599991111703664,4.845454307608433,0.0,0.0079163308298223,90.43359375,0.0,0.1333288891851654,42.49999999999999,0.0,0.0036238455562902,56.44140625,5.0,18.399982223407328,4.544827586206896,0.0,0.0112687562448453,84.58203125,5.0,0.0666622225184987,4.799999999999999,0.0,0.0040412319724677,79.71875,7.0,0.0666622225184987,4.800000000000001,0.0,0.0030376680672277,71.01953125,5.0,23.267635661051777,3.740003574243249,0.0,0.0131935862522282,53.375,4.0,3.133626725345069,6.769171493339525,0.0,0.0093498143199634,79.5,5.0,1.0000711277068648,4.495991309496082,0.0,0.003086844922259,52.796875,5.0,3.0,4.6776470588235295,0.0,0.0045414422698022,139.74609375,2.0,0.0040629531700574,50.99609375,2.0
2026-05-30T06:47:57Z,2.7335155677045133,46.15384615384615,0.0,0.0266765774769416,67.84375,4.0,4.599991111703664,4.845454307608433,0.0,0.0085222226920962,91.07421875,0.0,0.1333288891851654,42.49999999999999,0.0,0.0036238455562902,56.44140625,5.0,18.399982223407328,4.544827586206896,0.0,0.0107144801365305,84.6640625,5.0,0.1333244450369975,4.800000000000001,0.0,0.0043827418441892,79.7265625,7.0,0.0666622225184987,4.800000000000001,0.0,0.0031772778192679,71.01953125,5.0,33.93454232296834,3.736292382354592,0.0,0.013062364185642,53.390625,4.0,3.7331955647401287,6.749999999999997,0.0,0.0094768986156613,79.5,5.0,1.199991111703664,4.49599565483302,0.0,0.0033095964755606,52.921875,5.0,3.0,4.6776470588235295,0.0,0.004679414634147,139.74609375,2.0,0.0036475437708327,50.99609375,2.0
2026-05-30T06:48:02Z,2.7335155677045133,46.15384615384615,0.0,0.0266765774769416,67.84375,4.0,6.800715638232396,4.83598265322242,0.0,0.0085222226920962,91.07421875,0.0,0.4000400044449779,24.25,0.0,0.0036238455562902,56.44140625,5.0,17.53393337807769,4.543304728713347,0.0,0.0107144801365305,84.6640625,5.0,0.2666888927411951,4.8,0.0,0.0053827342518699,79.7265625,7.0,0.4667288971862915,4.8,0.0,0.0031528018975812,70.9765625,5.0,37.93560906193663,3.6298772820111145,0.0,0.0131098385446768,53.390625,4.0,4.400017797333412,5.977291782413255,0.0,0.0114633547801746,79.73828125,5.0,1.7334355659270917,4.381819283838947,0.0,0.0039402042806558,52.921875,5.0,3.3336711490416207,4.672722644151216,0.0,0.004679414634147,139.74609375,2.0,0.005396372365963,51.1484375,2.0
2026-05-30T06:48:07Z,2.7335155677045133,46.15384615384615,0.0,0.0205635304151476,61.984375,4.0,6.800715638232396,4.83598265322242,0.0,0.0085222226920962,91.07421875,0.0,0.4000400044449779,24.25,0.0,0.0038932148102931,56.16796875,5.0,16.535547034142237,4.515564691776957,0.0,0.0109424740862483,84.734375,5.0,0.2666888927411951,4.8,0.0,0.0053827342518699,79.7265625,7.0,0.4667288971862915,4.8,0.0,0.0031528018975812,70.9765625,5.0,37.93560906193663,3.6298772820111145,0.0,0.0131098385446768,53.390625,4.0,4.400017797333412,5.977291782413255,0.0,0.0114633547801746,79.73828125,5.0,1.7334355659270917,4.381819283838947,0.0,0.00338577375832,52.921875,5.0,3.3336711490416207,4.672722644151216,0.0,0.0044324533887854,139.8046875,2.0,0.005396372365963,51.1484375,2.0
2026-05-30T06:48:12Z,3.0668711247416494,48.81944444444443,0.0,0.0257282652648571,61.984375,4.0,6.800715638232396,4.83598265322242,0.0,0.0082515159645827,91.07421875,0.0,0.4000400044449779,24.25,0.0,0.0041507365024362,56.16796875,5.0,16.535547034142237,4.515564691776957,0.0,0.0107221965289817,84.734375,5.0,0.4667466808914968,4.8,0.0,0.0053992816143819,80.03515625,7.0,0.4667288971862915,4.8,0.0,0.002990851989048,70.9765625,5.0,31.06814682520753,3.581744281801301,0.0,0.0124204484033489,53.4375,4.0,4.467248984610354,5.954506607724798,0.0,0.0109481908883325,79.73828125,5.0,2.4669467007450674,4.329989209962802,0.0,0.0039884584980243,53.12109375,5.0,3.3336711490416207,4.672722644151216,0.0,0.0043750806541329,139.8046875,2.0,0.0052403743884277,51.13671875,2.0
2026-05-30T06:48:17Z,3.0668711247416494,48.81944444444443,0.0,0.0220853573055639,61.984375,4.0,4.866662243259239,4.838393199770627,0.0,0.0077674599865866,91.0078125,0.0,0.1333377780740938,24.25,0.0,0.0041507365024362,56.16796875,5.0,15.735440355622297,4.471202063986502,0.0,0.0107221965289817,84.734375,5.0,0.333386677335467,4.8,0.0,0.0052925937286159,80.03515625,7.0,0.1333377780740938,4.777777229055189,0.0,0.0024693097115744,70.9765625,5.0,28.867964587872795,3.3251848594347475,0.0,0.0124204484033489,53.4375,4.0,4.133893427573218,5.649941994715073,0.0,0.0106637306231408,79.76953125,5.0,2.0668844708181537,3.7817846430352495,0.0,0.0040096316543021,53.12109375,5.0,3.0666666802962963,4.644158902645202,0.0,0.0044383348532801,139.8984375,2.0,0.0051579852711931,51.13671875,2.0
2026-05-30T06:48:22Z,3.0668711247416494,48.81944444444443,0.0,0.0199413352001591,61.984375,4.0,4.866662243259239,4.838393199770627,0.0,0.0080648133269055,91.0078125,0.0,0.1333377780740938,24.25,0.0,0.0034228529725277,56.16796875,5.0,15.133328954962945,4.4461536936191095,0.0,0.0103653437797487,84.828125,5.0,0.333386677335467,4.8,0.0,0.0051669535609568,79.8671875,7.0,0.1333377780740938,4.777777229055189,0.0,0.0022200720458204,70.9765625,5.0,28.867964587872795,3.3251848594347475,0.0,0.0124204484033489,53.4375,4.0,4.133893427573218,5.649941994715073,0.0,0.0106637306231408,79.76953125,5.0,2.0668844708181537,3.7817846430352495,0.0,0.0040096316543021,53.12109375,5.0,3.0666666802962963,4.644158902645202,0.0,0.0042173555367202,139.8984375,2.0,0.0051579852711931,51.13671875,2.0
2026-05-30T06:48:27Z,2.8,48.897058823529406,0.0,0.018557602750696,61.984375,4.0,4.866662243259239,4.838393199770627,0.0,0.0080013305110371,90.6875,0.0,0.1333377780740938,24.25,0.0,0.0030769582639914,56.16796875,5.0,15.133328954962945,4.4461536936191095,0.0,0.0104098023562416,84.828125,5.0,0.0666666666666666,4.8,0.0,0.0051669535609568,79.8671875,7.0,0.1333377780740938,4.777777229055189,0.0,0.0019708343800664,70.9765625,5.0,29.93698731804601,3.13509085189124,0.0,0.0111314547719881,53.4375,4.0,4.066662240296276,5.111141907557983,0.0,0.0107993296787578,79.76953125,5.0,1.2667066693335112,3.559994844295501,0.0,0.0037493083586562,52.9296875,5.0,3.0666666802962963,4.644158902645202,0.0,0.0042173555367202,139.8984375,2.0,0.0050152302834245,51.46875,2.0
2026-05-30T06:48:32Z,2.8,48.897058823529406,0.0,0.0252686183563313,62.2578125,4.0,5.400720096012802,4.816807229911318,0.0,0.0080013305110371,90.6875,0.0,0.0666755567408987,24.25,0.0,0.0037787997027134,56.28515625,5.0,17.60085354668848,4.439551212577459,0.0,0.0104098023562416,84.828125,5.0,0.0666755567408987,4.8,0.0,0.0051068986643797,79.8671875,7.0,0.0666755567408987,4.777777777777777,0.0,0.0027540811541116,71.05859375,5.0,29.33780526296105,2.736974451267895,0.0,0.0100322689546692,53.4375,4.0,3.866768930077729,4.928091214986689,0.0,0.0105407781667678,80.0,5.0,1.1334133440014225,2.857188573460407,0.0,0.0037493083586562,52.9296875,5.0,3.6004800640085346,4.634149667754908,0.0,0.0035329255926165,139.8984375,2.0,0.0050152302834245,51.46875,2.0
2026-05-30T06:48:37Z,2.8,48.897058823529406,0.0,0.0252686183563313,62.2578125,4.0,5.400720096012802,4.816807229911318,0.0,0.0057910873988927,90.6875,0.0,0.0666755567408987,24.25,0.0,0.0037787997027134,56.28515625,5.0,20.670125046034237,4.458270161830916,0.0,0.0119196308974533,88.25,5.0,0.0666755567408987,4.8,0.0,0.0051772553187582,79.87109375,7.0,0.0666755567408987,4.777777777777777,0.0,0.0027540811541116,71.05859375,5.0,29.33780526296105,2.736974451267895,0.0,0.0089330831373504,53.4375,4.0,3.866768930077729,4.928091214986689,0.0,0.0105407781667678,80.0,5.0,1.1334133440014225,2.857188573460407,0.0,0.0037072162007988,52.9375,5.0,3.6004800640085346,4.634149667754908,0.0,0.0042676092544984,139.96875,2.0,0.0035167054679325,51.46875,2.0
2026-05-30T06:48:42Z,2.667022269635951,56.00000000000008,0.0,0.0259467788223678,61.78125,4.0,5.400720096012802,4.816807229911318,0.0,0.0074820854132002,90.765625,0.0,0.0666755567408987,24.25,0.0,0.0037787997027134,56.28515625,5.0,20.670125046034237,4.458270161830916,0.0,0.0126404902651975,88.25,5.0,0.1333555594080989,4.8,0.0,0.0052183220877138,79.87109375,7.0,0.0666755567408987,4.777777777777777,0.0,0.0027540811541116,71.05859375,5.0,29.134244764177566,2.765394946319386,0.0,0.012948909535876,53.65234375,4.0,3.4004533937858383,4.907344632768361,0.0,0.0084379052942011,80.0,5.0,1.1334844645952793,2.914285714285712,0.0,0.0037219738251595,52.9375,5.0,3.6004800640085346,4.634149667754908,0.0,0.0042676092544984,139.96875,2.0,0.004042110725728,51.3671875,2.0
2026-05-30T06:48:47Z,2.667022269635951,56.00000000000008,0.0,0.0259467788223678,61.78125,4.0,5.133333333333334,4.810577495505244,0.0,0.0074820854132002,90.765625,0.0,0.0666666666666666,47.5,0.0,0.0035736307837573,56.4921875,5.0,18.26877375475095,4.455632307031127,0.0,0.0107803016727818,88.25,5.0,0.0666800026672001,4.800000000000001,0.0,0.00514371790742,79.8671875,7.0,0.0666711114074271,4.7333323456204806,0.0,0.002564310946405,71.109375,5.0,30.732555650073465,3.0695924540441126,0.0,0.012948909535876,53.65234375,4.0,3.800213361781571,4.915852823321043,0.0,0.0100166571980459,79.75,5.0,1.0667377872605237,2.5999519960964625,0.0,0.0037219738251595,52.9375,5.0,3.4000000000000004,4.639512513508597,0.0,0.0042676092544984,139.96875,2.0,0.0047666243928121,51.3671875,2.0
2026-05-30T06:48:52Z,2.667022269635951,56.00000000000008,0.0,0.025152213035661,61.78125,4.0,5.133333333333334,4.810577495505244,0.0,0.0074820854132002,90.765625,0.0,0.0666666666666666,47.5,0.0,0.0035736307837573,56.4921875,5.0,14.9995155878497,4.459404982720127,0.0,0.0120945553880932,85.640625,5.0,0.0666800026672001,4.800000000000001,0.0,0.00514371790742,79.8671875,7.0,0.0666711114074271,4.7333323456204806,0.0,0.002564310946405,71.109375,5.0,30.732555650073465,3.0695924540441126,0.0,0.0131242001060632,53.828125,4.0,3.800213361781571,4.915852823321043,0.0,0.0100166571980459,79.75,5.0,1.0667377872605237,2.5999519960964625,0.0,0.0038641488564592,52.9375,5.0,3.4000000000000004,4.639512513508597,0.0,0.0044841693948678,140.0546875,2.0,0.0047666243928121,51.3671875,2.0
2026-05-30T06:48:57Z,2.8,45.38461538461537,0.0,0.025152213035661,61.78125,4.0,5.133333333333334,4.810577495505244,0.0,0.006623993900365,90.46875,0.0,0.0666666666666666,47.5,0.0,0.0035736307837573,56.4921875,5.0,14.9995155878497,4.459404982720127,0.0,0.012142569138085,85.640625,5.0,0.0666622225184987,4.8,0.0,0.0050141639201367,79.8671875,7.0,0.0666711114074271,4.7333323456204806,0.0,0.002564310946405,71.109375,5.0,32.80214250788994,2.947329000461707,0.0,0.0129178693063444,53.828125,4.0,4.666666666666667,4.890478344770367,0.0,0.0100166571980459,79.75,5.0,1.3332800035553185,2.720038400823323,0.0,0.0037561884761771,52.9375,5.0,3.4000000000000004,4.639512513508597,0.0,0.0044841693948678,140.0546875,2.0,0.0048657237037171,51.9296875,2.0
2026-05-30T06:49:02Z,2.8,45.38461538461537,0.0,0.0241933421363541,61.90234375,4.0,4.933991198826511,4.844036697247706,0.0,0.0080139460619215,90.46875,0.0,0.2000266702226963,47.5,0.0,0.0035736307837573,56.4921875,5.0,14.533817939274334,4.472128908305658,0.0,0.012142569138085,85.640625,5.0,0.2000133360002963,4.8,0.0,0.004256760531767,79.8671875,7.0,0.2000222248892247,4.8,0.0,0.0017576549933362,71.125,5.0,31.070480508512247,2.759968980081505,0.0,0.0129178693063444,53.828125,4.0,4.333582255411833,4.84318329037216,0.0,0.0080179880377497,79.75,5.0,1.7334044645945683,3.0667355570864534,0.0,0.0037561884761771,52.9375,5.0,2.800373383117749,4.647619047619047,0.0,0.0044841693948678,140.0546875,2.0,0.004925358830832,51.9296875,2.0
2026-05-30T06:49:07Z,2.8,45.38461538461537,0.0,0.0190381282705727,61.90234375,4.0,4.933991198826511,4.844036697247706,0.0,0.0086525796691421,91.31640625,0.0,0.2000266702226963,47.5,0.0,0.0047039598252763,60.3828125,5.0,14.86864915322043,4.502456140350876,0.0,0.0125201077043327,85.17578125,5.0,0.2000133360002963,4.8,0.0,0.0051399346393174,79.87109375,7.0,0.2000222248892247,4.8,0.0,0.0019721718991141,71.125,5.0,31.070480508512247,2.759968980081505,0.0,0.0134141688353005,53.81640625,4.0,4.333582255411833,4.84318329037216,0.0,0.0071847771848193,79.75,5.0,1.7334044645945683,3.0667355570864534,0.0,0.0029715311373605,52.9375,5.0,2.800373383117749,4.647619047619047,0.0,0.004397665575371,140.03125,2.0,0.004925358830832,51.9296875,2.0
2026-05-30T06:49:12Z,2.800373383117749,45.15625,0.0,0.0233483560766955,62.16796875,4.0,4.933991198826511,4.844036697247706,0.0,0.0086525796691421,91.31640625,0.0,0.2000266702226963,47.5,0.0,0.0060167365260549,60.3828125,5.0,14.86864915322043,4.502456140350876,0.0,0.0125201077043327,85.17578125,5.0,0.2000266702226963,4.8,0.0,0.0052553629890798,79.87109375,7.0,0.2000222248892247,4.8,0.0,0.002186688804892,71.125,5.0,30.26862248299773,2.8824144077251823,0.0,0.0089851027199215,53.81640625,4.0,4.000533404453927,4.883516483516483,0.0,0.0063515663318888,79.75,5.0,1.7336178263789843,2.966666666666668,0.0,0.0027968945489833,52.9375,5.0,2.800373383117749,4.647619047619047,0.0,0.004397665575371,140.03125,2.0,0.0050532341339853,51.9296875,2.0
2026-05-30T06:49:17Z,2.800373383117749,45.15625,0.0,0.0276608337258547,62.16796875,4.0,6.733560015112118,4.88983045851807,0.0,0.0089207372317568,91.31640625,0.0,0.3333333333333333,45.0,0.0,0.0060167365260549,60.3828125,5.0,17.534346801795795,4.541766947555837,0.0,0.0125201077043327,85.17578125,5.0,0.2000088900742321,4.799999999999999,0.0,0.0052553629890798,79.87109375,7.0,0.2666666666666666,4.8,0.0,0.0029206923978569,71.296875,5.0,33.800284482375424,3.298879602515675,0.0,0.0083455000000014,53.81640625,4.0,4.466951149042094,4.943782293417032,0.0,0.0105177237569151,79.75,5.0,1.7334933653397346,4.028549839350799,0.0,0.0040440794484696,52.9453125,5.0,3.533333333333333,4.66046511627907,0.0,0.0035686923991592,140.03125,2.0,0.005119165531758,51.66796875,2.0
2026-05-30T06:49:22Z,2.800373383117749,45.15625,0.0,0.0276608337258547,62.16796875,4.0,6.733560015112118,4.88983045851807,0.0,0.0073482342762289,91.31640625,0.0,0.3333333333333333,45.0,0.0,0.0055441905427913,60.37890625,5.0,21.53333333333333,4.530191456770876,0.0,0.0108862859351303,85.17578125,5.0,0.2000088900742321,4.799999999999999,0.0,0.0052961657219243,79.69140625,7.0,0.2666666666666666,4.8,0.0,0.0029206923978569,71.296875,5.0,33.800284482375424,3.298879602515675,0.0,0.0083455000000014,53.81640625,4.0,4.466951149042094,4.943782293417032,0.0,0.0105177237569151,79.75,5.0,1.7334933653397346,4.028549839350799,0.0,0.0040440794484696,52.9453125,5.0,3.533333333333333,4.66046511627907,0.0,0.0044486560495785,140.03515625,2.0,0.005119165531758,51.66796875,2.0
2026-05-30T06:49:27Z,3.533333333333333,46.70454545454544,0.0,0.0295392207220381,62.2890625,4.0,6.733560015112118,4.88983045851807,0.0,0.0093208211143694,90.52734375,0.0,0.3333333333333333,45.0,0.0,0.0055441905427913,60.37890625,5.0,21.53333333333333,4.530191456770876,0.0,0.0122514068320535,85.01171875,5.0,0.3333333333333333,4.8,0.0,0.0052961657219243,79.69140625,7.0,0.2666666666666666,4.8,0.0,0.0029206923978569,71.296875,5.0,38.535835922120754,3.2562816268138803,0.0,0.0083455000000014,53.81640625,4.0,4.799835566517788,4.944565958200765,0.0,0.0105177237569151,79.75,5.0,2.133253338666311,3.986677610135943,0.0,0.0041945160056114,52.9453125,5.0,3.533333333333333,4.66046511627907,0.0,0.0044486560495785,140.03515625,2.0,0.0051809022824537,51.921875,2.0
2026-05-30T06:49:32Z,3.533333333333333,46.70454545454544,0.0,0.0299123699148497,62.2890625,4.0,6.333764474372523,4.878884311877574,0.0,0.0093208211143694,90.52734375,0.0,0.1333466681483259,24.25,0.0,0.0064057000221182,60.37890625,5.0,21.867360047410727,4.51728945098669,0.0,0.0122514068320535,85.01171875,5.0,0.2666755567408988,4.8,0.0,0.0052961657219243,79.69140625,7.0,0.2000177795557531,4.800000000000001,0.0,0.0031208107245455,71.296875,5.0,36.60344931916212,3.177748001742888,0.0,0.014071281882779,53.82421875,4.0,4.533306686814697,4.961703962659324,0.0,0.0107093166136314,79.75,5.0,2.1333244557039013,3.9500249313066447,0.0,0.0041945160056114,52.9453125,5.0,3.3336711490416207,4.654114862660118,0.0,0.0044486560495785,140.03515625,2.0,0.0051809022824537,51.921875,2.0
2026-05-30T06:49:37Z,3.533333333333333,46.70454545454544,0.0,0.0282997660236917,62.07421875,4.0,6.333764474372523,4.878884311877574,0.0,0.0093208211143694,90.52734375,0.0,0.1333466681483259,24.25,0.0,0.0051280030814564,60.37890625,5.0,19.735920426153143,4.503024823452908,0.0,0.0129131208778393,85.01171875,5.0,0.2666755567408988,4.8,0.0,0.0053476316491289,79.73828125,7.0,0.2000177795557531,4.800000000000001,0.0,0.0024488741687948,71.296875,5.0,36.60344931916212,3.177748001742888,0.0,0.014071281882779,53.82421875,4.0,4.533306686814697,4.961703962659324,0.0,0.0108795652173921,79.75,5.0,2.1333244557039013,3.9500249313066447,0.0,0.0041265473498651,52.9453125,5.0,3.3336711490416207,4.654114862660118,0.0,0.0028110749999996,140.03515625,2.0,0.0051809022824537,51.921875,2.0
2026-05-30T06:49:42Z,2.466831122074805,47.638888888888886,0.0,0.0252609442505189,62.07421875,4.0,6.333764474372523,4.878884311877574,0.0,0.0085318291700241,89.33203125,0.0,0.1333466681483259,24.25,0.0,0.0050075499919874,60.5859375,5.0,19.735920426153143,4.503024823452908,0.0,0.0122969724040154,85.109375,5.0,0.0666755567408987,4.8,0.0,0.0053476316491289,79.73828125,7.0,0.2000177795557531,4.800000000000001,0.0,0.002188806608416,71.296875,5.0,25.66785344505097,3.329165021944449,0.0,0.0141170587774512,53.82421875,4.0,3.267044501639844,4.986884587723779,0.0,0.0108795652173921,79.75,5.0,1.6001600177799111,3.987494825972092,0.0,0.0041265473498651,52.9453125,5.0,3.3336711490416207,4.654114862660118,0.0,0.0030814821352097,140.03515625,2.0,0.0043450038167675,51.921875,2.0
2026-05-30T06:49:47Z,2.466831122074805,47.638888888888886,0.0,0.0278941578028809,62.07421875,4.0,4.333475566222854,4.85080649713945,0.0,0.0085318291700241,89.33203125,0.0,0.1333333339259259,24.25,0.0,0.0036880476069894,60.5859375,5.0,19.53588042348606,4.483807074558331,0.0,0.0122969724040154,85.109375,5.0,0.0666622225184987,4.8,0.0,0.0044794114521762,79.73828125,7.0,0.0666622225184987,4.799999999999999,0.0,0.00313221040322,70.49609375,5.0,22.46762676327206,3.42571015204483,0.0,0.0130992495105531,53.5234375,4.0,2.8003467217878537,6.208289348430802,0.0,0.006906521712036,79.59765625,5.0,1.6668044607425383,4.011744342789802,0.0,0.0041189890564293,52.98046875,5.0,2.400080005333689,4.651851851851852,0.0,0.0041091168429802,140.00390625,2.0,0.0051295476215693,48.3984375,2.0
2026-05-30T06:49:52Z,2.466831122074805,47.638888888888886,0.0,0.0300945538480809,61.90234375,4.0,4.333475566222854,4.85080649713945,0.0,0.0082041347303284,89.3984375,0.0,0.1333333339259259,24.25,0.0,0.0038717341098502,60.92578125,5.0,19.800004532444465,4.435866069476362,0.0,0.0130027893593289,85.109375,5.0,0.0666622225184987,4.8,0.0,0.0053158886865394,79.73828125,7.0,0.0666622225184987,4.799999999999999,0.0,0.00313221040322,70.49609375,5.0,22.46762676327206,3.42571015204483,0.0,0.0125301428437196,53.5234375,4.0,2.8003467217878537,6.208289348430802,0.0,0.0077654029516411,79.59765625,5.0,1.6668044607425383,4.011744342789802,0.0,0.0041124179522205,52.98046875,5.0,2.400080005333689,4.651851851851852,0.0,0.0040323882340441,140.00390625,2.0,0.0051295476215693,48.3984375,2.0
2026-05-30T06:49:57Z,3.6,46.7391304347826,0.0,0.0300945538480809,61.90234375,4.0,4.333475566222854,4.85080649713945,0.0,0.0075432069287373,89.3984375,0.0,0.1333333339259259,24.25,0.0,0.0038717341098502,60.92578125,5.0,19.800004532444465,4.435866069476362,0.0,0.0128394072159754,85.2265625,5.0,0.2666622225184988,4.8,0.0,0.0053146495038449,79.7421875,7.0,0.2667022305200991,4.76571341492452,0.0,0.0031169282911166,70.59375,5.0,33.803458191459285,3.3590319525042904,0.0,0.0125301428437196,53.5234375,4.0,3.933440007111585,5.931818181818183,0.0,0.0086242841912461,79.59765625,5.0,2.40004889333355,3.92941940813984,0.0,0.0041403480012169,52.98046875,5.0,2.400080005333689,4.651851851851852,0.0,0.0040323882340441,140.00390625,2.0,0.0051035339279659,48.26171875,2.0
2026-05-30T06:50:02Z,3.6,46.7391304347826,0.0,0.0245287673133906,61.90234375,4.0,6.600697858676643,4.7856,0.0,0.0075432069287373,89.3984375,0.0,0.2666933362966519,24.25,0.0,0.0038717341098502,60.92578125,5.0,20.66679121185359,4.371526740914156,0.0,0.0128394072159754,85.2265625,5.0,0.3333511134817976,4.8,0.0,0.0053146495038449,79.7421875,7.0,0.3333911214833979,4.74999930549961,0.0,0.0029387862380736,70.59375,5.0,36.870373767757634,2.9036740559019463,0.0,0.0125301428437196,53.5234375,4.0,4.266795564148721,4.976745213686344,0.0,0.0101143781684817,79.75390625,5.0,2.3334133410378666,3.160032711983432,0.0,0.0041403480012169,52.98046875,5.0,3.266995592300722,4.641555343897018,0.0,0.004104241447513,140.05078125,2.0,0.0051035339279659,48.26171875,2.0
2026-05-30T06:50:07Z,3.6,46.7391304347826,0.0,0.0273066419934937,62.67578125,4.0,6.600697858676643,4.7856,0.0,0.0072189446974331,92.25,0.0,0.2666933362966519,24.25,0.0,0.0036696582378086,61.15625,5.0,21.335493575732983,4.344872038215415,0.0,0.0117377515444353,85.2265625,5.0,0.3333511134817976,4.8,0.0,0.0052392577858905,79.7421875,7.0,0.3333911214833979,4.74999930549961,0.0,0.0029387862380736,70.59375,5.0,36.870373767757634,2.9036740559019463,0.0,0.0091396168305649,53.4609375,4.0,4.266795564148721,4.976745213686344,0.0,0.0101143781684817,79.75390625,5.0,2.3334133410378666,3.160032711983432,0.0,0.0041403480012169,52.98046875,5.0,3.266995592300722,4.641555343897018,0.0,0.0039624828174621,140.05078125,2.0,0.0051035339279659,48.26171875,2.0
2026-05-30T06:50:12Z,2.466995599413255,47.58928571428571,0.0,0.0248607397555528,62.67578125,4.0,6.600697858676643,4.7856,0.0,0.0072189446974331,92.25,0.0,0.2666933362966519,24.25,0.0,0.0036696582378086,61.15625,5.0,21.335493575732983,4.344872038215415,0.0,0.0116579550256903,85.30078125,5.0,0.2667022269635951,4.8,0.0,0.0053274499126876,79.7421875,7.0,0.2666844468151309,4.74375,0.0,0.0028737277600803,70.640625,5.0,29.20109785570953,2.890937767108598,0.0,0.0119040948597703,53.4609375,4.0,3.866924461630776,5.055537858640316,0.0,0.0101143781684817,79.75390625,5.0,1.8668711354104497,3.044423701859918,0.0,0.0039909859574626,52.97265625,5.0,3.266995592300722,4.641555343897018,0.0,0.0037984309662137,140.04296875,2.0,0.0051035339279659,48.26171875,2.0
2026-05-30T06:50:17Z,2.466995599413255,47.58928571428571,0.0,0.0248607397555528,62.67578125,4.0,5.799822234073284,4.788936247475091,0.0,0.0072189446974331,92.25,0.0,0.4666666666666667,24.25,0.0,0.0040283211288326,61.57421875,5.0,18.66805351824688,4.354900244023949,0.0,0.0116579550256903,85.30078125,5.0,0.4000177801484642,4.8,0.0,0.0053274499126876,79.7421875,7.0,0.4,4.724997499861102,0.0,0.0019333192655481,70.640625,5.0,31.000128897482053,2.713583476521821,0.0,0.0119040948597703,53.4609375,4.0,4.333462230815387,5.194406993110591,0.0,0.0086006324178051,80.01171875,5.0,2.333457794372583,2.428525709713864,0.0,0.0024747436893854,52.97265625,5.0,2.8666666666666663,4.620895522388059,0.0,0.0037984309662137,140.04296875,2.0,0.0050306269141815,48.35546875,2.0
2026-05-30T06:50:22Z,2.466995599413255,47.58928571428571,0.0,0.0248607397555528,62.67578125,4.0,5.799822234073284,4.788936247475091,0.0,0.0072689651653286,91.60546875,0.0,0.4666666666666667,24.25,0.0,0.0035475942811012,61.57421875,5.0,15.933333333333334,4.362504426179978,0.0,0.0116579550256903,85.30078125,5.0,0.4000177801484642,4.8,0.0,0.0054258792073649,79.68359375,7.0,0.4,4.724997499861102,0.0,0.0021988703551912,70.51171875,5.0,31.000128897482053,2.713583476521821,0.0,0.0097524793142621,53.4609375,4.0,4.333462230815387,5.194406993110591,0.0,0.0102020411491934,80.01171875,5.0,2.333457794372583,2.428525709713864,0.0,0.0028686189376311,52.97265625,5.0,2.8666666666666663,4.620895522388059,0.0,0.0029872924916637,140.04296875,2.0,0.0050306269141815,48.35546875,2.0
2026-05-30T06:50:27Z,3.200213347556504,45.937499999999936,0.0,0.0253269757595867,62.55078125,4.0,5.799822234073284,4.788936247475091,0.0,0.007683375605257,91.60546875,0.0,0.4666666666666667,24.25,0.0,0.0039310848204168,61.57421875,5.0,15.933333333333334,4.362504426179978,0.0,0.011428838993567,85.39453125,5.0,0.5333333333333333,4.8,0.0,0.0054258792073649,79.68359375,7.0,0.5333688936302619,4.73845922405614,0.0,0.0024406736338797,70.51171875,5.0,34.735729199744576,2.4910251143793705,0.0,0.0120398299777991,53.44921875,4.0,4.333462230815387,4.982035928143713,0.0,0.0102020411491934,80.01171875,5.0,2.6666666666666665,2.1714361906455077,0.0,0.0031948788964932,52.97265625,5.0,2.8666666666666663,4.620895522388059,0.0,0.0038319091288043,140.04296875,2.0,0.0050470783532535,48.35546875,2.0
2026-05-30T06:50:32Z,3.200213347556504,45.937499999999936,0.0,0.0253269757595867,62.55078125,4.0,6.401071297515048,4.78352927580652,0.0,0.007683375605257,91.60546875,0.0,0.3333777837044939,24.25,0.0,0.0038976444453885,61.57421875,5.0,16.601191269947105,4.379035135862761,0.0,0.011428838993567,85.39453125,5.0,0.4000177801484642,4.8,0.0,0.0054258792073649,79.68359375,7.0,0.4000533404453927,4.738460696823605,0.0,0.0029016393442622,70.51171875,5.0,34.2711072501513,2.5491485832940963,0.0,0.0126289629381539,53.44921875,4.0,4.267106716746845,4.923913442576064,0.0,0.0102020411491934,80.01171875,5.0,2.400151131261946,2.47502645935246,0.0,0.0039151195063452,52.97265625,5.0,3.067075610081344,4.636838919391853,0.0,0.0039834823776976,140.04296875,2.0,0.004990981502207,48.47265625,2.0
2026-05-30T06:50:37Z,3.200213347556504,45.937499999999936,0.0,0.0250607241389063,62.55078125,4.0,6.401071297515048,4.78352927580652,0.0,0.0065569073706863,91.60546875,0.0,0.3333777837044939,24.25,0.0,0.0043633304965659,62.1015625,5.0,16.868915855447394,4.409485076892491,0.0,0.0110975596873006,85.46875,5.0,0.4000177801484642,4.8,0.0,0.0045332686967988,79.68359375,7.0,0.4000533404453927,4.738460696823605,0.0,0.0023648924863387,70.51171875,5.0,34.2711072501513,2.5491485832940963,0.0,0.0126289629381539,53.44921875,4.0,4.267106716746845,4.923913442576064,0.0,0.0104247478116695,79.75,5.0,2.400151131261946,2.47502645935246,0.0,0.0032964762476828,52.97265625,5.0,3.067075610081344,4.636838919391853,0.0,0.0039834823776976,140.04296875,2.0,0.004990981502207,48.47265625,2.0
2026-05-30T06:50:42Z,2.533671156154154,49.062500000000014,0.024390243902439,0.0240848317284762,64.328125,4.0,6.401071297515048,4.78352927580652,0.0,0.0061359662115793,91.60546875,0.0,0.3333777837044939,24.25,0.0,0.004308935408483,62.1015625,5.0,16.868915855447394,4.409485076892491,0.0,0.0105801088929196,85.46875,5.0,0.1333511134817975,4.800000000000001,0.0,0.0056811002661945,80.6875,7.0,0.1333511134817975,4.748936363378443,0.0,0.0031495971351835,71.33203125,5.0,28.935524726851817,2.687320699319125,0.0,0.0124879273603235,54.71875,4.0,4.533791162376554,4.94535519125683,0.0,0.0104247478116695,79.75,5.0,1.8002400320042673,2.8222013699915545,0.0,0.0029702162888207,52.97265625,5.0,3.067075610081344,4.636838919391853,0.0,0.0039834823776976,140.04296875,2.0,0.004990981502207,48.47265625,2.0
2026-05-30T06:50:47Z,2.533671156154154,49.062500000000014,0.024390243902439,0.0240848317284762,64.328125,4.0,4.934097915878485,4.78238742642162,0.0,0.0054755493360293,91.60546875,0.0,0.0,24.25,0.0,0.0037244043817922,62.1015625,5.0,11.867986825205158,4.403234623530825,0.0,0.0105801088929196,85.46875,5.0,0.0,4.8,0.0,0.0056811002661945,80.6875,7.0,0.0,4.76,0.0,0.0031735092753685,71.33203125,5.0,17.600413360890727,2.7559541846861784,0.0,0.0122437418007547,54.71875,4.0,2.7335155677045133,4.985365853658536,0.0,0.0107308355857119,79.75,5.0,0.8667689016312694,2.7499799982035418,0.0,0.0039608217666294,53.91796875,5.0,1.1333688912594173,4.636068978029593,0.0,0.0032280319073047,140.04296875,2.0,0.0051850604235982,50.38671875,2.0
2026-05-30T06:50:52Z,2.533671156154154,49.062500000000014,0.024390243902439,0.0210914258429811,64.21875,4.0,4.934097915878485,4.782983632116606,0.0,0.0044890683136559,91.60546875,0.0,0.0,24.25,0.0,0.0040588132060986,62.99609375,5.0,6.933595573038202,4.486994734244627,0.0,0.0090640674561383,85.46875,5.0,0.0,4.8,0.0,0.0056811002661945,80.6875,7.0,0.0,4.76,0.0,0.0031735092753685,71.33203125,5.0,17.600413360890727,2.7559541846861784,0.0,0.0122437418007547,54.71875,4.0,2.7335155677045133,4.985365853658536,0.0,0.0099241953337866,81.30078125,5.0,0.8667689016312694,2.7499799982035418,0.0,0.0039608217666294,53.91796875,5.0,1.1333688912594173,4.636068978029593,0.0,0.0040420586952458,142.4609375,2.0,0.0051850604235982,50.38671875,2.0
2026-05-30T06:50:57Z,1.8,48.24999999999999,0.2389380530973451,0.0210914258429811,64.21875,4.0,4.934097915878485,4.7836394379224725,0.0,0.0038707648945608,151.70703125,0.0,0.0,24.25,0.0,0.0040588132060986,62.99609375,5.0,6.933595573038202,4.486994734244627,0.0,0.0079646058204837,85.46875,5.0,0.0,4.8,0.0,0.0057794297907105,80.82421875,7.0,0.0,4.77777744854016,0.0,0.0040437175378504,75.49609375,5.0,5.600373358223882,2.9632954626081256,0.0,0.0122437418007547,54.71875,4.0,0.5333688912594172,5.2187594623049485,0.0,0.0099241953337866,81.30078125,5.0,0.2000133342222814,3.075015417437536,0.0,0.0041281937716266,53.91796875,5.0,1.1333688912594173,4.636068978029593,0.0,0.0040420586952458,142.4609375,2.0,0.0053136674331456,50.38671875,2.0
2026-05-30T06:51:02Z,1.8,48.24999999999999,0.2389380530973451,0.0210914258429811,64.21875,4.0,5.267457918249092,4.733610255468387,0.0,0.0032524614754657,151.70703125,0.0,0.1333466681483259,24.035714285714285,0.0,0.0040588132060986,62.99609375,5.0,4.666777785185679,4.449501475728818,0.0,0.0083816354123774,87.0703125,5.0,0.0,4.8,0.0,0.0057794297907105,80.82421875,7.0,0.0,4.7666670370658455,0.0,0.0040437175378504,75.49609375,5.0,3.266884458963931,3.1634653014066902,0.0,0.0099957611767293,54.14453125,4.0,0.0,4.990000563002164,0.0,0.0090833518207461,81.30078125,5.0,0.0,2.600040891069745,0.0,0.0038529598506067,53.91796875,5.0,0.0,4.672729844070097,0.0,0.004312329521973,142.4609375,2.0,0.0049290373712134,50.390625,2.0
2026-05-30T06:51:07Z,1.8,48.24999999999999,0.2389380530973451,0.0130007750000004,64.21875,4.0,5.267457918249092,4.732008156746117,0.0,0.0032524614754657,151.70703125,0.0,0.1333466681483259,24.035714285714285,0.0,0.0035564161990731,62.99609375,5.0,3.466897793186212,4.52834435175145,0.0,0.0083816354123774,87.0703125,5.0,0.0,4.8,0.0,0.0056630393452717,80.8203125,7.0,0.0,4.7666670370658455,0.0,0.0040437175378504,75.49609375,5.0,3.266884458963931,3.1634653014066902,0.0,0.0087778580559135,54.14453125,4.0,0.0,4.990000563002164,0.0,0.0079575428161166,81.296875,5.0,0.0,2.600040891069745,0.0,0.0038529598506067,53.91796875,5.0,0.0,4.672729844070097,0.0,0.004312329521973,142.4609375,2.0,0.0049290373712134,50.390625,2.0
2026-05-30T06:51:12Z,2.6668444562970866,89.58333333333329,0.4666666666666667,0.014352462830208,64.21875,4.0,5.267457918249092,4.730146631476531,0.0,0.0032524614754657,151.70703125,0.0,0.1333466681483259,24.035714285714285,0.0,0.0027220809587705,62.99609375,5.0,3.466897793186212,4.52834435175145,0.0,0.0073925689404941,87.0703125,5.0,0.0,4.8,0.0,0.0057095608985225,80.8203125,7.0,0.0,4.8,0.0,0.0039648045589543,71.2734375,5.0,6.867146701632356,3.5091069531250003,0.0,0.0087778580559135,54.14453125,4.0,0.3333777837044939,6.083325925349745,0.0,0.0079575428161166,81.296875,5.0,0.2000266702226963,3.3599999999999977,0.0,0.0037860917248259,53.91796875,5.0,0.0,4.672729844070098,0.0,0.0039408089843931,143.44921875,2.0,0.0049290373712134,50.390625,2.0
2026-05-30T06:51:17Z,2.6668444562970866,89.58333333333329,0.4666666666666667,0.0189594240074625,64.10546875,4.0,2.600017778963042,74.9999444407402,0.0,0.0309210842112214,167.26171875,0.0,0.2666755561481876,9.75,0.0,0.0035610370475989,62.8515625,5.0,10.466826677334044,4.575688182208853,0.0,0.0092775596017297,89.53515625,5.0,0.1333422228148543,4.8,0.0,0.0057095608985225,80.8203125,7.0,0.1333422228148543,4.8,0.0,0.0039648045589543,71.2734375,5.0,15.733733362965332,3.921497515107912,0.0,0.0091472828547268,54.15234375,4.0,1.8000444503711606,7.874990624453091,0.0,0.0053447069472743,81.296875,5.0,0.866711115852405,3.839981865215883,0.0,0.0037860917248259,53.91796875,5.0,2.466742227259595,4.666666666666666,0.0,0.0039408089843931,143.44921875,2.0,0.0049507346842031,50.390625,2.0
2026-05-30T06:51:22Z,2.6668444562970866,89.58333333333329,0.4666666666666667,0.0189594240074625,64.10546875,4.0,2.600017778963042,74.9999444407402,0.0,0.036003946461151,167.26171875,0.0,0.2666755561481876,9.75,0.0,0.0035610370475989,62.8515625,5.0,18.667373380447582,4.646753246753246,0.0,0.0092775596017297,89.53515625,5.0,0.1333422228148543,4.8,0.0,0.0047067092263165,80.81640625,7.0,0.1333422228148543,4.8,0.0,0.0041635443201253,71.2734375,5.0,15.733733362965332,3.921497515107912,0.0,0.0091472828547268,54.15234375,4.0,1.8000444503711606,7.874990624453091,0.0,0.0055745512726709,81.296875,5.0,0.866711115852405,3.839981865215883,0.0,0.0027528998454849,53.91015625,5.0,2.466742227259595,4.666666666666666,0.0,0.0039408089843931,143.44921875,2.0,0.0051766962996729,50.4375,2.0
2026-05-30T06:51:27Z,2.8,98.33333333333329,0.4220183486238532,0.0173708483305501,64.10546875,4.0,2.600017778963042,74.9999444407402,0.0,0.0410868087110805,167.26171875,0.0,0.2666755561481876,9.75,0.0,0.0035610370475989,62.8515625,5.0,18.667373380447582,4.646753246753246,0.0,0.0101437678478084,89.61328125,5.0,0.4000088894815209,4.8,0.0,0.0057563275936157,80.81640625,7.0,0.4667200065193482,22.0,0.0,0.0045128050429613,73.44921875,5.0,28.66898696537245,4.039655525118549,0.0,0.0074480014690633,54.15234375,4.0,3.4001288974820545,8.687501273216522,0.0,0.0050236300708573,81.296875,5.0,1.800017778963042,3.649999999999999,0.0,0.0035180266711202,53.91015625,5.0,2.466742227259595,4.666666666666666,0.0,0.004120456406421,143.44140625,2.0,0.0051766962996729,50.4375,2.0
2026-05-30T06:51:32Z,2.8,98.33333333333329,0.4220183486238532,0.0227882579602634,64.16015625,4.0,5.8005422791176695,93.02955117689493,0.0,0.0461696709610101,167.26171875,0.0,0.5333866725933037,91.8749930550154,0.0,0.0035610370475989,62.8515625,5.0,17.068226826981157,4.687838969706444,0.0,0.0101437678478084,89.61328125,5.0,0.5333511122963752,4.8,0.0,0.0057563275936157,80.81640625,7.0,0.6000622293342026,21.249991666018467,0.0,0.0045128050429613,73.44921875,5.0,31.737404976662845,4.341171037594739,0.0,0.0108069495616838,54.2109375,4.0,4.00040448978325,9.22,0.0,0.0096082258366014,81.3359375,5.0,2.3334577920017385,4.589478953785379,0.0,0.0035180266711202,53.91015625,5.0,2.600346712895053,4.715998730562855,0.0,0.0039866649404446,143.44140625,2.0,0.0049316368638235,50.4375,2.0
2026-05-30T06:51:37Z,2.8,98.33333333333329,0.4220183486238532,0.0227882579602634,64.16015625,4.0,5.8005422791176695,89.91971735146277,0.0,0.0482251804548816,167.26171875,0.0,0.5333866725933037,91.8749930550154,0.0,0.0037218913185375,62.8515625,5.0,14.601395704906352,4.684049173230124,0.0,0.0101958662414013,89.61328125,5.0,0.5333511122963752,4.8,0.0,0.0046695809133376,80.81640625,7.0,0.6000622293342026,21.249991666018467,0.0,0.0045128050429613,73.44921875,5.0,31.737404976662845,4.341171037594739,0.0,0.0108069495616838,54.2109375,4.0,4.00040448978325,9.22,0.0,0.010194274920075,81.3359375,5.0,2.3334577920017385,4.589478953785379,0.0,0.0038117532507047,53.91015625,5.0,2.600346712895053,4.715998730562855,0.0,0.0039866649404446,143.44140625,2.0,0.0049316368638235,50.4375,2.0
2026-05-30T06:51:42Z,2.667022269635952,107.49999999999837,0.180327868852459,0.0252162516382697,64.16015625,4.0,5.8005422791176695,87.39947391742436,0.0,0.0431423182049521,167.26171875,0.0,0.5333866725933037,91.8749930550154,0.0,0.0027600305387835,62.8515625,5.0,14.601395704906352,4.684049173230124,0.0,0.0108217176446118,89.67578125,5.0,0.4666977798519901,4.8,0.0,0.0056483353151019,80.8203125,7.0,0.4666844456297086,19.75001666777784,0.0,0.0046358493825019,75.81640625,5.0,32.868591356180055,4.287662033624176,0.0,0.0141585469648964,54.2109375,4.0,4.200417824005531,9.23147914932986,0.0,0.010194274920075,81.3359375,5.0,2.200257809781887,4.43999728868102,0.0,0.0038117532507047,53.91015625,5.0,2.600346712895053,4.715998730562855,0.0,0.0042771241101132,143.4375,2.0,0.0049311343963545,50.71484375,2.0
2026-05-30T06:51:47Z,2.667022269635952,107.49999999999837,0.180327868852459,0.0252162516382697,64.16015625,4.0,5.6,78.66080177001555,0.0,0.0570197424535563,175.07421875,0.0,0.2666666666666666,90.0,0.0,0.004964762992576,62.74609375,5.0,15.733835589039268,4.706769830217319,0.0,0.0129312756689501,89.67578125,5.0,0.3333466675556148,4.800000000000001,0.0,0.0056483353151019,80.8203125,7.0,0.3333333333333333,19.0,0.0,0.0046358493825019,75.81640625,5.0,33.13347556503767,4.287678947426537,0.0,0.015086163496055,54.66015625,4.0,4.266808898371002,9.146548553071415,0.0,0.010194274920075,81.3359375,5.0,1.8668000177801485,4.474064733219523,0.0,0.0041011859939763,53.91015625,5.0,3.333333333333333,4.696200838081863,0.0,0.0042771241101132,143.4375,2.0,0.0052584930371792,50.71484375,2.0
2026-05-30T06:51:52Z,2.667022269635952,107.49999999999837,0.180327868852459,0.0246145443923804,64.640625,4.0,5.6,76.59667623344212,0.0,0.0570197424535563,175.07421875,0.0,0.2666666666666666,90.0,0.0,0.0060521093582706,62.74609375,5.0,18.53333333333333,4.661042183622828,0.0,0.0129312756689501,89.67578125,5.0,0.3333466675556148,4.800000000000001,0.0,0.0056483353151019,80.8203125,7.0,0.3333333333333333,19.0,0.0,0.0046358493825019,75.81640625,5.0,33.13347556503767,4.287678947426537,0.0,0.015086163496055,54.66015625,4.0,4.266808898371002,9.146548553071415,0.0,0.0124277738515927,81.3125,5.0,1.8668000177801485,4.474064733219523,0.0,0.0037439047164526,53.90625,5.0,3.333333333333333,4.696200838081863,0.0,0.0038896310072571,143.4375,2.0,0.0052584930371792,50.71484375,2.0
2026-05-30T06:51:57Z,3.0666666666666664,79.99999999999999,0.0,0.032337562836904,64.640625,4.0,5.6,74.75917955154671,0.0,0.0544381112521876,175.07421875,0.0,0.2666666666666666,90.0,0.0,0.0060521093582706,62.74609375,5.0,18.53333333333333,4.661042183622828,0.0,0.0104214946626578,89.67578125,5.0,0.2,4.800000000000001,0.0,0.0048275301071962,80.8203125,7.0,0.1333333333333333,19.0,0.0,0.0046595265677246,72.84765625,5.0,28.467640064893214,4.1965817448930585,0.0,0.015086163496055,54.66015625,4.0,3.9334533413338666,8.975802520291515,0.0,0.0124277738515927,81.3125,5.0,1.3333333333333333,4.392592592592592,0.0,0.0037439047164526,53.90625,5.0,3.333333333333333,4.696200838081863,0.0,0.0047100471244922,143.4296875,2.0,0.0052584930371792,50.71484375,2.0
2026-05-30T06:52:02Z,3.0666666666666664,79.99999999999999,0.0,0.032337562836904,64.640625,4.0,4.400733460467263,33.81620942325644,0.0,0.0544381112521876,175.07421875,0.0,0.0,89.99999999999999,0.0,0.004883957645451,62.7734375,5.0,19.467884606836467,4.621322328478848,0.0,0.0123864904755342,89.8515625,5.0,0.0666666666666666,4.8,0.0,0.0057630023085999,81.0390625,7.0,0.0,18.999999999999996,0.0,0.0046595265677246,72.84765625,5.0,25.20238692002945,4.122861870420341,0.0,0.0173071778867529,54.66015625,4.0,3.4003333697821043,8.82758915995224,0.0,0.0124277738515927,81.3125,5.0,0.666693336889363,4.360010382727799,0.0,0.0030892357103778,53.90625,5.0,3.8671822909721296,4.681720430107527,0.0,0.0047100471244922,143.4296875,2.0,0.0048750817185737,50.640625,2.0
2026-05-30T06:52:07Z,3.0666666666666664,79.99999999999999,0.0,0.0300360223236903,64.88671875,4.0,4.400733460467263,32.45255178783911,0.0,0.037156507413509,176.41015625,0.0,0.0,89.99999999999999,0.0,0.004883957645451,62.7734375,5.0,15.535831529554343,4.5937140999420265,0.0,0.0123864904755342,89.8515625,5.0,0.0666666666666666,4.8,0.0,0.0056260170644242,81.0390625,7.0,0.0,18.999999999999996,0.0,0.0043570306082351,72.44140625,5.0,25.20238692002945,4.122861870420342,0.0,0.0152969613801196,54.41015625,4.0,3.4003333697821043,8.82758915995224,0.0,0.0082509940749553,81.31640625,5.0,0.666693336889363,4.360010382727799,0.0,0.0031263863972696,53.90625,5.0,3.8671822909721296,4.681720430107527,0.0,0.0047100471244922,143.4296875,2.0,0.0048750817185737,50.640625,2.0
2026-05-30T06:52:12Z,2.400320042672356,62.49999999999989,0.0,0.0300360223236903,64.88671875,4.0,4.400733460467263,11.478100073452344,0.0,0.037156507413509,176.41015625,0.0,0.0,89.99999999999999,0.0,0.004883957645451,62.7734375,5.0,15.535831529554343,4.5937140999420265,0.0,0.0123864904755342,89.8515625,5.0,0.0666800026672001,4.8,0.0,0.0056511122229064,81.48828125,7.0,0.0666666666666666,15.25008333703721,0.0,0.0034672791563949,72.44140625,5.0,25.735755811288872,4.104525193278271,0.0,0.0152969613801196,54.41015625,4.0,3.4003333697821043,8.583340972773957,0.0,0.0106146001671828,81.31640625,5.0,0.8001066808907855,4.423997212231335,0.0,0.0028141957511198,53.90625,5.0,3.8671822909721296,4.681720430107527,0.0,0.0045378171664456,143.3828125,2.0,0.0049152104067061,50.8046875,2.0
2026-05-30T06:52:17Z,2.400320042672356,62.49999999999989,0.0,0.0276779429740981,64.88671875,4.0,5.3333688912594175,4.90007253383312,0.0,0.0066433844012634,176.41015625,0.0,0.4666844456297086,24.25,0.0,0.0014970333333318,62.7734375,5.0,13.801324703458816,4.552627785574851,0.0,0.0113146747352456,90.09375,5.0,0.3333644482969087,4.8,0.0,0.0056511122229064,81.48828125,7.0,0.3333511122963752,8.75,0.0,0.0040106820049295,72.44140625,5.0,27.06770229126386,3.823475481644372,0.0,0.0133678267882625,54.6796875,4.0,3.6667866746672,7.519227580359231,0.0,0.0108012040584409,81.31640625,5.0,1.6667822352608397,4.015362996255353,0.0,0.0038366407192196,54.3203125,5.0,2.9332311179254718,4.636147727373131,0.0,0.0045378171664456,143.3828125,2.0,0.0049152104067061,50.8046875,2.0
2026-05-30T06:52:22Z,2.400320042672356,62.49999999999989,0.0,0.0276779429740981,64.88671875,4.0,5.3333688912594175,4.8998830542949285,0.0,0.008322108853097,179.1796875,0.0,0.4666844456297086,24.25,0.0,0.0014970333333318,62.7734375,5.0,16.132795597330944,4.471111272438618,0.0,0.0113146747352456,90.09375,5.0,0.3333644482969087,4.8,0.0,0.0057163230506873,81.48828125,7.0,0.3333511122963752,8.75,0.0,0.0033458891810457,72.44140625,5.0,27.06770229126386,3.823475481644372,0.0,0.0133678267882625,54.6796875,4.0,3.6667866746672,7.519227580359231,0.0,0.0108012040584409,81.31640625,5.0,1.6667822352608397,4.015362996255353,0.0,0.0035895327464445,54.3203125,5.0,2.9332311179254718,4.636147727373131,0.0,0.0045378171664456,143.3828125,2.0,0.0049067006980515,50.8046875,2.0
2026-05-30T06:52:27Z,2.666666666666667,45.875,0.0,0.0210602621337536,64.88671875,4.0,5.3333688912594175,4.8996928548205005,0.0,0.0106761569841046,179.1796875,0.0,0.4666844456297086,24.25,0.0,0.0018411099227299,62.7734375,5.0,16.132795597330944,4.471111272438618,0.0,0.0111568974009748,90.09375,5.0,0.4666844456297086,4.8,0.0,0.0056452933450089,81.5859375,7.0,0.466711115852405,8.87500138899692,0.0,0.0032147371599912,73.515625,5.0,27.400026668444564,3.6306817637991777,0.0,0.0133678267882625,54.6796875,4.0,3.9333333333333336,6.224999999999993,0.0,0.0108012040584409,81.31640625,5.0,1.933368891259417,3.9666648764271737,0.0,0.0035895327464445,54.3203125,5.0,2.9332311179254718,4.636147727373131,0.0,0.004216537063454,143.39453125,2.0,0.004805573176258,50.8046875,2.0
2026-05-30T06:52:32Z,2.666666666666667,45.875,0.0,0.0230190585643795,64.65625,4.0,4.600151121185857,4.811114021181645,0.0,0.0106761569841046,179.1796875,0.0,0.0666711114074271,24.25,0.0,0.0034494549892682,62.78515625,5.0,16.199915627555182,4.388575088496575,0.0,0.0109996497733819,90.515625,5.0,0.2,4.8,0.0,0.0056452933450089,81.5859375,7.0,0.2000266702226963,9.0,0.0,0.0032147371599912,73.515625,5.0,26.93409782874414,3.189559105581423,0.0,0.0114214288998229,55.0390625,4.0,3.8667866746672,4.996129816115724,0.0,0.0104694297673835,81.31640625,5.0,1.2666933351112295,3.34287238140388,0.0,0.0035338189197507,54.42578125,5.0,3.26699114696725,4.616,0.0,0.004216537063454,143.39453125,2.0,0.004805573176258,50.8046875,2.0
2026-05-30T06:52:37Z,2.666666666666667,45.875,0.0,0.0230190585643795,64.65625,4.0,4.600151121185857,4.810922096273572,0.0,0.0102392869115936,179.5625,0.0,0.0666711114074271,24.25,0.0,0.0034494549892682,62.78515625,5.0,14.001369038239924,4.402594194244003,0.0,0.0109996497733819,90.515625,5.0,0.2,4.8,0.0,0.0056452933450089,81.5859375,7.0,0.2000266702226963,9.0,0.0,0.0032147371599912,73.515625,5.0,26.93409782874414,3.189559105581423,0.0,0.0114214288998229,55.0390625,4.0,3.8667866746672,4.996129816115724,0.0,0.0103381355753147,81.3125,5.0,1.2666933351112295,3.34287238140388,0.0,0.0037385644455872,54.42578125,5.0,3.26699114696725,4.616,0.0,0.004216537063454,143.39453125,2.0,0.0047602836879436,50.96484375,2.0
2026-05-30T06:52:42Z,2.400320042672356,39.77272727272727,0.0,0.0230190585643795,64.65625,4.0,4.600151121185857,4.810844883363412,0.0,0.0102392869115936,179.5625,0.0,0.0666711114074271,24.25,0.0,0.0034494549892682,62.78515625,5.0,14.001369038239924,4.402594194244003,0.0,0.009026199375798,90.99609375,5.0,0.0,4.8,0.0,0.0044420467100496,81.6484375,7.0,0.0,8.999999999999998,0.0,0.0032994132383972,73.515625,5.0,25.80172011467431,3.2290141422248686,0.0,0.0114214288998229,55.0390625,4.0,3.4002266817787854,4.979730720573605,0.0,0.0103381355753147,81.3125,5.0,0.7333822254816988,3.485709205897668,0.0,0.0037385644455872,54.42578125,5.0,3.26699114696725,4.616,0.0,0.0042870186404713,143.41015625,2.0,0.0038335096702732,50.96484375,2.0
2026-05-30T06:52:47Z,2.400320042672356,39.77272727272727,0.0,0.0227527136300667,64.44921875,4.0,4.0669377958530575,4.810945901275962,0.0,0.0106569345311346,179.5625,0.0,0.0,24.25,0.0,0.0037632885375509,62.78515625,5.0,14.33472459527706,4.431925863756856,0.0,0.0105887452107277,90.99609375,5.0,0.0,4.8,0.0,0.0054489526081106,81.6484375,7.0,0.0,9.0,0.0,0.0032212626935246,74.296875,5.0,23.401560104006933,3.195419847328244,0.0,0.0074714249999999,55.0390625,4.0,3.000200013334222,5.555555555555555,0.0,0.0103381355753147,81.3125,5.0,0.6000400026668444,3.457125713142778,0.0,0.0036519709355127,54.48828125,5.0,3.200106673778252,4.628574776415936,0.0,0.0042870186404713,143.41015625,2.0,0.0041263387391885,50.96484375,2.0
2026-05-30T06:52:52Z,2.400320042672356,39.77272727272727,0.0,0.0216564998059788,64.44921875,4.0,4.0669377958530575,4.810869106571808,0.0,0.0100419576020632,179.78125,0.0,0.0,24.25,0.0,0.0037632885375509,62.78515625,5.0,15.400520034668975,4.432790240170496,0.0,0.0105887452107277,90.99609375,5.0,0.0,4.8,0.0,0.0054489526081106,81.6484375,7.0,0.0,9.0,0.0,0.0032212626935246,74.296875,5.0,23.401560104006933,3.195419847328244,0.0,0.011098092404619,55.61328125,4.0,3.000200013334222,5.555555555555555,0.0,0.0100553803751155,81.4765625,5.0,0.6000400026668444,3.457125713142778,0.0,0.0025469315921675,54.48828125,5.0,3.200106673778252,4.628574776415936,0.0,0.0042870186404713,143.41015625,2.0,0.004799908424909,48.9375,2.0
2026-05-30T06:52:57Z,2.866475568295447,41.24999999999994,0.0,0.0234636984176252,64.6953125,4.0,4.0669377958530575,4.810792249453527,0.0,0.0100419576020632,179.78125,0.0,0.0,24.25,0.0,0.0037632885375509,62.78515625,5.0,15.400520034668975,4.432790240170496,0.0,0.0104139583371408,91.515625,5.0,0.0666666666666666,4.8,0.0,0.0053477479522557,81.6640625,7.0,0.0666800026672001,19.00013333925952,0.0,0.0032632255956881,73.9921875,5.0,24.26919584566517,3.2530146056580067,0.0,0.011098092404619,55.61328125,4.0,2.933528901926795,5.1562499999999964,0.0,0.0100553803751155,81.4765625,5.0,0.8000177789630419,3.542872381291013,0.0,0.0028309860393136,54.48828125,5.0,3.200106673778252,4.628574776415936,0.0,0.0043885516045084,143.41015625,2.0,0.004799908424909,48.9375,2.0
2026-05-30T06:53:02Z,2.866475568295447,41.25000000000002,0.0,0.0234636984176252,64.6953125,4.0,4.800488944006678,4.791578573797152,0.0,0.0100419576020632,179.78125,0.0,0.1333466681483259,46.24999999999999,0.0,0.0036282138949665,62.8359375,5.0,15.200520036447111,4.440657141396262,0.0,0.0105551260204998,91.515625,5.0,0.1333422234075654,4.8,0.0,0.0052385434309239,81.6640625,7.0,0.1333555594080989,22.74999166601847,0.0,0.0032632255956881,73.9921875,5.0,26.536022524184634,3.326077813014871,0.0,0.011098092404619,55.61328125,4.0,3.266884458963931,4.953021279185255,0.0,0.0100553803751155,81.4765625,5.0,1.066711115259694,3.6857447625820248,0.0,0.0033735066760371,54.5234375,5.0,3.266995592300722,4.648189897980522,0.0,0.0044230731176413,143.4296875,2.0,0.0040070890469909,48.9375,2.0
2026-05-30T06:53:07Z,2.866475568295447,41.25000000000002,0.0,0.0186562928369422,64.6953125,4.0,4.800488944006678,4.791495131243165,0.0,0.0091663274786532,180.25,0.0,0.1333466681483259,46.24999999999999,0.0,0.0036282138949665,62.8359375,5.0,16.135560377848726,4.49999571974539,0.0,0.009155545629976,91.515625,5.0,0.1333422234075654,4.8,0.0,0.0052385434309239,81.6640625,7.0,0.1333555594080989,22.74999166601847,0.0,0.002537033076594,73.9921875,5.0,26.536022524184634,3.326077813014871,0.0,0.0110659509656028,55.61328125,4.0,3.266884458963931,4.953021279185255,0.0,0.0077835272511439,81.4765625,5.0,1.066711115259694,3.6857447625820248,0.0,0.0033735066760371,54.5234375,5.0,3.266995592300722,4.648189897980522,0.0,0.0044230731176413,143.4296875,2.0,0.0046357136224361,48.7109375,2.0
2026-05-30T06:53:12Z,2.467160098686404,46.53846153846153,0.0,0.0214987597327669,64.05859375,4.0,4.800488944006678,4.791411621849136,0.0,0.0091663274786532,180.25,0.0,0.1333466681483259,46.24999999999999,0.0,0.0036282138949665,62.8359375,5.0,16.135560377848726,4.49999571974539,0.0,0.0111603054816618,91.98046875,5.0,0.1333555594080989,4.799999999999999,0.0,0.0052133506184364,81.6953125,7.0,0.1333422234075654,23.9999962960768,0.0,0.0029923639541829,74.8828125,5.0,28.93435564208229,3.4444531179946978,0.0,0.0118489986366861,55.7109375,4.0,3.667040042079171,5.374990624244733,0.0,0.0069866103467415,81.4765625,5.0,1.1334577925944496,3.885714285714284,0.0,0.0033735066760371,54.5234375,5.0,3.266995592300722,4.648189897980522,0.0,0.0045652003023422,143.4296875,2.0,0.0046668482379685,48.7109375,2.0
2026-05-30T06:53:17Z,2.467160098686404,46.53846153846153,0.0,0.026004467058423,64.05859375,4.0,6.4,4.794545392834024,0.0,0.0091663274786532,180.25,0.0,0.2666666666666666,48.75,0.0,0.0037831067036199,59.76171875,5.0,18.00170700806828,4.530841023628186,0.0,0.0113465922871713,91.98046875,5.0,0.2000133360005334,4.8,0.0,0.0052133506184364,81.6953125,7.0,0.2,24.25,0.0,0.0029923639541829,74.8828125,5.0,33.733591145486066,3.6447068579958266,0.0,0.0119280674400781,55.7109375,4.0,4.333591145486064,6.545426719626954,0.0,0.0104549008137046,82.6640625,5.0,1.600080010668089,4.290902221764279,0.0,0.0034190927400907,54.51953125,5.0,3.533333333333333,4.660869565217391,0.0,0.0037369017724859,143.4296875,2.0,0.0046668482379685,48.7109375,2.0
2026-05-30T06:53:22Z,2.467160098686404,46.53846153846153,0.0,0.026004467058423,64.05859375,4.0,6.4,4.794545392834024,0.0,0.0076755453240463,180.25,0.0,0.2666666666666666,48.75,0.0,0.0037831067036199,59.76171875,5.0,19.666666666666668,4.504259804323393,0.0,0.0112053054754473,92.171875,5.0,0.2000133360005334,4.8,0.0,0.0052133506184364,81.6953125,7.0,0.2,24.25,0.0,0.0029923639541829,74.8828125,5.0,33.733591145486066,3.6447068579958266,0.0,0.0119280674400781,55.7109375,4.0,4.333591145486064,6.545426719626954,0.0,0.0104549008137046,82.6640625,5.0,1.600080010668089,4.290902221764279,0.0,0.0034190927400907,54.51953125,5.0,3.533333333333333,4.660869565217391,0.0,0.0045263477370152,143.41796875,2.0,0.0047449529917635,48.9609375,2.0
2026-05-30T06:53:27Z,3.333333333333333,49.27631578947367,0.0,0.0221956794499326,64.05859375,4.0,6.4,4.794545392834024,0.0,0.0102999630663164,180.984375,0.0,0.2666666666666666,48.75,0.0,0.0037831067036199,59.76171875,5.0,19.666666666666668,4.504259804323393,0.0,0.0112053054754473,92.171875,5.0,0.3333200008888296,4.8,0.0,0.0053263619229283,81.69921875,7.0,0.3333600035560297,23.687481248541552,0.0,0.0029493113453955,74.9609375,5.0,33.80207138729608,3.5679808267851487,0.0,0.0127131310914864,55.73046875,4.0,4.533333333333333,5.8249718871396325,0.0,0.0104549008137046,82.6640625,5.0,2.0667377825188344,4.090897777023519,0.0,0.0034245345257293,54.5078125,5.0,3.533333333333333,4.660869565217391,0.0,0.0044721064020704,143.41796875,2.0,0.0047861597264122,48.9609375,2.0
2026-05-30T06:53:32Z,3.333333333333333,49.27631578947367,0.0,0.0267850615726055,63.5703125,4.0,4.60059563378813,4.810300184630539,0.0,0.0102999630663164,180.984375,0.0,0.2666933362966519,46.875,0.0,0.0027977509860652,59.76171875,5.0,18.067680132758284,4.504153354632589,0.0,0.0111985945080736,92.171875,5.0,0.3333288903703506,4.799999999999999,0.0,0.0053263619229283,81.69921875,7.0,0.3333688930375507,23.125,0.0,0.0035084049034712,74.9609375,5.0,29.60363603858281,3.5242809544784057,0.0,0.0138637502848077,55.73046875,4.0,3.9335733653376006,4.984242424242424,0.0,0.0104549008137046,82.6640625,5.0,1.9335022388166323,4.046153846153846,0.0,0.0034163540689798,54.5078125,5.0,2.600346712895053,4.658820887124438,0.0,0.0043291239605504,143.4140625,2.0,0.0047861597264122,48.9609375,2.0
2026-05-30T06:53:37Z,3.333333333333333,49.27631578947367,0.0,0.0267850615726055,63.5703125,4.0,4.60059563378813,4.810300184630539,0.0,0.0109204643349414,180.609375,0.0,0.2666933362966519,46.875,0.0,0.0031170936510783,59.765625,5.0,13.734737936611872,4.500994102573606,0.0,0.0109428895059925,92.1796875,5.0,0.3333288903703506,4.799999999999999,0.0,0.0053647556475567,81.79296875,7.0,0.3333688930375507,23.125,0.0,0.0035084049034712,74.9609375,5.0,29.60363603858281,3.5242809544784057,0.0,0.0138637502848077,55.73046875,4.0,3.9335733653376006,4.984242424242424,0.0,0.01134399642306,82.6640625,5.0,1.9335022388166323,4.046153846153846,0.0,0.0034163540689798,54.5078125,5.0,2.600346712895053,4.658820887124438,0.0,0.0043291239605504,143.4140625,2.0,0.0038510891266779,48.9609375,2.0
2026-05-30T06:53:42Z,1.533435562370825,47.777777777777786,0.0,0.0267850615726055,63.5703125,4.0,4.60059563378813,4.810300184630539,0.0,0.0109204643349414,180.609375,0.0,0.2666933362966519,46.875,0.0,0.0039905822158502,59.765625,5.0,13.734737936611872,4.500994102573606,0.0,0.0112808053755506,92.1796875,5.0,0.1333422228148543,4.8,0.0,0.0054652481582,81.79296875,7.0,0.2000088894815209,22.500009259739397,0.0,0.0032561519151623,73.59765625,5.0,24.13510245632739,3.49320249340252,0.0,0.0126660658047427,55.734375,4.0,3.33377783704494,4.978822489115823,0.0,0.0110283958066229,82.45703125,5.0,1.400168910224988,3.90766700573568,0.0,0.0027036456709561,54.5078125,5.0,2.600346712895053,4.658820887124438,0.0,0.0042445679787203,143.4140625,2.0,0.00345970237044,48.9609375,2.0
2026-05-30T06:53:47Z,1.533435562370825,47.777777777777786,0.0,0.0251085800604266,64.09375,4.0,5.266684445629709,4.88054298642534,0.0,0.0109204643349414,180.609375,0.0,0.2666755561481876,43.12499999999999,0.0,0.0039905822158502,59.765625,5.0,12.667080027557391,4.509825149600993,0.0,0.0111885536407481,92.50390625,5.0,0.1333422228148543,4.8,0.0,0.0054652481582,81.79296875,7.0,0.2000088894815209,20.874999999999996,0.0,0.003267455846047,73.59765625,5.0,24.400217805929618,3.4168838985968955,0.0,0.0126660658047427,55.734375,4.0,3.4668711383740054,4.956469016120543,0.0,0.0110283958066229,82.45703125,5.0,1.5334222328902325,4.09408862422622,0.0,0.0037003345973678,54.5234375,5.0,2.6,4.643835616438356,0.0,0.0042445679787203,143.4140625,2.0,0.0048585255803788,48.71484375,2.0
2026-05-30T06:53:52Z,1.533435562370825,47.777777777777786,0.0,0.0251085800604266,64.09375,4.0,5.266684445629709,4.88054298642534,0.0,0.0122831820608649,183.375,0.0,0.2666755561481876,43.12499999999999,0.0,0.0039102221694662,59.765625,5.0,13.333355557037136,4.496060418686003,0.0,0.0111885536407481,92.50390625,5.0,0.1333422228148543,4.8,0.0,0.0044195943730875,81.79296875,7.0,0.2000088894815209,20.874999999999996,0.0,0.003267455846047,73.59765625,5.0,24.400217805929618,3.4168838985968955,0.0,0.0127007188277566,55.7734375,4.0,3.4668711383740054,4.956469016120543,0.0,0.0107553281282947,82.45703125,5.0,1.5334222328902325,4.09408862422622,0.0,0.0037003345973678,54.5234375,5.0,2.6,4.643835616438356,0.0,0.0041071125746837,143.421875,2.0,0.0050488395116039,48.71484375,2.0
2026-05-30T06:53:57Z,3.200213347556504,45.80882352941176,0.0,0.0241934225689298,64.09375,4.0,5.266684445629709,4.88054298642534,0.0,0.0122831820608649,183.375,0.0,0.2666755561481876,43.12499999999999,0.0,0.0039102221694662,59.765625,5.0,13.333355557037136,4.496060418686003,0.0,0.0105641766294905,92.50390625,5.0,0.2666755561481876,4.800000000000001,0.0,0.0030805250000014,81.79296875,7.0,0.2000177795557531,16.749833318517197,0.0,0.003514679430506,73.59765625,5.0,29.86863584388846,3.284576592422352,0.0,0.0127007188277566,55.7734375,4.0,3.933200008888297,4.911112381820258,0.0,0.0106268158213848,82.4609375,5.0,2.066613339259022,4.035294117647057,0.0,0.0035449139562115,54.53515625,5.0,2.6,4.643835616438356,0.0,0.0041071125746837,143.421875,2.0,0.0050488395116039,48.71484375,2.0
2026-05-30T06:54:02Z,3.200213347556504,45.80882352941176,0.0,0.0241934225689298,64.09375,4.0,5.333866725933038,4.880365532105631,0.0,0.0122831820608649,183.375,0.0,0.1333511134817975,24.25,0.0,0.0038394870726848,59.765625,5.0,13.667617904609504,4.496009346287567,0.0,0.0106856274839484,92.29296875,5.0,0.2000088900742321,4.799999999999999,0.0,0.005306873518639,79.51171875,7.0,0.1333511134817975,4.779999999999999,0.0,0.0035934612211223,74.3515625,5.0,30.737031630882345,3.075882583855928,0.0,0.0127007188277566,55.7734375,4.0,4.000133377781927,4.8444459693303,0.0,0.0106268158213848,82.4609375,5.0,1.800026684445867,3.7231056423020488,0.0,0.0035605904059031,54.53515625,5.0,3.067075610081344,4.618461538461538,0.0,0.0038834245252634,143.421875,2.0,0.0049371053345203,48.734375,2.0
2026-05-30T06:54:07Z,3.200213347556504,45.80882352941176,0.0,0.018765527409663,64.09375,4.0,5.333866725933038,4.880365532105631,0.0,0.0095854058478493,182.2890625,0.0,0.1333511134817975,24.25,0.0,0.003792830882353,60.04296875,5.0,14.735298039738632,4.54386186042453,0.0,0.0106856274839484,92.29296875,5.0,0.2000088900742321,4.799999999999999,0.0,0.005306873518639,79.51171875,7.0,0.1333511134817975,4.779999999999999,0.0,0.0035934612211223,74.3515625,5.0,30.737031630882345,3.075882583855928,0.0,0.0127007188277566,55.7734375,4.0,4.000133377781927,4.8444459693303,0.0,0.0106268158213848,82.4609375,5.0,1.800026684445867,3.7231056423020488,0.0,0.0035605904059031,54.53515625,5.0,3.067075610081344,4.618461538461538,0.0,0.003192530940348,143.421875,2.0,0.004914900169378,48.734375,2.0
2026-05-30T06:54:12Z,2.6003467128950524,46.102941176470566,0.0,0.0161345658042718,64.09375,4.0,5.333866725933038,4.880365532105631,0.0,0.0113936021594487,182.2890625,0.0,0.1333511134817975,24.25,0.0,0.003792830882353,60.04296875,5.0,14.735298039738632,4.54386186042453,0.0,0.0106866157019803,92.29296875,5.0,0.2000266702226963,4.8,0.0,0.0052090860860582,79.51171875,7.0,0.2000088900742321,4.8,0.0,0.0031061471663629,73.1875,5.0,30.86868471351736,2.976405220884389,0.0,0.0088430183268646,55.7734375,4.0,4.067208961194826,4.846061114782927,0.0,0.0107699026097766,82.4609375,5.0,1.7335644752633683,3.8000126504160088,0.0,0.0040293329739017,53.6796875,5.0,3.067075610081344,4.618461538461538,0.0,0.0040797138577948,143.41796875,2.0,0.004854735725505,48.734375,2.0
2026-05-30T06:54:17Z,2.6003467128950524,46.102941176470566,0.0,0.0259902412159914,63.91796875,4.0,5.066831122074805,4.866355071277782,0.0,0.0113936021594487,182.2890625,0.0,0.3333333333333333,24.25,0.0,0.0030863866464686,60.04296875,5.0,15.134346801795797,4.563248617054301,0.0,0.0090181678255086,92.29296875,5.0,0.3333511134817976,4.8,0.0,0.0054015081385481,79.953125,7.0,0.3333333333333333,4.799999999999999,0.0,0.0031061471663629,73.1875,5.0,30.400275592301195,2.94678274303452,0.0,0.0122990370525416,55.66796875,4.0,3.933608925634529,4.869511422721317,0.0,0.0077727908729576,82.4609375,5.0,2.0668000177801487,3.973323969787748,0.0,0.0041601171689674,53.6796875,5.0,2.6,4.612698412698412,0.0,0.0040797138577948,143.41796875,2.0,0.004854735725505,48.734375,2.0
2026-05-30T06:54:22Z,2.6003467128950524,46.102941176470566,0.0,0.0259902412159914,63.91796875,4.0,5.066831122074805,4.866355071277782,0.0,0.0096528179939594,182.2890625,0.0,0.3333333333333333,24.25,0.0,0.0043787668161433,60.28125,5.0,17.066666666666666,4.542955407134568,0.0,0.0111000935046853,92.41796875,5.0,0.3333511134817976,4.8,0.0,0.0054015081385481,79.953125,7.0,0.3333333333333333,4.799999999999999,0.0,0.0031061471663629,73.1875,5.0,30.400275592301195,2.94678274303452,0.0,0.0122990370525416,55.66796875,4.0,3.933608925634529,4.869511422721317,0.0,0.0085772324514215,82.4609375,5.0,2.0668000177801487,3.973323969787748,0.0,0.0041601171689674,53.6796875,5.0,2.6,4.612698412698412,0.0,0.0041504041688877,143.421875,2.0,0.0037074157501602,49.02734375,2.0
2026-05-30T06:54:27Z,2.8666666666666667,45.965909090909086,0.0,0.0259902412159914,63.91796875,4.0,5.066831122074805,4.866355071277782,0.0,0.0107075205545703,181.6328125,0.0,0.3333333333333333,24.25,0.0,0.0043787668161433,60.28125,5.0,17.066666666666666,4.542955407134568,0.0,0.0111000935046853,92.41796875,5.0,0.4,4.799999999999999,0.0,0.0053700847919863,79.953125,7.0,0.4000133342222814,4.78,0.0,0.0031599033816418,73.07421875,5.0,31.93447118696802,2.9053120489562536,0.0,0.0133743717141365,55.66796875,4.0,4.133333333333333,4.867059594951046,0.0,0.010827598394383,82.4609375,5.0,2.066733337778074,3.880002014940189,0.0,0.0034514900860119,53.80859375,5.0,2.6,4.612698412698412,0.0,0.0041504041688877,143.421875,2.0,0.0041074750005776,49.02734375,2.0
2026-05-30T06:54:32Z,2.8666666666666667,45.965909090909086,0.0,0.0274861776758998,63.91796875,4.0,5.8672400625259264,4.824786422033405,0.0,0.0107075205545703,181.6328125,0.0,0.2000222248892247,24.25,0.0,0.0043787668161433,60.28125,5.0,17.66772902905563,4.531108656040928,0.0,0.0111000935046853,92.41796875,5.0,0.2666711114074271,4.799999999999999,0.0,0.0053700847919863,79.953125,7.0,0.2666844456297086,4.78,0.0,0.0031599033816418,73.07421875,5.0,34.20310255885456,2.8785064377990963,0.0,0.013731357354301,55.78515625,4.0,4.466960039116326,4.886366515311456,0.0,0.0108137074243568,80.16015625,5.0,1.8001644613352497,3.1555993984988358,0.0,0.0040062693648332,53.80859375,5.0,3.200426723563142,4.614285714285714,0.0,0.0043201854674795,143.421875,2.0,0.0048007110050093,49.02734375,2.0
2026-05-30T06:54:37Z,2.8666666666666667,45.965909090909086,0.0,0.0274861776758998,63.91796875,4.0,5.8672400625259264,4.824786422033405,0.0,0.0093418082383057,181.6328125,0.0,0.2000222248892247,24.25,0.0,0.0038955925240793,60.28125,5.0,14.40189802936678,4.530169550363041,0.0,0.0104429214485545,92.38671875,5.0,0.2666711114074271,4.799999999999999,0.0,0.004506817266353,80.60546875,7.0,0.2666844456297086,4.78,0.0,0.0031599033816418,73.07421875,5.0,34.20310255885456,2.8785064377990963,0.0,0.013731357354301,55.78515625,4.0,4.466960039116326,4.886366515311456,0.0,0.0108137074243568,80.16015625,5.0,1.8001644613352497,3.1555993984988358,0.0,0.0040062693648332,53.80859375,5.0,3.200426723563142,4.614285714285714,0.0,0.0042819452278015,143.421875,2.0,0.0048813676262039,48.84375,2.0
2026-05-30T06:54:42Z,2.400320042672356,46.64772727272726,0.0,0.0274861776758998,63.91796875,4.0,5.8672400625259264,4.824786422033405,0.0,0.0093418082383057,181.6328125,0.0,0.2000222248892247,24.25,0.0,0.0035029154154287,60.28125,5.0,14.40189802936678,4.530169550363041,0.0,0.0104429214485545,92.38671875,5.0,0.1333466681483259,4.8,0.0,0.0056265177405455,80.60546875,7.0,0.1333422228148543,4.780000222234568,0.0,0.0026217289735495,70.8515625,5.0,31.53653369308054,3.011303744417221,0.0,0.0137622568191609,55.78515625,4.0,4.067208961194826,4.905555555555555,0.0,0.0094431110239555,80.16015625,5.0,1.4001377928906866,3.266667325148405,0.0,0.00387938703176,54.13671875,5.0,3.200426723563142,4.614285714285714,0.0,0.0042819452278015,143.421875,2.0,0.0048813676262039,48.84375,2.0
2026-05-30T06:54:47Z,2.400320042672356,46.64772727272726,0.0,0.0251626080125657,63.8671875,4.0,4.4,4.825974050961643,0.0,0.0092807337380419,179.0859375,0.0,0.1333333333333333,24.25,0.0,0.0040304798255174,60.73828125,5.0,12.334169000311151,4.560708708747463,0.0,0.0102052602484626,92.38671875,5.0,0.1333422234075654,4.8,0.0,0.0056265177405455,80.60546875,7.0,0.1333377780740938,4.77999977777037,0.0,0.0030583907066984,70.8515625,5.0,27.93456898786066,3.300614325433717,0.0,0.0137622568191609,55.78515625,4.0,3.666915588745166,5.324917437472489,0.0,0.0092400018300559,80.16015625,5.0,1.0000400026668443,3.4799697747947893,0.0,0.0041040498176627,54.13671875,5.0,3.2,4.642105263157895,0.0,0.0042819452278015,143.421875,2.0,0.0049683876909764,48.84375,2.0
2026-05-30T06:54:52Z,2.400320042672356,46.64772727272726,0.0,0.0251626080125657,63.8671875,4.0,4.4,4.825974050961643,0.0,0.0092169287814857,179.0859375,0.0,0.1333333333333333,24.25,0.0,0.0041619570971231,60.73828125,5.0,12.6,4.592620020971366,0.0,0.0110175175487912,97.03515625,5.0,0.1333422234075654,4.8,0.0,0.0055490790208119,80.359375,7.0,0.1333377780740938,4.77999977777037,0.0,0.0030082930330964,70.98828125,5.0,27.93456898786066,3.300614325433717,0.0,0.0088425333333361,55.78515625,4.0,3.666915588745166,5.324917437472489,0.0,0.0106108027089963,80.16015625,5.0,1.0000400026668443,3.4799697747947893,0.0,0.0041040498176627,54.13671875,5.0,3.2,4.642105263157895,0.0,0.003717280035169,139.07421875,2.0,0.0050097254343844,46.25390625,2.0
2026-05-30T06:54:57Z,2.533333333333333,46.81818181818181,0.0,0.0251626080125657,63.8671875,4.0,4.4,4.825974050961643,0.0,0.0092169287814857,179.0859375,0.0,0.1333333333333333,24.25,0.0,0.0041619570971231,60.73828125,5.0,12.6,4.592620020971366,0.0,0.0110175175487912,97.03515625,5.0,0.0666666666666666,4.8,0.0,0.0055490790208119,80.359375,7.0,0.0666666666666666,4.774999305520831,0.0,0.0030082930330964,70.98828125,5.0,24.13408449452185,3.4162661111728925,0.0,0.0103318513762995,55.78515625,4.0,3.4000000000000004,6.480769230769227,0.0,0.0103990361806787,80.16015625,5.0,0.7333333333333333,3.7272767677665546,0.0,0.002886275670498,54.13671875,5.0,3.2,4.642105263157895,0.0,0.0043770898550723,139.07421875,2.0,0.0050097254343844,46.25390625,2.0
2026-05-30T06:55:02Z,2.533333333333333,46.81818181818181,0.0,0.0251626080125657,63.8671875,4.0,4.5340890198753625,4.8465116567533375,0.0,0.0094243267261697,182.01171875,0.0,0.0,24.25,0.0,0.0038860662490177,61.140625,5.0,13.734293461350402,4.584095775067556,0.0,0.0086323320547281,93.84765625,5.0,0.0,4.8,0.0,0.0054164981684985,80.359375,7.0,0.0,4.766666666666666,0.0,0.0030447761194021,70.98828125,5.0,23.535506906399,3.5989264856515577,0.0,0.0136968902529994,53.1015625,4.0,3.26688891852247,6.37502870540477,0.0,0.0103990361806787,80.16015625,5.0,0.8000622305196248,3.50003166832416,0.0,0.003296732410951,53.8984375,5.0,3.200315590226351,4.635446371002679,0.0,0.0043770898550723,139.07421875,2.0,0.005106009769578,46.25390625,2.0
2026-05-30T06:55:07Z,2.533333333333333,46.81818181818181,0.0,0.0248262456955566,61.90625,4.0,4.5340890198753625,4.8465116567533375,0.0,0.0077511688262195,182.01171875,0.0,0.0,24.25,0.0,0.0031616739623432,61.140625,5.0,15.268164608315756,4.612169315880216,0.0,0.0106668206911656,93.84765625,5.0,0.0,4.8,0.0,0.0052258848454626,80.125,7.0,0.0,4.766666666666666,0.0,0.0029258166111752,70.98828125,5.0,23.535506906399,3.5989264856515577,0.0,0.0136968902529994,53.1015625,4.0,3.26688891852247,6.37502870540477,0.0,0.0104935182996684,80.15625,5.0,0.8000622305196248,3.50003166832416,0.0,0.003296732410951,53.8984375,5.0,3.200315590226351,4.635446371002679,0.0,0.0043548375926316,139.06640625,2.0,0.0050937666306167,46.0390625,2.0
2026-05-30T06:55:12Z,2.400320042672356,49.342105263157904,0.0,0.0248262456955566,61.90625,4.0,4.5340890198753625,4.8465116567533375,0.0,0.0095293445121951,182.01171875,0.0,0.0,24.25,0.0,0.0031616739623432,61.140625,5.0,15.268164608315756,4.612169315880216,0.0,0.0106668206911656,93.84765625,5.0,0.0,4.800000000000001,0.0,0.0052258848454626,80.125,7.0,0.0,4.800000000000001,0.0,0.0029920715794705,70.98828125,5.0,24.735004667288973,3.6751597776257614,0.0,0.0136968902529994,53.1015625,4.0,3.533804507267636,6.499999999999998,0.0,0.0103876449778334,80.15625,5.0,0.8000844542234273,3.7750209733449673,0.0,0.0034275619115518,53.9140625,5.0,3.200315590226351,4.635446371002679,0.0,0.0043935179138923,139.06640625,2.0,0.0050958006706489,46.0390625,2.0
2026-05-30T06:55:17Z,2.400320042672356,49.342105263157904,0.0,0.0167296669480042,61.90625,4.0,4.133195564740129,4.8151515151515145,0.0,0.009411811738266,181.5546875,0.0,0.0,24.25,0.0,0.0030192175448374,56.625,5.0,15.40053781363202,4.600810997740783,0.0,0.0091146501303137,93.84765625,5.0,0.0,4.8,0.0,0.0042256795207852,80.125,7.0,0.0,4.8,0.0,0.0029920715794705,70.98828125,5.0,24.533582255411837,3.721151958337809,0.0,0.013240964278191,53.1015625,4.0,3.466915588745166,6.363611292942511,0.0,0.0102333212077142,80.16015625,5.0,0.7333555570371358,4.022222222222221,0.0,0.0034275619115518,53.9140625,5.0,2.8667555614818765,4.64,0.0,0.0043935179138923,139.06640625,2.0,0.0050958006706489,46.0390625,2.0
2026-05-30T06:55:22Z,2.400320042672356,49.342105263157904,0.0,0.0142668666666698,61.90625,4.0,4.133195564740129,4.8151515151515145,0.0,0.009411811738266,89.94921875,0.0,0.0,24.25,0.0,0.0020963900096215,56.625,5.0,12.933706691557214,4.595934959349594,0.0,0.0107763525915584,89.546875,5.0,0.0,4.8,0.0,0.0049455046456553,80.12109375,7.0,0.0,4.8,0.0,0.0030825769868589,72.640625,5.0,24.533582255411837,3.721151958337809,0.0,0.0119141571107027,53.2734375,4.0,3.466915588745166,6.363611292942511,0.0,0.0101029645075057,80.16015625,5.0,0.7333555570371358,4.022222222222221,0.0,0.0034275619115518,53.9140625,5.0,2.8667555614818765,4.64,0.0,0.0042857111453051,139.12109375,2.0,0.0050899649569917,46.0390625,2.0
2026-05-30T06:55:27Z,2.3331777881474567,47.75,0.0,0.0222615208599466,62.33203125,4.0,4.133195564740129,4.8151515151515145,0.0,0.0078162090658589,89.94921875,0.0,0.0,24.25,0.0,0.0023318904965564,56.625,5.0,12.933706691557214,4.595934959349594,0.0,0.0107763525915584,89.546875,5.0,0.0666711114074271,4.8,0.0,0.0049455046456553,80.12109375,7.0,0.0666711114074271,4.8,0.0,0.0029214367016567,72.640625,5.0,24.868426901364625,3.726494692091788,0.0,0.0119141571107027,53.2734375,4.0,2.8,6.568181818181812,0.0,0.0101029645075057,80.16015625,5.0,1.1333822254816988,4.088888888888888,0.0,0.0032502176726665,53.3671875,5.0,2.8667555614818765,4.64,0.0,0.0042857111453051,139.12109375,2.0,0.004929680794539,46.1171875,2.0
2026-05-30T06:55:32Z,2.3331777881474567,47.75,0.0,0.0222615208599466,62.33203125,4.0,4.867306751418669,4.816410260150736,0.0,0.0094686725663716,90.828125,0.0,0.1333466681483259,24.25,0.0,0.002860080785268,56.82421875,5.0,13.334729049501195,4.540479579008807,0.0,0.0107763525915584,89.546875,5.0,0.1333422228148543,4.8,0.0,0.0049455046456553,80.12109375,7.0,0.1333422228148543,4.800000000000001,0.0,0.0028166951522679,72.69140625,5.0,26.00330266228088,3.5741507109996147,0.0,0.0068408081502064,53.2734375,4.0,3.0002400320042675,5.83334238741251,0.0,0.0064844500000049,80.16015625,5.0,1.4001289022237433,4.000016667524735,0.0,0.0032502176726665,53.3671875,5.0,3.133644478818924,4.631582444067095,0.0,0.0042857111453051,139.12109375,2.0,0.004929680794539,46.1171875,2.0
2026-05-30T06:55:37Z,2.3331777881474567,47.75,0.0,0.0237660829569122,62.2578125,4.0,4.867306751418669,4.816410260150736,0.0,0.0094686725663716,90.828125,0.0,0.1333466681483259,24.25,0.0,0.002860080785268,56.82421875,5.0,16.201586840020564,4.486168550510305,0.0,0.0108330497973272,89.51171875,5.0,0.1333422228148543,4.8,0.0,0.0049461603971496,79.93359375,7.0,0.1333422228148543,4.800000000000001,0.0,0.0028166951522679,72.69140625,5.0,26.00330266228088,3.5741507109996147,0.0,0.0076601156716396,53.2734375,4.0,3.0002400320042675,5.83334238741251,0.0,0.010274131530103,79.90625,5.0,1.4001289022237433,4.000016667524735,0.0,0.0032502176726665,53.3671875,5.0,3.133644478818924,4.631582444067095,0.0,0.0043626650870976,139.1171875,2.0,0.0048553642834856,46.1171875,2.0
2026-05-30T06:55:42Z,2.600173344889659,45.53571428571426,0.0,0.0237660829569122,62.2578125,4.0,4.867306751418669,4.816410260150736,0.0,0.0094686725663716,90.828125,0.0,0.1333466681483259,24.25,0.0,0.002860080785268,56.82421875,5.0,16.201586840020564,4.486168550510305,0.0,0.0108330497973272,89.51171875,5.0,0.1333422228148543,4.800000000000001,0.0,0.0049461603971496,79.93359375,7.0,0.1333377780740938,4.8,0.0,0.002818491388814,72.69140625,5.0,27.66852913692194,3.420719146380274,0.0,0.0073027337307904,53.2734375,4.0,4.200560074676623,5.187499999999987,0.0,0.010274131530103,79.90625,5.0,1.266786679408889,3.6857314297143615,0.0,0.0029891564441601,53.37109375,5.0,3.133644478818924,4.631582444067095,0.0,0.0043626650870976,139.1171875,2.0,0.0048031805712739,46.17578125,2.0
2026-05-30T06:55:47Z,2.600173344889659,45.53571428571426,0.0,0.0234923286515904,62.2578125,4.0,4.466537787554983,4.7950248778221525,0.0,0.0095705107613234,92.21484375,0.0,0.1333333339259259,47.5,0.0,0.0031385227811815,56.921875,5.0,16.200102294222678,4.483459464452796,0.0,0.0108330497973272,89.51171875,5.0,0.1333422228148543,4.8,0.0,0.0049461603971496,79.93359375,7.0,0.1333377780740938,4.8,0.0,0.0024036642603798,72.69140625,5.0,26.73298675674347,3.129040747055934,0.0,0.0108910249013424,53.59375,4.0,4.000213383116327,4.979728792862909,0.0,0.010274131530103,79.90625,5.0,1.2666800056296887,2.959951996878808,0.0,0.0036405523938808,53.37109375,5.0,2.6665777837033087,4.636107721905353,0.0,0.0043626650870976,139.1171875,2.0,0.0048031805712739,46.17578125,2.0
2026-05-30T06:55:52Z,2.600173344889659,45.53571428571426,0.0,0.0235429143821217,61.765625,4.0,4.466537787554983,4.7950248778221525,0.0,0.0095705107613234,92.21484375,0.0,0.1333333339259259,47.5,0.0,0.0031385227811815,56.921875,5.0,16.199537812146094,4.442619635572347,0.0,0.0110040891023985,89.51171875,5.0,0.1333422228148543,4.8,0.0,0.0052103887342947,80.0078125,7.0,0.1333377780740938,4.8,0.0,0.0029228771914767,72.59375,5.0,26.73298675674347,3.129040747055934,0.0,0.0108910249013424,53.59375,4.0,4.000213383116327,4.979728792862909,0.0,0.0100409900990151,79.90625,5.0,1.2666800056296887,2.959951996878808,0.0,0.003637977324087,53.38671875,5.0,2.6665777837033087,4.636107721905353,0.0,0.0043973700365108,139.1171875,2.0,0.0046679937231185,46.17578125,2.0
2026-05-30T06:55:57Z,3.000200013334222,44.06249999999996,0.0,0.0235429143821217,61.765625,4.0,4.466537787554983,4.7950248778221525,0.0,0.0110008279404558,93.39453125,0.0,0.1333333339259259,47.5,0.0,0.0031385227811815,56.921875,5.0,16.199537812146094,4.442619635572347,0.0,0.0106782305882327,89.81640625,5.0,0.2000044447407604,4.8,0.0,0.0052103887342947,80.0078125,7.0,0.2000222248892247,4.799999999999999,0.0,0.0029228771914767,72.59375,5.0,29.53492479292607,2.868416523252047,0.0,0.0115417914863709,53.71875,4.0,3.533226673777304,4.984721957509997,0.0,0.0077349093729413,79.90625,5.0,1.733377785481679,2.679939551604676,0.0,0.003637977324087,53.38671875,5.0,2.6665777837033087,4.636107721905353,0.0,0.0042254309071217,139.1953125,2.0,0.0046660066653601,46.25,2.0
2026-05-30T06:56:02Z,3.000200013334222,44.06250000000003,0.0,0.0235429143821217,61.765625,4.0,6.134533569824602,4.791928156197086,0.0,0.0116134925104178,93.39453125,0.0,0.4000666782242967,44.375,0.0,0.0033623619631909,56.921875,5.0,15.734738052202164,4.463327020392697,0.0,0.0094008055072916,89.81640625,5.0,0.3333600035560297,4.8,0.0,0.0052103887342947,80.0078125,7.0,0.3333777837044939,4.799999999999999,0.0,0.0029228771914767,72.59375,5.0,34.47200980223604,2.728557470913136,0.0,0.0124061969321571,53.71875,4.0,4.267133426685337,4.947096500016919,0.0,0.0101111878969008,79.90625,5.0,2.1335911496362283,1.600035557926084,0.0,0.0035626770748718,53.38671875,5.0,3.0671778663862748,4.634670047046184,0.0,0.0042254309071217,139.1953125,2.0,0.0046660066653601,46.25,2.0
2026-05-30T06:56:07Z,3.000200013334222,44.06250000000003,0.0,0.0211841769413141,61.765625,4.0,6.134533569824602,4.791928156197086,0.0,0.0116134925104178,93.39453125,0.0,0.4000666782242967,44.375,0.0,0.0036918683600933,56.96484375,5.0,13.335951628250706,4.475,0.0,0.0113925567016425,89.81640625,5.0,0.3333600035560297,4.8,0.0,0.0053918173492636,80.015625,7.0,0.3333777837044939,4.799999999999999,0.0,0.002722191513574,72.59375,5.0,34.47200980223604,2.728557470913136,0.0,0.0120409961140153,54.01171875,4.0,4.267133426685337,4.947096500016919,0.0,0.0102414973855892,79.90625,5.0,2.1335911496362283,1.600035557926084,0.0,0.0035626770748718,53.38671875,5.0,3.0671778663862748,4.634670047046184,0.0,0.0043763851409557,139.1953125,2.0,0.0046781210781096,46.25,2.0
2026-05-30T06:56:12Z,2.000266702226964,44.16666666666666,0.0,0.0245439473742628,61.95703125,4.0,6.134533569824602,4.791928156197086,0.0,0.0116134925104178,93.39453125,0.0,0.4000666782242967,44.375,0.0,0.0036918683600933,56.96484375,5.0,13.335951628250706,4.475,0.0,0.0102707763943726,90.09375,5.0,0.2667022269635951,4.8,0.0,0.0053918173492636,80.015625,7.0,0.3333600035560297,4.8,0.0,0.0027174708274577,72.8359375,5.0,29.603458464729357,2.6643965368682085,0.0,0.0120409961140153,54.01171875,4.0,4.200840168033606,4.910464842229741,0.0,0.0108325840447063,83.90234375,5.0,1.600222258376811,1.3500411138520307,0.0,0.0037385029043971,53.38671875,5.0,3.0671778663862748,4.634670047046184,0.0,0.004432815266576,139.2265625,2.0,0.0046781210781096,46.25,2.0
2026-05-30T06:56:17Z,2.000266702226964,44.16666666666666,0.0,0.0245439473742628,61.95703125,4.0,3.999866675554963,4.790196089111726,0.0,0.0119692385274836,92.18359375,0.0,0.1333333333333333,44.37499305516972,0.0,0.0041143447297845,56.96484375,5.0,11.66788024271521,4.459657271581525,0.0,0.0102707763943726,90.09375,5.0,0.1333422234075654,4.8,0.0,0.0053918173492636,80.015625,7.0,0.2,4.799999999999999,0.0,0.0027174708274577,72.8359375,5.0,24.73370674134827,2.4218126199470547,0.0,0.0120409961140153,54.01171875,4.0,3.533706741348269,4.84523953147753,0.0,0.0111446551674872,83.90234375,5.0,1.000035557926084,0.4959555604650303,0.0,0.0035158403338281,53.39453125,5.0,2.9333333333333336,4.618181818181818,0.0,0.004432815266576,139.2265625,2.0,0.0047010734302266,46.5078125,2.0
2026-05-30T06:56:22Z,2.000266702226964,44.16666666666666,0.0,0.0245439473742628,61.95703125,4.0,3.999866675554963,4.790196089111726,0.0,0.0119692385274836,92.18359375,0.0,0.1333333333333333,44.37499305516972,0.0,0.0039075642111207,57.02734375,5.0,11.533333333333331,4.454863664733116,0.0,0.0090399020880018,90.09375,5.0,0.1333422234075654,4.8,0.0,0.0045573990989172,80.015625,7.0,0.2,4.799999999999999,0.0,0.0027973769605196,72.8359375,5.0,24.73370674134827,2.4218126199470547,0.0,0.0074605499999961,54.01171875,4.0,3.533706741348269,4.84523953147753,0.0,0.0111446551674872,83.90234375,5.0,1.000035557926084,0.4959555604650303,0.0,0.0035158403338281,53.39453125,5.0,2.9333333333333336,4.618181818181818,0.0,0.0041898655905226,139.2265625,2.0,0.0047010734302266,46.5078125,2.0
2026-05-30T06:56:27Z,2.1333333333333333,43.47222222222226,0.0,0.0223740718005626,62.4296875,4.0,3.999866675554963,4.790196089111726,0.0,0.0109205078386707,90.9140625,0.0,0.1333333333333333,44.37499305516972,0.0,0.0039075642111207,57.02734375,5.0,11.533333333333331,4.454863664733116,0.0,0.0092915058733734,90.39453125,5.0,0.1333377780740938,4.8,0.0,0.0055198005462226,80.25,7.0,0.0666666666666666,4.8,0.0,0.0029242092817028,71.7109375,5.0,25.534960240030465,2.3808009619784976,0.0,0.0101354824623004,53.89453125,4.0,3.399884452147635,4.8,0.0,0.0109587590867204,83.89453125,5.0,0.9333333333333332,0.4976189678290092,0.0,0.0033455066146278,53.39453125,5.0,2.9333333333333336,4.618181818181818,0.0,0.0041381955830853,139.48046875,2.0,0.0047043643582081,46.5078125,2.0
2026-05-30T06:56:32Z,2.1333333333333333,43.47222222222226,0.0,0.0223740718005626,62.4296875,4.0,3.733706708153127,4.791346340623231,0.0,0.0112093992089311,90.9140625,0.0,0.0,24.25,0.0,0.0039152160734389,57.02734375,5.0,11.53408009956883,4.4584142802805165,0.0,0.0092915058733734,90.39453125,5.0,0.0666711114074271,4.800000000000001,0.0,0.0055198005462226,80.25,7.0,0.0,4.8,0.0,0.002448414864629,71.7109375,5.0,24.73628486109105,2.495045041253127,0.0,0.0118990545597767,53.89453125,4.0,3.333431147262539,4.8,0.0,0.0109587590867204,83.89453125,5.0,0.8000444503711606,1.8501244503706564,0.0,0.002869348092627,53.39453125,5.0,2.800373383117749,4.635619791384423,0.0,0.0041381955830853,139.48046875,2.0,0.0047043643582081,46.5078125,2.0
2026-05-30T06:56:37Z,2.1333333333333333,43.47222222222226,0.0,0.0217562076083716,62.4296875,4.0,3.733706708153127,4.791346340623231,0.0,0.0112093992089311,90.9140625,0.0,0.0,24.25,0.0,0.0035384780232722,57.00390625,5.0,12.13451568416336,4.494326185860961,0.0,0.0073491894388085,90.59765625,5.0,0.0666711114074271,4.800000000000001,0.0,0.0055436339493684,79.91015625,7.0,0.0,4.8,0.0,0.0029488463826194,71.7109375,5.0,24.73628486109105,2.495045041253127,0.0,0.0118990545597767,53.89453125,4.0,3.333431147262539,4.8,0.0,0.0086395574168154,83.89453125,5.0,0.8000444503711606,1.8501244503706564,0.0,0.0032897402256617,53.390625,5.0,2.800373383117749,4.635619791384423,0.0,0.0033824212280735,139.48046875,2.0,0.0047797646034707,46.52734375,2.0
2026-05-30T06:56:42Z,2.400320042672356,40.78124999999996,0.0,0.0221677297565775,62.375,4.0,3.733706708153127,4.791346340623231,0.0,0.0112093992089311,90.9140625,0.0,0.0,24.25,0.0,0.0035384780232722,57.00390625,5.0,12.13451568416336,4.494326185860961,0.0,0.0089696577795481,90.59765625,5.0,0.0666711114074271,4.8,0.0,0.0055436339493684,79.91015625,7.0,0.0666666666666666,4.8,0.0,0.0028891319317861,71.50390625,5.0,26.53378247261225,2.6936340296517294,0.0,0.0119235744432056,54.0546875,4.0,3.333662258374677,4.8,0.0,0.0074515000000019,83.89453125,5.0,0.8667822376316843,2.72004018081366,0.0,0.0031846766442398,53.390625,5.0,2.800373383117749,4.635619791384423,0.0,0.0042056844739251,139.7265625,2.0,0.0048305269439305,46.52734375,2.0
2026-05-30T06:56:47Z,2.400320042672356,40.78124999999996,0.0,0.0221677297565775,62.375,4.0,5.466857790519368,4.7926702397927095,0.0,0.0087388796539224,91.5078125,0.0,0.1333377780740938,24.25,0.0,0.0026478183202297,57.04296875,5.0,15.533782252150145,4.490491825303176,0.0,0.0089696577795481,90.59765625,5.0,0.1333422228148543,4.8,0.0,0.0055436339493684,79.91015625,7.0,0.1333377780740938,4.8,0.0,0.0028891319317861,71.50390625,5.0,29.732466741033186,2.7415354152140576,0.0,0.011375778656847,54.0546875,4.0,3.733448896593106,4.8,0.0,0.0108383397537229,83.89453125,5.0,1.1334133434087112,2.6999838879042617,0.0,0.003231493894041,53.140625,5.0,3.8666666666666663,4.616216216216216,0.0,0.0042056844739251,139.7265625,2.0,0.005055748341923,46.421875,2.0
2026-05-30T06:56:52Z,2.400320042672356,40.78124999999996,0.0,0.0219063014199566,62.375,4.0,5.466857790519368,4.7926702397927095,0.0,0.0087388796539224,91.5078125,0.0,0.1333377780740938,24.25,0.0,0.0031084672650104,57.04296875,5.0,17.46668000088895,4.443724780970813,0.0,0.007392542784743,90.59765625,5.0,0.1333422228148543,4.8,0.0,0.0056711940590197,79.91015625,7.0,0.1333377780740938,4.8,0.0,0.0024291256854979,71.390625,5.0,29.732466741033186,2.7415354152140576,0.0,0.0114304665127031,53.9296875,4.0,3.733448896593106,4.8,0.0,0.0108383397537229,83.89453125,5.0,1.1334133434087112,2.6999838879042617,0.0,0.0031496565934057,53.140625,5.0,3.8666666666666663,4.616216216216216,0.0,0.0042056844739251,139.7265625,2.0,0.005055748341923,46.421875,2.0
2026-05-30T06:56:57Z,2.7331511232584496,44.99999999999999,0.0,0.0223384422219373,62.34375,4.0,5.466857790519368,4.7926702397927095,0.0,0.0064021471984656,91.5078125,0.0,0.1333377780740938,24.25,0.0,0.0031084672650104,57.04296875,5.0,17.46668000088895,4.443724780970813,0.0,0.0101334939433508,87.10546875,5.0,0.0666711114074271,4.8,0.0,0.0054822500050171,79.91015625,7.0,0.0666711114074271,4.8,0.0,0.0028627626593181,71.390625,5.0,26.335769360685926,2.7164597378618085,0.0,0.0115537351754519,53.9296875,4.0,3.600106673778252,4.800000000000001,0.0,0.0104650836985465,83.98046875,5.0,1.2666755561481875,2.899999999999999,0.0,0.0031496565934057,53.140625,5.0,3.8666666666666663,4.616216216216216,0.0,0.0040583617441227,139.8984375,2.0,0.0042560928331987,46.421875,2.0
2026-05-30T06:57:02Z,2.7331511232584496,45.0,0.0,0.0223384422219373,62.34375,4.0,4.333760046820386,4.792964743981692,0.0,0.0076695384228399,91.5078125,0.0,0.0666711114074271,24.25,0.0,0.0032083547162061,55.34375,5.0,16.60054225837278,4.409917050429222,0.0,0.0101334939433508,87.10546875,5.0,0.0666711114074271,4.8,0.0,0.0054822500050171,79.91015625,7.0,0.0666711114074271,4.800000000000001,0.0,0.0028627626593181,71.390625,5.0,23.73646274024456,2.661351205997112,0.0,0.0115537351754519,53.9296875,4.0,3.133542236149077,4.824837149648603,0.0,0.0097859044065792,83.98046875,5.0,1.7334044491855012,3.1600113783340507,0.0,0.0027438086190737,53.140625,5.0,1.8001777973356643,4.630982318006685,0.0,0.0040583617441227,139.8984375,2.0,0.0044489578609652,46.421875,2.0
2026-05-30T06:57:07Z,2.7331511232584496,45.0,0.0,0.0223796987402539,62.56640625,4.0,4.333760046820386,4.792964743981692,0.0,0.0060871848205676,91.5078125,0.0,0.0666711114074271,24.25,0.0,0.0030801346475186,55.34375,5.0,16.06826684387307,4.3875,0.0,0.0099505923143576,87.16796875,5.0,0.0666711114074271,4.8,0.0,0.0046667601679539,79.9140625,7.0,0.0666711114074271,4.800000000000001,0.0,0.0028627626593181,71.390625,5.0,23.73646274024456,2.661351205997112,0.0,0.0098648376705571,54.12890625,4.0,3.133542236149077,4.824837149648603,0.0,0.0097859044065792,83.98046875,5.0,1.7334044491855012,3.1600113783340507,0.0,0.0035098763831251,53.140625,5.0,1.8001777973356643,4.630982318006685,0.0,0.0040583617441227,139.8984375,2.0,0.0050868078845445,46.421875,2.0
2026-05-30T06:57:12Z,2.133617815708761,46.590909090909065,0.0,0.0229872241037044,62.56640625,4.0,4.333760046820386,4.79296474398169,0.0,0.0054480566186643,91.5078125,0.0,0.0666711114074271,24.25,0.0,0.0030801346475186,55.34375,5.0,16.06826684387307,4.3875,0.0,0.0099554389630074,87.16796875,5.0,0.2000222248892247,4.800000000000001,0.0,0.0057001691710607,79.9140625,7.0,0.2000044447407604,4.733333827189759,0.0,0.0028602387144099,71.26953125,5.0,26.00082672178145,2.672568223813625,0.0,0.0117563338113558,54.12890625,4.0,3.4002266817787854,4.8472049689441,0.0,0.009780398427605,84.40625,5.0,2.000195576891417,2.7599815095496947,0.0,0.0035098763831251,53.140625,5.0,1.8001777973356643,4.630982318006685,0.0,0.0040278165119953,139.9921875,2.0,0.0050868078845445,46.421875,2.0
2026-05-30T06:57:17Z,2.133617815708761,46.590909090909065,0.0,0.0229872241037044,62.56640625,4.0,4.733342222814854,4.793103300297407,0.0,0.008325449262886,92.55859375,0.0,0.2000044447407604,24.25,0.0,0.0026395812776981,55.34375,5.0,15.001071253055905,4.396498978448182,0.0,0.0099554389630074,87.16796875,5.0,0.2000222248892247,4.8,0.0,0.0057001691710607,79.9140625,7.0,0.2000044447407604,4.760000533361779,0.0,0.0028602387144099,71.26953125,5.0,27.133466675556143,2.7716950071728084,0.0,0.0117563338113558,54.12890625,4.0,3.6667911194079608,4.896814060107603,0.0,0.009780398427605,84.40625,5.0,1.4001333505207707,3.424953121371823,0.0,0.0030748967206371,53.140625,5.0,3.2,4.612117289903403,0.0,0.0040278165119953,139.9921875,2.0,0.0034949250000011,46.421875,2.0
2026-05-30T06:57:22Z,2.133617815708761,46.590909090909065,0.0,0.0230457803307657,62.6875,4.0,4.733342222814854,4.793103300297407,0.0,0.008325449262886,92.55859375,0.0,0.2000044447407604,24.25,0.0,0.0026064275911605,55.34375,5.0,14.133346667555614,4.430431668860408,0.0,0.0105634444624518,83.44921875,5.0,0.2000222248892247,4.8,0.0,0.004700011154785,79.9140625,7.0,0.2000044447407604,4.760000533361779,0.0,0.0028602387144099,71.26953125,5.0,27.133466675556143,2.7716950071728084,0.0,0.0093363904657367,54.12890625,4.0,3.6667911194079608,4.896814060107603,0.0,0.009780398427605,84.40625,5.0,1.4001333505207707,3.424953121371823,0.0,0.0036016861510796,53.140625,5.0,3.2,4.612117289903403,0.0,0.0040278165119953,139.9921875,2.0,0.0053408766564728,46.44140625,2.0
2026-05-30T06:57:27Z,2.6,49.0625,0.0,0.0230569064259326,62.6875,4.0,4.733342222814854,4.793103300297407,0.0,0.0083382023340288,92.1875,0.0,0.2000044447407604,24.25,0.0,0.0023282825556873,55.34375,5.0,14.133346667555614,4.430431668860408,0.0,0.0108659551905387,83.44921875,5.0,0.1333377780740938,4.8,0.0,0.0042469300184439,79.9140625,7.0,0.1333422228148543,4.76,0.0,0.0029245131913143,71.2890625,5.0,25.53426672889304,2.854677775331173,0.0,0.011342887286793,54.06640625,4.0,3.400106673778252,4.955102017368267,0.0,0.0082521630569559,85.0390625,5.0,1.000044447407605,3.3142425368040387,0.0,0.0036016861510796,53.140625,5.0,3.2,4.612117289903403,0.0,0.0041423051749254,140.01953125,2.0,0.0053408766564728,46.44140625,2.0
2026-05-30T06:57:32Z,2.6,49.0625,0.0,0.0230569064259326,62.6875,4.0,5.667044469631309,4.796190435875836,0.0,0.0083382023340288,92.1875,0.0,0.2666844456297086,24.25,0.0,0.0033149035050381,55.32421875,5.0,17.400688934817875,4.505042116225603,0.0,0.0108659551905387,83.44921875,5.0,0.2000088894815209,4.799999999999999,0.0,0.0055992499580207,80.34375,7.0,0.2000133342222814,4.766666666666666,0.0,0.0029245131913143,71.2890625,5.0,26.401760117341155,2.915568343281948,0.0,0.011342887286793,54.06640625,4.0,3.466897793186212,4.983447942483868,0.0,0.0098688442211109,85.0390625,5.0,1.4667644509633977,3.3999888882098337,0.0,0.0036016861510796,53.140625,5.0,3.133644478818924,4.644111431617437,0.0,0.0041423051749254,140.01953125,2.0,0.0053408766564728,46.44140625,2.0
2026-05-30T06:57:37Z,2.6,49.0625,0.0,0.0195595580028924,62.6875,4.0,5.667044469631309,4.796190435875836,0.0,0.0083382023340288,92.1875,0.0,0.2666844456297086,24.25,0.0,0.0033621242107243,55.32421875,5.0,20.001333422228143,4.569289154875566,0.0,0.0067026249999969,83.44921875,5.0,0.2000088894815209,4.799999999999999,0.0,0.0058324823024268,80.34375,7.0,0.2000133342222814,4.766666666666666,0.0,0.0029245131913143,71.2890625,5.0,26.401760117341155,2.915568343281948,0.0,0.0119157409348139,54.078125,4.0,3.466897793186212,4.983447942483868,0.0,0.0098688442211109,85.0390625,5.0,1.4667644509633977,3.3999888882098337,0.0,0.0036591050618276,53.140625,5.0,3.133644478818924,4.644111431617437,0.0,0.0041423051749254,140.01953125,2.0,0.0051706829081682,46.44140625,2.0
2026-05-30T06:57:42Z,3.000400053340446,49.312500000000014,0.0,0.0175468282145196,62.6875,4.0,5.667044469631309,4.796190435875836,0.0,0.0083382023340288,92.1875,0.0,0.2666844456297086,24.25,0.0,0.0036001952736543,55.34765625,5.0,20.001333422228143,4.569289154875566,0.0,0.0079166692844058,83.44921875,5.0,0.2666844456297086,4.800000000000001,0.0,0.0058324823024268,80.34375,7.0,0.2666755561481876,4.775000555580247,0.0,0.0025189851326781,71.2890625,5.0,29.53530235349023,3.0600107895302657,0.0,0.0119691168042788,54.078125,4.0,3.866924461630776,5.1874986110339485,0.0,0.0122719510871525,93.1328125,5.0,1.93339555970398,3.174985137980652,0.0,0.0036733238231096,53.125,5.0,3.133644478818924,4.644111431617437,0.0,0.0041800333070373,140.01953125,2.0,0.00487848167344,46.6875,2.0
2026-05-30T06:57:47Z,3.000400053340446,49.312500000000014,0.0,0.0251307813441703,62.31640625,4.0,4.600142231704336,4.829596455009772,0.0,0.0059863010696435,94.8984375,0.0,0.1333377780740938,37.5,0.0,0.0036428142514014,55.34765625,5.0,17.267804520301354,4.628870930559577,0.0,0.0124446670714418,84.42578125,5.0,0.2000088894815209,4.800000000000001,0.0,0.005782174302187,80.1328125,7.0,0.2,4.777778052135007,0.0,0.0030043356892555,71.0390625,5.0,27.801844567415603,3.3716278071731423,0.0,0.0119691168042788,54.078125,4.0,3.666911127408494,7.449978776551534,0.0,0.0130855441985765,93.1328125,5.0,1.7333733360001775,3.519983554459184,0.0,0.0035566989962782,53.125,5.0,2.7333289010370176,4.644739883886003,0.0,0.0042920814310301,139.9921875,2.0,0.004922793819176,46.6875,2.0
2026-05-30T06:57:52Z,3.000400053340446,49.312500000000014,0.0,0.0251307813441703,62.31640625,4.0,4.600142231704336,4.829596455009772,0.0,0.0067137959891799,94.8984375,0.0,0.1333377780740938,37.5,0.0,0.0036428142514014,55.34765625,5.0,16.800493366224416,4.640926063755975,0.0,0.0124446670714418,84.42578125,5.0,0.2000088894815209,4.800000000000001,0.0,0.005782174302187,80.1328125,7.0,0.2,4.777778052135007,0.0,0.0029117280453253,71.0390625,5.0,27.801844567415603,3.3716278071731423,0.0,0.0121510973372995,54.078125,4.0,3.666911127408494,7.449978776551534,0.0,0.0520952883514593,91.55859375,5.0,1.7333733360001775,3.519983554459184,0.0,0.0036465041882398,53.14453125,5.0,2.7333289010370176,4.644739883886003,0.0,0.0042920814310301,139.9921875,2.0,0.004922793819176,46.6875,2.0
2026-05-30T06:57:57Z,2.6,91.04166666666664,0.0,0.0264858631843705,62.390625,4.0,4.600142231704336,4.829596455009772,0.0,0.0087299390344373,94.8984375,0.0,0.1333377780740938,37.5,0.0,0.0034421442794891,55.3671875,5.0,16.800493366224416,4.640926063755975,0.0,0.0133670411985033,84.42578125,5.0,0.0666666666666666,4.8,0.0,0.0053996142199371,80.52734375,7.0,0.0666666666666666,4.8,0.0,0.0029117280453253,71.0390625,5.0,26.334964553192435,3.475763272006176,0.0,0.0124911937377711,54.1015625,4.0,3.4001111185190123,20.0,0.0,0.0673017969627523,91.55859375,5.0,1.4667066693335111,3.745464940564214,0.0,0.0036465041882398,53.14453125,5.0,2.7333289010370176,4.644739883886003,0.0,0.0044253707627118,139.9921875,2.0,0.004922793819176,46.6875,2.0
2026-05-30T06:58:02Z,2.6,91.04166666666664,0.0,0.0264858631843705,62.390625,4.0,4.667297863715518,4.828837268245648,0.0,0.0083273448485738,93.74609375,0.0,0.0,42.5,0.0,0.0023665700097384,55.3671875,5.0,17.534462376317553,4.647102667599084,0.0,0.0133670411985033,84.42578125,5.0,0.0666800026672001,4.8,0.0,0.0053996142199371,80.52734375,7.0,0.0666800026672001,4.8,0.0,0.0023889272747872,71.0390625,5.0,27.335840275588744,3.719578807615448,0.0,0.0124911937377711,54.1015625,4.0,3.466897808596702,50.00079170625196,0.0,0.0673017969627523,91.55859375,5.0,1.4667733493358226,3.9692583045006335,0.0,0.0036210430072282,53.125,5.0,2.867142304310976,4.678048780487805,0.0,0.0044253707627118,139.9921875,2.0,0.0047942149341959,46.46484375,2.0
2026-05-30T06:58:07Z,2.6,91.04166666666664,0.0,0.0278589329251015,62.390625,4.0,4.667297863715518,4.828837268245648,0.0,0.0083273448485738,93.74609375,0.0,0.0,42.5,0.0,0.0028881250566704,55.3984375,5.0,16.802822715051967,4.618691588785046,0.0,0.0138443051618853,84.42578125,5.0,0.0666800026672001,4.8,0.0,0.0037568154793678,80.30859375,7.0,0.0666800026672001,4.8,0.0,0.00214628327101,71.0390625,5.0,27.335840275588744,3.71957880761545,0.0,0.0135030133665549,54.1015625,4.0,3.466897808596702,50.00079170625196,0.0,0.1053645866440694,92.06640625,5.0,1.4667733493358226,3.9692583045006335,0.0,0.0037110244459235,53.125,5.0,2.867142304310976,4.678048780487805,0.0,0.0042662747347289,140.0234375,2.0,0.0044647139171349,46.46484375,2.0
2026-05-30T06:58:12Z,2.400480096019204,169.5454545454544,0.0,0.0280815924916762,62.203125,4.0,4.667297863715518,4.828837268245648,0.0,0.0083273448485738,93.74609375,0.0,0.0,42.5,0.0,0.0032127356146741,55.3984375,5.0,16.802822715051967,4.618691588785046,0.0,0.0103009706249104,84.42578125,5.0,0.2000311161489976,4.8,0.0,0.0041842865755053,80.30859375,7.0,0.2000133360005334,4.8,0.0,0.0019202410633188,71.0390625,5.0,27.80276919737077,3.7376299437141576,0.0,0.0137359797260393,54.09765625,4.0,3.467128950526737,78.28940873590966,0.0,0.1431689227506943,92.06640625,5.0,1.4002400426744903,3.84616554978118,0.0,0.0037110244459235,53.125,5.0,2.867142304310976,4.678048780487805,0.0,0.0042212676850387,140.0234375,2.0,0.0044647139171349,46.46484375,2.0
2026-05-30T06:58:17Z,2.400480096019204,169.5454545454544,0.0,0.0280815924916762,62.203125,4.0,4.933493345185896,4.82775121387716,0.0,0.0083809510434513,93.74609375,0.0,0.2666577783703309,41.2500833370372,0.0,0.0038953266960442,55.3984375,5.0,15.668338117993573,4.57316864035559,0.0,0.012522317171901,85.359375,5.0,0.2000133360002963,4.8,0.0,0.0051296531536499,80.30859375,7.0,0.1999955558518321,4.8,0.0,0.0028328537543263,71.09765625,5.0,28.60116453986011,3.893965583716131,0.0,0.0137359797260393,54.09765625,4.0,3.6002311419300352,86.69354838709677,0.0,0.1431689227506943,92.06640625,5.0,1.333457805042332,4.188886364758753,0.0,0.0036281147483772,53.125,5.0,2.8666666666666663,4.679014448442201,0.0,0.0042212676850387,140.0234375,2.0,0.0044998790360102,46.44140625,2.0
2026-05-30T06:58:22Z,2.400480096019204,169.5454545454544,0.0,0.0186682082749421,62.453125,4.0,4.933493345185896,4.82775121387716,0.0,0.0079468209645537,93.7265625,0.0,0.2666577783703309,41.2500833370372,0.0,0.0032155921875845,55.3984375,5.0,13.066253360887051,4.543324983050174,0.0,0.0114378766046651,85.359375,5.0,0.2000133360002963,4.8,0.0,0.0042183132747578,80.30859375,7.0,0.1999955558518321,4.8,0.0,0.0028328537543263,71.09765625,5.0,28.60116453986011,3.893965583716131,0.0,0.0137359797260393,54.09765625,4.0,3.6002311419300352,86.69354838709677,0.0,0.1604659804791472,92.63671875,5.0,1.333457805042332,4.188886364758753,0.0,0.0029734884103656,53.125,5.0,2.8666666666666663,4.679014448442201,0.0,0.004163275239147,140.04296875,2.0,0.0045729667879341,46.44140625,2.0
2026-05-30T06:58:27Z,1.8665422305179653,182.49999999999997,0.0,0.0208352763897418,62.453125,4.0,4.933493345185896,4.82775121387716,0.0,0.0073229900017748,93.7265625,0.0,0.2666577783703309,41.2500833370372,0.0,0.003458210405123,55.5625,5.0,13.066253360887051,4.543324983050174,0.0,0.0106469086714267,84.55078125,5.0,0.0666622225184987,4.800000000000001,0.0,0.0049521619475068,80.32421875,7.0,0.1333333339259259,4.8,0.0,0.0028196776814739,71.14453125,5.0,23.933973378373214,3.96609795985168,0.0,0.0124739081392342,54.29296875,4.0,3.333333333333333,89.99999027723223,0.0,0.2047752811610483,92.63671875,5.0,1.1332933359998223,4.2888936353568505,0.0,0.003592001059463,53.125,5.0,2.8666666666666663,4.679014448442201,0.0,0.0039787731711592,140.04296875,2.0,0.0045729667879341,46.44140625,2.0
2026-05-30T06:58:32Z,1.8665422305179653,182.49999999999997,0.0,0.0197931333333346,62.453125,4.0,5.067173389636386,4.789,0.0,0.0073229900017748,93.7265625,0.0,0.1333511134817975,24.25,0.0,0.0031789584552361,55.5625,5.0,13.867342390535748,4.508075431915087,0.0,0.0106469086714267,84.55078125,5.0,0.0666755567408987,4.800000000000001,0.0,0.0047171522950264,80.32421875,7.0,0.1333466681483259,4.8,0.0,0.0028196776814739,71.14453125,5.0,23.20224025484587,3.913637272994254,0.0,0.0124739081392342,54.29296875,4.0,3.266906698670934,92.04083932766706,0.0,0.2047752811610483,92.63671875,5.0,1.200066681779378,4.2588378015174575,0.0,0.003033534694743,53.125,5.0,2.9336266992631708,4.68,0.0,0.0039787731711592,140.04296875,2.0,0.004447909687113,46.46875,2.0
2026-05-30T06:58:37Z,1.8665422305179653,182.49999999999997,0.0,0.0206285380915899,62.453125,4.0,5.067173389636386,4.789,0.0,0.0071834803009465,93.8828125,0.0,0.1333511134817975,24.25,0.0,0.0031789584552361,55.5625,5.0,17.136227174314268,4.490033825647428,0.0,0.0106469086714267,84.55078125,5.0,0.0666755567408987,4.800000000000001,0.0,0.0047171522950264,80.32421875,7.0,0.1333466681483259,4.8,0.0,0.0028196776814739,71.14453125,5.0,23.20224025484587,3.913637272994254,0.0,0.0132595338983025,54.3515625,4.0,3.266906698670934,92.04083932766706,0.0,0.2047752811610483,92.63671875,5.0,1.200066681779378,4.2588378015174575,0.0,0.0035188648938077,53.125,5.0,2.9336266992631708,4.68,0.0,0.0039172897196263,140.0859375,2.0,0.004447909687113,46.46875,2.0
2026-05-30T06:58:42Z,3.1337511668222437,174.31818181818178,0.0,0.0258737371065822,62.2265625,4.0,5.067173389636386,4.789,0.0,0.0071834803009465,93.8828125,0.0,0.1333511134817975,24.25,0.0,0.0033909465909338,55.609375,5.0,17.136227174314268,4.490033825647428,0.0,0.0108725222018221,84.140625,5.0,0.2000177795557531,4.8,0.0,0.0047708329533658,80.61328125,7.0,0.1333422234075654,4.8,0.0,0.0026827377054828,71.19921875,5.0,30.003075923012904,3.9126270077631577,0.0,0.0132595338983025,54.3515625,4.0,3.934000117354671,93.035715277877,0.0,0.2000137391197982,88.5078125,5.0,1.7336311641578883,4.162490276697409,0.0,0.0034114905420157,53.125,5.0,2.9336266992631708,4.68,0.0,0.0039172897196263,140.0859375,2.0,0.0036792108530841,46.46875,2.0
2026-05-30T06:58:47Z,3.1337511668222437,174.31818181818178,0.0,0.0253127247702364,62.2265625,4.0,4.533333333333334,4.789423067882764,0.0,0.0069478252753406,93.8828125,0.0,0.2,24.25,0.0,0.0033909465909338,55.609375,5.0,16.601827032073082,4.467160517328361,0.0,0.0064163717222027,84.140625,5.0,0.2666755561481876,4.8,0.0,0.004777825207819,80.61328125,7.0,0.2,4.8,0.0,0.0016350373734964,71.19921875,5.0,29.33482682313292,3.7970511192434073,0.0,0.0132595338983025,54.3515625,4.0,3.80042675201707,92.6886946137212,0.0,0.2000137391197982,88.5078125,5.0,1.8002000400080016,4.119967344511594,0.0,0.0034114905420157,53.125,5.0,2.6666666666666665,4.659742833221401,0.0,0.0039081377452871,140.0859375,2.0,0.004744354892428,46.51171875,2.0
2026-05-30T06:58:52Z,3.1337511668222437,174.31818181818178,0.0,0.0253127247702364,62.2265625,4.0,4.533333333333334,4.789423067882764,0.0,0.007127236749718,92.2265625,0.0,0.2,24.25,0.0,0.0033909465909338,55.609375,5.0,13.933333333333334,4.4815382577204765,0.0,0.0057760749999999,84.140625,5.0,0.2666755561481876,4.8,0.0,0.004777825207819,80.61328125,7.0,0.2,4.8,0.0,0.00184595414693,71.19921875,5.0,29.33482682313292,3.797051119243408,0.0,0.0113265885122388,54.3515625,4.0,3.80042675201707,92.6886946137212,0.0,0.1977592942092843,88.5078125,5.0,1.8002000400080016,4.119967344511594,0.0,0.0035751886182372,53.1328125,5.0,2.6666666666666665,4.659742833221401,0.0,0.0039081377452871,140.0859375,2.0,0.004744354892428,46.51171875,2.0
2026-05-30T06:58:57Z,2.6666666666666665,95.625,0.0,0.0241910910264689,62.2265625,4.0,4.533333333333334,4.789423067882764,0.0,0.007127236749718,92.2265625,0.0,0.2,24.25,0.0,0.0031030398409676,55.62109375,5.0,13.933333333333334,4.4815382577204765,0.0,0.0084441288710727,84.03125,5.0,0.2000044447407604,4.8,0.0,0.0049995550187531,80.80078125,7.0,0.2000088900742321,4.766665678961132,0.0,0.0016297749999992,71.19921875,5.0,29.067591190522627,3.772989011842389,0.0,0.0129273792156553,54.359375,4.0,3.66653334222163,91.11111111111111,0.0,0.1977592942092843,88.5078125,5.0,1.5333333333333332,4.1866654221890345,0.0,0.0035751886182372,53.1328125,5.0,2.6666666666666665,4.659742833221401,0.0,0.0042667633911066,140.12109375,2.0,0.004744354892428,46.51171875,2.0
2026-05-30T06:59:02Z,2.6666666666666665,95.625,0.0,0.0244844459627894,62.25,4.0,4.400444494228228,4.790430628114974,0.0,0.0071905230365633,92.2265625,0.0,0.0666711114074271,24.25,0.0,0.0031030398409676,55.62109375,5.0,12.400395581927684,4.496751123387599,0.0,0.010332685455135,84.03125,5.0,0.0666711114074271,4.8,0.0,0.0049995550187531,80.80078125,7.0,0.0666755567408987,4.760000533373633,0.0,0.0027090742647891,71.29296875,5.0,29.73504902104466,3.631277142143951,0.0,0.0129273792156553,54.359375,4.0,3.866657794962924,87.49996969521465,0.0,0.1318454854039368,88.3671875,5.0,1.2000311131853234,3.7600106670222257,0.0,0.0036612385173766,53.1328125,5.0,3.000302256004069,4.653333333333332,0.0,0.0042667633911066,140.12109375,2.0,0.0047216664926382,46.5078125,2.0
2026-05-30T06:59:07Z,2.6666666666666665,95.625,0.0,0.0244844459627894,62.25,4.0,4.400444494228228,4.790430628114974,0.0,0.0070834924245501,91.90625,0.0,0.0666711114074271,24.25,0.0,0.0026156399558502,55.61328125,5.0,12.267484498966596,4.523435055000642,0.0,0.010332685455135,84.03125,5.0,0.0666711114074271,4.8,0.0,0.0044681621833431,80.80078125,7.0,0.0666755567408987,4.760000533373633,0.0,0.0027090742647891,71.29296875,5.0,29.73504902104466,3.631277142143951,0.0,0.0129273792156553,54.359375,4.0,3.866657794962924,87.49996969521465,0.0,0.0995900117443076,88.3671875,5.0,1.2000311131853234,3.7600106670222257,0.0,0.0035610836942286,53.1328125,5.0,3.000302256004069,4.653333333333332,0.0,0.0043768157547228,140.12109375,2.0,0.0047216664926382,46.5078125,2.0
2026-05-30T06:59:12Z,2.000133342222815,86.42857142857139,0.0,0.0256285313067878,62.4453125,4.0,4.400444494228228,4.790430628114974,0.0,0.0070834924245501,91.90625,0.0,0.0666711114074271,24.25,0.0,0.0031743096338876,55.61328125,5.0,12.267484498966596,4.523435055000642,0.0,0.0108023533125251,85.79296875,5.0,0.0666711114074271,4.800000000000001,0.0,0.0052867123956772,80.62109375,7.0,0.1333333333333333,4.766667407456793,0.0,0.0027090742647891,71.29296875,5.0,26.201022305785404,3.534904860868186,0.0,0.0136623148703054,54.359375,4.0,3.600355594671329,82.81248524189401,0.0,0.0995900117443076,88.3671875,5.0,1.1334088939262617,3.739983554093696,0.0,0.0035610836942286,53.1328125,5.0,3.000302256004069,4.653333333333332,0.0,0.004308657031934,140.1171875,2.0,0.0047216664926382,46.5078125,2.0
2026-05-30T06:59:17Z,2.000133342222815,86.42857142857139,0.0,0.0256285313067878,62.4453125,4.0,6.1331111259249385,4.792488262910798,0.0,0.0070834924245501,91.90625,0.0,0.2666577783703309,24.25,0.0,0.0031743096338876,55.61328125,5.0,14.667057808001738,4.549246106226935,0.0,0.0113521220017552,85.79296875,5.0,0.1999955564444246,4.800000000000001,0.0,0.0052867123956772,80.62109375,7.0,0.2666577783703309,4.771428208604109,0.0,0.0027452533535,71.26953125,5.0,30.26687558785586,3.557071020791221,0.0,0.0136623148703054,54.359375,4.0,4.133564475263368,72.16711631428215,0.0,0.0718132369063904,88.37109375,5.0,1.8666933374816,3.533287403324737,0.0,0.0030729590341079,53.1328125,5.0,2.8,4.649997083211801,0.0,0.004308657031934,140.1171875,2.0,0.0049788495629295,46.5078125,2.0
2026-05-30T06:59:22Z,2.000133342222815,86.42857142857139,0.0,0.0198938829968076,62.33984375,4.0,6.1331111259249385,4.792488262910798,0.0,0.0071773214285714,91.90625,0.0,0.2666577783703309,24.25,0.0,0.0033026404156798,55.625,5.0,16.266635557629492,4.538931297709922,0.0,0.0113521220017552,85.79296875,5.0,0.1999955564444246,4.800000000000001,0.0,0.0052368621477534,80.62109375,7.0,0.2666577783703309,4.771428208604109,0.0,0.0027452533535,71.26953125,5.0,30.26687558785586,3.557071020791221,0.0,0.0136623148703054,54.359375,4.0,4.133564475263368,72.16711631428215,0.0,0.010696596227075,88.37109375,5.0,1.8666933374816,3.533287403324737,0.0,0.003673700988204,53.1328125,5.0,2.8,4.649997083211801,0.0,0.0045136087511086,140.1171875,2.0,0.0039127534002672,46.5078125,2.0
2026-05-30T06:59:27Z,2.866857790519368,43.61111111111112,0.0,0.0220191843158405,62.33984375,4.0,6.1331111259249385,4.792488262910798,0.0,0.007666142557652,94.078125,0.0,0.2666577783703309,24.25,0.0,0.0032351186954153,55.625,5.0,16.266635557629492,4.538931297709922,0.0,0.011260442260444,85.79296875,5.0,0.1999911117036641,4.8,0.0,0.0053395849134652,80.62109375,7.0,0.1333244450369975,4.766665678961132,0.0,0.0029349052470148,71.26953125,5.0,33.60101784859712,3.4363489898898054,0.0,0.0127622325011193,54.359375,4.0,4.466666666666667,43.749999999999964,0.0,0.010696596227075,88.37109375,5.0,1.8666933374816,3.5333180240109443,0.0,0.0044298686557481,58.13671875,5.0,2.8,4.649997083211801,0.0,0.0045136087511086,140.1171875,2.0,0.003497849270023,46.5078125,2.0
2026-05-30T06:59:32Z,2.866857790519368,43.61111111111112,0.0,0.022283996860192,62.33984375,4.0,4.40058674489932,4.793396226415094,0.0,0.007666142557652,94.078125,0.0,0.0,24.25,0.0,0.0032351186954153,55.625,5.0,14.467537893941415,4.541371331193324,0.0,0.0107105488054078,84.578125,5.0,0.0666666666666666,4.800000000000001,0.0,0.0053395849134652,80.62109375,7.0,0.0,4.76,0.0,0.0029349052470148,71.26953125,5.0,28.402471371289327,3.2540528320587203,0.0,0.0103961145954117,54.359375,4.0,3.7335555851891367,10.599554640934798,0.0,0.0107012763371113,88.39453125,5.0,1.0000888977787654,2.480027556780301,0.0,0.0044298686557481,58.13671875,5.0,3.200426723563142,4.638352965674962,0.0,0.0045136087511086,140.1171875,2.0,0.0044446721778133,46.50390625,2.0
2026-05-30T06:59:37Z,2.866857790519368,43.61111111111112,0.0,0.0250299823633205,62.23046875,4.0,4.40058674489932,4.793396226415094,0.0,0.0077305976806422,94.078125,0.0,0.0,24.25,0.0,0.0027419158638584,55.625,5.0,14.668622482997732,4.5239669421487605,0.0,0.0107105488054078,84.578125,5.0,0.0666666666666666,4.800000000000001,0.0,0.005187327870524,80.62890625,7.0,0.0,4.76,0.0,0.0028176683149493,71.21875,5.0,28.402471371289327,3.2540528320587203,0.0,0.0088169606326669,54.359375,4.0,3.7335555851891367,10.599554640934798,0.0,0.0107012763371113,88.39453125,5.0,1.0000888977787654,2.480027556780301,0.0,0.0045538010253037,58.13671875,5.0,3.200426723563142,4.638352965674962,0.0,0.003532191202644,140.109375,2.0,0.0044446721778133,46.50390625,2.0
2026-05-30T06:59:42Z,2.666844456297086,42.49999999999999,0.0,0.0213802428897867,62.23046875,4.0,4.40058674489932,4.793396226415094,0.0,0.007635462710667,93.77734375,0.0,0.0,24.25,0.0,0.0029893734728688,55.625,5.0,14.668622482997732,4.5239669421487605,0.0,0.0107543317001028,84.578125,5.0,0.0,4.8,0.0,0.0050607927705893,80.62890625,7.0,0.0,4.8,0.0,0.0027414987587334,71.21875,5.0,28.069253601215767,3.174117712891564,0.0,0.0077969041015147,54.359375,4.0,3.467008926523003,6.175000000000002,0.0,0.0106561918809713,88.39453125,5.0,0.8667822376316843,2.519973330962751,0.0,0.004116786442557,58.13671875,5.0,3.200426723563142,4.638352965674962,0.0,0.0043347008633065,140.109375,2.0,0.0044446721778133,46.50390625,2.0
2026-05-30T06:59:47Z,2.666844456297086,42.49999999999999,0.0,0.02499224745292,62.23046875,4.0,5.133502233482233,4.791891888645329,0.0,0.007635462710667,93.77734375,0.0,0.0,24.25,0.0,0.0029893734728688,55.625,5.0,17.134417922389652,4.49333031208527,0.0,0.0107543317001028,84.578125,5.0,0.0,4.8,0.0,0.0050607927705893,80.62890625,7.0,0.0,4.800000000000001,0.0,0.0027414987587334,71.21875,5.0,30.60115563259773,3.068157215112873,0.0,0.0122045585874792,53.9296875,4.0,3.8667866746672,5.62498083218326,0.0,0.010496976288888,88.40234375,5.0,1.0667377872605237,2.999958514633392,0.0,0.004116786442557,58.13671875,5.0,3.9333333333333336,4.637037037037037,0.0,0.0043347008633065,140.109375,2.0,0.0043385196762244,46.75390625,2.0
2026-05-30T06:59:52Z,2.666844456297086,42.49999999999999,0.0,0.0206517188765341,62.23046875,4.0,5.133502233482233,4.791891888645329,0.0,0.0077422114064043,93.81640625,0.0,0.0,24.25,0.0,0.0029893734728688,55.625,5.0,16.06619558696087,4.456683915587504,0.0,0.0086845261352718,84.578125,5.0,0.0,4.8,0.0,0.0050607927705893,80.62890625,7.0,0.0,4.800000000000001,0.0,0.002765768376316,70.6640625,5.0,30.60115563259773,3.068157215112873,0.0,0.0122045585874792,53.9296875,4.0,3.8667866746672,5.62498083218326,0.0,0.010496976288888,88.40234375,5.0,1.0667377872605237,2.999958514633392,0.0,0.0043302216499587,58.13671875,5.0,3.9333333333333336,4.637037037037037,0.0,0.0043099169189613,140.11328125,2.0,0.0043385196762244,46.75390625,2.0
2026-05-30T06:59:57Z,2.333333333333333,41.339285714285694,0.0,0.0236027761999357,62.43359375,4.0,5.133502233482233,4.791891888645329,0.0,0.0077422114064043,93.81640625,0.0,0.0,24.25,0.0,0.0032276405410128,55.5390625,5.0,16.06619558696087,4.456683915587504,0.0,0.0071748036901178,84.578125,5.0,0.0666666666666666,4.800000000000001,0.0,0.0051138148121935,80.0078125,7.0,0.0666755567408987,4.800000000000001,0.0,0.002765768376316,70.6640625,5.0,25.801551309951908,3.0045078954478104,0.0,0.0121846031165892,53.9296875,4.0,3.8667866746672,5.02777777777778,0.0,0.0101415235053573,87.93359375,5.0,1.0666311134813236,3.000002963028808,0.0,0.0043302216499587,58.13671875,5.0,3.9333333333333336,4.637037037037037,0.0,0.004366274823906,140.11328125,2.0,0.0042934251278043,46.5,2.0
2026-05-30T07:00:02Z,2.333333333333333,41.339285714285694,0.0,0.0230004125054224,62.43359375,4.0,4.066704078201238,4.811764574960529,0.0,0.0077422114064043,93.81640625,0.0,0.1330986719850037,24.25,0.0,0.0032276405410128,55.5390625,5.0,13.666570821316265,4.408155694460383,0.0,0.0099456823341427,84.16796875,5.0,0.1330897819107716,4.8,0.0,0.0051138148121935,80.0078125,7.0,0.1330986719850037,4.8,0.0,0.0026872269262059,70.6640625,5.0,23.13604572359135,2.803397005196701,0.0,0.0115886617464534,53.9296875,4.0,3.4003333697821043,4.934912401683008,0.0,0.0099570881789974,87.93359375,5.0,1.1995484645633905,2.840154549829395,0.0,0.0043302216499587,58.13671875,5.0,2.4003200426723565,4.635,0.0,0.004366274823906,140.11328125,2.0,0.0028688093794421,46.5,2.0
2026-05-30T07:00:07Z,2.333333333333333,41.339285714285694,0.0,0.0230004125054224,62.43359375,4.0,4.066704078201238,4.811764574960529,0.0,0.0045545249999999,93.81640625,0.0,0.1330986719850037,24.25,0.0,0.003660938358423,54.7890625,5.0,13.268375501075402,4.550638032120828,0.0,0.0099456823341427,84.16796875,5.0,0.1330897819107716,4.8,0.0,0.0051138148121935,80.0078125,7.0,0.1330986719850037,4.8,0.0,0.0026872269262059,70.6640625,5.0,23.13604572359135,2.803397005196701,0.0,0.0115886617464534,53.9296875,4.0,3.4003333697821043,4.934912401683008,0.0,0.0099570881789974,87.93359375,5.0,1.1995484645633905,2.840154549829395,0.0,0.0021255499999995,58.13671875,5.0,2.4003200426723565,4.635,0.0,0.004366274823906,140.11328125,2.0,0.0032199789263362,46.5,2.0
2026-05-30T07:00:12Z,2.467160098686404,75.0,0.0,0.0264469185605278,62.43359375,4.0,4.066704078201238,4.811764574960529,0.0,0.0050864370685428,93.81640625,0.0,0.1330986719850037,24.25,0.0,0.003660938358423,54.7890625,5.0,13.268375501075402,4.550638032120828,0.0,0.0100809765876716,84.16796875,5.0,0.1997831205785051,4.799999999999999,0.0,0.0041742200075636,80.0078125,7.0,0.1997564485774383,4.733305700095483,0.0,0.0029137614678898,70.6640625,5.0,29.86807666905128,3.0864172246306865,0.0,0.0085079058579219,53.72265625,4.0,3.467128950526737,5.875000000000001,0.0,0.0082106149124013,87.93359375,5.0,1.5330329220470844,3.366763482097056,0.0,0.0024368965270698,58.13671875,5.0,2.4003200426723565,4.635,0.0,0.0041746282890447,140.16796875,2.0,0.0038765226699666,45.96875,2.0
2026-05-30T07:00:17Z,2.467160098686404,75.0,0.0,0.0264469185605278,62.43359375,4.0,5.467701780216839,4.8836535398006,0.0,0.0085231483334,93.14453125,0.0,0.2671842234417525,46.25,0.0,0.003660938358423,54.7890625,5.0,13.670070493820354,4.665878578918745,0.0,0.0100809765876716,84.16796875,5.0,0.2672108954428194,4.8,0.0,0.0054299080054809,79.375,7.0,0.2671842234417525,4.76,0.0,0.0030793948700436,70.6640625,5.0,33.46846825907043,3.6384157377152366,0.0,0.009651964413972,53.72265625,4.0,4.066915588745166,7.514691925160536,0.0,0.0106426725482335,83.140625,5.0,1.667817351181856,3.919993421827532,0.0,0.0035459673428989,57.28125,5.0,3.4000000000000004,4.648192771084338,0.0,0.0041746282890447,140.16796875,2.0,0.0045813507581306,45.96875,2.0
2026-05-30T07:00:22Z,2.467160098686404,75.0,0.0,0.028663108618463,61.51171875,4.0,5.467701780216839,4.8836535398006,0.0,0.0085231483334,93.14453125,0.0,0.2671842234417525,46.25,0.0,0.0042053079790703,54.7890625,5.0,14.46873689376701,4.691187700641217,0.0,0.0133646091243794,82.97265625,5.0,0.2672108954428194,4.8,0.0,0.005718897615787,79.375,7.0,0.2671842234417525,4.76,0.0,0.0030793948700436,70.6640625,5.0,33.46846825907043,3.6384157377152366,0.0,0.0107960229700221,53.72265625,4.0,4.066915588745166,7.514691925160536,0.0,0.0106426725482335,83.140625,5.0,1.667817351181856,3.919993421827532,0.0,0.0035459673428989,57.28125,5.0,3.4000000000000004,4.648192771084338,0.0,0.0040622868972222,140.16796875,2.0,0.0045813507581306,45.96875,2.0
2026-05-30T07:00:27Z,2.933137790813946,82.49999999999994,0.0,0.028663108618463,61.51171875,4.0,5.467701780216839,4.8836535398006,0.0,0.0098020766737946,91.33984375,0.0,0.2671842234417525,46.25,0.0,0.0032679273084189,54.7890625,5.0,14.46873689376701,4.691187700641217,0.0,0.0133646091243794,82.97265625,5.0,0.2671842234417525,4.8,0.0,0.005718897615787,79.375,7.0,0.2672020035902168,19.00005000333355,0.0,0.0033449916590835,72.48828125,5.0,33.0037218484379,3.656527348384403,0.0,0.0145063793185847,53.359375,4.0,4.733333333333333,7.837498013776334,0.0,0.0106473550762398,83.08984375,5.0,1.667759561846725,3.86000240014934,0.0,0.0037632840974479,57.28125,5.0,3.4000000000000004,4.648192771084338,0.0,0.0043697989268457,139.265625,2.0,0.0047852038285607,45.5,2.0
2026-05-30T07:00:32Z,2.933137790813946,82.49999999999994,0.0,0.0315802024786736,61.9375,4.0,6.0672489514147365,4.88516770731086,0.0,0.0098020766737946,91.33984375,0.0,0.4000400044449779,46.87499999999999,0.0,0.004174632606766,54.9296875,5.0,17.734635724763006,4.713336290972423,0.0,0.0117401512249304,82.95703125,5.0,0.3333466675556148,4.8,0.0,0.0046742694800433,79.375,7.0,0.333364447704079,21.249999999999996,0.0,0.0033449916590835,72.48828125,5.0,34.1374938845177,3.818515162084548,0.0,0.0145063793185847,53.359375,4.0,4.733626705782993,7.964288813539234,0.0,0.0108153184728218,83.08984375,5.0,1.8001555706683063,4.200014222896494,0.0,0.0038465574686266,57.484375,5.0,3.5336889285973734,4.650635670402792,0.0,0.0043697989268457,139.265625,2.0,0.004994951597794,45.5,2.0
2026-05-30T07:00:37Z,2.933137790813946,82.49999999999994,0.0,0.0306304736268723,61.9375,4.0,6.0672489514147365,4.88516770731086,0.0,0.0098020766737946,91.33984375,0.0,0.4000400044449779,46.87499999999999,0.0,0.004174632606766,54.9296875,5.0,19.735266877950995,4.724092409240924,0.0,0.0131750004057607,82.95703125,5.0,0.3333466675556148,4.8,0.0,0.0043989937420394,79.375,7.0,0.333364447704079,21.249999999999996,0.0,0.0035997642369985,72.48828125,5.0,34.1374938845177,3.818515162084548,0.0,0.0145063793185847,53.359375,4.0,4.733626705782993,7.964288813539234,0.0,0.0108153184728218,83.08984375,5.0,1.8001555706683063,4.200014222896494,0.0,0.0038465574686266,57.484375,5.0,3.5336889285973734,4.650635670402792,0.0,0.0044266889594193,139.265625,2.0,0.004301874313869,45.5,2.0
2026-05-30T07:00:42Z,2.667022269635951,99.99999999999991,0.0,0.0367541180777082,61.9375,4.0,6.0672489514147365,4.88516770731086,0.0,0.0100773391022174,89.921875,0.0,0.4000400044449779,46.87499999999999,0.0,0.0050309618857524,54.8671875,5.0,19.735266877950995,4.724092409240924,0.0,0.0172181901699632,82.95703125,5.0,0.4666977798519901,4.8,0.0,0.0039077824346674,79.375,7.0,0.4666622242962766,67.49916659258595,0.0,0.0051380550443191,72.390625,5.0,32.93543138018332,3.947426418736717,0.0,0.011805936217434,53.359375,4.0,3.800400046227912,8.076088489931585,0.0,0.0111310877727587,82.96875,5.0,2.066840016298015,4.15,0.0,0.0038728741166417,57.484375,5.0,3.5336889285973734,4.650635670402792,0.0,0.0044266889594193,139.265625,2.0,0.0051819746330045,44.9453125,2.0
2026-05-30T07:00:47Z,2.667022269635951,99.99999999999991,0.0,0.0312356914378852,61.9375,4.0,5.133506678222992,4.872574706538863,0.0,0.0100773391022174,89.921875,0.0,0.4,79.99999999999994,0.0,0.0050309618857524,54.8671875,5.0,17.933964486521322,4.782575640265037,0.0,0.0191141500805731,83.59375,5.0,0.4666844456297086,4.8,0.0,0.0056999009840962,79.74609375,7.0,0.466648890073995,79.99999999999999,0.0,0.0051380550443191,72.390625,5.0,28.733440007111582,4.114197525432942,0.0,0.0171947428367252,53.265625,4.0,3.266773340444918,8.413789040587805,0.0,0.0117486285533016,82.96875,5.0,2.0667422272595948,4.486739226078856,0.0,0.0041696111754383,57.109375,5.0,2.7333333333333334,4.761799328970836,0.0,0.0048579081133913,139.30078125,2.0,0.0054239942589388,44.9453125,2.0
2026-05-30T07:00:52Z,2.667022269635951,99.99999999999991,0.0,0.0397302638626102,61.7109375,4.0,5.133506678222992,4.872574706538863,0.0,0.0077359430963988,89.921875,0.0,0.4,79.99999999999997,0.0,0.0050309618857524,54.8671875,5.0,19.40072893748472,4.816236223543282,0.0,0.0191141500805731,83.59375,5.0,0.4666844456297086,4.8,0.0,0.0056999009840962,79.74609375,7.0,0.466648890073995,79.99999999999999,0.0,0.0076023723374124,74.6640625,5.0,28.733440007111582,4.114197525432942,0.0,0.0171947428367252,53.265625,4.0,3.266773340444918,8.413789040587805,0.0,0.0117486285533016,82.96875,5.0,2.0667422272595948,4.486739226078856,0.0,0.0033639946602688,57.109375,5.0,2.7333333333333334,4.761799328970836,0.0,0.0053041573637059,139.30078125,2.0,0.0054239942589388,44.9453125,2.0
2026-05-30T07:00:57Z,3.6002400160010666,142.85714285714286,0.0,0.0410152781500549,61.7109375,4.0,5.133506678222992,4.872574706538863,0.0,0.0064817,89.921875,0.0,0.4,79.99999999999997,0.0,0.0060455797131223,55.16015625,5.0,19.40072893748472,4.816236223543282,0.0,0.0191141500805731,83.59375,5.0,0.3333244450369975,4.8,0.0,0.0057738736251081,79.5234375,7.0,0.3333511134817976,299.87539218085954,0.0,0.0089516904828625,74.6640625,5.0,30.068862515002,4.131783056417137,0.0,0.0171947428367252,53.265625,4.0,4.133333333333334,8.525864585887687,0.0,0.0106768190709476,83.2109375,5.0,1.9333333333333331,4.575041600576083,0.0,0.0037409402821089,57.109375,5.0,2.7333333333333334,4.761799328970836,0.0,0.0053872129213384,138.41015625,2.0,0.0056337988766704,44.9453125,2.0
2026-05-30T07:01:02Z,3.6002400160010666,142.85714285714286,0.0,0.0410152781500549,61.7109375,4.0,6.667555674089879,4.887058952514237,0.0,0.0114834118947202,90.265625,0.0,0.4000533404453927,399.9999999999999,0.0,0.0060455797131223,55.16015625,5.0,20.001937987580288,4.836628084595121,0.0,0.0134654000000011,83.59375,5.0,0.3333511152596939,4.8,0.0,0.0057738736251081,79.5234375,7.0,0.3333777837044939,400.0000000000001,0.0,0.0089516904828625,74.6640625,5.0,34.60428501577988,4.231635394877604,0.0,0.0137422404867418,53.265625,4.0,4.866986709339024,8.959473971878701,0.0,0.0128504343447032,83.2109375,5.0,2.200160021336178,4.728210122276389,0.0,0.0050902456108638,57.3515625,5.0,3.2005289798680723,4.95056179775281,0.0,0.0053872129213384,138.41015625,2.0,0.0056337988766704,44.9453125,2.0
2026-05-30T07:01:07Z,3.6002400160010666,142.85714285714286,0.0,0.0453570481427105,60.26953125,4.0,6.667555674089879,4.887058952514237,0.0,0.0114834118947202,90.265625,0.0,0.4000533404453927,399.9999999999999,0.0,0.0057951669496921,55.16015625,5.0,16.202160288038407,4.901321582625311,0.0,0.0147472224974777,83.59375,5.0,0.3333511152596939,4.8,0.0,0.0057738736251081,79.5234375,7.0,0.3333777837044939,400.0000000000001,0.0,0.011511033781805,69.61328125,5.0,34.60428501577988,4.231635394877604,0.0,0.0123279422989156,53.265625,4.0,4.866986709339024,8.959473971878701,0.0,0.0147740583349455,83.49609375,5.0,2.200160021336178,4.728210122276389,0.0,0.0050902456108638,57.3515625,5.0,3.2005289798680723,4.95056179775281,0.0,0.0053872129213384,138.41015625,2.0,0.0059543461802549,44.95703125,2.0
2026-05-30T07:01:12Z,2.3336444859314573,308.9285714285712,0.0,0.0487259852216709,60.26953125,4.0,6.667555674089879,4.887058952514237,0.0,0.0119930630050775,89.94921875,0.0,0.4000533404453927,399.9999999999999,0.0,0.0051378999999997,55.16015625,5.0,16.202160288038407,4.901321582625311,0.0,0.0131096338708708,83.59375,5.0,0.2667066728898964,4.8,0.0,0.0067066880971515,80.1171875,7.0,0.266693336889363,406.249861104938,0.0,0.0148293255566809,69.61328125,5.0,30.06815592211175,4.443221340165014,0.0,0.0116675601520109,53.265625,4.0,4.200560074676623,9.597821959357285,0.0,0.0147740583349455,83.49609375,5.0,1.8002400320042673,5.499984720948964,0.0,0.0050902456108638,57.3515625,5.0,3.2005289798680723,4.95056179775281,0.0,0.0056855356108847,138.4609375,2.0,0.0061738291945411,44.95703125,2.0
2026-05-30T07:01:17Z,2.3336444859314573,308.9285714285712,0.0,0.0487259852216709,60.26953125,4.0,4.133195564740129,4.9982686099183695,0.0,0.0118559190541751,89.94921875,0.0,0.0,456.25,0.0,0.0100136018947055,53.9140625,5.0,12.200951237942837,5.750082385664937,0.0,0.0234869253709657,82.94140625,5.0,0.0666800026672001,4.8,0.0,0.0055165400077328,80.1171875,7.0,0.0666666666666666,412.49999999999983,0.0,0.0148293255566809,69.61328125,5.0,25.73273342133387,4.577174161793108,0.0,0.0254364724347619,52.390625,4.0,3.600240032004267,16.340860878718146,0.0,0.0161095357526769,83.49609375,5.0,1.2000800106680891,9.036161193630676,0.0,0.0045676813948299,57.3515625,5.0,2.333333333333333,7.000004166898149,0.0,0.0056855356108847,138.4609375,2.0,0.0061738291945411,44.95703125,2.0
2026-05-30T07:01:22Z,2.3336444859314573,308.9285714285712,0.0,0.0511254731150486,60.26953125,4.0,4.133195564740129,4.9982686099183695,0.0,0.0118559190541751,89.94921875,0.0,0.0,456.25,0.0,0.0100136018947055,53.9140625,5.0,10.332631204728258,20.536461886728706,0.0,0.026156107711139,82.94140625,5.0,0.0666800026672001,4.8,0.0,0.006185268264401,80.1171875,7.0,0.0666666666666666,412.49999999999983,0.0,0.0125987066449591,69.61328125,5.0,25.73273342133387,4.577174161793108,0.0,0.0254364724347619,52.390625,4.0,3.600240032004267,16.340860878718146,0.0,0.0134381272377788,83.49609375,5.0,1.2000800106680891,9.036161193630676,0.0,0.0041056296941496,57.3515625,5.0,2.333333333333333,7.000004166898149,0.0,0.0056855356108847,138.4609375,2.0,0.0050698627869294,44.95703125,2.0
2026-05-30T07:01:27Z,1.732293956959158,1235.714285714285,0.0,0.0393917509895356,60.26953125,4.0,4.133195564740129,4.9982686099183695,0.0,0.0111055163431269,89.94921875,0.0,0.0,456.25,0.0,0.0100136018947055,53.9140625,5.0,10.332631204728258,20.536461886728706,0.0,0.026156107711139,82.94140625,5.0,0.0,4.8,0.0,0.0051900000000017,80.1171875,7.0,0.0666800026672001,1675.6991454888466,0.0,0.0130349431881264,69.61328125,5.0,24.431591286823654,4.782581785403752,0.0,0.0300560678029231,52.390625,4.0,3.4598061346434736,61.962946341290106,0.0,0.0134917748510392,83.49609375,5.0,1.2666666666666666,163.8164188214401,0.0,0.0036435779934693,57.3515625,5.0,2.333333333333333,7.000004166898149,0.0,0.0038299999999992,138.4609375,2.0,0.0037535999999988,44.95703125,2.0
2026-05-30T07:01:32Z,1.732293956959158,1235.714285714285,0.0,0.0294071333333249,60.26953125,4.0,2.2594780461799835,86.0424389663662,0.0,0.0099809754197271,89.94921875,0.0,0.0,481.25,0.0,0.011073579339901,53.9140625,5.0,8.390759154523359,77.01600552251534,0.0,0.0272985897110575,82.94140625,5.0,0.0,4.799999999999999,0.0,0.0056920143022825,80.1171875,7.0,0.1333555594080989,2200.0,0.0,0.011631412197992,69.61328125,5.0,18.94800213783731,7.235448410236197,0.0,0.0300560678029231,52.390625,4.0,2.5238805779801305,176.3759150672326,0.0,0.0120000891748617,83.49609375,5.0,1.0658868396366663,679.0822911887736,0.0,0.0035321670666228,57.3515625,5.0,1.528689663209406,78.12500000000003,0.0,0.0041911994898635,138.4609375,2.0,0.0042433291640521,44.95703125,2.0
2026-05-30T07:01:37Z,1.732293956959158,1235.714285714285,0.0,0.0337873222436875,60.26953125,4.0,2.2594780461799835,86.0424389663662,0.0,0.0088564344963273,89.94921875,0.0,0.0,481.25,0.0,0.008448864196861,53.9140625,5.0,3.858323557512714,131.1649699441704,0.0,0.0272985897110575,82.94140625,5.0,0.0,4.799999999999999,0.0,0.0050232860456143,80.1171875,7.0,0.1333555594080989,2200.0,0.0,0.0102278812078575,69.61328125,5.0,18.94800213783731,7.235448410236197,0.0,0.0300560678029231,52.390625,4.0,2.5238805779801305,176.3759150672326,0.0,0.0105084034986841,83.49609375,5.0,1.0658868396366663,679.0822911887736,0.0,0.0030221363006566,57.3515625,5.0,1.528689663209406,78.12500000000003,0.0,0.0037237786035946,138.4609375,2.0,0.0036828059134475,44.95703125,2.0
2026-05-30T07:01:42Z,0.2667022269635951,2049.9999999999995,0.0,0.0290509588025515,60.26953125,4.0,2.2594780461799835,86.0424389663662,0.0,0.0053877666666666,89.94921875,0.0,0.0,481.25,0.0,0.0093186140989547,53.9140625,5.0,3.858323557512714,131.1649699441704,0.0,0.0272985897110575,82.94140625,5.0,0.0666800026672001,2125.289658846248,0.0,0.0043545577889462,80.1171875,7.0,0.0666755567408987,2275.044140672715,0.0,0.0099304993884533,69.61328125,5.0,6.649544235000683,41.650698920574726,0.0,0.0300560678029231,52.390625,4.0,1.064034451335057,233.7483815956909,0.0,0.0104028212622799,83.49609375,5.0,0.4657449201759602,818.7509043988132,0.0,0.0025121055346903,57.3515625,5.0,1.528689663209406,78.12500000000003,0.0,0.0032563577173256,138.4609375,2.0,0.002546399999998,44.95703125,2.0
2026-05-30T07:01:47Z,0.2667022269635951,2049.9999999999995,0.0,0.0243145953614155,60.26953125,4.0,0.0,148.75055439130324,0.0,0.0064019522793927,89.94921875,0.0,0.1333422234075654,28000.0,0.0,0.0081878103930857,53.9140625,5.0,0.7335289410509469,163.74320007116137,0.0,0.0272985897110575,82.94140625,5.0,0.1333466693338667,2350.0,0.0,0.0045326379117829,80.1171875,7.0,0.0,2350.0,0.0,0.0083711351329293,69.61328125,5.0,1.266528947839984,71.52345718952846,0.0,0.0300560678029231,52.390625,4.0,0.2666355647392991,306.26710947846664,0.0,0.0086435374243134,83.49609375,5.0,0.0665247472059606,871.8667109123446,0.0,0.0025121055346903,57.3515625,5.0,0.0,92.1882977955867,0.0,0.0027876503342654,138.4609375,2.0,0.0027657089465509,44.95703125,2.0
2026-05-30T07:01:52Z,0.2667022269635951,2049.9999999999995,0.0,0.0243145953614155,60.26953125,4.0,0.0,148.75055439130324,0.0,0.0052400945491532,89.94921875,0.0,0.1333422234075654,28000.0,0.0,0.0070570066872167,53.9140625,5.0,0.599960002666489,242.5347090959519,0.0,0.0272985897110575,82.94140625,5.0,0.1333466693338667,2350.0,0.0,0.0037042898221279,80.1171875,7.0,0.0,2350.0,0.0,0.0083711351329293,69.61328125,5.0,1.266528947839984,71.52345718952846,0.0,0.0300560678029231,52.390625,4.0,0.2666355647392991,306.26710947846664,0.0,0.0068842535863468,83.49609375,5.0,0.0665247472059606,871.8667109123446,0.0,0.0025121055346903,57.3515625,5.0,0.0,92.1882977955867,0.0,0.0023195074665701,138.4609375,2.0,0.0021493262974421,44.95703125,2.0
2026-05-30T07:01:57Z,0.0,2281.818181818181,0.0,0.0243145953614155,60.26953125,4.0,0.0,148.75055439130324,0.0,0.0040782368189137,89.94921875,0.0,0.1333422234075654,28000.0,0.0,0.0070570066872167,53.9140625,5.0,0.599960002666489,242.5347090959519,0.0,0.0272985897110575,82.94140625,5.0,0.0666666666666666,2387.5237360221204,0.0,0.0037042898221279,80.1171875,7.0,0.0,2387.524569410667,0.0,0.0083711351329293,69.61328125,5.0,0.9335156038705674,94.20752716072352,0.0,0.0300560678029231,52.390625,4.0,0.1333822474219741,412.4957916662047,0.0,0.0068842535863468,83.49609375,5.0,0.0,899.9975041053851,0.0,0.0025121055346903,57.3515625,5.0,0.0,92.1882977955867,0.0,0.0023195074665701,138.4609375,2.0,0.0021493262974421,44.95703125,2.0
2026-05-30T07:02:02Z,0.0,2281.818181818181,0.0,0.0243145953614155,60.26953125,4.0,1.200400138716463,425.0325075774692,0.0,0.0040782368189137,89.94921875,0.0,0.0,29000.0,0.0,0.0070570066872167,53.9140625,5.0,1.8671335387475885,17811.46568668808,0.0,0.0272985897110575,82.94140625,5.0,0.0,2425.0,0.0,0.0037042898221279,80.1171875,7.0,0.0,2425.0,0.0,0.0083711351329293,69.61328125,5.0,0.7335600827013495,1253.1488233911696,0.0,0.0300560678029231,52.390625,4.0,0.0667066906810753,462.5043936080863,0.0,0.0068842535863468,83.49609375,5.0,0.0,921.8858832753226,0.0,0.0025121055346903,57.3515625,5.0,0.0,148.75541161582527,0.0,0.0023195074665701,138.4609375,2.0,0.0021493262974421,44.95703125,2.0
2026-05-30T07:02:07Z,0.0,2281.818181818181,0.0,0.0243145953614155,60.26953125,4.0,1.200400138716463,425.0325075774692,0.0,0.0040782368189137,89.94921875,0.0,0.0,29000.0,0.0,0.0070570066872167,53.9140625,5.0,2.000604660230986,22376.0079893822,0.0,0.0272985897110575,82.94140625,5.0,0.0,2425.0,0.0,0.0037042898221279,80.1171875,7.0,0.0,2425.0,0.0,0.0083711351329293,69.61328125,5.0,0.7335600827013495,1253.1488233911696,0.0,0.0300560678029231,52.390625,4.0,0.0667066906810753,462.5043936080863,0.0,0.0068842535863468,83.49609375,5.0,0.0,921.8858832753226,0.0,0.0025121055346903,57.3515625,5.0,0.0,148.75541161582527,0.0,0.0023195074665701,138.4609375,2.0,0.0021493262974421,44.95703125,2.0
2026-05-30T07:02:12Z,0.0666711114074271,52500.0,0.0,0.0243145953614155,60.26953125,4.0,1.200400138716463,425.0325075774692,0.0,0.0040782368189137,89.94921875,0.0,0.0,29000.0,0.0,0.0070570066872167,53.9140625,5.0,2.000604660230986,22376.0079893822,0.0,0.0272985897110575,82.94140625,5.0,0.0,2425.0,0.0,0.0037042898221279,80.1171875,7.0,0.0,2425.0,0.0,0.0083711351329293,69.61328125,5.0,4.000177829944263,2340.746613312657,0.0,0.0300560678029231,52.390625,4.0,0.5334044539271903,4462.746072281129,0.0,0.0068842535863468,83.49609375,5.0,0.0,941.6795305964296,0.0,0.0025121055346903,57.3515625,5.0,0.0,148.75541161582527,0.0,0.0023195074665701,138.4609375,2.0,0.0021493262974421,44.95703125,2.0
2026-05-30T07:02:17Z,0.0666711114074271,52500.0,0.0,0.0243145953614155,60.26953125,4.0,0.5332622411801298,974.996666370344,0.0,0.0040782368189137,89.94921875,0.0,0.0,29000.0,0.0,0.0070570066872167,53.9140625,5.0,0.933377805034984,26736.82585245516,0.0,0.0272985897110575,82.94140625,5.0,0.0,2425.0,0.0,0.0037042898221279,80.1171875,7.0,0.0,0.0,0.0,0.0083711351329293,69.61328125,5.0,6.73260466720365,3140.575166671282,0.0,0.0300560678029231,52.390625,4.0,1.0665956029541164,4805.552468724225,0.0,0.0068842535863468,83.49609375,5.0,0.0,962.5,0.0,0.0025121055346903,57.3515625,5.0,1.0665600402863435,232.856952359786,0.0,0.0023195074665701,138.4609375,2.0,0.0021493262974421,44.95703125,2.0
2026-05-30T07:02:22Z,0.0666711114074271,52500.0,0.0,0.0243145953614155,60.26953125,4.0,0.5332622411801298,974.996666370344,0.0,0.0040782368189137,89.94921875,0.0,0.0,29000.0,0.0,0.0070570066872167,53.9140625,5.0,0.3999466808850973,27631.593167843523,0.0,0.0272985897110575,82.94140625,5.0,0.0,2425.0,0.0,0.0037042898221279,80.1171875,7.0,0.0,0.0,0.0,0.0083711351329293,69.61328125,5.0,6.73260466720365,3140.575166671282,0.0,0.0300560678029231,52.390625,4.0,1.0665956029541164,4805.552468724225,0.0,0.0068842535863468,83.49609375,5.0,0.0,962.5,0.0,0.0025121055346903,57.3515625,5.0,1.0665600402863435,232.856952359786,0.0,0.0023195074665701,138.4609375,2.0,0.0021493262974421,44.95703125,2.0
2026-05-30T07:02:27Z,0.7995735607675907,57833.33333333333,0.0,0.0243145953614155,60.26953125,4.0,0.5332622411801298,974.996666370344,0.0,0.0040782368189137,89.94921875,0.0,0.0,29000.0,0.0,0.0070570066872167,53.9140625,5.0,0.3999466808850973,27631.593167843523,0.0,0.01999259116582795,82.94140625,5.0,0.0,2425.0,0.0,0.0037042898221279,80.1171875,7.0,0.0,0.0,0.0,0.0083711351329293,69.61328125,5.0,3.599240215943304,2487.754589690138,0.0,0.0191297817534501,52.390625,4.0,0.5331911490269262,4875.0,0.0,0.0068842535863468,83.49609375,5.0,0.0,0.0,0.0,0.00437192383905056,57.3515625,5.0,1.0665600402863435,232.856952359786,0.0,0.0023195074665701,138.4609375,2.0,0.0021493262974421,44.95703125,2.0
2026-05-30T07:02:32Z,0.7995735607675907,57833.33333333333,0.0,0.022058111653002668,60.26953125,4.0,0.0,891.6666666666666,0.0,0.0040782368189137,89.94921875,0.0,0.0,0.0,0.0,0.0070570066872167,53.9140625,5.0,0.8665777896280495,27578.94312090565,0.0,0.0126865926205984,82.94140625,5.0,0.0,0.0,0.0,0.0037042898221279,80.1171875,7.0,0.0,0.0,0.0,0.0115425393221846,69.61328125,5.0,0.8666711185180642,2396.5019507369498,0.0,0.0082034957039771,52.390625,4.0,0.0,4875.0,0.0,0.0068842535863468,83.49609375,5.0,0.0,0.0,0.0,0.00623174214341082,57.3515625,5.0,0.0,232.85638088465004,0.0,0.0023195074665701,138.4609375,2.0,0.0021493262974421,44.95703125,2.0
2026-05-30T07:02:37Z,0.7995735607675907,57833.33333333333,0.0,0.019801627944589832,60.26953125,4.0,0.0,891.6666666666666,0.0,0.0040782368189137,89.94921875,0.0,0.0,0.0,0.0,0.0063321973933642,53.9140625,5.0,1.3332000148130372,27761.90304860692,0.0,0.0126865926205984,82.94140625,5.0,0.0,0.0,0.0,0.049038271038727,80.1171875,7.0,0.0,0.0,0.0,0.0115425393221846,69.61328125,5.0,0.8666711185180642,2396.5019507369498,0.0,0.0082034957039771,52.390625,4.0,0.0,4875.0,0.0,0.0243256734888296,83.49609375,5.0,0.0,0.0,0.0,0.00809156044777108,57.3515625,5.0,0.0,232.85638088465004,0.0,0.0034761644465168,138.4609375,2.0,0.0060010624670533,44.95703125,2.0
2026-05-30T07:02:42Z,0.0640902390565916,132000.0,0.0,0.017545144236177,60.26953125,4.0,0.0,891.6666666666666,0.0,0.0043240097583171,89.94921875,0.0,0.0,0.0,0.0,0.0063321973933642,53.9140625,5.0,1.3332000148130372,27761.90304860692,0.0,0.0126865926205984,82.94140625,5.0,0.0,0.0,0.0,0.049038271038727,80.1171875,7.0,0.0,0.0,0.0,0.0115425393221846,69.61328125,5.0,0.2666311158512198,2337.058884954455,0.0,0.0082034957039771,52.390625,4.0,0.0,4875.0,0.0,0.0417670933913124,83.49609375,5.0,0.0,0.0,0.0,0.00995137875213134,57.3515625,5.0,0.0,232.85638088465004,0.0,0.0034761644465168,138.4609375,2.0,0.0060010624670533,44.95703125,2.0
2026-05-30T07:02:47Z,0.0640902390565916,132000.0,0.0,0.017545144236177,60.26953125,4.0,1.1996007779776805,2391.666666666666,0.0,0.0043240097583171,89.94921875,0.0,0.0,0.0,0.0,0.0063321973933642,53.9140625,5.0,0.7333155691892561,27913.04045364821,0.0,0.0126865926205984,82.94140625,5.0,0.0,0.0,0.0,0.049038271038727,80.1171875,7.0,0.0,0.0,0.0,0.0115425393221846,69.61328125,5.0,0.0,2305.6827856820705,0.0,0.0082034957039771,52.390625,4.0,0.0,4875.0,0.0,0.0592085132937952,83.49609375,5.0,0.0,0.0,0.0,0.0118111970564916,57.3515625,5.0,0.0,232.8567618878299,0.0,0.0034761644465168,138.4609375,2.0,0.0060010624670533,44.95703125,2.0
2026-05-30T07:02:52Z,0.0640902390565916,132000.0,0.0,0.017545144236177,60.26953125,4.0,1.1996007779776805,2391.666666666666,0.0,0.0043240097583171,89.94921875,0.0,0.0,0.0,0.0,0.0063321973933642,53.9140625,5.0,0.0666933440042683,28391.307330430234,0.0,0.0126865926205984,83.50390625,5.0,0.0,0.0,0.0,0.049038271038727,80.1171875,7.0,0.0,0.0,0.0,0.0115425393221846,69.61328125,5.0,0.0,2305.6827856820705,0.0,0.0082034957039771,52.390625,4.0,0.0,4875.0,0.0,0.076649933196278,83.49609375,5.0,0.0,0.0,0.0,0.0118111970564916,57.3515625,5.0,0.0,232.8567618878299,0.0,0.0034761644465168,138.4609375,2.0,0.0060010624670533,44.95703125,2.0
2026-05-30T07:02:57Z,2.083333333333333,56166.66666666666,0.6976744186046512,0.017545144236177,60.26953125,4.0,1.1996007779776805,2391.666666666666,0.0,0.0043240097583171,94.6328125,0.0,0.0,0.0,0.0,0.0063321973933642,53.9140625,5.0,0.0666933440042683,28391.307330430234,0.0,0.0126865926205984,83.50390625,5.0,0.0,0.0,0.0,0.049038271038727,81.015625,7.0,0.0,0.0,0.0,0.0115425393221846,71.58984375,5.0,0.0,2237.5,0.0,0.0082034957039771,52.390625,4.0,0.0,4875.0,0.0,0.076649933196278,83.49609375,5.0,0.0,0.0,0.0,0.0118111970564916,57.3515625,5.0,0.0,232.8567618878299,0.0,0.0034761644465168,138.4609375,2.0,0.0060010624670533,46.91015625,2.0
2026-05-30T07:03:02Z,2.083333333333333,56166.66666666666,0.6976744186046512,0.017545144236177,60.26953125,4.0,0.0,2408.3453779986585,0.0,0.0043240097583171,94.6328125,0.0,0.0,0.0,0.0,0.0063321973933642,47.80859375,5.0,0.0,28799.994444629625,0.0,0.0126865926205984,83.50390625,5.0,0.0,0.0,0.0,0.049038271038727,81.015625,7.0,0.0,0.0,0.0,0.0115425393221846,71.58984375,5.0,0.0,2282.4944001991043,0.0,0.0082034957039771,44.54296875,4.0,0.0,0.0,0.0,0.076649933196278,83.49609375,5.0,0.0,0.0,0.0,0.0118111970564916,57.3515625,5.0,0.0,0.0,0.0,0.0034761644465168,141.31640625,2.0,0.0060010624670533,46.91015625,2.0
2026-05-30T07:03:07Z,2.083333333333333,56166.66666666666,0.6976744186046512,0.017545144236177,50.5,4.0,0.0,2408.3453779986585,0.0,0.0043240097583171,94.34375,0.0,0.0,0.0,0.0,0.0063321973933642,47.80859375,5.0,0.0,28950.00388884568,0.0,0.0126865926205984,83.50390625,5.0,0.0,0.0,0.0,0.049038271038727,81.015625,7.0,0.0,0.0,0.0,0.0115425393221846,71.58984375,5.0,0.0,2282.4944001991043,0.0,0.0082034957039771,44.54296875,4.0,0.0,0.0,0.0,0.076649933196278,46.06640625,5.0,0.0,0.0,0.0,0.0118111970564916,49.1328125,5.0,0.0,0.0,0.0,0.0034761644465168,141.31640625,2.0,0.0060010624670533,46.91015625,2.0
2026-05-30T07:03:12Z,2.0688734650293648,27375.00000000001,0.9838709677419356,0.017545144236177,50.5,4.0,0.0,2408.3453779986585,0.0,0.0055075998709049,94.34375,0.0,0.0,0.0,0.0,0.0063321973933642,54.05859375,5.0,0.0,28950.00388884568,0.0,0.0126865926205984,49.015625,5.0,0.0,0.0,0.0,0.049038271038727,81.015625,7.0,0.0,0.0,0.0,0.0115425393221846,45.796875,5.0,0.0,2387.5,0.0,0.0082034957039771,52.07421875,4.0,0.0,0.0,0.0,0.076649933196278,46.06640625,5.0,0.0,0.0,0.0,0.0118111970564916,49.1328125,5.0,0.0,0.0,0.0,0.0034761644465168,142.75,2.0,0.0060010624670533,48.43359375,2.0
2026-05-30T07:03:17Z,2.0688734650293648,27375.00000000001,0.9838709677419356,0.017545144236177,50.5,5.0,0.0,2425.0,0.0,0.0066911899834927,94.34375,0.0,0.0,0.0,0.0,0.0078643783344608,54.05859375,6.0,0.0,29000.0,0.0,0.0145515549321556,49.015625,6.0,0.0,0.0,0.0,0.049038271038727,62.0703125,8.0,0.0,0.0,0.0,0.0137245350729899,45.796875,6.0,0.0,0.0,0.0,0.0102896782698996,52.07421875,4.0,0.0,0.0,0.0,0.076649933196278,46.06640625,6.0,0.0,0.0,0.0,0.0118111970564916,49.1328125,5.0,0.0,0.0,0.0,0.0043832344688316,142.75,2.0,0.0071556236127627,48.43359375,2.0
2026-05-30T07:03:22Z,2.0688734650293648,27375.00000000001,0.9838709677419356,0.017545144236177,64.46484375,5.0,0.0,2425.0,0.0,0.0055926999999999,94.34375,0.0,0.0,0.0,0.0,0.0093965592755575,54.05859375,6.0,1.8001200080005333,26402.60028892099,0.0,0.0164165172437127,49.015625,6.0,0.0,0.0,0.0,0.0565121361323406,62.0703125,8.0,0.0,0.0,0.0,0.0159065308237951,45.796875,6.0,0.0,0.0,0.0,0.0123758608358221,52.07421875,4.0,0.0,0.0,0.0,0.076649933196278,46.06640625,6.0,0.0,0.0,0.0,0.0118111970564916,49.1328125,5.0,0.0,0.0,0.0,0.0052903044911464,142.75,2.0,0.008310184758472,48.43359375,2.0
2026-05-30T07:03:27Z,2.401120522910692,22749.99999999997,0.8041237113402062,0.0206281075530241,64.46484375,5.0,0.0,2425.0,0.0,0.0084114487853909,95.44921875,0.0,0.0,0.0,0.0,0.0140317352384901,56.94140625,6.0,1.8001200080005333,26402.60028892099,0.0,0.0565627447868413,74.41015625,6.0,0.0,0.0,0.0,0.0723692713145261,48.53125,8.0,0.0666711114074271,487.5,0.0,0.04678696909022,75.98046875,6.0,1.7382002941569727,42.91666666666666,0.0,0.010348300000002,52.07421875,4.0,0.0,0.0,0.0,0.076649933196278,46.06640625,6.0,0.3337783711615487,0.0,0.0,0.0118111970564916,54.02734375,5.0,0.0,0.0,0.0,0.0064553634173338,143.8359375,2.0,0.0087830684066859,49.87109375,2.0
2026-05-30T07:03:32Z,2.401120522910692,22749.99999999997,0.8041237113402062,0.0237110708698712,64.46484375,5.0,4.809535272007871,19.93739153531007,0.0,0.0094692398523549,95.44921875,0.0,0.1333422228148543,2425.0,0.0,0.0159362156074617,56.94140625,6.0,8.93392892859524,202.90439917755805,0.0,0.0702003286283816,74.41015625,6.0,0.0,0.0,0.0,0.0812150187632077,48.53125,9.0,0.1333422228148543,487.5,0.0,0.0523191746772015,75.98046875,6.0,10.00541810867794,32.542645842581884,0.0,0.0178691431523978,55.296875,5.0,1.8667911194079605,1808.5018749999997,0.0,0.076649933196278,82.046875,6.0,1.0004894852358202,18.999131963765045,0.0,0.0137742333974855,54.02734375,6.0,2.0031926320171625,39.37508342046137,0.0,0.0074009548243376,143.8359375,2.0,0.0098432940673374,49.87109375,2.0
2026-05-30T07:03:37Z,2.401120522910692,22749.99999999997,0.8041237113402062,0.0293065584281174,64.45703125,5.0,4.809535272007871,19.93739153531007,0.0,0.0105270309193188,95.44921875,0.0,0.1333422228148543,2425.0,0.0,0.0178406959764333,56.94140625,6.0,14.467631175411691,156.6751976530819,0.0,0.060156139687339,75.84375,6.0,0.0,0.0,0.0,0.1061489693841789,48.53125,9.0,0.1333422228148543,487.5,0.0,0.0514696630752368,73.72265625,6.0,10.00541810867794,32.542645842581884,0.0,0.0200624430367007,55.296875,5.0,1.8667911194079605,1787.4999999999975,0.0,0.0863487732818503,82.046875,6.0,1.0004894852358202,18.999131963765045,0.0,0.0103330758192245,53.52734375,6.0,2.0031926320171625,39.37508342046137,0.0,0.0066641500000002,143.8359375,2.0,0.0127227079278178,49.87109375,2.0
2026-05-30T07:03:42Z,2.3336444859314573,1734.999999999997,0.4705882352941176,0.0327927782639708,64.45703125,5.0,4.809535272007871,19.93739153531007,0.0,0.012044589308996,95.5546875,0.0,0.1333422228148543,2425.0,0.0,0.0192953380822537,56.94140625,6.0,14.467631175411691,156.6751976530819,0.0,0.060156139687339,75.84375,6.0,0.0,0.0,0.0,0.1061489693841789,48.53125,9.0,0.0666711114074271,487.5,0.0,0.0514696630752368,73.72265625,6.0,25.735155691270204,5.501551079795774,0.0,0.0206192306931298,56.76953125,5.0,3.4670044811895315,1806.2541717654904,0.0,0.1163860810268678,82.046875,6.0,1.2001155680014617,18.249749347665563,0.0,0.011663260717717,53.52734375,6.0,2.0031926320171625,39.37508342046137,0.0,0.0066641500000002,143.8359375,2.0,0.0110275749125833,50.41796875,2.0
2026-05-30T07:03:47Z,2.3336444859314573,1734.999999999997,0.4705882352941176,0.04183463803024,64.45703125,5.0,4.600142231704336,13.561378744047392,0.0,0.012044589308996,95.5546875,0.0,0.1333377780740938,2387.449454723686,0.0,0.0167849098616877,57.5625,6.0,14.800964508745029,112.060002053584,0.0,0.060156139687339,75.84375,6.0,0.0666666666666666,242.5,0.0,0.1022251625526203,84.15625,9.0,0.0666666666666666,925.096115382906,0.0,0.0514696630752368,73.72265625,6.0,28.735337925641385,4.838127181765589,0.0,0.0247233805385933,56.76953125,5.0,3.1336489241523955,1366.8454526679725,0.0,0.0815381987080235,81.38671875,6.0,1.2001066785199408,14.870044583474227,0.0,0.0129934456162095,53.52734375,6.0,2.5999955671110917,4.904344587116198,0.0,0.0089294798975388,142.765625,2.0,0.0110275749125833,50.41796875,2.0
2026-05-30T07:03:52Z,2.3336444859314573,1734.999999999997,0.4705882352941176,0.0333324450945609,64.45703125,5.0,4.600142231704336,13.561378744047392,0.0,0.012044589308996,95.5546875,0.0,0.1333377780740938,2387.449454723686,0.0,0.0167849098616877,57.5625,6.0,16.40107118252328,82.29166236422857,0.0,0.0604399499999999,75.84375,6.0,0.0666666666666666,242.5,0.0,0.1022251625526203,84.15625,9.0,0.0666666666666666,925.096115382906,0.0,0.0514696630752368,73.72265625,6.0,28.735337925641385,4.838127181765589,0.0,0.0247233805385933,56.76953125,5.0,3.1336489241523955,1356.307367519274,0.0,0.0815381987080235,81.38671875,6.0,1.2001066785199408,14.870044583474227,0.0,0.01596221878191,53.52734375,6.0,2.5999955671110917,4.904344587116198,0.0,0.0089294798975388,142.765625,2.0,0.0110275749125833,50.41796875,2.0
2026-05-30T07:03:57Z,2.6,1699.999999999999,0.1545454545454545,0.0298462252587075,64.45703125,5.0,4.600142231704336,13.561378744047392,0.0,0.0112991785307101,95.5546875,0.0,0.1333377780740938,2387.449454723686,0.0,0.0167849098616877,57.5625,6.0,16.40107118252328,82.29166236422857,0.0,0.0661350235302613,75.84375,6.0,0.2,227.5576692297435,0.0,0.1100840727880679,84.15625,9.0,0.2000177801484642,937.5239362294316,0.0,0.0501650091825815,73.72265625,6.0,25.40155565926617,4.701088921981546,0.0,0.0196101047108128,56.76953125,5.0,3.3334355623708247,208.74874841465925,0.0,0.0815381987080235,81.38671875,6.0,1.600035557926084,9.892674022344815,0.0,0.0124233283687156,53.52734375,6.0,2.5999955671110917,4.904344587116198,0.0,0.0089294798975388,142.765625,2.0,0.0079486705640073,50.41796875,2.0
2026-05-30T07:04:02Z,2.6,1699.999999999999,0.1545454545454545,0.0263600054228542,64.45703125,5.0,4.4528943004871175,6.247738702700536,0.0,0.0088908998666208,95.5546875,0.0,0.133169339572204,2274.9999999999995,0.0,0.0162426196617945,57.5625,6.0,15.717021873026752,69.83340244507475,0.0,0.0588597635273724,75.84375,6.0,0.2000088900742321,220.0003333481488,0.0,0.0923165034400738,84.15625,9.0,0.2000266702226963,925.0,0.0,0.0448235612812456,73.72265625,6.0,23.17785539716032,4.660513985637307,0.0,0.0175262574246409,56.76953125,5.0,3.0633818737948,113.38449723262512,0.0,0.0815381987080235,81.38671875,6.0,1.5321409266342678,11.49604480236064,0.0,0.0110931434702231,53.52734375,6.0,2.0601765863752584,4.887843500774498,0.0,0.0068474897652637,142.765625,2.0,0.0071386851294709,50.41796875,2.0
2026-05-30T07:04:07Z,2.6,1699.999999999999,0.1545454545454545,0.0256033407272643,64.45703125,5.0,4.4528943004871175,6.247738702700536,0.0,0.007589150621118,95.5546875,0.0,0.133169339572204,2274.9999999999995,0.0,0.0123640174417218,57.5625,6.0,10.116870781476452,52.87525233381839,0.0,0.0515845035244835,75.84375,6.0,0.2000088900742321,220.0003333481488,0.0,0.0831428307077348,84.15625,9.0,0.2000266702226963,925.0,0.0,0.0394821133799097,73.72265625,6.0,23.17785539716032,4.660513985637307,0.0,0.0154778402408353,56.76953125,5.0,3.0633818737948,111.3348966958221,0.0,0.0051026333333387,81.38671875,6.0,1.5321409266342678,11.49604480236064,0.0,0.0022816333333347,53.52734375,6.0,2.0601765863752584,4.887843500774498,0.0,0.0061614716552338,142.765625,2.0,0.0063286996949346,50.41796875,2.0
2026-05-30T07:04:12Z,0.6663113006396588,1962.5000000000025,0.0,0.0215241671735466,64.45703125,5.0,4.4528943004871175,6.247738702700536,0.0,0.0066828968152478,95.5546875,0.0,0.133169339572204,2274.9999999999995,0.0,0.0050926919047615,57.5625,6.0,10.116870781476452,52.87525233381839,0.0,0.0085611333333266,75.84375,6.0,0.0666755567408987,220.0003333481488,0.0,0.0739691579753958,84.15625,9.0,0.0666755567408987,937.499722209876,0.0,0.0031787999999986,73.72265625,6.0,12.168205179419758,4.675891693095482,0.0,0.0070010666666651,56.76953125,5.0,1.728312798343153,95.62370270060262,0.0,0.0051026333333387,81.38671875,6.0,0.7319722514006748,14.311458513750964,0.0,0.002737178064683,53.52734375,6.0,2.0601765863752584,4.887843500774498,0.0,0.0044282198496315,142.765625,2.0,0.0042638750106407,50.41796875,2.0
2026-05-30T07:04:17Z,0.6663113006396588,1962.5000000000025,0.0,0.0174449936198289,64.45703125,5.0,0.0,105.6349664513892,0.0,0.0057766430093776,95.5546875,0.0,0.0,950.0,0.0,0.0044737077777774,57.5625,6.0,3.33377783704494,43.9589489543809,0.0,0.0097171480416431,75.84375,6.0,0.0,219.94533090359567,0.0,0.0593166590707978,84.15625,9.0,0.0,950.0,0.0,0.003564032234041,73.72265625,6.0,3.2578031798901907,4.678027539398203,0.0,0.0088404157316349,56.76953125,5.0,0.4649309245483528,69.37058803942446,0.0,0.0064491389536188,81.38671875,6.0,0.1331646580997403,12.50325751964101,0.0,0.0022877899504991,53.52734375,6.0,0.0,4.843638057502497,0.0,0.0039052285244278,142.765625,2.0,0.0036327601647028,50.41796875,2.0
2026-05-30T07:04:22Z,0.6663113006396588,1962.5000000000025,0.0,0.0174449936198289,64.45703125,5.0,0.0,105.6349664513892,0.0,0.0048703892035074,95.5546875,0.0,0.0,950.0,0.0,0.0038547236507933,57.5625,6.0,0.0,69.3902784779711,0.0,0.007672551811865,75.84375,6.0,0.0,219.94533090359567,0.0,0.0513321848386269,84.15625,9.0,0.0,950.0,0.0,0.0028595109574456,73.72265625,6.0,3.2578031798901907,4.678027539398203,0.0,0.0071532490971002,56.76953125,5.0,0.4649309245483528,69.37058803942446,0.0,0.0054312181641721,81.38671875,6.0,0.1331646580997403,12.50325751964101,0.0,0.0018384018363151,53.52734375,6.0,0.0,4.843638057502497,0.0,0.0033822371992242,142.765625,2.0,0.003001645318765,50.41796875,2.0
2026-05-30T07:04:27Z,0.0,374.9999999999994,0.0,0.0174449936198289,64.45703125,5.0,0.0,105.6349664513892,0.0,0.0048703892035074,95.5546875,0.0,0.0,950.0,0.0,0.0038547236507933,57.5625,6.0,0.0,69.3902784779711,0.0,0.007672551811865,75.84375,6.0,0.0,219.94566545923243,0.0,0.0513321848386269,84.15625,9.0,0.0,950.0,0.0,0.0028595109574456,73.72265625,6.0,0.1332977872567315,4.696331108830183,0.0,0.0054660824625655,56.76953125,5.0,0.0,20.874221706751197,0.0,0.0044132973747253,81.38671875,6.0,0.0,10.00415959990488,0.0,0.0018384018363151,53.52734375,6.0,0.0,4.843638057502499,0.0,0.0033822371992242,142.765625,2.0,0.003001645318765,50.41796875,2.0
2026-05-30T07:04:32Z,0.0,374.9999999999994,0.0,0.0174449936198289,64.45703125,5.0,0.0,169.37579082773863,0.0,0.0048703892035074,95.5546875,0.0,0.0,925.0066586762553,0.0,0.0038547236507933,57.5625,6.0,0.0,133.6471645014538,0.0,0.007672551811865,75.84375,6.0,0.0,9.250305189328358,0.0,0.0513321848386269,84.15625,9.0,0.0,925.0294091534602,0.0,0.0028595109574456,73.72265625,6.0,0.0,4.7626001236393165,0.0,0.0054660824625655,56.76953125,5.0,0.0,58.126533001853424,0.0,0.0044132973747253,81.38671875,6.0,0.0,13.374587642159598,0.0,0.0018384018363151,53.52734375,6.0,0.0,5.250000000000006,0.0,0.0033822371992242,142.765625,2.0,0.003001645318765,50.41796875,2.0
2026-05-30T07:04:37Z,0.0,374.9999999999994,0.0,0.0174449936198289,64.45703125,5.0,0.0,169.37579082773863,0.0,0.0048703892035074,95.5546875,0.0,0.0,925.0066586762553,0.0,0.0038547236507933,57.5625,6.0,0.0,464.5942249494312,0.0,0.007672551811865,75.84375,6.0,0.0,9.250305189328358,0.0,0.0513321848386269,84.15625,9.0,0.0,925.0294091534602,0.0,0.0028595109574456,73.72265625,6.0,0.0,4.7626001236393165,0.0,0.0054660824625655,56.76953125,5.0,0.0,58.126533001853424,0.0,0.0044132973747253,81.38671875,6.0,0.0,13.374587642159598,0.0,0.0018384018363151,53.52734375,6.0,0.0,5.250000000000007,0.0,0.0033822371992242,142.765625,2.0,0.003001645318765,50.41796875,2.0
2026-05-30T07:04:42Z,0.0,2874.999999999998,0.0,0.0174449936198289,64.45703125,5.0,0.0,169.37579082773863,0.0,0.0048703892035074,95.5546875,0.0,0.0,925.0066586762553,0.0,0.0038547236507933,57.5625,6.0,0.0,464.5942249494312,0.0,0.007672551811865,75.84375,6.0,0.0,4.8,0.0,0.0513321848386269,84.15625,9.0,0.0,24.25,0.0,0.0028595109574456,73.72265625,6.0,0.0,7.250458720039739,0.0,0.0054660824625655,56.76953125,5.0,0.0,53.75416139556553,0.0,0.0044132973747253,81.38671875,6.0,0.0,19.376174074687626,0.0,0.0018384018363151,53.52734375,6.0,0.0,5.250000000000006,0.0,0.0033822371992242,142.765625,2.0,0.003001645318765,50.41796875,2.0
2026-05-30T07:04:47Z,0.0,2874.999999999998,0.0,0.0174449936198289,64.45703125,5.0,0.0,233.12377002701768,0.0,0.0048703892035074,95.5546875,0.0,0.0,0.0,0.0,0.0038547236507933,57.5625,6.0,0.3334000133360005,40198.999933328814,0.0,0.007672551811865,75.84375,6.0,0.0,0.0,0.0,0.0513321848386269,84.15625,9.0,0.0,0.0,0.0,0.0028595109574456,73.72265625,6.0,0.0,453.2257386627839,0.0,0.0054660824625655,56.76953125,5.0,0.0,7.253162660629868,0.0,0.0044132973747253,81.38671875,6.0,0.0,21.999733333333328,0.0,0.0018384018363151,53.52734375,6.0,0.0,9.249999999999998,0.0,0.0033822371992242,142.765625,2.0,0.003001645318765,50.41796875,2.0
2026-05-30T07:04:52Z,0.0,2874.999999999998,0.0,0.0174449936198289,64.45703125,5.0,0.0,233.12377002701768,0.0,0.0048703892035074,95.5546875,0.0,0.0,0.0,0.0,0.0038547236507933,57.5625,6.0,0.6667555703731364,56850.0366674815,0.0,0.007672551811865,75.84375,6.0,0.0,0.0,0.0,0.0513321848386269,84.15625,9.0,0.0,0.0,0.0,0.0028595109574456,73.72265625,6.0,0.0,453.2257386627839,0.0,0.0054660824625655,56.76953125,5.0,0.0,7.253162660629868,0.0,0.0044132973747253,81.38671875,6.0,0.0,21.999733333333328,0.0,0.0018384018363151,53.52734375,6.0,0.0,9.249999999999998,0.0,0.0033822371992242,142.765625,2.0,0.003001645318765,50.41796875,2.0
2026-05-30T07:04:57Z,0.0,0.0,0.0,0.0174449936198289,64.45703125,5.0,0.0,233.12377002701768,0.0,0.0048703892035074,95.5546875,0.0,0.0,0.0,0.0,0.0038547236507933,57.5625,6.0,0.6667555703731364,56850.0366674815,0.0,0.007672551811865,75.84375,6.0,0.0,0.0,0.0,0.0513321848386269,84.15625,9.0,0.0,0.0,0.0,0.0028595109574456,73.72265625,6.0,0.6000311291872203,8900.035555555554,0.0,0.0054660824625655,56.76953125,5.0,0.2666311158512198,9.75,0.0,0.0044132973747253,81.38671875,6.0,0.0,4.8,0.0,0.0018384018363151,53.52734375,6.0,0.0,9.249999999999998,0.0,0.0033822371992242,142.765625,2.0,0.003001645318765,50.41796875,2.0
2026-05-30T07:05:02Z,0.0,0.0,0.0,0.01737402451837825,64.45703125,5.0,0.1330942266515321,2425.0,0.0,0.0048703892035074,95.5546875,0.0,0.0,0.0,0.0,0.0038547236507933,57.5625,6.0,0.4000266684445629,58500.0,0.0,0.007672551811865,75.84375,6.0,0.0,0.0,0.0,0.0513321848386269,84.15625,9.0,0.0,0.0,0.0,0.0028595109574456,73.72265625,6.0,0.6667022405946476,9708.333796342597,0.0,0.0054660824625655,56.76953125,5.0,0.5333155614809284,9750.0,0.0,0.0044132973747253,81.38671875,6.0,0.0,0.0,0.0,0.0018384018363151,53.52734375,6.0,0.0,0.0,0.0,0.0033822371992242,142.765625,2.0,0.003001645318765,50.41796875,2.0
2026-05-30T07:05:07Z,0.0,0.0,0.0,0.0173030554169276,64.45703125,5.0,0.1330942266515321,2425.0,0.0,0.004855249323522843,95.5546875,0.0,0.0,0.0,0.0,0.003886110037454203,57.5625,6.0,0.3955752029743262,209863.31814646051,0.0,0.007668694706483105,75.84375,6.0,0.0,0.0,0.0,0.05063452990678223,84.15625,9.0,0.0,0.0,0.0,0.002859062634573913,73.72265625,6.0,0.6667022405946476,9708.333796342597,0.0,0.0054660824625655,56.76953125,5.0,0.5333155614809284,9750.0,0.0,0.0044132973747253,81.38671875,6.0,0.0,0.0,0.0,0.0018383534672554618,53.52734375,6.0,0.0,0.0,0.0,0.0036385791559198923,142.765625,2.0,0.003000430207737177,50.41796875,2.0
2026-05-30T07:05:12Z,0.666266906522753,288000.0,0.0,0.01723208631547695,64.45703125,5.0,0.1330942266515321,2425.0,0.0,0.004840109443538286,95.5546875,0.0,0.0,0.0,0.0,0.003917496424115105,57.5625,6.0,0.3955752029743262,209863.31814646051,0.0,0.007664837601101209,75.84375,6.0,0.0,0.0,0.0,0.04993687497493755,84.15625,9.0,0.0,0.0,0.0,0.0028586143117022263,73.72265625,6.0,0.3313789401414619,9750.0,0.0,0.00547633629440933,56.76953125,5.0,0.2666844456297086,9750.0,0.0,0.004493767553767769,81.38671875,6.0,0.0,0.0,0.0,0.0018383050981958236,53.52734375,6.0,0.0,0.0,0.0,0.003894921112615585,142.765625,2.0,0.002999215096709354,50.41796875,2.0
2026-05-30T07:05:17Z,0.666266906522753,288000.0,0.0,0.0171611172140263,64.45703125,5.0,0.0,2425.0,0.0,0.004824969563553729,95.5546875,0.0,0.0,0.0,0.0,0.003948882810776009,57.5625,6.0,0.5918371093806111,239999.99999999988,0.0,0.007660980495719313,75.84375,6.0,0.0,0.0,0.0,0.049239220043092884,84.15625,9.0,0.0,0.0,0.0,0.0028581659888305393,73.72265625,6.0,0.7905738643614588,9694.570626464098,0.0,0.00548659012625316,56.76953125,5.0,0.0,9750.0,0.0,0.004574237732810236,81.38671875,6.0,0.0,0.0,0.0,0.0018382567291361854,53.52734375,6.0,0.0,0.0,0.0,0.004151263069311278,142.765625,2.0,0.0029979999856815315,50.41796875,2.0
2026-05-30T07:05:22Z,0.666266906522753,288000.0,0.0,0.017090148112575653,64.45703125,5.0,0.0,2425.0,0.0,0.004809829683569172,95.5546875,0.0,0.0,0.0,0.0,0.003980269197436911,57.5625,6.0,0.262933017813712,240000.0,0.0,0.007657123390337418,75.84375,6.0,0.0,0.0,0.0,0.04854156511124821,84.15625,9.0,0.0,0.0,0.0,0.002857717665958853,73.72265625,6.0,0.7905738643614588,9694.570626464098,0.0,0.00549684395809699,56.76953125,5.0,0.0,9750.0,0.0,0.004654707911852705,81.38671875,6.0,0.0,0.0,0.0,0.001838208360076547,53.52734375,6.0,0.0,0.0,0.0,0.00440760502600697,142.765625,2.0,0.0029967848746537086,50.41796875,2.0
2026-05-30T07:05:27Z,0.0666844491864497,288000.0,0.0,0.017019179011125003,64.45703125,5.0,0.0,2425.0,0.0,0.004794689803584614,95.5546875,0.0,0.0,0.0,0.0,0.004011655584097815,57.5625,6.0,0.262933017813712,240000.0,0.0,0.007653266284955522,75.84375,6.0,0.0,0.0,0.0,0.04784391017940354,84.15625,9.0,0.0,0.0,0.0,0.002857269343087166,73.72265625,6.0,0.7905738643614588,9705.619735138893,0.0,0.00550709778994082,56.76953125,5.0,0.0,9750.0,0.0,0.004735178090895173,81.38671875,6.0,0.0,0.0,0.0,0.0018381599910169087,53.52734375,6.0,0.0,0.0,0.0,0.004663946982702663,142.765625,2.0,0.0029955697636258856,50.41796875,2.0
2026-05-30T07:05:32Z,0.0666844491864497,288000.0,0.0,0.016948209909674355,64.45703125,5.0,0.0,2425.0,0.0,0.004779549923600058,95.5546875,0.0,0.0,0.0,0.0,0.004043041970758717,57.5625,6.0,0.262933017813712,257948.7827254716,0.0,0.007649409179573626,75.84375,6.0,0.0,0.0,0.0,0.04714625524755886,84.15625,9.0,0.0,0.0,0.0,0.0028568210202154793,73.72265625,6.0,0.7905738643614588,9681.738864666017,0.0,0.00551735162178465,56.76953125,5.0,0.0,9750.0,0.0,0.0048156482699376404,81.38671875,6.0,0.0,0.0,0.0,0.0018381116219572705,53.52734375,6.0,0.0,0.0,0.0,0.004920288939398355,142.765625,2.0,0.0029943546525980627,50.41796875,2.0
2026-05-30T07:05:37Z,0.0666844491864497,288000.0,0.0,0.016877240808223705,64.45703125,5.0,0.0,2425.0,0.0,0.0047644100436155,95.5546875,0.0,0.0,0.0,0.0,0.0040744283574196205,57.5625,6.0,0.0,270000.0,0.0,0.00764555207419173,75.84375,6.0,0.0,0.0,0.0,0.04644860031571419,84.15625,9.0,0.0,0.0,0.0,0.0028563726973437923,73.72265625,6.0,0.6186598942463802,9636.107516444748,0.0,0.005527605453628479,56.76953125,5.0,0.0,9750.0,0.0,0.004896118448980109,81.38671875,6.0,0.0,0.0,0.0,0.0018380632528976323,53.52734375,6.0,0.0,0.0,0.0,0.005176630896094048,142.765625,2.0,0.0029931395415702397,50.41796875,2.0
2026-05-30T07:05:42Z,0.0,286800.0,0.0,0.016806271706773054,64.45703125,5.0,0.0,2425.0,0.0,0.004749270163630943,95.5546875,0.0,0.0,0.0,0.0,0.004105814744080523,57.5625,6.0,0.0,270000.0,0.0,0.0076416949688098345,75.84375,6.0,0.0,0.0,0.0,0.04575094538386952,84.15625,9.0,0.0,0.0,0.0,0.002855924374472106,73.72265625,6.0,0.2483238142537869,9608.27863893994,0.0,0.005537859285472309,56.76953125,5.0,0.0,9750.0,0.0,0.004976588628022576,81.38671875,6.0,0.0,0.0,0.0,0.0018380148838379941,53.52734375,6.0,0.0,0.0,0.0,0.00543297285278974,142.765625,2.0,0.0029919244305424172,50.41796875,2.0
2026-05-30T07:05:47Z,0.0,286800.0,0.0,0.016735302605322407,64.45703125,5.0,0.0,2425.0,0.0,0.004734130283646386,95.5546875,0.0,0.0,0.0,0.0,0.0041372011307414264,57.5625,6.0,0.0,269999.99999999994,0.0,0.007637837863427939,75.84375,6.0,0.0,0.0,0.0,0.045053290452024844,84.15625,9.0,0.0,0.0,0.0,0.002855476051600419,73.72265625,6.0,0.0,9598.478864939942,0.0,0.005548113117316139,56.76953125,5.0,0.0,9750.0,0.0,0.005057058807065045,81.38671875,6.0,0.0,0.0,0.0,0.001837966514778356,53.52734375,6.0,0.0,0.0,0.0,0.005689314809485433,142.765625,2.0,0.0029907093195145943,50.41796875,2.0
2026-05-30T07:05:52Z,0.0,286800.0,0.0,0.016664333503871757,64.45703125,5.0,0.0,2425.0,0.0,0.004718990403661829,95.5546875,0.0,0.0,0.0,0.0,0.004168587517402329,57.5625,6.0,0.0,270000.0,0.0,0.007633980758046043,75.84375,6.0,0.0,0.0,0.0,0.044355635520180174,84.15625,9.0,0.0,0.0,0.0,0.0028550277287287323,73.72265625,6.0,0.0,9596.736303785638,0.0,0.005558366949159969,56.76953125,5.0,0.0,9750.0,0.0,0.005137528986107513,81.38671875,6.0,0.0,0.0,0.0,0.0018379181457187177,53.52734375,6.0,0.0,0.0,0.0,0.005945656766181125,142.765625,2.0,0.0029894942084867713,50.41796875,2.0
2026-05-30T07:05:57Z,0.0,29000.0,0.0,0.016593364402421106,64.45703125,5.0,0.0,2425.0,0.0,0.0047038505236772716,95.5546875,0.0,0.0,0.0,0.0,0.004199973904063232,57.5625,6.0,0.0,270000.0,0.0,0.0076301236526641475,75.84375,6.0,0.0,0.0,0.0,0.0436579805883355,84.15625,9.0,0.0,0.0,0.0,0.0028545794058570453,73.72265625,6.0,0.0,9480.562864400712,0.0,0.005568620781003799,56.76953125,5.0,0.0,0.0,0.0,0.005217999165149981,81.38671875,6.0,0.0,0.0,0.0,0.0018378697766590795,53.52734375,6.0,0.0,0.0,0.0,0.006201998722876818,142.765625,2.0,0.0029882790974589484,50.41796875,2.0
2026-05-30T07:06:02Z,0.0,29000.0,0.0,0.01652239530097046,64.45703125,5.0,0.1333066719989335,487.5,0.0,0.004688710643692714,95.5546875,0.0,0.0,0.0,0.0,0.004231360290724135,57.5625,6.0,0.6665333599946677,58500.0,0.0,0.007626266547282252,75.84375,6.0,0.0,0.0,0.0,0.04296032565649083,84.15625,9.0,0.0,0.0,0.0,0.002854131082985359,73.72265625,6.0,0.0,9464.617750806325,0.0,0.005578874612847629,56.76953125,5.0,0.0,0.0,0.0,0.005298469344192449,81.38671875,6.0,0.0,0.0,0.0,0.001837821407599441,53.52734375,6.0,0.0,0.0,0.0,0.006458340679572511,142.765625,2.0,0.0029870639864311255,50.41796875,2.0
2026-05-30T07:06:07Z,0.0,29000.0,0.0,0.01645142619951981,64.45703125,5.0,0.1333066719989335,487.5,0.0,0.004673570763708158,95.5546875,0.0,0.0,0.0,0.0,0.004262746677385038,57.5625,6.0,1.3246878946794116,58500.0,0.0,0.007622409441900356,75.84375,6.0,0.0,0.0,0.0,0.04226267072464615,84.15625,9.0,0.0,0.0,0.0,0.002853682760113672,73.72265625,6.0,0.0,9461.149207072734,0.0,0.005589128444691459,56.76953125,5.0,0.0,0.0,0.0,0.0053789395232349164,81.38671875,6.0,0.0,0.0,0.0,0.0018377730385398029,53.52734375,6.0,0.0,0.0,0.0,0.006714682636268203,142.765625,2.0,0.002985848875403303,50.41796875,2.0
2026-05-30T07:06:12Z,0.0,29000.0,0.0,0.01638045709806916,64.45703125,5.0,0.1333066719989335,487.5,0.0,0.0046584308837236,95.5546875,0.0,0.0,0.0,0.0,0.004294133064045941,57.5625,6.0,1.3246878946794116,58500.0,0.0,0.0076185523365184605,75.84375,6.0,0.0,0.0,0.0,0.04156501579280148,84.15625,9.0,0.0,0.0,0.0,0.0028532344372419853,73.72265625,6.0,0.3333422234075655,9359.280192359149,0.0,0.0055993822765352886,56.76953125,5.0,0.0666755567408987,9750.0,0.0,0.005459409702277385,81.38671875,6.0,0.0,0.0,0.0,0.0018377246694801647,53.52734375,6.0,0.0,0.0,0.0,0.006971024592963896,142.765625,2.0,0.00298463376437548,50.41796875,2.0
2026-05-30T07:06:17Z,0.0,29000.0,0.0,0.01630948799661851,64.45703125,5.0,1.187345554084258,2350.0,0.0,0.004643291003739043,95.5546875,0.0,0.0,0.0,0.0,0.004325519450706844,57.5625,6.0,1.1874300887700897,58195.28711091133,0.0,0.007614695231136564,75.84375,6.0,0.0,0.0,0.0,0.04086736086095681,84.15625,9.0,0.0,0.0,0.0,0.0028527861143702983,73.72265625,6.0,0.5318205561895701,4707.590537985754,0.0,0.0056096361083791185,56.76953125,5.0,0.1328350010015669,9750.0,0.0,0.005539879881319853,81.38671875,6.0,0.0,0.0,0.0,0.0018376763004205265,53.52734375,6.0,0.0,0.0,0.0,0.007227366549659588,142.765625,2.0,0.002983418653347657,50.41796875,2.0
2026-05-30T07:06:22Z,0.0,29000.0,0.0,0.01623851889516786,64.45703125,5.0,1.187345554084258,2350.0,0.0,0.004628151123754486,95.5546875,0.0,0.0,0.0,0.0,0.004356905837367747,57.5625,6.0,1.0696335412518434,57604.06441804156,0.0,0.007610838125754669,75.84375,6.0,0.0,0.0,0.0,0.040169705929112134,84.15625,9.0,0.0,0.0,0.0,0.002852337791498612,73.72265625,6.0,0.5318205561895701,4703.063094172037,0.0,0.005619889940222948,56.76953125,5.0,0.1328350010015669,9750.0,0.0,0.005620350060362321,81.38671875,6.0,0.0,0.0,0.0,0.0018376279313608882,53.52734375,6.0,0.0,0.0,0.0,0.007483708506355281,142.765625,2.0,0.002982203542319834,50.41796875,2.0
2026-05-30T07:06:27Z,0.5992409614488314,288000.0,0.0,0.016167549793717213,64.45703125,5.0,1.187345554084258,2350.0,0.0,0.004613011243769929,95.5546875,0.0,0.0,0.0,0.0,0.00438829222402865,57.5625,6.0,1.0696335412518434,57604.06441804156,0.0,0.007606981020372773,75.84375,6.0,0.0,0.0,0.0,0.03947205099726746,84.15625,9.0,0.0,0.0,0.0,0.002851889468626925,73.72265625,6.0,0.3318205555968589,4692.262716198484,0.0,0.005630143772066778,56.76953125,5.0,0.0661594442606682,9750.0,0.0,0.005700820239404789,81.38671875,6.0,0.0,0.0,0.0,0.00183757956230125,53.52734375,6.0,0.0,0.0,0.0,0.007740050463050973,142.765625,2.0,0.002980988431292011,50.41796875,2.0
2026-05-30T07:06:32Z,0.5992409614488314,288000.0,0.0,0.016096580692266563,64.45703125,5.0,0.0,2350.0,0.0,0.0045978713637853715,95.5546875,0.0,0.0,0.0,0.0,0.0044196786106895525,57.5625,6.0,0.6075487417186715,57234.89602422886,0.0,0.007603123914990877,75.84375,6.0,0.0,0.0,0.0,0.03877439606542279,84.15625,9.0,0.0,0.0,0.0,0.002851441145755238,73.72265625,6.0,0.2677237319192015,4641.859918008207,0.0,0.005640397603910607,56.76953125,5.0,0.0,9750.0,0.0,0.0057812904184472574,81.38671875,6.0,0.0,0.0,0.0,0.0018375311932416118,53.52734375,6.0,0.0,0.0,0.0,0.007996392419746666,142.765625,2.0,0.0029797733202641887,50.41796875,2.0
2026-05-30T07:06:37Z,0.5992409614488314,288000.0,0.0,0.016025611590815912,64.45703125,5.0,0.0,2350.0,0.0,0.004582731483800814,95.5546875,0.0,0.0,0.0,0.0,0.004451064997350456,57.5625,6.0,0.1338707572193737,57150.0,0.0,0.007599266809608982,75.84375,6.0,0.0,0.0,0.0,0.03807674113357812,84.15625,9.0,0.0,0.0,0.0,0.0028509928228835513,73.72265625,6.0,0.2677237319192015,4624.998611242281,0.0,0.005650651435754437,56.76953125,5.0,0.0,9750.0,0.0,0.005861760597489725,81.38671875,6.0,0.0,0.0,0.0,0.0018374828241819734,53.52734375,6.0,0.0,0.0,0.0,0.008252734376442358,142.765625,2.0,0.0029785582092363657,50.41796875,2.0
2026-05-30T07:06:42Z,0.3336892685531233,288000.0,0.0,0.015954642489365265,64.45703125,5.0,0.0,2350.0,0.0,0.004567591603816258,95.5546875,0.0,0.0,0.0,0.0,0.0044824513840113584,57.5625,6.0,0.1338707572193737,57150.0,0.0,0.007595409704227086,75.84375,6.0,0.0,0.0,0.0,0.03737908620173344,84.15625,9.0,0.0,0.0,0.0,0.0028505445000118644,73.72265625,6.0,0.2675905140330804,4708.329014071698,0.0,0.005660905267598267,56.76953125,5.0,0.0,9750.0,0.0,0.005942230776532193,81.38671875,6.0,0.0,0.0,0.0,0.0018374344551223352,53.52734375,6.0,0.0,0.0,0.0,0.008509076333138051,142.765625,2.0,0.0029773430982085428,50.41796875,2.0
2026-05-30T07:06:47Z,0.3336892685531233,288000.0,0.0,0.015883673387914615,64.45703125,5.0,0.5332269248907111,3375.000000000002,0.0,0.0045524517238317,95.5546875,0.0,0.0,0.0,0.0,0.004513837770672262,57.5625,6.0,0.0666800026672001,57078.94321268397,0.0,0.00759155259884519,75.84375,6.0,0.0,0.0,0.0,0.03668143126988877,84.15625,9.0,0.0,0.0,0.0,0.002850096177140178,73.72265625,6.0,0.5333957587471818,8750.251318909337,0.0,0.005671159099442097,56.76953125,5.0,0.0,9750.0,0.0,0.006022700955574662,81.38671875,6.0,0.0,0.0,0.0,0.001837386086062697,53.52734375,6.0,0.0,0.0,0.0,0.008765418289833743,142.765625,2.0,0.00297612798718072,50.41796875,2.0
2026-05-30T07:06:52Z,0.3336892685531233,288000.0,0.0,0.015812704286463967,64.45703125,5.0,0.5332269248907111,3375.000000000002,0.0,0.004537311843847143,95.5546875,0.0,0.0,0.0,0.0,0.004545224157333164,57.5625,6.0,0.0,55493.70577863089,0.0,0.007587695493463295,75.84375,6.0,0.0,0.0,0.0,0.0359837763380441,84.15625,9.0,0.0,0.0,0.0,0.002849647854268491,73.72265625,6.0,0.5333957587471818,8750.251318909337,0.0,0.005681412931285927,56.76953125,5.0,0.0,9750.0,0.0,0.006103171134617129,81.38671875,6.0,0.0,0.0,0.0,0.0018373377170030588,53.52734375,6.0,0.0,0.0,0.0,0.009021760246529436,142.765625,2.0,0.002974912876152897,50.41796875,2.0
2026-05-30T07:06:57Z,0.0,283200.0,0.0,0.015741735185013317,64.45703125,5.0,0.5332269248907111,3375.000000000002,0.0,0.004522171963862586,95.5546875,0.0,0.0,0.0,0.0,0.004576610543994068,57.5625,6.0,0.0,55493.70577863089,0.0,0.0075838383880813985,75.84375,6.0,0.0,0.0,0.0,0.035286121406199425,84.15625,9.0,0.0,0.0,0.0,0.0028491995313968043,73.72265625,6.0,0.6671381686609472,9374.995832777702,0.0,0.005691666763129757,56.76953125,5.0,0.0,9750.0,0.0,0.0061836413136595976,81.38671875,6.0,0.0,0.0,0.0,0.0018372893479434206,53.52734375,6.0,0.0,0.0,0.0,0.009278102203225128,142.765625,2.0,0.0029736977651250744,50.41796875,2.0
2026-05-30T07:07:02Z,0.0,283200.0,0.0,0.015670766083562666,64.45703125,5.0,0.0,4500.0,0.0,0.004507032083878029,95.5546875,0.0,0.0,0.0,0.0,0.00460799693065497,57.5625,6.0,0.0,28249.60413483948,0.0,0.007579981282699503,75.84375,6.0,0.0,0.0,0.0,0.03458846647435475,84.15625,9.0,0.0,0.0,0.0,0.0028487512085251174,73.72265625,6.0,0.2669514148424987,9468.79276963648,0.0,0.005701920594973587,56.76953125,5.0,0.0,0.0,0.0,0.006264111492702066,81.38671875,6.0,0.0,0.0,0.0,0.0018372409788837824,53.52734375,6.0,0.0,0.0,0.0,0.009534444159920821,142.765625,2.0,0.0029724826540972514,50.41796875,2.0
2026-05-30T07:07:07Z,0.0,283200.0,0.0,0.015599796982112018,64.45703125,5.0,0.0,4500.0,0.0,0.0044918922038934715,95.5546875,0.0,0.0,0.0,0.0,0.004639383317315874,57.5625,6.0,0.0,28799.89326217478,0.0,0.007576124177317608,75.84375,6.0,0.0,0.0,0.0,0.03389081154251008,84.15625,9.0,0.0,0.0,0.0,0.002848302885653431,73.72265625,6.0,0.2669514148424987,9468.79276963648,0.0,0.005712174426817417,56.76953125,5.0,0.0,0.0,0.0,0.0063445816717445334,81.38671875,6.0,0.0,0.0,0.0,0.0018371926098241442,53.52734375,6.0,0.0,0.0,0.0,0.009790786116616514,142.765625,2.0,0.0029712675430694285,50.41796875,2.0
2026-05-30T07:07:12Z,0.0,240000.0,0.0,0.015528827880661369,64.45703125,5.0,0.0,4500.0,0.0,0.004476752323908914,95.5546875,0.0,0.0,0.0,0.0,0.004670769703976776,57.5625,6.0,0.0,28799.89326217478,0.0,0.0075722670719357114,75.84375,6.0,0.0,0.0,0.0,0.03319315661066541,84.15625,9.0,0.0,0.0,0.0,0.002847854562781744,73.72265625,6.0,0.0,9562.413766245329,0.0,0.005722428258661247,56.76953125,5.0,0.0,0.0,0.0,0.006425051850787001,81.38671875,6.0,0.0,0.0,0.0,0.001837144240764506,53.52734375,6.0,0.0,0.0,0.0,0.010047128073312206,142.765625,2.0,0.0029700524320416056,50.41796875,2.0
2026-05-30T07:07:17Z,0.0,240000.0,0.0,0.01545785877921072,64.45703125,5.0,0.0,4500.0,0.0,0.0044616124439243576,95.5546875,0.0,0.0,0.0,0.0,0.0047021560906376795,57.5625,6.0,0.0,29000.0,0.0,0.007568409966553816,75.84375,6.0,0.0,0.0,0.0,0.03249550167882073,84.15625,9.0,0.0,0.0,0.0,0.0028474062399100573,73.72265625,6.0,0.0,9625.0,0.0,0.005732682090505077,56.76953125,5.0,0.0,0.0,0.0,0.006505522029829469,81.38671875,6.0,0.0,0.0,0.0,0.0018370958717048675,53.52734375,6.0,0.0,0.0,0.0,0.0103034700300079,142.765625,2.0,0.0029688373210137826,50.41796875,2.0
2026-05-30T07:07:22Z,0.0,240000.0,0.0,0.015386889677760071,64.45703125,5.0,0.0,4500.0,0.0,0.0044464725639398,95.5546875,0.0,0.0,0.0,0.0,0.004733542477298582,57.5625,6.0,0.1998135073930997,29000.0,0.0,0.007564552861171921,75.84375,6.0,0.0,0.0,0.0,0.03179784674697606,84.15625,9.0,0.0,0.0,0.0,0.0028469579170383704,73.72265625,6.0,0.0,9625.0,0.0,0.005742935922348907,56.76953125,5.0,0.0,0.0,0.0,0.006585992208871938,81.38671875,6.0,0.0,0.0,0.0,0.0018370475026452293,53.52734375,6.0,0.0,0.0,0.0,0.010559811986703591,142.765625,2.0,0.00296762220998596,50.41796875,2.0
2026-05-30T07:07:27Z,0.3333333333333333,278400.0,0.0,0.01531592057630942,64.45703125,5.0,0.0,4499.999999999999,0.0,0.004431332683955243,95.5546875,0.0,0.0,0.0,0.0,0.004764928863959485,57.5625,6.0,0.1998135073930997,29000.0,0.0,0.007560695755790024,75.84375,6.0,0.0,0.0,0.0,0.03110019181513139,84.15625,9.0,0.0,0.0,0.0,0.002846509594166684,73.72265625,6.0,0.0,9688.598191567198,0.0,0.005753189754192737,56.76953125,5.0,0.0,0.0,0.0,0.006666462387914405,81.38671875,6.0,0.0,0.0,0.0,0.0018369991335855911,53.52734375,6.0,0.0,0.0,0.0,0.010816153943399284,142.765625,2.0,0.002966407098958137,50.41796875,2.0
2026-05-30T07:07:32Z,0.3333333333333333,278400.0,0.0,0.015244951474858772,64.45703125,5.0,0.0,0.0,0.0,0.004416192803970686,95.5546875,0.0,0.0,0.0,0.0,0.004796315250620388,57.5625,6.0,0.5728643169133565,58500.0,0.0,0.007556838650408129,75.84375,6.0,0.0,0.0,0.0,0.030402536883286715,84.15625,9.0,0.0,0.0,0.0,0.002846061271294997,73.72265625,6.0,0.0746101619040513,9750.0,0.0,0.005763443586036566,56.76953125,5.0,0.0,0.0,0.0,0.0067469325669568736,81.38671875,6.0,0.0,0.0,0.0,0.001836950764525953,53.52734375,6.0,0.0,0.0,0.0,0.011072495900094976,142.765625,2.0,0.002965191987930314,50.41796875,2.0
2026-05-30T07:07:37Z,0.3333333333333333,278400.0,0.0,0.015173982373408123,64.45703125,5.0,0.0,0.0,0.0,0.004401052923986129,95.5546875,0.0,0.0,0.0,0.0,0.004827701637281291,57.5625,6.0,1.040429346626503,58199.986666074044,0.0,0.007552981545026233,75.84375,6.0,0.0,0.0,0.0,0.029704881951442042,84.15625,9.0,0.0,0.0,0.0,0.0028456129484233103,73.72265625,6.0,0.0746101619040513,9750.0,0.0,0.005773697417880396,56.76953125,5.0,0.0,0.0,0.0,0.006827402745999342,81.38671875,6.0,0.0,0.0,0.0,0.0018369023954663147,53.52734375,6.0,0.0,0.0,0.0,0.011328837856790668,142.765625,2.0,0.0029639768769024913,50.41796875,2.0
2026-05-30T07:07:42Z,0.3334222459322485,288000.0,0.0,0.015103013271957472,64.45703125,5.0,0.0,0.0,0.0,0.0043859130440015714,95.5546875,0.0,0.0,0.0,0.0,0.004859088023942194,57.5625,6.0,1.040429346626503,58199.986666074044,0.0,0.007549124439644337,75.84375,6.0,0.0,0.0,0.0,0.02900722701959737,84.15625,9.0,0.0,0.0,0.0,0.0028451646255516234,73.72265625,6.0,0.4745834970150439,2425.0,0.0,0.0057839512497242255,56.76953125,5.0,0.0,0.0,0.0,0.0069078729250418094,81.38671875,6.0,0.0,0.0,0.0,0.0018368540264066765,53.52734375,6.0,0.0,0.0,0.0,0.011585179813486361,142.765625,2.0,0.0029627617658746683,50.41796875,2.0
2026-05-30T07:07:47Z,0.3334222459322485,288000.0,0.0,0.015032044170506824,64.45703125,5.0,1.4001511354118723,970.0002518931626,0.0,0.004370773164017014,95.5546875,0.0,0.0,0.0,0.0,0.004890474410603097,57.5625,6.0,1.2674985611110476,58050.0,0.0,0.007545267334262442,75.84375,6.0,0.0,0.0,0.0,0.028309572087752696,84.15625,9.0,0.0,0.0,0.0,0.002844716302679937,73.72265625,6.0,1.400133367117394,3937.494444197519,0.0,0.0057942050815680555,56.76953125,5.0,0.1333600053344002,4875.0,0.0,0.006988343104084278,81.38671875,6.0,0.1333600053344002,975.0,0.0,0.0018368056573470383,53.52734375,6.0,0.0,0.0,0.0,0.011841521770182054,142.765625,2.0,0.002961546654846846,50.41796875,2.0
2026-05-30T07:07:52Z,0.3334222459322485,288000.0,0.0,0.014961075069056175,64.45703125,5.0,1.4001511354118723,970.0002518931626,0.0,0.0043556332840324575,95.5546875,0.0,0.0,0.0,0.0,0.004921860797264,57.5625,6.0,0.6667555940721028,57975.00499977778,0.0,0.007541410228880546,75.84375,6.0,0.0,0.0,0.0,0.027611917155908022,84.15625,9.0,0.0,0.0,0.0,0.00284426797980825,73.72265625,6.0,1.400133367117394,3937.494444197519,0.0,0.005804458913411885,56.76953125,5.0,0.1333600053344002,4875.0,0.0,0.007068813283126746,81.38671875,6.0,0.1333600053344002,975.0,0.0,0.0018367572882874,53.52734375,6.0,0.0,0.0,0.0,0.012097863726877746,142.765625,2.0,0.002960331543819023,50.41796875,2.0
2026-05-30T07:07:57Z,0.1333155579256099,285600.0,0.0,0.014890105967605526,64.45703125,5.0,1.4001511354118723,970.0002518931626,0.0,0.0043404934040479,95.5546875,0.0,0.0,0.0,0.0,0.004953247183924903,57.5625,6.0,0.6667555940721028,57975.00499977778,0.0,0.00753755312349865,75.84375,6.0,0.0,0.0,0.0,0.02691426222406335,84.15625,9.0,0.0,0.0,0.0,0.002843819656936563,73.72265625,6.0,3.333822301643064,3468.4350315256825,0.0,0.005814712745255715,56.76953125,5.0,0.3334000133360005,4814.194249700205,0.0,0.007149283462169214,81.38671875,6.0,0.3999733493322672,975.0,0.0,0.0018367089192277617,53.52734375,6.0,0.0,0.0,0.0,0.01235420568357344,142.765625,2.0,0.0029591164327912,50.41796875,2.0
2026-05-30T07:08:02Z,0.1333155579256099,285600.0,0.0,0.014819136866154877,64.45703125,5.0,0.6667777970404944,952.4743482115518,0.0,0.004325353524063343,95.5546875,0.0,0.0,0.0,0.0,0.004984633570585806,57.5625,6.0,1.533169132626306,56313.652186105486,0.0,0.007533696018116755,75.84375,6.0,0.0,0.0,0.0,0.026216607292218676,84.15625,9.0,0.0,0.0,0.0,0.0028433713340648764,73.72265625,6.0,4.800715744293217,2490.429966574607,0.0,0.005824966577099545,56.76953125,5.0,0.5334400213376009,4713.828936130763,0.0,0.007229753641211682,81.38671875,6.0,0.4664934159546929,2308.988985752927,0.0,0.0018366605501681235,53.52734375,6.0,0.6670670136696676,234.91014866516227,0.0,0.01261054764026913,142.765625,2.0,0.002957901321763377,50.41796875,2.0
2026-05-30T07:08:07Z,0.1333155579256099,285600.0,0.0,0.014748167764704227,64.45703125,5.0,0.6667777970404944,951.6951581883326,0.0,0.004310213644078785,95.5546875,0.0,0.0,0.0,0.0,0.005016019957246709,57.5625,6.0,3.2662935945547376,54600.04222353488,0.0,0.007529838912734859,75.84375,6.0,0.0,0.0,0.0,0.025518952360374006,84.15625,9.0,0.0,0.0,0.0,0.0028429230111931894,73.72265625,6.0,4.800715744293217,2485.512628923385,0.0,0.005835220408943375,56.76953125,5.0,0.5334400213376009,4701.609236100477,0.0,0.0073102238202541504,81.38671875,6.0,0.4664934159546929,2326.76896269756,0.0,0.0018366121811084853,53.52734375,6.0,0.6670670136696676,234.91014866516227,0.0,0.012866889596964824,142.765625,2.0,0.002956686210735554,50.41796875,2.0
2026-05-30T07:08:12Z,0.4670091400360264,266400.0,0.0,0.014677198663253578,64.45703125,5.0,0.6667777970404944,951.6951581883326,0.0,0.004295073764094229,95.5546875,0.0,0.0,0.0,0.0,0.0050474063439076115,57.5625,6.0,3.2662935945547376,54600.04222353488,0.0,0.007525981807352963,75.84375,6.0,0.200133422281521,0.0,0.0,0.024821297428529333,84.15625,9.0,0.2000533475593491,9750.0,0.0,0.002842474688321503,73.72265625,6.0,5.40014683287534,2213.075052310405,0.0,0.005845474240787205,56.76953125,5.0,0.6666666933333344,4673.070798066303,0.0,0.007390693999296618,81.38671875,6.0,0.5333245534506572,2383.2311772624853,0.0,0.001836563812048847,53.52734375,6.0,0.6670670136696676,234.91014866516227,0.0,0.013123231553660516,142.765625,2.0,0.0029554710997077315,50.41796875,2.0
2026-05-30T07:08:17Z,0.4670091400360264,266400.0,0.0,0.014606229561802929,64.45703125,5.0,1.1997202159618243,1889.1503958457208,0.0,0.004279933884109671,95.5546875,0.0,0.4000534044710098,29000.0,0.0,0.005078792730568515,57.5625,6.0,2.466248968279392,53947.178542630565,0.0,0.007522124701971068,75.84375,6.0,0.4002401458674335,975.0,0.0,0.02412364249668466,84.15625,9.0,0.4001600711452616,9750.0,0.0,0.002842026365449816,73.72265625,6.0,5.732346890610148,2240.48013859471,0.0,0.005855728072631035,56.76953125,5.0,0.86645782902426,4516.819307389675,0.0,0.007471164178339086,81.38671875,6.0,0.6668489923364753,2387.502515143211,0.0,0.0018365154429892088,53.52734375,6.0,0.2666311205900649,232.0758464781456,0.0,0.01337957351035621,142.765625,2.0,0.0029542559886799086,50.41796875,2.0
2026-05-30T07:08:22Z,0.4670091400360264,266400.0,0.0,0.014535260460352278,64.45703125,5.0,1.1997202159618243,1887.48374879164,0.0,0.004264794004125114,95.5546875,0.0,0.4000534044710098,29000.0,0.0,0.005110179117229417,57.5625,6.0,0.9997556162809916,37803.23917533016,0.0,0.007518267596589172,75.84375,6.0,0.4002401458674335,975.0,0.0,0.023425987564839986,84.15625,9.0,0.4001600711452616,9750.0,0.0,0.0028415780425781294,73.72265625,6.0,5.732346890610148,2247.3712788659027,0.0,0.005865981904474864,56.76953125,5.0,0.86645782902426,4495.337475833333,0.0,0.007551634357381555,81.38671875,6.0,0.6668489923364753,2387.498750000001,0.0,0.0018364670739295706,53.52734375,6.0,0.2666311205900649,232.00004000391152,0.0,0.0136359154670519,142.765625,2.0,0.0029530408776520856,50.41796875,2.0
2026-05-30T07:08:27Z,0.2665245202558635,256800.00000000003,0.0,0.01446429135890163,64.45703125,5.0,1.1997202159618243,1887.4837487916395,0.0,0.0042496541241405575,95.5546875,0.0,0.4000534044710098,29000.0,0.0,0.005141565503890321,57.5625,6.0,0.9997556162809916,37803.23917533016,0.0,0.007514410491207276,75.84375,6.0,0.2001067235859124,975.0,0.0,0.022728332632995313,84.15625,9.0,0.2001067235859124,9750.0,0.0,0.0028411297197064424,73.72265625,6.0,5.733502714116114,2157.9965035470705,0.0,0.005876235736318694,56.76953125,5.0,0.999951167697327,4340.639895981876,0.0,0.007632104536424022,81.38671875,6.0,0.4000711775093107,2390.3835502867546,0.0,0.0018364187048699324,53.52734375,6.0,0.2666311205900649,232.00004000391152,0.0,0.013892257423747594,142.765625,2.0,0.0029518257666242627,50.41796875,2.0
2026-05-30T07:08:32Z,0.2665245202558635,256800.00000000003,0.0,0.01439332225745098,64.45703125,5.0,0.2667289392877605,2062.529303992427,0.0,0.004234514244156,95.5546875,0.0,0.0,29000.0,0.0,0.005172951890551223,57.5625,6.0,0.4665822379229437,23199.97372894734,0.0,0.00751055338582538,75.84375,6.0,0.0,975.0,0.0,0.02203067770115064,84.15625,9.0,0.0,9750.0,0.0,0.002840681396834756,73.72265625,6.0,3.134222518613167,2037.501805540896,0.0,0.005886489568162524,56.76953125,5.0,0.4667600186704007,4068.275190965856,0.0,0.00771257471546649,81.38671875,6.0,0.0666666666666666,2403.572466004676,0.0,0.001836370335810294,53.52734375,6.0,0.0,232.5,0.0,0.014148599380443286,142.765625,2.0,0.0029506106555964398,50.41796875,2.0
2026-05-30T07:08:37Z,0.2665245202558635,256800.00000000003,0.0,0.014322353156000332,64.45703125,5.0,0.2667289392877605,2062.529303992427,0.0,0.004219374364171443,95.5546875,0.0,0.0,29000.0,0.0,0.005204338277212127,57.5625,6.0,0.2668001738236276,24249.89537834646,0.0,0.007506696280443485,75.84375,6.0,0.0,975.0,0.0,0.021333022769305966,84.15625,9.0,0.0,9750.0,0.0,0.002840233073963069,73.72265625,6.0,3.134222518613167,2037.501805540896,0.0,0.005896743400006354,56.76953125,5.0,0.4667600186704007,4063.066684027197,0.0,0.007793044894508958,81.38671875,6.0,0.0666666666666666,2403.572466004676,0.0,0.0018363219667506558,53.52734375,6.0,0.0,232.5,0.0,0.01440494133713898,142.765625,2.0,0.0029493955445686173,50.41796875,2.0
2026-05-30T07:08:42Z,0.0,28625.0,0.0,0.014251384054549683,64.45703125,5.0,0.2667289392877605,2062.529303992427,0.0,0.004204234484186886,95.5546875,0.0,0.0,29000.0,0.0,0.005235724663873029,57.5625,6.0,0.2668001738236276,24249.89537834646,0.0,0.007502839175061589,75.84375,6.0,0.0,975.0,0.0,0.020635367837461296,84.15625,9.0,0.0,9750.0,0.0,0.0028397847510913824,73.72265625,6.0,0.2665911504917724,1946.8618218705412,0.0,0.005906997231850184,56.76953125,5.0,0.0,3374.9999999999977,0.0,0.007873515073551426,81.38671875,6.0,0.0,2414.2865306407525,0.0,0.0018362735976910176,53.52734375,6.0,0.0,232.5,0.0,0.01466128329383467,142.765625,2.0,0.0029481804335407943,50.41796875,2.0
2026-05-30T07:08:47Z,0.0,28625.0,0.0,0.014180414953099033,64.45703125,5.0,0.200133422281521,2162.519587199725,0.0,0.004189094604202329,95.5546875,0.0,0.0,29000.0,0.0,0.005267111050533933,57.5625,6.0,0.8005960235030878,26888.73741714331,0.0,0.007498982069679693,75.84375,6.0,0.0,975.0,0.0,0.01993771290561662,84.15625,9.0,0.0,9750.0,0.0,0.0028393364282196954,73.72265625,6.0,0.2000400951243715,2146.4442851904946,0.0,0.005917251063694014,56.76953125,5.0,0.0,2496.25,0.0,0.007953985252593894,81.38671875,6.0,0.0,2411.363925796933,0.0,0.0018362252286313794,53.52734375,6.0,0.0,229.99981479149227,0.0,0.014917625250530364,142.765625,2.0,0.0029469653225129714,50.41796875,2.0
2026-05-30T07:08:52Z,0.0,28625.0,0.0,0.014109445851648384,64.45703125,5.0,0.200133422281521,2162.519587199725,0.0,0.004173954724217771,95.5546875,0.0,0.0,29000.0,0.0,0.005298497437194835,57.5625,6.0,1.333778074271737,28166.666666666668,0.0,0.007495124964297798,75.84375,6.0,0.0,975.0,0.0,0.01924005797377195,84.15625,9.0,0.0,9750.0,0.0,0.002838888105348009,73.72265625,6.0,0.2000400951243715,2146.4442851904946,0.0,0.005927504895537844,56.76953125,5.0,0.0,2496.25,0.0,0.008034455431636361,81.38671875,6.0,0.0,2411.363925796933,0.0,0.0018361768595717412,53.52734375,6.0,0.0,229.99981479149227,0.0,0.015173967207226056,142.765625,2.0,0.0029457502114851484,50.41796875,2.0
2026-05-30T07:08:57Z,0.4666044527396347,255999.99999999997,0.2727272727272727,0.014038476750197735,64.45703125,5.0,0.200133422281521,2162.519587199725,0.0,0.004158814844233214,95.5546875,0.0,0.0,29000.0,0.0,0.0053298838238557385,57.5625,6.0,1.333778074271737,28166.666666666668,0.0,0.007491267858915902,75.84375,6.0,0.0,975.0,0.0,0.018542403041927273,84.15625,9.0,0.0,9750.0,0.0,0.002838439782476322,73.72265625,6.0,0.7338760169794485,2843.76493204104,0.0,0.005937758727381674,56.76953125,5.0,0.0666577789628049,5750.044448395402,0.0,0.00811492561067883,81.38671875,6.0,0.0,2410.0013335526264,0.0,0.001836128490512103,53.52734375,6.0,0.0,229.99981479149227,0.0,0.015430309163921749,142.765625,2.0,0.0029445351004573255,50.41796875,2.0
2026-05-30T07:09:02Z,0.4666044527396347,255999.99999999997,0.2727272727272727,0.013967507648747084,64.45703125,5.0,0.0,912.5016670741736,0.0,0.0041436749642486575,95.5546875,0.0,0.0,0.0,0.0,0.005361270210516641,57.5625,6.0,0.7333377780740937,28583.310179268035,0.0,0.007487410753534006,75.84375,6.0,0.0,975.0,0.0,0.017844748110082603,84.15625,9.0,0.0,0.0,0.0,0.0028379914596046354,73.72265625,6.0,1.0004804039029975,3549.9842205736577,0.0,0.0059480125592255035,56.76953125,5.0,0.1333288903702321,8750.0444513591,0.0,0.008195395789721298,81.38671875,6.0,0.0,2425.0,0.0,0.0018360801214524648,53.52734375,6.0,0.0,235.0,0.0,0.015686651120617442,142.765625,2.0,0.002943319989429503,50.41796875,2.0
2026-05-30T07:09:07Z,0.4666044527396347,255999.99999999997,0.2727272727272727,0.013896538547296436,64.45703125,5.0,0.0,912.5016670741736,0.0,0.0041285350842641,95.5546875,0.0,0.0,0.0,0.0,0.005392656597177544,57.5625,6.0,0.2666311194058275,29000.0,0.0,0.0074835536481521105,75.84375,6.0,0.0,975.0,0.0,0.017147093178237933,84.15625,9.0,0.0,0.0,0.0,0.0028375431367329484,73.72265625,6.0,1.0004804039029975,3549.9842205736577,0.0,0.005958266391069333,56.76953125,5.0,0.1333288903702321,8750.0444513591,0.0,0.008275865968763767,81.38671875,6.0,0.0,2425.0,0.0,0.0018360317523928265,53.52734375,6.0,0.0,235.0,0.0,0.015942993077313134,142.765625,2.0,0.00294210487840168,50.41796875,2.0
2026-05-30T07:09:12Z,0.2667200106688004,280000.0,0.2727272727272727,0.013825569445845787,64.45703125,5.0,0.0,912.5016670741736,0.0,0.004113395204279543,95.5546875,0.0,0.0,0.0,0.0,0.005424042983838447,57.5625,6.0,0.2666311194058275,29000.0,0.0,0.007479696542770214,75.84375,6.0,0.0,0.0,0.0,0.016449438246393257,84.15625,9.0,0.0,0.0,0.0,0.002837094813861262,73.72265625,6.0,0.5333333404434966,4803.454406828449,0.0,0.005968520222913163,56.76953125,5.0,0.0666711114074271,9750.0,0.0,0.008356336147806235,81.38671875,6.0,0.0,2425.0,0.0,0.0018359833833331881,53.52734375,6.0,0.0,235.0,0.0,0.01619933503400883,142.765625,2.0,0.002940889767373857,50.41796875,2.0
2026-05-30T07:09:17Z,0.2667200106688004,280000.0,0.2727272727272727,0.013754600344395136,64.45989583333333,5.0,0.3333111125924938,0.475,0.0,0.004098255324294985,95.5546875,0.0,0.0,0.0,0.0,0.0054554293704993494,57.5625,6.0,0.7332577881463904,29000.0,0.0,0.007475839437388319,76.28630514705883,6.0,0.0,0.0,0.0,0.015751783314548587,84.15625,9.0,0.0,0.0,0.0,0.002836646490989575,74.10885416666666,6.0,0.1999688945174323,7124.752716653085,0.0,0.005978774054756993,56.76953125,5.0,0.0,9750.0,0.0,0.008436806326848702,81.38671875,6.0,0.0,0.0,0.0,0.00183593501427355,53.59348958333333,6.0,0.0,0.0,0.0,0.01645567699070452,142.765625,2.0,0.002939674656346034,50.41796875,2.0
2026-05-30T07:09:22Z,0.2667200106688004,280000.0,0.2727272727272727,0.013683631242944487,64.46276041666667,5.0,0.3333111125924938,0.475,0.0,0.004083115444310429,96.02421875,0.0,0.0,0.0,0.0,0.005486815757160253,57.5625,6.0,0.9334044752666883,29000.0,0.0,0.0074719823320064235,76.72886029411765,6.0,0.0,0.0,0.0,0.01505412838270391,84.15625,9.0,0.0,0.0,0.0,0.002836198168117888,74.49505208333333,6.0,0.1999688945174323,7124.752716653085,0.0,0.005989027886600822,57.139229910714285,5.0,0.0,9750.0,0.0,0.00851727650589117,81.38671875,6.0,0.0,0.0,0.0,0.0018358866452139117,53.65963541666667,6.0,0.0,0.0,0.0,0.016712018947400212,142.765625,2.0,0.002938459545318211,50.40416666666667,2.0
2026-05-30T07:09:27Z,0.4666977798519901,269142.8571428571,0.5,0.013612662141493839,64.465625,5.0,0.3333111125924938,0.475,0.0,0.004067975564325871,96.49375,0.0,0.0,0.0,0.0,0.005518202143821156,57.623372395833336,6.0,0.9334044752666883,29000.0,0.0,0.007468125226624527,77.17141544117646,6.0,0.0,0.0,0.0,0.01435647345085924,84.56588541666666,9.0,0.0,0.0,0.0,0.0028357498452462014,74.88125,6.0,0.600066676445689,6874.704135044198,0.0,0.005999281718444652,57.50892857142857,5.0,0.0,9750.0,0.0,0.008597746684933637,81.70494791666667,6.0,0.0,0.0,0.0,0.0018358382761542735,53.72578125,6.0,0.0,0.0,0.0,0.016968360904095904,141.12565104166666,2.0,0.0029372444342903887,50.39036458333333,2.0
2026-05-30T07:09:32Z,0.4666977798519901,269142.8571428571,0.5,0.01354169304004319,64.46848958333334,5.0,0.0666800026672001,0.475,0.0,0.004052835684341314,96.96328125,0.0,0.0,0.0,0.0,0.005549588530482059,57.684244791666664,6.0,0.4001066951186983,29000.0,0.0,0.007464268121242632,77.61397058823529,6.0,0.0,0.0,0.0,0.013658818519014564,84.97552083333333,9.0,0.0,0.0,0.0,0.0028353015223745144,75.26744791666667,6.0,1.0668444752647912,5999.9666807440335,0.0,0.006009535550288482,57.878627232142854,5.0,0.0,9750.0,0.0,0.008678216863976107,82.02317708333334,6.0,0.0,0.0,0.0,0.0018357899070946353,53.791927083333334,6.0,0.0,0.0,0.0,0.0172247028607916,139.48567708333334,2.0,0.0029360293232625657,50.3765625,2.0
2026-05-30T07:09:37Z,0.4666977798519901,269142.8571428571,0.5,0.013470723938592541,64.47135416666667,5.0,0.0666800026672001,0.475,0.0,0.004037695804356757,97.4328125,0.0,0.0,0.0,0.0,0.005580974917142961,57.7451171875,6.0,0.0,29000.0,0.0,0.0074604110158607365,78.05652573529412,6.0,0.0,0.0,0.0,0.012961163587169894,85.38515625,9.0,0.0,0.0,0.0,0.002834853199502828,75.65364583333333,6.0,1.0668444752647912,5999.9666807440335,0.0,0.006019789382132312,58.248325892857146,5.0,0.0,9750.0,0.0,0.008758687043018576,82.34140625,6.0,0.0,0.0,0.0,0.001835741538034997,53.858072916666664,6.0,0.0,0.0,0.0,0.01748104481748729,137.845703125,2.0,0.002934814212234743,50.36276041666667,2.0
2026-05-30T07:09:42Z,0.0666844491864497,264000.0,0.5,0.01339975483714189,64.47421875,5.0,0.0666800026672001,0.475,0.0,0.0040225559243722,97.90234375,0.0,0.0,0.0,0.0,0.005612361303803865,57.805989583333336,6.0,0.0,29000.0,0.0,0.00745655391047884,78.49908088235294,6.0,0.0,0.0,0.0,0.012263508655325224,85.79479166666667,9.0,0.0,0.0,0.0,0.002834404876631141,76.03984375,6.0,0.5334400213376008,4758.302987077748,0.0,0.006030043213976142,58.61802455357143,5.0,0.0,9750.0,0.0,0.008839157222061043,82.65963541666666,6.0,0.0,0.0,0.0,0.0018356931689753589,53.92421875,6.0,0.0,0.0,0.0,0.017737386774182982,136.20572916666666,2.0,0.00293359910120692,50.348958333333336,2.0
2026-05-30T07:09:47Z,0.0666844491864497,264000.0,0.5,0.013328785735691242,64.47708333333334,5.0,0.6665333599946677,0.475,0.0,0.004007416044387643,98.371875,0.0,0.0,0.0,0.0,0.005643747690464768,57.866861979166664,6.0,0.6665333599946677,29000.0,0.0,0.007452696805096945,78.94163602941177,6.0,0.0,0.0,0.0,0.011565853723480547,86.20442708333333,9.0,0.0,0.0,0.0,0.0028339565537594544,76.42604166666666,6.0,0.3999200159968006,4803.591841264557,0.0,0.006040297045819972,58.987723214285715,5.0,0.0,0.0,0.0,0.008919627401103511,82.97786458333333,6.0,0.0,0.0,0.0,0.0018356447999157205,53.99036458333333,6.0,0.0,0.0,0.0,0.017993728730878674,134.56575520833334,2.0,0.002932383990179097,50.33515625,2.0
2026-05-30T07:09:52Z,0.0666844491864497,264000.0,0.5,0.013257816634240593,64.47994791666666,5.0,0.6665333599946677,0.475,0.0,0.003992276164403086,98.84140625,0.0,0.0,0.0,0.0,0.0056751340771256705,57.927734375,6.0,1.356998042726146,29000.0,0.0,0.0074488396997150486,79.3841911764706,6.0,0.0,0.0,0.0,0.010868198791635877,86.6140625,9.0,0.0,0.0,0.0,0.0028335082308877674,76.81223958333334,6.0,0.3999200159968006,4803.591841264557,0.0,0.006050550877663802,59.357421875,5.0,0.0,0.0,0.0,0.009000097580145978,83.29609375,6.0,0.0,0.0,0.0,0.0018355964308560823,54.05651041666667,6.0,0.0,0.0,0.0,0.01825007068757437,132.92578125,2.0,0.0029311688791512744,50.321354166666666,2.0
2026-05-30T07:09:57Z,1.0663112295901365,59250.0,0.8333333333333333,0.013186847532789942,64.4828125,5.0,0.6665333599946677,0.475,0.0,0.003977136284418529,99.3109375,0.0,0.0,0.0,0.0,0.005706520463786573,57.988606770833336,6.0,1.356998042726146,29000.0,0.0,0.007444982594333153,79.8267463235294,6.0,0.0,0.0,0.0,0.0101705438597912,87.02369791666666,9.0,0.0,0.0,0.0,0.002833059908016081,77.1984375,6.0,1.1381750495538476,4718.75,0.0,0.006060804709507632,59.727120535714285,5.0,0.0,0.0,0.0,0.009080567759188446,83.61432291666667,6.0,0.0,0.0,0.0,0.001835548061796444,54.12265625,6.0,0.0,0.0,0.0,0.01850641264427006,131.28580729166666,2.0,0.0029299537681234515,50.307552083333334,2.0
2026-05-30T07:10:02Z,1.0663112295901365,59250.0,0.8333333333333333,0.013115878431339295,64.48567708333333,5.0,0.1999733368884148,0.475,0.0,0.003961996404433971,99.78046875,0.0,0.0666577789628049,0.475,0.0,0.005737906850447476,58.049479166666664,6.0,0.7571224616942832,29000.0,0.0,0.007441125488951258,80.26930147058823,6.0,0.0,0.0,0.0,0.009472888927946531,87.43333333333334,9.0,0.0,0.0,0.0,0.002832611585144394,77.58463541666667,6.0,1.1382017073338766,4550.000277768519,0.0,0.006071058541351462,60.09681919642857,5.0,0.0,0.0,0.0,0.009161037938230915,83.93255208333333,6.0,0.0,0.0,0.0,0.0018354996927368058,54.188802083333336,6.0,0.0,0.0,0.0,0.018762754600965752,129.64583333333334,2.0,0.0029287386570956285,50.29375,2.0
2026-05-30T07:10:07Z,1.0663112295901365,59250.0,0.8333333333333333,0.013044909329888645,64.48854166666666,5.0,0.1999733368884148,0.475,0.0,0.003946856524449414,100.25,0.0,0.0666577789628049,0.475,0.0,0.00576929323710838,58.1103515625,6.0,0.2666977869644052,29000.0,0.0,0.0074372683835693615,80.71185661764706,6.0,0.0,0.0,0.0,0.008775233996101854,87.84296875,9.0,0.0,0.0,0.0,0.0028321632622727074,77.97083333333333,6.0,1.1382017073338766,4550.000277768519,0.0,0.006081312373195292,60.466517857142854,5.0,0.0,0.0,0.0,0.009241508117273384,84.25078125,6.0,0.0,0.0,0.0,0.0018354513236771676,54.254947916666666,6.0,0.0,0.0,0.0,0.019019096557661444,128.005859375,2.0,0.0029275235460678056,50.279947916666664,2.0
2026-05-30T07:10:12Z,0.0,53625.00000000001,0.8235294117647058,0.012973940228437996,64.49140625,5.0,0.1999733368884148,0.475,0.0,0.003931716644464857,100.71953125,0.0,0.0666577789628049,0.475,0.0,0.005800679623769282,58.171223958333336,6.0,0.2666977869644052,29000.0,0.0,0.007433411278187466,81.15441176470588,6.0,0.0,0.0,0.0,0.008077579064257184,88.25260416666667,9.0,0.0,0.0,0.0,0.0028317149394010204,78.35703125,6.0,0.533351156167438,4270.800382995589,0.0,0.006091566205039121,60.83621651785714,5.0,0.0,0.0,0.0,0.009321978296315852,84.56901041666667,6.0,0.0,0.0,0.0,0.0018354029546175294,54.32109375,6.0,0.0,0.0,0.0,0.019275438514357136,126.36588541666667,2.0,0.0029263084350399826,50.26614583333333,2.0
2026-05-30T07:10:17Z,0.0,53625.00000000001,0.8235294117647058,0.012902971126987347,64.49427083333333,5.0,0.5335111703901301,0.475,0.0,0.0039165767644803,101.1890625,0.0,0.0,0.475,0.0,0.005832066010430185,58.232096354166664,6.0,0.8002400746904967,29000.0,0.0,0.007429554172805571,81.59696691176471,6.0,0.0,0.0,0.0,0.0073799241324125076,88.66223958333333,9.0,0.0,0.0,0.0,0.002831266616529334,78.74322916666667,6.0,0.4668489638844396,4541.609563671387,0.0,0.006101820036882951,61.20591517857143,5.0,0.0,0.0,0.0,0.00940244847535832,84.88723958333334,6.0,0.0,0.0,0.0,0.0018353545855578912,54.38723958333333,6.0,0.0,0.0,0.0,0.01953178047105283,124.72591145833334,2.0,0.00292509332401216,50.25234375,2.0
2026-05-30T07:10:22Z,0.0,53625.00000000001,0.8235294117647058,0.012832002025536696,64.49713541666667,5.0,0.5335111703901301,0.475,0.0,0.0039014368844957426,101.65859375,0.0,0.0,0.475,0.0,0.005863452397091088,58.29296875,6.0,1.0665869012548237,29000.0,0.0,0.0074256970674236745,82.03952205882354,6.0,0.0,0.0,0.0,0.006682269200567838,89.071875,9.0,0.0,0.0,0.0,0.002830818293657647,79.12942708333333,6.0,0.4668489638844396,4541.609563671387,0.0,0.006112073868726781,61.575613839285715,5.0,0.0,0.0,0.0,0.009482918654400787,85.20546875,6.0,0.0,0.0,0.0,0.001835306216498253,54.45338541666667,6.0,0.0,0.0,0.0,0.019788122427748522,123.0859375,2.0,0.002923878212984337,50.23854166666667,2.0
2026-05-30T07:10:27Z,1.13265374108868,47624.99999999999,0.8484848484848485,0.012761032924086048,64.5,5.0,0.5335111703901301,0.475,0.0,0.0038862970045111856,102.128125,0.0,0.0,0.475,0.0,0.005894838783751992,58.29296875,6.0,1.0665869012548237,29000.0,0.0,0.007421839962041779,82.48207720588235,6.0,0.0,0.0,0.0,0.005984614268723168,89.48151041666667,9.0,0.0,0.0,0.0,0.0028303699707859604,79.515625,6.0,1.199649172325388,5374.026696329256,0.0,0.0061223277005706105,61.9453125,5.0,0.0,0.0,0.0,0.009563388833443254,85.52369791666666,6.0,0.0,0.0,0.0,0.0018352578474386146,54.51953125,6.0,0.0,0.0,0.0,0.020044464384444214,123.0859375,2.0,0.0029226631019565142,50.22473958333333,2.0
2026-05-30T07:10:32Z,1.13265374108868,47624.99999999999,0.8484848484848485,0.012690063822635399,64.5,5.0,0.5335111703901301,0.475,0.0,0.0038711571245266287,102.59765625,0.0,0.0,0.475,0.0,0.005926225170412894,58.29296875,6.0,1.0665869012548237,29000.0,0.0,0.007417982856659884,82.92463235294117,6.0,0.0,0.0,0.0,0.005286959336878491,89.89114583333333,9.0,0.0,0.0,0.0,0.0028299216479142734,79.515625,6.0,1.199649172325388,5549.107440885484,0.0,0.0061325815324144405,61.9453125,5.0,0.0,0.0,0.0,0.009643859012485724,85.84192708333333,6.0,0.0,0.0,0.0,0.0018352094783789764,54.51953125,6.0,0.0,0.0,0.0,0.02030080634113991,123.0859375,2.0,0.0029214479909286913,50.2109375,2.0
2026-05-30T07:10:37Z,1.13265374108868,47624.99999999999,0.8484848484848485,0.012619094721184748,64.5,5.0,0.5335111703901301,0.4749999999999999,0.0,0.0038560172445420713,102.59765625,0.0,0.0,0.475,0.0,0.005957611557073797,58.29296875,6.0,1.0665869012548237,29000.0,0.0,0.0074141257512779874,83.3671875,6.0,0.0,0.0,0.0,0.004589304405033821,90.30078125,9.0,0.0,0.0,0.0,0.002829473325042587,79.515625,6.0,1.199649172325388,5439.92296612183,0.0,0.00614283536425827,61.9453125,5.0,0.0,0.0,0.0,0.009724329191528191,86.16015625,6.0,0.0,0.0,0.0,0.0018351611093193382,54.51953125,6.0,0.0,0.0,0.0,0.0205571482978356,123.0859375,2.0,0.0029202328799008683,50.2109375,2.0
2026-05-30T07:10:42Z,1.13265374108868,28200.0,0.823529411764706,0.0125481256197341,64.5,5.0,0.5335111703901301,0.475,0.0,0.0038408773645575143,102.59765625,0.0,0.0,0.475,0.0,0.0059889979437347,58.29296875,6.0,1.0665869012548237,29000.0,0.0,0.007410268645896092,83.3671875,6.0,0.0,0.0,0.0,0.0038916494731891446,90.30078125,9.0,0.0,0.0,0.0,0.0028290250021709,79.515625,6.0,1.199649172325388,6545.524571631229,0.0,0.0061530891961021,61.9453125,5.0,0.0,0.0,0.0,0.00980479937057066,86.16015625,6.0,0.0,0.0,0.0,0.0018351127402597,54.51953125,6.0,0.0,0.0,0.0,0.0205571482978356,123.0859375,2.0,0.002919017768873046,50.2109375,2.0
2026-05-30T07:10:47Z,1.13265374108868,28200.0,0.8235294117647058,0.0125481256197341,64.5,5.0,0.5335111703901301,0.475,0.0,0.0038257374845729573,102.59765625,0.0,0.0,0.0,0.0,0.0059889979437347,58.29296875,6.0,1.0665869012548237,29000.0,0.0,0.007406411540514196,83.3671875,6.0,0.0,0.0,0.0,0.003193994541344475,90.30078125,9.0,0.0,0.0,0.0,0.0028290250021709,79.515625,6.0,1.199649172325388,8129.210220673633,0.0,0.0061530891961021,61.9453125,5.0,0.0,0.0,0.0,0.009885269549613128,86.16015625,6.0,0.0,0.0,0.0,0.0018351127402597,54.51953125,6.0,0.0,0.0,0.0,0.0205571482978356,123.0859375,2.0,0.002917802657845223,50.2109375,2.0
2026-05-30T07:10:52Z,1.13265374108868,28200.0,0.8235294117647058,0.0125481256197341,64.5,5.0,0.5335111703901301,0.475,0.0,0.0038105976045884,102.59765625,0.0,0.0,0.0,0.0,0.0059889979437347,58.29296875,6.0,1.0665869012548237,29000.0,0.0,0.0074025544351323,83.3671875,6.0,0.0,0.0,0.0,0.0024963396094998,90.30078125,9.0,0.0,0.0,0.0,0.0028290250021709,79.515625,6.0,1.199649172325388,8111.786501281333,0.0,0.0061530891961021,61.9453125,5.0,0.0,0.0,0.0,0.009965739728655595,86.16015625,6.0,0.0,0.0,0.0,0.0018351127402597,54.51953125,6.0,0.0,0.0,0.0,0.0205571482978356,123.0859375,2.0,0.0029165875468174,50.2109375,2.0
2026-05-30T07:10:57Z,1.13265374108868,28300.0,0.823529411764706,0.0125481256197341,64.5,5.0,0.5335111703901301,0.475,0.0,0.0038105976045884,102.59765625,0.0,0.0,0.0,0.0,0.0059889979437347,58.29296875,6.0,1.0665869012548237,29000.0,0.0,0.0074025544351323,83.3671875,6.0,0.0,0.0,0.0,0.0024963396094998,90.30078125,9.0,0.0,0.0,0.0,0.0028290250021709,79.515625,6.0,1.199649172325388,8135.21598316362,0.0,0.0061530891961021,61.9453125,5.0,0.0,0.0,0.0,0.010046209907698063,86.16015625,6.0,0.0,0.0,0.0,0.0018351127402597,54.51953125,6.0,0.0,0.0,0.0,0.0205571482978356,123.0859375,2.0,0.0029165875468174,50.2109375,2.0
2026-05-30T07:11:02Z,1.13265374108868,28300.0,0.823529411764706,0.0125481256197341,64.5,5.0,1.1335308474668726,0.0,0.0,0.0038105976045884,102.59765625,0.0,0.009524444486775299,0.0,0.0,0.0059889979437347,58.29296875,6.0,0.4663868345659271,29000.0,0.0,0.0074025544351323,83.3671875,6.0,0.0,0.0,0.0,0.0024963396094998,90.30078125,9.0,0.0,0.0,0.0,0.0028290250021709,79.515625,6.0,0.8662046908315566,7499.999999999996,0.0,0.0061530891961021,61.9453125,5.0,0.0,0.0,0.0,0.01012668008674053,86.16015625,6.0,0.0,0.0,0.0,0.0018351127402597,54.51953125,6.0,0.4571879414609073,0.0,0.0,0.0205571482978356,123.0859375,2.0,0.0029165875468174,50.2109375,2.0
2026-05-30T07:11:07Z,1.13265374108868,28300.0,0.8235294117647058,0.0125481256197341,64.5,5.0,1.7335505245436151,0.0,0.0,0.0038105976045884,102.59765625,0.0,0.019048888973550598,0.0,0.0,0.0059889979437347,58.29296875,6.0,0.3734950347130679,6356.21629500073,0.0,0.0074025544351323,83.3671875,6.0,0.0,0.0,0.0,0.0024963396094998,90.30078125,9.0,0.0,0.0,0.0,0.0028290250021709,79.515625,6.0,0.8662046908315566,7499.999999999995,0.0,0.0061530891961021,61.9453125,5.0,0.0,0.0,0.0,0.010207150265783,86.16015625,6.0,0.0,0.0,0.0,0.0018351127402597,54.51953125,6.0,0.9143758829218146,0.0,0.0,0.0205571482978356,123.0859375,2.0,0.0029165875468174,50.2109375,2.0
2026-05-30T07:11:12Z,2.2413641557528345,5999.999999999987,0.8235294117647057,0.0125481256197341,64.5,6.0,2.3335702016203577,0.0,0.0,0.0038105976045884,102.59765625,0.0,0.028573333460325895,0.0,0.0,0.0059889979437347,58.29296875,7.0,0.3734950347130679,4976.6945958694605,0.0,0.0074025544351323,83.3671875,7.0,0.0439367311072056,0.0,0.0,0.0024963396094998,90.30078125,10.0,0.02196498780943175,0.0,0.0,0.0028290250021709,79.515625,7.0,3.5623621131504226,219.99999999999935,0.0,0.0061530891961021,61.9453125,6.0,0.2199397365121956,0.0,0.0,0.010207150265783,86.16015625,7.0,0.2637072849137457,0.0,0.0,0.0018351127402597,54.51953125,7.0,1.371563824382722,0.0,0.0,0.0205571482978356,123.0859375,3.0,0.0029165875468174,50.2109375,2.0
2026-05-30T07:11:17Z,2.2413641557528345,5999.999999999987,0.8235294117647057,0.0125481256197341,64.5,6.0,2.9335898786971004,0.0,0.0,0.0038105976045884,102.59765625,0.0,0.038097777947101195,0.0,0.0,0.0059889979437347,58.29296875,7.0,0.3734950347130679,4886.8904914504255,0.0,0.0074025544351323,83.3671875,7.0,0.0439367311072056,0.0,0.0,0.0024963396094998,90.30078125,10.0,0.0439299756188635,0.0,0.0,0.0028290250021709,79.515625,7.0,3.5623621131504226,219.99999999999935,0.0,0.0061530891961021,61.9453125,6.0,0.2199397365121956,0.0,0.0,0.010207150265783,86.16015625,7.0,0.2637072849137457,0.0,0.0,0.0018351127402597,54.51953125,7.0,1.8287517658436292,0.0,0.0,0.0205571482978356,127.19921875,3.0,0.0029165875468174,50.2109375,2.0
2026-05-30T07:11:22Z,2.2413641557528345,5999.999999999987,0.8235294117647057,0.0125481256197341,66.57421875,6.0,3.533609555773843,0.0,0.0,0.0038105976045884,102.59765625,0.0,0.047622222433876496,0.0,0.0,0.0059889979437347,60.39453125,7.0,9.133333333333333,7.222222222222216,0.0,0.0074025544351323,83.3671875,7.0,0.0439367311072056,0.0,0.0,0.0024963396094998,90.30078125,10.0,0.0439299756188635,0.0,0.0,0.0028290250021709,84.96484375,7.0,3.5623621131504226,219.99999999999935,0.0,0.0061530891961021,62.66015625,6.0,0.2199397365121956,0.0,0.0,0.010207150265783,86.16015625,7.0,0.2637072849137457,0.0,0.0,0.0018351127402597,54.9140625,7.0,2.2859397073045367,0.0,0.0,0.0246269036624688,127.19921875,3.0,0.0029165875468174,50.2109375,2.0
2026-05-30T07:11:27Z,2.466666666666667,3166.666666666662,0.0,0.0151715002684492,66.57421875,6.0,4.133629232850585,0.0,0.0,0.0038105976045884,102.59765625,0.0,0.05714666692065179,0.0,0.0,0.0069423412435445,60.39453125,7.0,9.133333333333333,7.222222222222213,0.0,0.0074025544351323,83.3671875,7.0,0.0666711114074271,9.75,0.0,0.0024963396094998,90.30078125,10.0,0.0553005435131453,0.0,0.0,0.0034234329111869,84.96484375,7.0,15.533333333333331,3.745121219003758,0.0,0.0074413974802884,62.66015625,6.0,1.7333333333333334,2004.9999999999995,0.0,0.010207150265783,86.16015625,7.0,0.4666666666666667,23.25,0.0,0.0022361952117943,54.9140625,7.0,2.743127648765444,0.0,0.0,0.0286966590271021,127.19921875,3.0,0.0029165875468174,50.2109375,2.0
2026-05-30T07:11:32Z,2.466666666666667,3166.666666666668,0.0,0.0177948749171643,66.57421875,6.0,4.733648909927328,4.84865280251838,0.0,0.0038105976045884,100.50390625,0.0,0.0666711114074271,24.25,0.0,0.005504182629682,60.33984375,7.0,15.733773362668622,4.994747979933874,0.0,0.0074025544351323,80.43359375,7.0,0.0666711114074271,9.75,0.0,0.0024963396094998,88.71875,10.0,0.0666711114074271,242.5,0.0,0.004017840820203,84.96484375,7.0,27.600804498077647,3.8185212919289833,0.0,0.0087297057644747,62.66015625,6.0,3.600124452741294,1654.6489668171894,0.0,0.010207150265783,86.16015625,7.0,0.8000222237038025,22.66274966816279,0.0,0.002637277683329,54.9140625,7.0,3.200315590226351,9.700253908049634,0.0,0.0327664143917354,127.19921875,3.0,0.0029165875468174,50.21875,2.0
2026-05-30T07:11:37Z,2.466666666666667,3166.666666666665,0.0,0.0204182495658795,66.57421875,6.0,4.866991132742182,4.847517075846126,0.0,0.0044328985492577,100.50390625,0.0,0.1333422228148543,24.25,0.0,0.0061889655790631,60.33984375,7.0,13.867591172744849,4.83197424533141,0.0,0.008756350052384,80.43359375,7.0,0.1333422228148543,9.649814891142745,0.0,0.0030162587184055,88.71875,10.0,0.1333422228148543,239.3148721588693,0.0,0.004612248729219,84.96484375,7.0,27.934160055114784,3.8017307026583222,0.0,0.0095991950502188,62.96484375,6.0,3.600124452741294,1636.8966096713064,0.0,0.010207150265783,86.16015625,7.0,0.9333644465186568,22.441144785133385,0.0,0.0020477666666674,54.9140625,7.0,3.200315590226351,9.697999165224738,0.0,0.0252221106636397,129.109375,3.0,0.0033746087702882,50.21875,2.0
2026-05-30T07:11:42Z,3.1337511668222437,1974.9999999999968,0.2261904761904762,0.0194851232988934,67.0625,6.0,4.866991132742182,4.847589671639098,0.0,0.0050551994939271,100.50390625,0.0,0.1333422228148543,24.25,0.0,0.0068737485284441,60.33984375,7.0,13.867591172744849,4.829240107571156,0.0,0.0090329379088787,80.98046875,7.0,0.0666711114074271,9.418250388940908,0.0,0.0026823666666662,88.71875,10.0,0.1333422228148543,239.238644184446,0.0,0.0036515666666673,84.96484375,7.0,20.60137342489499,3.6353286896297528,0.0,0.0108595356399001,62.96484375,6.0,3.266884458963931,803.0992523566113,0.0,0.010207150265783,86.16015625,7.0,0.6667111140742716,20.58378769182084,0.0,0.0020477666666674,54.9140625,7.0,3.200315590226351,9.696422869333972,0.0,0.0333192417230318,129.109375,3.0,0.003832629993759,50.21875,2.0
2026-05-30T07:11:47Z,3.1337511668222437,1974.9999999999927,0.2261904761904762,0.0261460465382282,67.0625,6.0,5.133346689481541,4.821437623772253,0.0,0.0056775004385965,100.50390625,0.0,0.1999955564444246,23.7430374216638,0.0,0.008217395392572,60.33984375,7.0,10.200288934223506,4.854921794371329,0.0,0.0102685663161996,80.98046875,7.0,0.0666711114074271,9.41332998764917,0.0,0.0038769244337208,87.4375,10.0,0.0666711114074271,232.1109051586335,0.0,0.0053996984584988,77.671875,7.0,11.800351163557115,3.745014769825624,0.0,0.0121198762295813,62.96484375,6.0,1.6000800071114665,1191.6006408739445,0.0,0.010207150265783,85.1640625,7.0,0.4000177795556345,21.08142746794492,0.0,0.0051487364241208,56.41796875,7.0,0.4666533342221629,8.946685682395993,0.0,0.0250972999530048,129.78125,3.0,0.0040625572238689,50.82421875,2.0
2026-05-30T07:11:52Z,3.1337511668222437,1974.9999999999984,0.2261904761904762,0.0261460465382282,67.0625,6.0,5.13333780000002,4.8242061051759535,0.0,0.0059635099527665,186.05859375,0.0,0.2666577783703309,22.75,0.0,0.0069902198462527,61.3046875,7.0,4.7998044574806125,4.828266818745265,0.0,0.0115041947235205,80.98046875,7.0,0.0,9.517210168314246,0.0,0.0043613099048371,87.4375,10.0,0.0,235.3847890886099,0.0,0.0053996984584988,77.671875,7.0,11.46699560651998,3.812565169973941,0.0,0.0115719149130632,62.828125,6.0,1.6000800071114665,1247.1800111083332,0.0,0.010207150265783,85.1640625,7.0,0.2666755567407802,21.27428165305809,0.0,0.0051487364241208,56.41796875,7.0,0.4666533342221629,8.947068298349135,0.0,0.0250972999530048,129.78125,3.0,0.0053250049629906,50.82421875,2.0
2026-05-30T07:11:57Z,1.8665422305179653,1299.999999999997,0.4017857142857143,0.0261460465382282,67.0625,6.0,5.13333780000002,4.825908139085129,0.0,0.0053412090080971,186.05859375,0.0,0.2666577783703309,22.75,0.0,0.0069902198462527,61.3046875,7.0,4.7998044574806125,4.822972286449852,0.0,0.0113082607133219,81.875,7.0,0.0,9.477433980091003,0.0,0.0048456953759534,87.4375,10.0,0.0,235.798515625,0.0,0.0053996984584988,77.671875,7.0,4.93333782192891,3.7806365989439055,0.0,0.0115719149130632,62.828125,6.0,0.1999866675554963,964.7918749999862,0.0,0.010207150265783,85.1640625,7.0,0.0666622225184987,20.90464484889079,0.0,0.0051487364241208,56.41796875,7.0,0.4666533342221629,8.947371515789154,0.0,0.0250972999530048,129.78125,3.0,0.0053250049629906,50.82421875,2.0
2026-05-30T07:12:02Z,1.8665422305179653,1299.999999999997,0.4017857142857143,0.0209791127755712,66.859375,6.0,4.9338044960061245,4.761226623837416,0.0,0.0047189080634278,186.05859375,0.0,0.1333333333333333,22.75,0.0,0.0042494475323109,61.3046875,7.0,5.600497844156999,4.826903426661959,0.0,0.0113082607133219,81.875,7.0,0.0,9.4375104170139,0.0,0.0054902727059162,87.80078125,10.0,0.0,233.12518750625023,0.0,0.0053996984584988,77.671875,7.0,6.000800106680891,3.885162961641239,0.0,0.0115719149130632,62.828125,6.0,0.4667288971862915,1089.9753322369868,0.0,0.008743639549855,85.9765625,7.0,0.1333511134817975,20.99994860896596,0.0,0.0044490199466306,56.3984375,7.0,0.7334133428160001,8.949996888695292,0.0,0.0121417816813069,129.78125,3.0,0.0050561056105618,50.85546875,2.0
2026-05-30T07:12:07Z,1.8665422305179653,1299.999999999997,0.4017857142857143,0.0163308733429877,66.859375,6.0,4.800471162672791,4.759883362460323,0.0,0.0040966071187584,186.05859375,0.0,0.0,22.75,0.0,0.00372205256236,61.16796875,7.0,9.134551273503137,4.700373920513838,0.0,0.0113082607133219,81.875,7.0,0.0,9.5,0.0,0.0054902727059162,87.80078125,10.0,0.0,234.9999166592586,0.0,0.003868667158461,77.859375,7.0,6.000800106680891,3.8888662559175993,0.0,0.0090669935378894,62.72265625,6.0,0.4667288971862915,1089.9753322369868,0.0,0.008743639549855,85.9765625,7.0,0.1333511134817975,21.12493888518493,0.0,0.0043308836617933,56.3984375,7.0,0.7334133428160001,8.949996888695292,0.0,0.0095906921685503,129.78125,3.0,0.0050561056105618,50.85546875,2.0
2026-05-30T07:12:12Z,3.200640128025605,50.0,0.4634146341463414,0.0194144679743072,66.75390625,6.0,4.800471162672791,4.756558553431809,0.0,0.0040966071187584,186.05859375,0.0,0.0,22.75,0.0,0.00372205256236,61.16796875,7.0,9.134551273503137,4.700373920513838,0.0,0.0127157881990697,83.078125,7.0,0.266648890073995,4.8,0.0,0.0054902727059162,87.80078125,10.0,0.0,234.9999166592586,0.0,0.003868667158461,77.859375,7.0,21.934151236168024,3.758251286446777,0.0,0.0090669935378894,62.72265625,6.0,1.6669689451958931,7.944431755046603,0.0,0.008743639549855,85.9765625,7.0,1.2669111588241992,3.399983702606229,0.0,0.0043308836617933,56.3984375,7.0,0.7334133428160001,8.949996888695292,0.0,0.0085788770284414,129.78125,3.0,0.0039909637352192,51.3828125,2.0
2026-05-30T07:12:17Z,3.200640128025605,50.0,0.4634146341463414,0.0194144679743072,66.75390625,6.0,2.4,9.124966663703404,0.0,0.0385182967883232,193.078125,0.0,0.3333333333333333,77.49949995555158,0.0,0.0041911673978617,62.203125,7.0,13.334053429346136,4.735759957568008,0.0,0.011448503655641,83.078125,7.0,0.266648890073995,4.8,0.0,0.0052056352972369,87.80078125,10.0,0.2666666666666666,4.8,0.0,0.004081962212692,78.78125,7.0,30.93357338134293,3.661663015016881,0.0,0.0090669935378894,62.72265625,6.0,3.266906714676269,6.24998444368391,0.0,0.0040776327064722,85.9765625,7.0,1.9335600453424016,3.799978665315465,0.0,0.0042426006366176,56.4921875,7.0,2.6,7.049999999999996,0.0,0.0071403204305952,131.15625,3.0,0.0048846182040305,51.3828125,2.0
2026-05-30T07:12:22Z,3.200640128025605,50.0,0.4634146341463414,0.0173899354624836,68.140625,6.0,6.533057796146924,21.42596460324576,0.0,0.043444666152973,193.078125,0.0,0.7333066684443259,82.49997222129626,0.0,0.004300165023862,62.203125,7.0,18.533871158224613,4.749851474462124,0.0,0.013646680509364,84.40625,7.0,0.6666222251849876,4.8,0.0,0.0052160654160638,87.88671875,10.0,0.6666400017776593,4.8,0.0,0.0030264406264686,78.78125,7.0,31.80018227408342,3.6715412643254455,0.0,0.0068302297689649,62.72265625,6.0,3.266906714676269,6.24998444368391,0.0,0.0068556011361856,86.3359375,7.0,2.733506715564387,3.6666503695527672,0.0,0.0026140449113915,56.4921875,7.0,2.6,7.049999999999996,0.0,0.0071403204305952,131.15625,3.0,0.0048846182040305,51.3828125,2.0
2026-05-30T07:12:27Z,2.7333333333333334,59.99999999999985,0.3247863247863248,0.0192308805475425,68.140625,6.0,6.533057796146924,20.461755414587287,0.0,0.0591164323757967,193.078125,0.0,0.7333066684443259,82.49997222129623,0.0,0.004300165023862,62.203125,7.0,18.533871158224613,4.749851474462123,0.0,0.013646680509364,84.40625,7.0,0.6000000053336889,4.800000000000001,0.0,0.0052160654160638,87.88671875,10.0,0.6666400017776593,4.8,0.0,0.0039643798663476,78.78125,7.0,31.668644719739643,3.71144045030249,0.0,0.0095410465868625,62.65234375,6.0,4.266666666666668,6.458329166527767,0.0,0.0089483133521392,86.3359375,7.0,2.7999466702219853,2.7599717322026187,0.0,0.0033825632911381,56.4921875,7.0,2.6,7.049999999999996,0.0,0.0071403204305952,131.15625,3.0,0.004836426478323,51.39453125,2.0
2026-05-30T07:12:32Z,2.7333333333333334,59.99999999999985,0.3247863247863248,0.0220913410207071,68.140625,6.0,7.000297910836529,9.482009619886137,0.0,0.0513211703164264,193.265625,0.0,0.6000133431125929,79.99999999999994,0.0,0.0035156136356464,62.203125,7.0,18.002018120950492,4.760903365858495,0.0,0.0138202879364579,84.40625,7.0,0.6000000053336889,4.800000000000001,0.0,0.005084472865339,87.88671875,10.0,0.666693345779793,4.800000000000001,0.0,0.0039643798663476,78.78125,7.0,33.93843201053113,3.542849872383928,0.0,0.0095410465868625,62.65234375,6.0,4.667160098686404,6.750014815802524,0.0,0.0089483133521392,86.3359375,7.0,2.9334667075627867,3.4444966282202287,0.0,0.0036241354638678,56.58984375,7.0,2.7338801093552045,6.541665277638877,0.0,0.0080240510355554,132.2890625,3.0,0.004725359764663,51.39453125,2.0
2026-05-30T07:12:37Z,2.7333333333333334,59.99999999999985,0.3247863247863248,0.02317170927127,67.3203125,6.0,6.4679424750132055,8.07293931941091,0.0,0.0513211703164264,193.265625,0.0,0.3333911214833979,80.0,0.0,0.0041417217131896,62.3984375,7.0,18.00221812717443,4.746010087377401,0.0,0.0138202879364579,84.40625,7.0,0.3333777837044939,4.8,0.0,0.0049221018274278,87.86328125,10.0,0.400071124150598,4.8,0.0,0.0037215156224444,78.3828125,7.0,33.40520090149514,3.5462615317337245,0.0,0.0115789844851864,62.65234375,6.0,4.667160098686404,6.750014815802524,0.0,0.0097482637549172,86.3515625,7.0,2.4002222643043964,3.520041868737297,0.0,0.0036241354638678,56.58984375,7.0,2.7338801093552045,6.541665277638877,0.0,0.0092517593486961,132.2890625,3.0,0.004120736856775,51.39453125,2.0
2026-05-30T07:12:42Z,3.33377783704494,67.9166666666667,0.0863309352517985,0.0244530438735987,67.3203125,6.0,6.4679424750132055,7.811090895947673,0.0,0.0411525898540229,192.95703125,0.0,0.3333911214833979,80.0,0.0,0.0041417217131896,62.3984375,7.0,18.00221812717443,4.746010087377401,0.0,0.0190695066721573,84.28125,7.0,0.2000222248892247,4.8,0.0,0.0049221018274278,87.86328125,10.0,0.400071124150598,4.8,0.0,0.0037215156224444,78.3828125,7.0,32.53584517849711,3.4039331121633274,0.0,0.0115789844851864,62.65234375,6.0,4.734129027876963,6.5909090909090855,0.0,0.0097482637549172,86.3515625,7.0,2.400302269638085,3.3091073293827877,0.0,0.0036241354638678,56.58984375,7.0,2.7338801093552045,6.541665277638877,0.0,0.0092517593486961,132.2890625,3.0,0.0037269568763864,51.39453125,2.0
2026-05-30T07:12:47Z,3.33377783704494,67.9166666666667,0.0863309352517985,0.0255590364634865,67.3203125,6.0,6.33385348358205,7.387263268738684,0.0,0.0411525898540229,192.95703125,0.0,0.1333511134817975,79.99999999999999,0.0,0.0041417217131896,62.3984375,7.0,19.53347564859405,4.740861287897788,0.0,0.0190695066721573,84.28125,7.0,0.2000222248892247,4.8,0.0,0.0049212913703301,87.86328125,10.0,0.1333511134817975,4.8,0.0,0.0039209789277136,78.3828125,7.0,29.66520905540555,3.314152012783208,0.0,0.0123572327763773,62.6171875,6.0,4.266835604745522,6.596138558851177,0.0,0.0112475723908738,86.3671875,7.0,2.333391125037768,3.51425795698071,0.0,0.0039842964960736,56.92578125,7.0,3.1332311179254715,6.093751736207571,0.0,0.0070681269767455,132.2890625,3.0,0.004917581543358,51.1875,2.0
2026-05-30T07:12:52Z,3.33377783704494,67.9166666666667,0.0863309352517985,0.0277612678535093,67.87109375,6.0,5.132991133924405,6.625513971006401,0.0,0.0213926743100649,192.95703125,0.0,0.0,80.0,0.0,0.0048320025050869,62.3984375,7.0,14.7994044841455,4.72031558911612,0.0,0.0170980193670386,84.765625,7.0,0.0666711114074271,4.800000000000001,0.0,0.0047230017798749,87.8671875,10.0,0.0,4.8,0.0,0.0036672445104828,78.578125,7.0,29.33183127170106,3.3141514166212045,0.0,0.0140804578633055,62.6171875,6.0,4.266835604745522,6.596138558851177,0.0,0.0112475723908738,86.3671875,7.0,2.066688898074173,3.514259045224279,0.0,0.0039842964960736,56.92578125,7.0,3.1332311179254715,6.093751736207571,0.0,0.009112963763435,134.34765625,3.0,0.004917581543358,51.1875,2.0
2026-05-30T07:12:57Z,2.599826678221452,48.53448275862068,0.0,0.0277612678535093,67.87109375,6.0,5.132991133924405,6.333257137801862,0.0,0.0272362012987012,192.95703125,0.0,0.0,80.0,0.0,0.0040030850854781,62.42578125,7.0,14.7994044841455,4.72031558911612,0.0,0.0169841062653554,84.765625,7.0,0.0,4.8,0.0,0.0047230017798749,87.8671875,10.0,0.0,4.8,0.0,0.0036672445104828,78.578125,7.0,30.13556511715649,3.321608775073513,0.0,0.0140804578633055,62.6171875,6.0,3.999866675554963,5.958333333333324,0.0,0.0112475723908738,86.3671875,7.0,1.5332755594071503,3.4571577328277106,0.0,0.0039842964960736,56.92578125,7.0,3.1332311179254715,6.093751736207571,0.0,0.0115162641351363,134.34765625,3.0,0.004917581543358,51.1875,2.0
2026-05-30T07:13:02Z,2.599826678221452,48.53448275862068,0.0,0.0271732608844642,67.87109375,6.0,4.400240090681959,4.886937619226804,0.0,0.0206188427856087,191.69921875,0.0,0.0,69.99911101233467,0.0,0.0040030850854781,62.42578125,7.0,11.801186904047476,4.7013355276720885,0.0,0.0169841062653554,84.765625,7.0,0.0,4.8,0.0,0.0038218771271799,87.8125,10.0,0.0,4.799999999999999,0.0,0.0036672445104828,78.578125,7.0,27.73848102953924,3.319747144811243,0.0,0.0135615053642235,62.54296875,6.0,3.6670000666800022,6.062547225370576,0.0,0.0092167316176518,86.3671875,7.0,1.2001066880042677,3.2333977806421004,0.0,0.0038355977957743,57.0625,7.0,2.7336933928999727,4.928813559322034,0.0,0.0115162641351363,134.34765625,3.0,0.0047562158756826,51.26171875,2.0
2026-05-30T07:13:07Z,2.599826678221452,48.53448275862068,0.0,0.0271732608844642,67.87109375,6.0,4.534071236170157,4.825792988182281,0.0,0.0206188427856087,191.69921875,0.0,0.0,24.25,0.0,0.0033725233295005,62.42578125,7.0,13.802235932806866,4.699049242264124,0.0,0.0137823191658981,84.765625,7.0,0.0,4.799999999999999,0.0,0.0046069531286741,87.8125,10.0,0.0,4.800000000000001,0.0,0.0032456397858747,78.578125,7.0,27.73848102953924,3.3151385946074767,0.0,0.0131542410651344,62.54296875,6.0,3.6670000666800022,6.062547225370576,0.0,0.0107571039571353,86.234375,7.0,1.2001066880042677,3.290980718446235,0.0,0.0038355977957743,57.0625,7.0,2.7336933928999727,4.928813559322034,0.0,0.0115162641351363,134.34765625,3.0,0.0047562158756826,51.26171875,2.0
2026-05-30T07:13:12Z,2.533840101353604,47.0625,0.0,0.02511630355552,68.22265625,6.0,4.534071236170157,4.825094730883568,0.0,0.0188350877192982,191.50390625,0.0,0.0,24.25,0.0,0.0034193392455417,62.40625,7.0,13.802235932806866,4.699049242264124,0.0,0.0144074440922661,84.73828125,7.0,0.0,4.8,0.0,0.0046069531286741,87.8125,10.0,0.0,4.800000000000001,0.0,0.0032284902048,78.2265625,7.0,22.668973778753617,3.2641390641309447,0.0,0.0131542410651344,62.54296875,6.0,3.46724009868427,5.795476035098267,0.0,0.0107571039571353,86.234375,7.0,1.13352003200569,3.650019353298632,0.0,0.0038355977957743,57.0625,7.0,2.7336933928999727,4.928813559322034,0.0,0.0116555646878617,136.69921875,3.0,0.0047255317309351,51.2734375,2.0
2026-05-30T07:13:17Z,2.533840101353604,47.0625,0.0,0.02511630355552,68.22265625,6.0,4.866848944301611,4.808025204987293,0.0,0.0103618639686876,191.50390625,0.0,0.0666622225184987,24.25,0.0,0.0030329626800212,62.40625,7.0,18.067035740756367,4.661690543420848,0.0,0.0144074440922661,84.73828125,7.0,0.0,4.8,0.0,0.0046069531286741,87.8125,10.0,0.0,4.8,0.0,0.0032255341970805,78.2265625,7.0,22.13292007555692,3.217034290256547,0.0,0.0120682764865683,62.48046875,6.0,3.2668089274112404,4.964196140760111,0.0,0.0107571039571353,86.234375,7.0,1.1333777908160791,3.1499837494270766,0.0,0.0031033980638058,57.0625,7.0,3.066564451258805,4.924590163934425,0.0,0.0123633292466969,136.69921875,3.0,0.0047255317309351,51.2734375,2.0
2026-05-30T07:13:22Z,2.533840101353604,47.0625,0.0,0.0247854611988794,68.22265625,6.0,4.266631129481324,4.791999908441362,0.0,0.0096812226224082,191.1953125,0.0,0.1333288891851654,24.25,0.0,0.0030329626800212,62.40625,7.0,19.132653378663644,4.641480731976121,0.0,0.0120927669737276,84.73828125,7.0,0.0666666666666666,4.8,0.0,0.0045112808627395,87.734375,10.0,0.0666666666666666,4.8,0.0,0.0032255341970805,78.2265625,7.0,22.26625340889025,3.2338154623048374,0.0,0.0120682764865683,62.48046875,6.0,3.2668089274112404,4.964196140760111,0.0,0.0097208590318128,86.26953125,7.0,1.266711124149413,2.942829930532402,0.0,0.0034403836446241,57.62890625,7.0,3.066564451258805,4.924590163934425,0.0,0.0123633292466969,136.69921875,3.0,0.0047255317309351,51.2734375,2.0
2026-05-30T07:13:27Z,2.2,47.33333333333334,0.0,0.020436852031536,68.22265625,6.0,4.266631129481324,4.791999908441362,0.0,0.0096812226224082,191.1953125,0.0,0.1333288891851654,24.25,0.0,0.0030329626800212,62.40625,7.0,19.132653378663644,4.641480731976121,0.0,0.0130784345967306,85.41015625,7.0,0.1333466693338667,4.8,0.0,0.0045112808627395,87.734375,10.0,0.0666666666666666,4.8,0.0,0.0032255341970805,78.2265625,7.0,23.067498037061718,3.24644475310215,0.0,0.0109425322108004,56.9375,6.0,2.7998133457769483,4.928378378378379,0.0,0.0097208590318128,86.26953125,7.0,1.0666577819258865,3.066639504596153,0.0,0.0034403836446241,57.62890625,7.0,3.066564451258805,4.924590163934425,0.0,0.0112185290742863,137.48046875,3.0,0.0045553318538494,51.69140625,2.0
2026-05-30T07:13:32Z,2.2,47.33333333333334,0.0,0.0245531293874257,67.96484375,6.0,3.8004934160154695,4.791919466742272,0.0,0.0089539972023542,191.1953125,0.0,0.1333466693338667,24.25,0.0,0.0033058741285172,61.74609375,7.0,16.134773621390945,4.650858239750937,0.0,0.0130784345967306,85.41015625,7.0,0.1333466693338667,4.8,0.0,0.0045112808627395,87.734375,10.0,0.1333422234075654,4.8,0.0,0.0031549084467577,78.390625,7.0,22.93675171358641,3.256450104406309,0.0,0.0109425322108004,56.9375,6.0,2.8002045090483776,4.902015781230261,0.0,0.0097208590318128,86.26953125,7.0,1.000120020448297,2.8400341357939523,0.0,0.0033250301889973,57.62890625,7.0,2.5338401013536043,4.85984251444895,0.0,0.0103829034467033,137.48046875,3.0,0.0045553318538494,51.69140625,2.0
2026-05-30T07:13:37Z,2.2,47.33333333333334,0.0,0.0244208833319342,67.96484375,6.0,4.533902312312575,4.812935178927778,0.0,0.0073179278079829,191.1953125,0.0,0.2000311161489976,24.25,0.0,0.0036960732367832,61.74609375,7.0,16.13596489133805,4.650371216178227,0.0,0.0130784345967306,85.41015625,7.0,0.2000311161489976,4.8,0.0,0.0047293822731247,87.6328125,10.0,0.2000266702226963,4.799999999999999,0.0,0.00310472340541,78.390625,7.0,23.13679616395757,3.262084127030841,0.0,0.0109425322108004,56.9375,6.0,2.8002045090483776,4.902015781230261,0.0,0.0095161067051091,86.26953125,7.0,1.133488914078559,3.3428741962156145,0.0,0.0033250301889973,57.62890625,7.0,2.5338401013536043,4.85984251444895,0.0,0.0103829034467033,137.48046875,3.0,0.0045553318538494,51.69140625,2.0
2026-05-30T07:13:42Z,2.867048939858648,53.33333333333311,0.0,0.0244208833319342,67.96484375,6.0,4.533902312312575,4.812935178927778,0.0,0.0052466,191.1953125,0.0,0.2000311161489976,24.25,0.0,0.0043695190873368,61.7578125,7.0,16.13596489133805,4.650371216178227,0.0,0.0140608205182819,85.41015625,7.0,0.4000000035557926,4.799999999999999,0.0,0.0047293822731247,87.6328125,10.0,0.2000266702226963,4.799999999999999,0.0,0.0032538966106349,78.5546875,7.0,27.002173752081617,3.2333660979889505,0.0,0.0115926465173867,56.9609375,6.0,2.9338223069781755,4.932867661491747,0.0,0.0076317193252745,86.26953125,7.0,2.000213362375112,3.2571491162622324,0.0,0.002553747873782,57.62890625,7.0,2.5338401013536043,4.85984251444895,0.0,0.0103829034467033,137.48046875,3.0,0.0047138262559538,51.4765625,2.0
2026-05-30T07:13:47Z,2.867048939858648,53.33333333333311,0.0,0.0244208833319342,67.96484375,6.0,5.266862237630972,4.831840666861557,0.0,0.0092921698152901,190.0625,0.0,0.4000177801484642,38.74983331851717,0.0,0.0043695190873368,61.7578125,7.0,18.33452460328044,4.642422786268238,0.0,0.0148225761333743,85.87890625,7.0,0.4000000035557926,4.799999999999999,0.0,0.0050126669129685,85.0859375,10.0,0.4667066705189334,4.8,0.0,0.0032538966106349,78.5546875,7.0,30.000240032004267,3.347377421306619,0.0,0.0112458137192883,56.9609375,6.0,3.400195581633106,4.964028156318184,0.0,0.009841863851474,86.171875,7.0,2.2001200103713776,3.4749854156133466,0.0,0.003654855369509,56.11328125,7.0,2.8665733395551407,4.8890625,0.0,0.0099782775747366,131.15625,3.0,0.0047418461682857,51.4765625,2.0
2026-05-30T07:13:52Z,2.867048939858648,53.33333333333311,0.0,0.0256456732585943,68.078125,6.0,6.199973335110992,4.829767478782189,0.0,0.0092921698152901,190.0625,0.0,0.4666533342221629,35.00016667037046,0.0,0.0043695190873368,61.7578125,7.0,21.13328000355532,4.631858370009853,0.0,0.0154948981033937,85.87890625,7.0,0.4666355576294914,4.8,0.0,0.0049956025218196,85.0859375,10.0,0.5333422245926321,4.8,0.0,0.0032876190476201,78.5546875,7.0,30.26682225096626,3.3462758500730407,0.0,0.0112458137192883,56.9609375,6.0,3.400195581633106,4.964028156318184,0.0,0.009841863851474,86.171875,7.0,2.333391118518775,3.6599727090024943,0.0,0.003654855369509,56.11328125,7.0,2.8665733395551407,4.8890625,0.0,0.0090042934111571,131.15625,3.0,0.0047418461682857,51.4765625,2.0
2026-05-30T07:13:57Z,2.9331377908139458,49.10000000000001,0.0,0.0256456732585943,68.078125,6.0,6.199973335110992,4.829767478782189,0.0,0.0092921698152901,190.0625,0.0,0.4666533342221629,35.00016667037046,0.0,0.0048123618187065,61.7578125,7.0,21.13328000355532,4.631858370009853,0.0,0.0150544760872297,86.01953125,7.0,0.2666666702226964,4.8,0.0,0.0049956025218196,85.0859375,10.0,0.5333422245926321,4.8,0.0,0.0032111907275549,78.828125,7.0,27.13500466610248,3.3022203121342666,0.0,0.0112458137192883,56.9609375,6.0,4.000137786963576,4.93768115942029,0.0,0.009841863851474,86.171875,7.0,1.733306668444326,3.422212564847759,0.0,0.003654855369509,56.11328125,7.0,2.8665733395551407,4.8890625,0.0,0.0092538815054021,132.02734375,3.0,0.0046354177995299,51.9765625,2.0
2026-05-30T07:14:02Z,2.9331377908139458,49.10000000000001,0.0,0.0256456732585943,68.078125,6.0,5.800266707560652,4.829358062470748,0.0,0.0083809206831277,190.1796875,0.0,0.2666622242963951,33.75066668148182,0.0,0.0043041177093257,61.6171875,7.0,17.934106780458904,4.64956433445718,0.0,0.0150544760872297,86.01953125,7.0,0.2666666702226964,4.8,0.0,0.0036654249999998,85.0859375,10.0,0.2666622242963951,4.8,0.0,0.0032111907275549,78.828125,7.0,25.736507088647716,3.393143850520301,0.0,0.0126714214666804,57.30078125,6.0,3.867044485634509,4.957244620778011,0.0,0.009841863851474,86.171875,7.0,1.6667200124457484,4.100021668259359,0.0,0.0041239464812465,55.91015625,7.0,2.800471193496378,4.828787878787878,0.0,0.0092538815054021,132.02734375,3.0,0.0046598665611226,51.9765625,2.0
2026-05-30T07:14:07Z,2.9331377908139458,49.10000000000001,0.0,0.0258168210342988,71.90234375,6.0,5.334462484212796,4.826315789473684,0.0,0.0083809206831277,190.1796875,0.0,0.1333600059273485,33.74999999999995,0.0,0.0043041177093257,61.6171875,7.0,12.735480377846947,4.665617977528088,0.0,0.0150544760872297,86.01953125,7.0,0.1333644518536498,4.8,0.0,0.0041581564008748,85.0859375,10.0,0.1333600059273485,4.8,0.0,0.0032111907275549,78.828125,7.0,25.26991598435412,3.37082799678158,0.0,0.0126714214666804,57.30078125,6.0,3.867044485634509,4.957244620778011,0.0,0.0107459040435867,86.171875,7.0,1.400115575707655,4.100028334592649,0.0,0.0041239464812465,55.91015625,7.0,2.800471193496378,4.828787878787878,0.0,0.0092538815054021,132.02734375,3.0,0.0046777173713404,51.78125,2.0
2026-05-30T07:14:12Z,3.2008535609495867,47.7717391304348,0.0,0.0267167792946851,71.90234375,6.0,5.334462484212796,4.826315789473684,0.0,0.0090955595622457,190.1015625,0.0,0.1333600059273485,33.74999999999995,0.0,0.0039136779026768,61.62890625,7.0,12.735480377846947,4.665617977528088,0.0,0.0146816026323422,82.91796875,7.0,0.3333511158531164,4.8,0.0,0.0037083171706059,85.0859375,10.0,0.1333600059273485,4.8,0.0,0.002784553958619,78.96484375,7.0,31.8686580782696,3.346214533161082,0.0,0.0126714214666804,57.30078125,6.0,4.06736012268907,4.944302667526031,0.0,0.0081037548868698,86.171875,7.0,2.0004534435835333,4.023529411764706,0.0,0.0040893348469398,55.90625,7.0,2.800471193496378,4.828787878787878,0.0,0.0096270846931189,132.68359375,3.0,0.0041021404055205,51.78125,2.0
2026-05-30T07:14:17Z,3.2008535609495867,47.7717391304348,0.0,0.0261672180021243,71.85546875,6.0,5.800835778429804,4.825861779605587,0.0,0.0090955595622457,190.1015625,0.0,0.2666844491864497,32.49949994443826,0.0,0.0046133274557344,61.62890625,7.0,12.601320267610026,4.65734368159489,0.0,0.0146816026323422,82.91796875,7.0,0.3333511158531164,4.8,0.0,0.0051975086297449,84.90625,10.0,0.2666977834087312,4.8,0.0,0.0033183579180402,78.96484375,7.0,35.267155655724366,3.214905457111493,0.0,0.0109127626945233,57.30078125,6.0,4.600453424018137,4.91514847519065,0.0,0.0108727164490094,84.5078125,7.0,2.000373432915444,4.055530820755008,0.0,0.0040893348469398,55.90625,7.0,3.1333333333333337,4.859375,0.0,0.0096270846931189,132.68359375,3.0,0.0047629309186673,51.78125,2.0
2026-05-30T07:14:22Z,3.2008535609495867,47.7717391304348,0.0,0.0261672180021243,71.85546875,6.0,5.133195564740128,4.807499723133074,0.0,0.00505025,190.1015625,0.0,0.4,31.249805542591737,0.0,0.0046133274557344,61.62890625,7.0,11.266666666666666,4.670982614673356,0.0,0.0146816026323422,82.91796875,7.0,0.4666666666666667,4.800000000000001,0.0,0.0053089210672868,84.90625,10.0,0.4000133342222814,4.800000000000001,0.0,0.0033183579180402,78.96484375,7.0,35.53378675735147,3.201401386435005,0.0,0.0130861819014205,57.58984375,6.0,4.600453424018137,4.91514847519065,0.0,0.0109739703569827,84.5078125,7.0,2.2670045345425445,3.976439658458805,0.0,0.0028244355580294,55.80859375,7.0,3.1333333333333337,4.859375,0.0,0.0096270846931189,132.68359375,3.0,0.0047993039443172,51.81640625,2.0
2026-05-30T07:14:27Z,2.0665288980734617,46.190476190476176,0.0,0.0261672180021243,71.85546875,6.0,5.133195564740128,4.807499723133074,0.0,0.0085516296897931,190.53125,0.0,0.4,31.249805542591737,0.0,0.004374310156989,61.6328125,7.0,11.266666666666666,4.670982614673356,0.0,0.0127004656924622,82.1796875,7.0,0.2666711114074271,4.799999999999999,0.0,0.0053089210672868,84.90625,10.0,0.4000133342222814,4.800000000000001,0.0,0.0027686811465777,78.96484375,7.0,30.534995803883184,3.1282472470698197,0.0,0.0130040933049272,57.58984375,6.0,4.333200008888296,4.887860255883079,0.0,0.0109739703569827,84.5078125,7.0,1.4666355576294914,4.035285043656277,0.0,0.0031359095258828,55.80859375,7.0,3.1333333333333337,4.859375,0.0,0.0084633424317231,135.05859375,3.0,0.0046533452960798,51.81640625,2.0
2026-05-30T07:14:32Z,2.0665288980734617,46.190476190476176,0.0,0.0255082651758443,71.85546875,6.0,5.000200054227616,4.79163188242382,0.0,0.0106614028547081,190.53125,0.0,0.3333511134817976,24.25,0.0,0.0038358353396591,61.6328125,7.0,10.934097879717296,4.694630033826409,0.0,0.0127004656924622,82.1796875,7.0,0.2666711114074271,4.799999999999999,0.0,0.0050234446435748,84.85546875,10.0,0.3333333333333333,4.8,0.0,0.0032153057037333,79.171875,7.0,29.736844939323465,3.041417666767096,0.0,0.0130040933049272,57.58984375,6.0,4.200160048004623,4.885876676637312,0.0,0.0109739703569827,84.5078125,7.0,1.3333644548157828,3.900010159471959,0.0,0.0037376876142412,55.80859375,7.0,3.267102280304041,4.828571108692231,0.0,0.0098753213670775,135.05859375,3.0,0.0046423681516144,51.5703125,2.0
2026-05-30T07:14:37Z,2.0665288980734617,46.190476190476176,0.0,0.0242681572793054,71.18359375,6.0,5.867431211865207,4.791227978685212,0.0,0.0092296949113525,190.53125,0.0,0.2666933362966519,24.25,0.0,0.0038358353396591,61.6328125,7.0,12.867906800312,4.708196662181045,0.0,0.0126292243381364,82.51953125,7.0,0.2000133342222814,4.800000000000001,0.0,0.004728843501196,84.85546875,10.0,0.2666755561481876,4.8,0.0,0.0032153057037333,79.171875,7.0,29.603529384953173,3.0345207271733443,0.0,0.0130166487219382,57.33203125,6.0,4.200160048004623,4.885876676637312,0.0,0.0109053431844905,84.44921875,7.0,1.2000489004454915,3.750010370967104,0.0,0.0032051190415398,55.80859375,7.0,3.267102280304041,4.828571108692231,0.0,0.0098753213670775,135.05859375,3.0,0.0046423681516144,51.5703125,2.0
2026-05-30T07:14:42Z,2.533502233482232,42.59615384615384,0.0,0.0242681572793054,71.18359375,6.0,5.867431211865207,4.791227978685212,0.0,0.0083412446734602,190.53125,0.0,0.2666933362966519,24.25,0.0,0.0039737045268461,61.59375,7.0,12.867906800312,4.708196662181045,0.0,0.0126292243381364,82.51953125,7.0,0.2666755561481876,4.8,0.0,0.0046805515875273,84.71875,10.0,0.2666755561481876,4.8,0.0,0.0032840991029961,79.171875,7.0,32.13549362018632,2.903802716289912,0.0,0.012774183225205,57.33203125,6.0,4.40058674489932,4.926666666666666,0.0,0.0109053431844905,84.44921875,7.0,1.5335200237067856,3.766652344140666,0.0,0.0036216754639874,55.8046875,7.0,3.267102280304041,4.828571108692231,0.0,0.0082472374824735,135.05859375,3.0,0.004766445690974,51.5703125,2.0
2026-05-30T07:14:47Z,2.533502233482232,42.59615384615384,0.0,0.0240181887143816,71.20703125,6.0,5.467093389044386,4.791266100930706,0.0,0.0102476435660009,189.171875,0.0,0.2666755561481876,24.25,0.0,0.0039737045268461,61.59375,7.0,13.46714225392804,4.70781961728416,0.0,0.0122668170134366,82.51953125,7.0,0.2666755561481876,4.8,0.0,0.0029906315933236,84.71875,10.0,0.2000088894815209,4.8,0.0,0.0031118586412173,79.26171875,7.0,29.800311151412703,2.686910721204776,0.0,0.012774183225205,57.33203125,6.0,4.00029337244966,4.903824637310501,0.0,0.0072246257051024,84.44921875,7.0,1.5334577931871607,2.533274809612699,0.0,0.0034709499955277,55.8046875,7.0,2.866568895406973,4.915152174290014,0.0,0.0103098392656883,137.3515625,3.0,0.0039705949019774,51.5703125,2.0
2026-05-30T07:14:52Z,2.533502233482232,42.59615384615384,0.0,0.0231358120008645,71.20703125,6.0,4.666684445629708,4.789565340394691,0.0,0.0102476435660009,189.171875,0.0,0.2666755561481876,24.25,0.0,0.0039737045268461,61.59375,7.0,13.733826699557747,4.696571428571428,0.0,0.0105286090426326,82.51953125,7.0,0.2666755561481876,4.8,0.0,0.0033551738290343,84.71875,10.0,0.2000088894815209,4.8,0.0,0.0031118586412173,79.26171875,7.0,29.800311151412703,2.6836333920626503,0.0,0.0103684319435548,57.33203125,6.0,4.00029337244966,4.903824637310501,0.0,0.0078273108562673,84.44140625,7.0,1.5334577931871607,2.466608142295712,0.0,0.0034709499955277,55.8046875,7.0,2.866568895406973,4.915152174290014,0.0,0.0103098392656883,137.3515625,3.0,0.0035733910943963,51.5703125,2.0
2026-05-30T07:14:57Z,2.533333333333333,42.94642857142853,0.0,0.0231358120008645,71.20703125,6.0,4.666684445629708,4.789565340394691,0.0,0.0102476435660009,189.171875,0.0,0.2666755561481876,24.25,0.0,0.0038637900469697,61.625,7.0,13.733826699557747,4.696571428571428,0.0,0.0116547111664805,82.640625,7.0,0.2000177795557531,4.799999999999999,0.0,0.0045008633966504,84.97265625,10.0,0.2000088894815209,4.8,0.0,0.0030419943859266,79.26171875,7.0,26.26840912003074,2.669510769058822,0.0,0.0093039166747877,57.33203125,6.0,3.333333333333333,4.904972615414536,0.0,0.0103119266055022,84.44140625,7.0,1.400017778963042,2.280027556167906,0.0,0.0033808739242465,55.80078125,7.0,2.866568895406973,4.915152174290014,0.0,0.0097153159187323,137.390625,3.0,0.0032226163201135,51.5703125,2.0
2026-05-30T07:15:02Z,2.533333333333333,42.94642857142853,0.0,0.0194613951921161,71.20703125,6.0,4.800320041486934,4.789380871399907,0.0,0.0095655531645314,189.1484375,0.0,0.1333422228148543,24.25,0.0,0.0036423107844263,61.625,7.0,17.00177353691384,4.671867684470811,0.0,0.0116547111664805,82.640625,7.0,0.2000177795557531,4.799999999999999,0.0,0.0045008633966504,84.97265625,10.0,0.2000177795557531,4.8,0.0,0.0029267826086953,79.59375,7.0,24.53638262760953,2.8033904125892333,0.0,0.0119674294538802,56.953125,6.0,3.0001955816331067,4.911112090158289,0.0,0.0103119266055022,84.44140625,7.0,1.4000800094826669,1.7500983365001184,0.0,0.0031809143281918,55.80078125,7.0,3.2005334257943736,4.908571428571428,0.0,0.0097153159187323,137.390625,3.0,0.0052656859139384,53.58984375,2.0
2026-05-30T07:15:07Z,2.533333333333333,42.94642857142853,0.0,0.0172057016083238,71.20703125,6.0,4.467262301640218,4.791549288720897,0.0,0.0095655531645314,189.1484375,0.0,0.0,24.25,0.0,0.0036423107844263,61.625,7.0,19.13524910195151,4.638311011147382,0.0,0.0116547111664805,82.640625,7.0,0.0666755567408987,4.8,0.0,0.0045008633966504,84.97265625,10.0,0.0666755567408987,4.8,0.0,0.0029267826086953,79.59375,7.0,24.26969818197982,2.813646250089719,0.0,0.0119674294538802,56.953125,6.0,3.0001955816331067,4.911112090158289,0.0,0.0100240275082276,84.28125,7.0,1.1333955638529585,1.0668163001482591,0.0,0.0031809143281918,55.80078125,7.0,3.2005334257943736,4.908571428571428,0.0,0.0092736469398087,137.47265625,3.0,0.0054285639399242,53.58984375,2.0
2026-05-30T07:15:12Z,2.2671200906848035,44.51388888888887,0.0,0.0153281492989005,71.20703125,6.0,4.467262301640218,4.791549288720897,0.0,0.0080466931715952,189.1484375,0.0,0.0,24.25,0.0,0.003376484284052,61.36328125,7.0,19.13524910195151,4.638311011147382,0.0,0.0121636261049457,81.64453125,7.0,0.0,4.8,0.0,0.0037932776611037,84.97265625,10.0,0.0666755567408987,4.800000000000001,0.0,0.0027286037691468,79.59375,7.0,22.667395805652784,2.886787238709469,0.0,0.0119674294538802,56.953125,6.0,2.867048939858648,4.918749999999999,0.0,0.0100240275082276,84.28125,7.0,0.8667822376316843,1.3333451859753565,0.0,0.0033897821895893,55.51953125,7.0,3.2005334257943736,4.908571428571428,0.0,0.0090555484481749,137.47265625,3.0,0.0052352964568327,53.58984375,2.0
2026-05-30T07:15:17Z,2.2671200906848035,44.51388888888887,0.0,0.0229030230326357,71.375,6.0,4.266960039116327,4.79142838093952,0.0,0.0078418538600567,188.2890625,0.0,0.0,24.25,0.0,0.003376484284052,61.36328125,7.0,15.267302264595418,4.640759737417097,0.0,0.0121636261049457,81.64453125,7.0,0.0,4.8,0.0,0.0045498189930971,84.23828125,10.0,0.0,4.799999999999999,0.0,0.0027286037691468,79.59375,7.0,23.999422298073995,2.9274717796255825,0.0,0.0119674294538802,56.953125,6.0,3.133520024892208,4.872611972031551,0.0,0.0096070004575493,84.28125,7.0,0.933386673778726,3.549965552592333,0.0,0.0033897821895893,55.51953125,7.0,2.6665777837033087,4.945039171799155,0.0,0.0090555484481749,137.47265625,3.0,0.0052352964568327,53.58984375,2.0
2026-05-30T07:15:22Z,2.2671200906848035,44.51388888888887,0.0,0.0229030230326358,71.375,6.0,3.933208897184632,4.79603964970905,0.0,0.0078418538600567,188.2890625,0.0,0.0,24.25,0.0,0.003376484284052,61.36328125,7.0,11.066666666666666,4.656130790190734,0.0,0.0121636261049457,81.64453125,7.0,0.0,4.8,0.0,0.0045498189930971,84.23828125,10.0,0.0,4.8,0.0,0.0022005393555403,79.59375,7.0,23.999422298073995,2.9345516637310043,0.0,0.0114135990372357,56.953125,6.0,3.133520024892208,4.872611972031551,0.0,0.0077268304096698,84.28125,7.0,0.933386673778726,3.649969997333096,0.0,0.0026724336726297,55.51953125,7.0,2.6665777837033087,4.945039171799155,0.0,0.0073408551952117,137.47265625,3.0,0.0054083002050984,53.58984375,2.0
2026-05-30T07:15:27Z,2.2666666666666666,45.526315789473664,0.0,0.022542685608305,71.5546875,6.0,3.933208897184632,4.79603964970905,0.0,0.0062023213712773,188.2890625,0.0,0.0,24.25,0.0,0.0030641954621615,57.85546875,7.0,11.066666666666666,4.656130790190734,0.0,0.011985524554721,81.76953125,7.0,0.0,4.8,0.0,0.0045498189930971,84.23828125,10.0,0.0,4.8,0.0,0.0019731557081114,79.59375,7.0,24.93735689674336,3.1706629034618667,0.0,0.0114135990372358,56.953125,6.0,3.466666666666667,4.825503355704697,0.0,0.0069262470382073,84.28125,7.0,0.8666666666666667,3.799999999999997,0.0,0.0032602565943801,55.51953125,7.0,2.6665777837033087,4.945039171799155,0.0,0.0059607520398316,136.97265625,3.0,0.0054083002050984,53.58984375,2.0
2026-05-30T07:15:32Z,2.2666666666666666,45.526315789473664,0.0,0.022542685608305,71.5546875,6.0,3.8669423105339686,4.795959773731045,0.0,0.0072824201769677,188.60546875,0.0,0.0,24.25,0.0,0.0030641954621615,57.85546875,7.0,12.268053610722143,4.640115445713921,0.0,0.011985524554721,81.76953125,7.0,0.0,4.8,0.0,0.0046981473905676,80.9609375,10.0,0.0,4.799999999999999,0.0,0.0027451588644477,77.8828125,7.0,23.80602396349004,3.26344828384714,0.0,0.0113934859469304,54.375,6.0,3.266973394678936,4.82638976858694,0.0,0.0097862111822699,79.69921875,7.0,0.5333733413349336,4.022259260905422,0.0,0.0032602565943801,55.51953125,7.0,3.334111296341246,4.857142226918982,0.0,0.0071397652796833,136.97265625,3.0,0.0033045154455028,53.59375,2.0
2026-05-30T07:15:37Z,2.2666666666666666,45.526315789473664,0.0,0.0223769443958888,71.5546875,6.0,4.267671352355293,4.798941798941799,0.0,0.0072824201769677,188.60546875,0.0,0.0,24.25,0.0,0.0030641954621615,57.85546875,7.0,15.003538628949228,4.628152492668622,0.0,0.0123836385680572,81.76953125,7.0,0.0,4.8,0.0,0.0046981473905676,80.9609375,10.0,0.0,4.8,0.0,0.0027451588644477,77.8828125,7.0,23.80602396349004,3.2697971867134834,0.0,0.0113730090090095,54.375,6.0,3.266973394678936,4.82638976858694,0.0,0.0097450186172913,79.69921875,7.0,0.5333733413349336,4.111142223604999,0.0,0.0032583693253622,55.33984375,7.0,3.334111296341246,4.857142226918982,0.0,0.0071397652796833,136.97265625,3.0,0.0036987902190154,53.59375,2.0
2026-05-30T07:15:42Z,2.467160098686404,45.15624999999997,0.0,0.0223769443958888,71.5546875,6.0,4.267671352355293,4.798941798941799,0.0,0.0072824201769677,188.60546875,0.0,0.0,24.25,0.0,0.0031108564881122,57.89453125,7.0,15.003538628949228,4.628152492668622,0.0,0.012478780908565,81.94140625,7.0,0.0,0.0,0.0,0.0046959442004641,80.9609375,10.0,0.0,4.8,0.0,0.0028349510924551,77.921875,7.0,23.60155607772,3.2049541844593303,0.0,0.011257699050213,54.38671875,6.0,3.267320130692805,4.827338129496402,0.0,0.0097450186172913,79.69921875,7.0,0.5334400213376009,4.199999999999998,0.0,0.0033202241667489,55.33984375,7.0,3.334111296341246,4.857142226918982,0.0,0.0084113179941831,137.95703125,3.0,0.0047312972821517,53.59375,2.0
2026-05-30T07:15:47Z,2.467160098686404,45.15624999999997,0.0,0.0161314171379094,71.55859375,6.0,4.867097950560742,4.798958297161487,0.0,0.0072077257074412,188.60546875,0.0,0.0666622225184987,48.75,0.0,0.0031108564881122,57.89453125,7.0,17.401529504150247,4.642403555456838,0.0,0.012478780908565,81.94140625,7.0,0.0,0.0,0.0,0.0047367351641219,80.95703125,10.0,0.0,0.0,0.0,0.0029066946830865,77.921875,7.0,26.79867573630274,3.348910475111372,0.0,0.011257699050213,54.38671875,6.0,3.666884522383667,4.8802791646470745,0.0,0.0097450186172913,79.69921875,7.0,0.8000355709654919,4.279977330814534,0.0,0.0033202241667489,55.33984375,7.0,3.5998800079994666,4.8275359303433,0.0,0.008687551507723,137.95703125,3.0,0.004802429186703,53.84375,2.0
2026-05-30T07:15:52Z,2.467160098686404,45.15624999999997,0.0,0.0181809181019554,71.55859375,6.0,5.199826678221452,4.798009928245879,0.0,0.007373662442134,189.11328125,0.0,0.1333288891851654,47.49997222037024,0.0,0.0031108564881122,57.89453125,7.0,18.399377819256497,4.643941558463375,0.0,0.012478780908565,81.94140625,7.0,0.0666666666666666,4.800000000000001,0.0,0.0047367351641219,80.95703125,10.0,0.0666666666666666,4.800000000000001,0.0,0.0029066946830865,77.921875,7.0,27.132009069636077,3.3536285348976795,0.0,0.0116610873646796,54.5625,6.0,3.666884522383667,4.8802791646470745,0.0,0.0102680155028575,79.94140625,7.0,0.9333689042988252,4.309070888515249,0.0,0.0033643813314031,55.33984375,7.0,3.5998800079994666,4.8275359303433,0.0,0.008687551507723,137.95703125,3.0,0.004802429186703,53.84375,2.0
2026-05-30T07:15:57Z,2.7998133457769487,44.4736842105263,0.0,0.0202304190660013,71.55859375,6.0,5.199826678221452,4.798009928245879,0.0,0.007373662442134,189.11328125,0.0,0.1333288891851654,47.49997222037024,0.0,0.0031507031926946,57.89453125,7.0,18.399377819256497,4.643941558463375,0.0,0.0096085941141928,81.94140625,7.0,0.1333377780740938,4.799999999999999,0.0,0.0038293569644601,80.9609375,10.0,0.0666666666666666,4.800000000000001,0.0,0.0029066946830865,77.921875,7.0,29.800089012148543,3.363224343380503,0.0,0.0116610873646796,54.5625,6.0,3.6665377863697977,4.900661684982374,0.0,0.0102680155028575,79.94140625,7.0,1.0666355576294912,4.254538071148033,0.0,0.0032494709131262,55.33984375,7.0,3.5998800079994666,4.8275359303433,0.0,0.0083538882720053,138.20703125,3.0,0.0047636310266394,53.59375,2.0
2026-05-30T07:16:02Z,2.7998133457769487,44.4736842105263,0.0,0.0221226284521811,71.5078125,6.0,4.333680069347203,4.797959227640571,0.0,0.0071362541911384,189.13671875,0.0,0.0666666666666666,47.5000555592595,0.0,0.0031492970908495,57.98828125,7.0,15.401266920050675,4.608284859932163,0.0,0.0119995317529981,83.0,7.0,0.1333377780740938,4.799999999999999,0.0,0.0047700342110739,80.9609375,10.0,0.1333466693338667,4.799999999999999,0.0,0.0022267335637427,77.8828125,7.0,25.202689297554603,3.259682110260329,0.0,0.0079067050621387,54.5625,6.0,3.066933386677336,4.904828863531478,0.0,0.0097947612617261,79.61328125,7.0,0.7333600053344002,3.8333572857248654,0.0,0.0032494709131262,55.33984375,7.0,2.9337334009015725,4.798630136986302,0.0,0.0083538882720053,138.20703125,3.0,0.0048025113885817,53.59375,2.0
2026-05-30T07:16:07Z,2.7998133457769487,44.4736842105263,0.0,0.0221226284521811,71.5078125,6.0,4.400524525644289,4.795145909279533,0.0,0.0071362541911384,189.13671875,0.0,0.0,47.5,0.0,0.0031492970908495,57.98828125,7.0,14.401804733682695,4.569470404984424,0.0,0.0119995317529981,83.0,7.0,0.0666711114074271,4.8,0.0,0.0047700342110739,80.9609375,10.0,0.0666800026672001,4.8,0.0,0.0024993720038417,77.8828125,7.0,24.869355964221267,3.259682355825029,0.0,0.0067055750000008,54.5625,6.0,3.066933386677336,4.904828863531478,0.0,0.0071631528414467,79.61328125,7.0,0.6000266720010669,3.833362964938402,0.0,0.003198495506411,55.53515625,7.0,2.9337334009015725,4.798630136986302,0.0,0.0091067295072188,138.20703125,3.0,0.0048025113885817,53.59375,2.0
2026-05-30T07:16:12Z,2.800560112022404,44.79166666666665,0.0,0.0221226284521811,71.5078125,6.0,4.400524525644289,4.795058879787758,0.0,0.0071362541911384,189.13671875,0.0,0.0,47.5,0.0,0.0033078658570556,57.98828125,7.0,14.401804733682695,4.569470404984424,0.0,0.0126073567151409,83.10546875,7.0,0.2666666666666666,4.8,0.0,0.0038381020271804,80.9609375,10.0,0.0666800026672001,4.8,0.0,0.0027720104439407,77.8828125,7.0,28.13649379178259,3.03479608930185,0.0,0.0101022176254624,55.09375,6.0,3.4005423123118645,4.931944444444444,0.0,0.0079650057887443,79.61328125,7.0,1.0000844536309532,3.700017779358164,0.0,0.0032654149172056,55.53515625,7.0,2.9337334009015725,4.798630136986302,0.0,0.0091067295072188,138.20703125,3.0,0.0039326088798896,53.84765625,2.0
2026-05-30T07:16:17Z,2.800560112022404,44.79166666666665,0.0,0.0224131308128359,71.5078125,6.0,5.266671134518538,4.79418866662139,0.0,0.0072823059694225,189.13671875,0.0,0.266648890073995,42.49988887654184,0.0,0.0033078658570556,57.98828125,7.0,15.066737844741056,4.594761448344904,0.0,0.0126073567151409,83.10546875,7.0,0.2666666666666666,4.8,0.0,0.0050059006644069,80.45703125,10.0,0.266648890073995,4.8,0.0,0.0032052881295521,77.57421875,7.0,34.400449069339004,2.9067056922711094,0.0,0.0118743681133057,55.09375,6.0,4.400120047115319,4.922579731236177,0.0,0.0096222353675717,79.61328125,7.0,1.5333466734815409,3.23996017548317,0.0,0.0032654149172056,55.53515625,7.0,3.266564451258805,4.79731543624161,0.0,0.0095391855167461,138.140625,3.0,0.0048461150231919,53.84765625,2.0
2026-05-30T07:16:22Z,2.800560112022404,44.79166666666665,0.0,0.0233576514118136,67.78515625,6.0,5.399826678221452,4.790320093641023,0.0,0.0057101471394488,189.13671875,0.0,0.5333155567406618,37.49986110493799,0.0,0.0036873834798156,57.6484375,7.0,14.732866697775703,4.604395590038145,0.0,0.012607356715141,83.10546875,7.0,0.5333333333333333,4.8,0.0,0.0050059006644069,80.45703125,10.0,0.5333155567406618,4.8,0.0,0.0032052881295521,77.57421875,7.0,34.86711573600567,2.8950384376155167,0.0,0.0118743681133057,55.09375,6.0,4.400120047115319,4.922579731236177,0.0,0.0099714406600435,79.50390625,7.0,2.0666800068148743,3.266618761287247,0.0,0.0027811357437901,55.53515625,7.0,3.266564451258805,4.79731543624161,0.0,0.0095391855167461,138.140625,3.0,0.0048461150231919,53.84765625,2.0
2026-05-30T07:16:27Z,2.1333333333333333,45.0,0.0,0.021630411006227,67.78515625,6.0,5.399826678221452,4.790159277339155,0.0,0.0051032883086636,189.13671875,0.0,0.5333155567406618,37.49986110493799,0.0,0.0037777437155108,57.6484375,7.0,14.732866697775703,4.604395590038145,0.0,0.0125662921997336,83.10546875,7.0,0.2666666666666666,4.8,0.0,0.0050059006644069,80.45703125,10.0,0.5333155567406618,4.8,0.0,0.0031462793156644,77.50390625,7.0,24.599964656606424,2.9420888285253346,0.0,0.0101309140150696,55.09375,6.0,3.733084461035931,4.917283950617284,0.0,0.0099714406600435,79.50390625,7.0,1.5999822269628838,3.166652838994036,0.0,0.0032479792619195,55.8828125,7.0,3.266564451258805,4.79731543624161,0.0,0.0086109322749013,138.140625,3.0,0.0048461150231919,53.84765625,2.0
2026-05-30T07:16:32Z,2.1333333333333333,45.0,0.0,0.021630411006227,67.78515625,6.0,4.866942258967862,4.789413394929723,0.0,0.0078006991260923,87.453125,0.0,0.3333422234075655,24.25,0.0,0.0037777437155108,57.6484375,7.0,16.534506823131974,4.577180638866137,0.0,0.0122259754610572,82.61328125,7.0,0.2666666666666666,4.8,0.0,0.0041307369653798,80.45703125,10.0,0.2666666666666666,4.800000000000001,0.0,0.0031365915054295,77.50390625,7.0,19.53559587589332,2.685110745223781,0.0,0.0113276921566669,54.79296875,6.0,2.8667689211882474,4.874509154561027,0.0,0.0080832875596255,79.50390625,7.0,1.1333866720005927,1.6000088895473696,0.0,0.0032479792619195,55.8828125,7.0,3.400564541943371,4.797122302158273,0.0,0.0078626984470299,138.34765625,3.0,0.0047428232452687,53.60546875,2.0
2026-05-30T07:16:37Z,2.1333333333333333,45.0,0.0,0.021630411006227,67.78515625,6.0,5.067533487139265,4.803448909124901,0.0,0.0078006991260923,87.453125,0.0,0.1333511134817975,24.25,0.0,0.0039841037326388,57.87890625,7.0,18.13575143352447,4.563408346756463,0.0,0.0122259754610572,82.61328125,7.0,0.0666755567408987,4.800000000000001,0.0,0.0049279042732298,80.46875,10.0,0.0666755567408987,4.8,0.0,0.0031365915054295,77.50390625,7.0,19.26895587944935,2.6659614063190284,0.0,0.0113276921566669,54.79296875,6.0,2.8667689211882474,4.874509154561027,0.0,0.0098027141397898,79.50390625,7.0,0.7334044521490568,0.4943882299369389,0.0,0.003146354227236,55.8828125,7.0,3.400564541943371,4.797122302158273,0.0,0.0078626984470299,138.34765625,3.0,0.0047428232452687,53.60546875,2.0
2026-05-30T07:16:42Z,3.2668844589639305,45.58823529411762,0.0,0.022896237772764,67.63671875,6.0,5.067533487139265,4.803286180523013,0.0,0.0078006991260923,87.453125,0.0,0.1333511134817975,24.25,0.0,0.0044299573147074,57.87890625,7.0,18.13575143352447,4.563408346756463,0.0,0.0102976950221909,82.61328125,7.0,0.4000311137780346,4.800000000000001,0.0,0.0049279042732298,80.46875,10.0,0.0666755567408987,4.8,0.0,0.002525161234647,77.2734375,7.0,32.60167133395564,2.2067609457473267,0.0,0.0108322247236972,54.79296875,6.0,4.000533404453927,4.900661759046001,0.0,0.0098027141397898,79.50390625,7.0,1.533537805040672,0.4995689655172414,0.0,0.0032025324027921,56.0,7.0,3.400564541943371,4.797122302158273,0.0,0.0084561238092142,138.34765625,3.0,0.0047428232452687,53.60546875,2.0
2026-05-30T07:16:47Z,3.2668844589639305,45.58823529411762,0.0,0.025319273892154,67.63671875,6.0,5.40075123883878,4.820115009640668,0.0,0.008686441615938,88.40625,0.0,0.3333600023706073,24.25,0.0,0.0044299573147074,57.87890625,7.0,16.735071309950243,4.593218848689061,0.0,0.0122392590686946,82.0,7.0,0.4000311137780346,4.800000000000001,0.0,0.0050925297763258,80.46875,10.0,0.4000088900742321,4.8,0.0,0.0030090698114997,77.2734375,7.0,36.001244551714095,2.455537385702605,0.0,0.0118301914854062,54.765625,6.0,4.600475609784397,4.911111437459703,0.0,0.0098027141397898,79.50390625,7.0,1.7335378032625388,2.3599633751733453,0.0,0.0032025324027921,56.0,7.0,3.399995570666647,4.95374149659864,0.0,0.0079606669978619,138.9375,3.0,0.0048491380957841,53.84765625,2.0
2026-05-30T07:16:52Z,3.2668844589639305,45.58823529411762,0.0,0.023608051887097,67.734375,6.0,5.266671132148168,4.818340611353712,0.0,0.0092352982488997,88.40625,0.0,0.5333511122963752,24.25,0.0,0.0041239908757319,58.125,7.0,14.933826699557748,4.588043478260868,0.0,0.0122392590686946,82.0,7.0,0.6000222237038024,4.8,0.0,0.0050925297763258,80.46875,10.0,0.6,4.8,0.0,0.0030090698114997,77.2734375,7.0,36.26788454815807,2.4890736948140435,0.0,0.0097698475604589,54.765625,6.0,4.600475609784397,4.911111437459703,0.0,0.0104077986509848,79.50390625,7.0,2.1335200231140745,2.533296787145619,0.0,0.0032633129930042,56.0,7.0,3.399995570666647,4.95374149659864,0.0,0.0079606669978619,138.9375,3.0,0.0048491380957841,53.84765625,2.0
2026-05-30T07:16:57Z,2.133475565037669,44.86111111111111,0.0,0.023608051887097,67.734375,6.0,5.266671132148168,4.818340611353712,0.0,0.0092352982488997,88.40625,0.0,0.5333511122963752,24.25,0.0,0.0041239908757319,58.125,7.0,14.933826699557748,4.588043478260868,0.0,0.0122392590686946,82.0,7.0,0.2666666666666666,4.800000000000001,0.0,0.0036015630304862,80.46875,10.0,0.6,4.8,0.0,0.0030765489180696,77.0859375,7.0,27.46918249899596,2.628270258634183,0.0,0.0119002381024191,54.765625,6.0,3.600137786963576,4.909826282042635,0.0,0.0105559884996601,80.24609375,7.0,1.26667111437039,2.7666666666666657,0.0,0.0032361489374386,55.83203125,7.0,3.399995570666647,4.95374149659864,0.0,0.0065980454713361,138.9375,3.0,0.0048264862252319,53.84765625,2.0
2026-05-30T07:17:02Z,2.133475565037669,44.86111111111111,0.0,0.0189431243737324,67.734375,6.0,5.266671132148168,4.820370745720126,0.0,0.0082692618714062,89.4765625,0.0,0.4000088894815209,24.25,0.0,0.0039358537524827,58.125,7.0,13.533733360001778,4.579944111906251,0.0,0.0116291145773596,82.0,7.0,0.2666666666666666,4.800000000000001,0.0,0.0050254060449609,80.4609375,10.0,0.2666666666666666,4.800000000000001,0.0,0.0030785284212682,77.0859375,7.0,28.002551390255373,2.718899892718568,0.0,0.0119002381024191,54.765625,6.0,3.7334800097784298,4.941614994796809,0.0,0.0105342937241407,80.24609375,7.0,1.4000133371852443,3.1714546955362226,0.0,0.0032361489374386,55.83203125,7.0,3.066968922078025,4.965217391304348,0.0,0.0065771492402039,139.01171875,3.0,0.0048264862252319,53.84765625,2.0
2026-05-30T07:17:07Z,2.133475565037669,44.86111111111111,0.0,0.0185491821077393,67.734375,6.0,5.6672622909714185,4.8203703703703695,0.0,0.0093143436555853,89.4765625,0.0,0.2666933362966519,24.25,0.0,0.0039358537524827,58.125,7.0,14.668222402985286,4.585074626865671,0.0,0.0116858599747909,82.609375,7.0,0.1333511134817975,4.8,0.0,0.0050254060449609,80.4609375,10.0,0.1333511134817975,4.8,0.0,0.0030785284212682,77.0859375,7.0,28.002613620775,2.759274303299379,0.0,0.0116466051163726,54.63671875,6.0,3.7334800097784298,4.941614994796809,0.0,0.0104497186200111,79.49609375,7.0,1.1333822308155062,3.00002963116606,0.0,0.0032512476125936,55.83203125,7.0,3.066968922078025,4.965217391304348,0.0,0.0065771492402039,139.01171875,3.0,0.0048965602058594,53.875,2.0
2026-05-30T07:17:12Z,2.4668311220748045,44.04411764705881,0.0,0.0230755815136632,67.4140625,6.0,5.6672622909714185,4.8203703703703695,0.0,0.0103594254397644,89.4765625,0.0,0.2666933362966519,24.25,0.0,0.0040935580524353,56.45703125,7.0,14.668222402985286,4.585074626865671,0.0,0.0117478044114724,82.609375,7.0,0.3333377810372938,4.800000000000001,0.0,0.0050254060449609,80.4609375,10.0,0.1333511134817975,4.8,0.0,0.0030871196259078,77.0078125,7.0,30.73431118044962,2.6513614728379995,0.0,0.0126400202906388,54.63671875,6.0,4.266813343111763,4.936527109624205,0.0,0.0104497186200111,79.49609375,7.0,1.6669111528966138,2.83333333333333,0.0,0.0032830520638007,55.73046875,7.0,3.066968922078025,4.965217391304348,0.0,0.0066906796623443,139.6015625,3.0,0.0050086765451589,53.875,2.0
2026-05-30T07:17:17Z,2.4668311220748045,44.04411764705881,0.0,0.0230755815136632,67.4140625,6.0,5.467102280304041,4.819213646467958,0.0,0.0104967491862055,89.4765625,0.0,0.2666844468151309,24.25,0.0,0.0040935580524353,56.45703125,7.0,15.401155709650176,4.602269583679423,0.0,0.0117478044114724,82.609375,7.0,0.3333377810372938,4.800000000000001,0.0,0.0053287687601571,80.4609375,10.0,0.3333511134817976,4.800000000000001,0.0,0.0031296221413491,77.0078125,7.0,28.466728897186293,2.6450022298245326,0.0,0.0126400202906388,54.63671875,6.0,3.866666666666667,4.969832402234636,0.0,0.0104122795161173,79.49609375,7.0,1.46687559497053,2.9999631717972117,0.0,0.0032830520638007,55.73046875,7.0,3.333333333333333,4.957241391359895,0.0,0.0068585543060768,139.6015625,3.0,0.0050086765451589,53.875,2.0
2026-05-30T07:17:22Z,2.4668311220748045,44.04411764705881,0.0,0.0191984849014065,67.515625,6.0,5.733551125630598,4.802608695652173,0.0,0.0106624405377456,90.015625,0.0,0.2666666666666666,24.25,0.0,0.0039382098511154,56.45703125,7.0,15.6,4.612034383954155,0.0,0.0117004339764916,82.66796875,7.0,0.3333200008888296,4.8,0.0,0.0053287687601571,80.4609375,10.0,0.3333333333333333,4.8,0.0,0.0031296221413491,77.0078125,7.0,28.133333333333333,2.6466666666666665,0.0,0.0125769397914061,54.64453125,6.0,3.866666666666667,4.969832402234636,0.0,0.0104960274962102,79.49609375,7.0,1.4668400346736012,2.9428257570466103,0.0,0.0034349326351202,55.73046875,7.0,3.333333333333333,4.957241391359895,0.0,0.0077281992577694,140.73046875,3.0,0.0050086765451589,53.875,2.0
2026-05-30T07:17:27Z,3.53356890459364,41.92307692307692,0.0,0.0224685297572425,67.515625,6.0,5.733551125630598,4.802608695652173,0.0,0.0106624405377456,90.015625,0.0,0.2666666666666666,24.25,0.0,0.0039382098511154,56.45703125,7.0,15.6,4.612034383954155,0.0,0.0117004339764916,82.66796875,7.0,0.2666933386677335,4.799999999999999,0.0,0.0053287687601571,80.4609375,10.0,0.3333333333333333,4.8,0.0,0.0031892983510252,77.0078125,7.0,31.60161794254088,2.77722228485776,0.0,0.0125769397914061,54.64453125,6.0,3.933760085350404,4.927373381830968,0.0,0.0104960274962102,79.49609375,7.0,1.466608892740484,2.733356296806593,0.0,0.0034761791158719,55.73046875,7.0,3.333333333333333,4.957241391359895,0.0,0.0077281992577694,140.73046875,3.0,0.0038884442968629,53.875,2.0
2026-05-30T07:17:32Z,3.53356890459364,41.92307692307692,0.0,0.0224685297572425,67.515625,6.0,6.333924508748346,4.786026348687971,0.0,0.0104432582626498,90.015625,0.0,0.2666844468151309,24.25,0.0,0.003921485370184,56.59375,7.0,17.40113792950171,4.600598426331395,0.0,0.0117032370735353,82.66796875,7.0,0.2666933386677335,4.799999999999999,0.0,0.0053877599072661,80.46484375,10.0,0.3333600035560297,4.799999999999999,0.0,0.0033156214993769,73.6171875,7.0,33.936791521240266,2.614284455725372,0.0,0.0117966427259066,54.64453125,6.0,4.267377901059165,4.886363636363637,0.0,0.0089375131911826,79.49609375,7.0,1.8667066835570372,2.6333823470183275,0.0,0.0034761791158719,55.73046875,7.0,3.0670756100813445,4.8,0.0,0.0080292328008089,140.73046875,3.0,0.0050647117840209,48.8359375,2.0
2026-05-30T07:17:37Z,3.53356890459364,41.92307692307692,0.0,0.0222554914073134,67.546875,6.0,4.800640085344713,4.787664920483531,0.0,0.0093704837342046,90.1796875,0.0,0.2667022269635951,24.25,0.0,0.0041385723815867,56.59375,7.0,14.801973596479533,4.6093828967315655,0.0,0.0097348501247423,82.66796875,7.0,0.2667111188161978,4.8,0.0,0.0040672584160125,80.46484375,10.0,0.3333777837044939,4.8,0.0,0.0033156214993769,73.6171875,7.0,34.07016041487053,2.5763640903982963,0.0,0.0117966427259066,54.64453125,6.0,4.267377901059165,4.886363636363637,0.0,0.0084826503313176,79.49609375,7.0,1.8667422438539656,2.766711976106536,0.0,0.0033778570122506,55.7578125,7.0,3.0670756100813445,4.8,0.0,0.0067865529009126,140.73046875,3.0,0.0050647117840209,48.8359375,2.0
2026-05-30T07:17:42Z,2.200146676445096,42.72727272727272,0.0,0.0232037110146042,67.546875,6.0,4.800640085344713,4.787664920483531,0.0,0.0093704837342046,90.1796875,0.0,0.2667022269635951,24.25,0.0,0.0041385723815867,56.59375,7.0,14.801973596479533,4.6093828967315655,0.0,0.0113613141509045,82.95703125,7.0,0.2000177801484642,4.8,0.0,0.0045260761263578,80.46484375,10.0,0.3333777837044939,4.8,0.0,0.0033151024780808,73.6171875,7.0,28.13543139085212,2.592855833150395,0.0,0.0092638052272984,54.64453125,6.0,3.800506734231231,4.8644053401852485,0.0,0.0100011925082427,79.49609375,7.0,1.6002133617815708,2.666641232401278,0.0,0.0030018235204977,55.7578125,7.0,3.0670756100813445,4.8,0.0,0.007297688901688,139.48828125,3.0,0.004984398334416,49.484375,2.0
2026-05-30T07:17:47Z,2.200146676445096,42.72727272727272,0.0,0.0232037110146042,67.546875,6.0,4.3337556014869145,4.787664920483531,0.0,0.0072617429113846,90.1796875,0.0,0.2000222248892247,24.25,0.0,0.0041385723815867,56.59375,7.0,13.334640142831764,4.598254653135261,0.0,0.0111376942853765,82.95703125,7.0,0.2000177801484642,4.8,0.0,0.0044400936874391,80.46484375,10.0,0.1333511134817975,4.8,0.0,0.003147957634196,73.734375,7.0,26.73441786726752,2.4427876138120954,0.0,0.0115478243021301,52.83203125,6.0,3.5336800379304303,4.86589444694734,0.0,0.0100011925082427,79.49609375,7.0,1.4668222402985287,1.4499686084951515,0.0,0.0034642198936335,55.7578125,7.0,2.6668444562970866,4.8,0.0,0.0076501530827703,139.48828125,3.0,0.0049686566762613,49.484375,2.0
2026-05-30T07:17:52Z,2.200146676445096,42.72727272727272,0.0,0.0193401573143179,67.546875,6.0,5.466622245925729,4.788444568851947,0.0,0.0058794096336783,90.1796875,0.0,0.1333377780740938,24.25,0.0,0.0029280904745861,56.59375,7.0,16.000471142520613,4.587575294080286,0.0,0.0111376942853765,82.95703125,7.0,0.1333333333333333,4.8,0.0,0.0039812759770938,80.46484375,10.0,0.0666666666666666,4.8,0.0,0.003147957634196,73.734375,7.0,26.734382306970588,2.398090579712928,0.0,0.0115478243021301,52.83203125,6.0,3.5336800379304303,4.86589444694734,0.0,0.0103191191191199,79.49609375,7.0,1.3334533466682668,1.5499541626956352,0.0,0.003507133307694,54.94140625,7.0,2.6668444562970866,4.8,0.0,0.0076501530827703,139.48828125,3.0,0.0049686566762613,49.484375,2.0
2026-05-30T07:17:57Z,3.333333333333333,41.875000000000014,0.0,0.0239523502343731,67.62890625,6.0,5.466622245925729,4.788444568851947,0.0,0.0052742643910629,90.1796875,0.0,0.1333377780740938,24.25,0.0,0.0026039571861312,56.59375,7.0,16.000471142520613,4.587575294080286,0.0,0.0120236370951504,80.90625,7.0,0.2000266720010668,4.8,0.0,0.0035224582667485,80.46484375,10.0,0.0666666666666666,4.8,0.0,0.0031700995140009,73.734375,7.0,33.80584139236027,2.349487642479453,0.0,0.0123745014413747,52.875,6.0,4.200124452741294,4.866665159060861,0.0,0.0103512449914099,79.49609375,7.0,1.8001111185190124,1.4000322238334086,0.0,0.0035384334822657,54.94140625,7.0,2.6668444562970866,4.8,0.0,0.0070091099325328,135.86328125,3.0,0.0049686566762613,49.484375,2.0
2026-05-30T07:18:02Z,3.333333333333333,41.875000000000014,0.0,0.0239523502343731,67.62890625,6.0,6.266675582814854,4.805063888898786,0.0,0.0076939556050446,90.8359375,0.0,0.2666800008889481,24.25,0.0,0.0035387223222787,56.609375,7.0,16.600511145187458,4.603383064868515,0.0,0.0120236370951504,80.90625,7.0,0.2000266720010668,4.8,0.0,0.0051667035937436,80.4609375,10.0,0.2000177801484642,4.800000000000001,0.0,0.0031700995140009,73.734375,7.0,38.73950363650988,2.304660898343001,0.0,0.0123745014413747,52.875,6.0,5.0001777896304205,4.862636697191915,0.0,0.0103512449914099,79.49609375,7.0,2.066795564148721,1.8400554696250464,0.0,0.0035384334822657,54.94140625,7.0,3.466897793186212,4.799999999999999,0.0,0.0069606833091179,135.86328125,3.0,0.0049686566762613,49.484375,2.0
2026-05-30T07:18:07Z,3.333333333333333,41.875000000000014,0.0,0.0239523502343731,67.62890625,6.0,6.734262380177882,4.8056451552195885,0.0,0.0076939556050446,90.8359375,0.0,0.4000533422238818,24.25,0.0,0.0035387223222787,56.609375,7.0,16.33557815859014,4.603286316426309,0.0,0.0122042983205225,80.90625,7.0,0.3334000133360005,4.8,0.0,0.0051667035937436,80.4609375,10.0,0.3333911214833979,4.8,0.0,0.0024876299236284,73.734375,7.0,39.00627699118082,2.2934445335040947,0.0,0.0123342478008021,52.875,6.0,5.0001777896304205,4.862636697191915,0.0,0.0085071249208122,79.49609375,7.0,2.333542246818588,2.685775694715934,0.0,0.0036441723339604,54.98046875,7.0,3.466897793186212,4.799999999999999,0.0,0.0069606833091179,135.86328125,3.0,0.0020526333333312,49.484375,2.0
2026-05-30T07:18:12Z,2.600520104020804,43.65384615384613,0.0,0.0250096269089513,67.76171875,6.0,6.734262380177882,4.8056451552195885,0.0,0.0076939556050446,90.8359375,0.0,0.4000533422238818,24.25,0.0,0.0038175214362888,56.4140625,7.0,16.33557815859014,4.603286316426309,0.0,0.0123713798332038,81.2109375,7.0,0.4000400080016003,4.8,0.0,0.0051667035937436,80.4609375,10.0,0.3333911214833979,4.8,0.0,0.0019646838702328,73.734375,7.0,37.600373547861096,2.4018095278821026,0.0,0.0123342478008021,52.875,6.0,4.800462272005848,4.901604278074865,0.0,0.0076413302861959,79.49609375,7.0,2.466964485635932,2.924994721694393,0.0,0.0035576272847548,54.98046875,7.0,3.466897793186212,4.799999999999999,0.0,0.0054969563415003,135.9921875,3.0,0.0020526333333312,49.484375,2.0
2026-05-30T07:18:17Z,2.600520104020804,43.65384615384613,0.0,0.0250096269089513,67.76171875,6.0,5.667524597659048,4.805906870947534,0.0,0.0076939556050446,90.8359375,0.0,0.2667111194090275,24.25,0.0,0.0038175214362888,56.4140625,7.0,15.935551490145574,4.602798358438816,0.0,0.0123713798332038,81.2109375,7.0,0.4000400080016003,4.8,0.0,0.0051716100766704,80.0859375,10.0,0.4000533422238818,4.8,0.0,0.0029536965481705,74.3046875,7.0,30.7332490728961,2.594882541097928,0.0,0.0127758242603783,52.87890625,6.0,3.733724489487013,4.950281704146861,0.0,0.0114726806765827,79.58203125,7.0,2.000266705783942,3.2222069670562465,0.0,0.0035576272847548,54.98046875,7.0,3.0667644509633973,4.8,0.0,0.0054969563415003,135.9921875,3.0,0.0047534146178953,49.234375,2.0
2026-05-30T07:18:22Z,2.600520104020804,43.65384615384613,0.0,0.0257751147146664,62.21875,6.0,4.866626687703526,4.805173022882992,0.0,0.0081703624576396,90.8359375,0.0,0.1333377780740938,24.25,0.0,0.0038175214362888,56.4140625,7.0,16.466546739258725,4.607933258319433,0.0,0.0113643227423739,81.453125,7.0,0.2666666666666666,4.8,0.0,0.0051716100766704,80.0859375,10.0,0.2666800008889481,4.8,0.0,0.0029536965481705,74.3046875,7.0,30.266475718225166,2.600011928808564,0.0,0.0112338304613105,52.87890625,6.0,3.733724489487013,4.950281704146861,0.0,0.0114726806765827,79.58203125,7.0,1.7335200231140746,3.0499674965690837,0.0,0.0037018633540375,54.98046875,7.0,3.0667644509633973,4.8,0.0,0.0046072466431352,135.9921875,3.0,0.0047534146178953,49.234375,2.0
2026-05-30T07:18:27Z,2.599826678221452,42.49999999999999,0.0,0.0257751147146664,62.21875,6.0,4.866626687703526,4.805173022882992,0.0,0.0081703624576396,90.8359375,0.0,0.1333377780740938,24.25,0.0,0.0038175214362888,56.4140625,7.0,16.466546739258725,4.607933258319433,0.0,0.0134546525051949,81.453125,7.0,0.0666666666666666,4.8,0.0,0.0052132063470242,80.08984375,10.0,0.2666800008889481,4.8,0.0,0.0029536965481705,74.3046875,7.0,23.13545356950987,2.7142279710369897,0.0,0.0132614850928209,52.7578125,6.0,3.533440007111585,4.945355998200748,0.0,0.0114726806765827,79.58203125,7.0,1.000026668444563,2.9750000000000005,0.0,0.0037018633540375,54.98046875,7.0,3.0667644509633973,4.8,0.0,0.0061516685117829,136.1484375,3.0,0.0047534146178953,49.234375,2.0
2026-05-30T07:18:32Z,2.599826678221452,42.49999999999999,0.0,0.0257751147146664,62.21875,6.0,5.26681783348654,4.820577496127514,0.0,0.0081437230818312,92.3125,0.0,0.266693336889363,24.25,0.0,0.0041334609097305,59.07421875,7.0,18.133920199129605,4.611798741111814,0.0,0.0134546525051949,81.453125,7.0,0.0666666666666666,4.8,0.0,0.0035189377966833,80.08984375,10.0,0.1333422234075654,4.8,0.0,0.0030077545822536,74.34375,7.0,25.20309374583278,2.8680440578644406,0.0,0.0132614850928209,52.7578125,6.0,3.8002489220785,4.918135630965714,0.0,0.018094809235304,84.25390625,7.0,1.2000800106680891,3.509102884250164,0.0,0.0037018633540375,54.98046875,7.0,2.867048939858648,4.8,0.0,0.0061516685117829,136.1484375,3.0,0.004769223550023,49.234375,2.0
2026-05-30T07:18:37Z,2.599826678221452,42.49999999999999,0.0,0.0195619198768313,62.79296875,6.0,5.200822361209822,4.836065325006929,0.0,0.0081190175246814,92.3125,0.0,0.4000400044449779,24.25,0.0,0.004624606996593,59.07421875,7.0,16.602173620482557,4.610526315789473,0.0,0.0130878932787497,82.2109375,7.0,0.2000133342222814,4.8,0.0,0.0039751517370183,80.08984375,10.0,0.2666888909631802,4.8,0.0,0.0030077545822536,74.34375,7.0,25.536453747610675,2.8802406631237814,0.0,0.0132614850928209,52.7578125,6.0,3.8002489220785,4.918135630965714,0.0,0.0199902302208715,84.25390625,7.0,1.4667733457793188,3.436377448147954,0.0,0.0037547300187549,54.98046875,7.0,2.867048939858648,4.8,0.0,0.0065414941049992,134.953125,3.0,0.0047613287806002,49.34375,2.0
2026-05-30T07:18:42Z,2.800373383117749,48.57142857142856,0.0,0.0238957451440549,62.79296875,6.0,5.200822361209822,4.836065325006929,0.0,0.0081190175246814,92.3125,0.0,0.4000400044449779,24.25,0.0,0.0058937530423501,59.07421875,7.0,16.602173620482557,4.610526315789473,0.0,0.0127517055524524,82.2109375,7.0,0.4000133342222814,4.800000000000001,0.0,0.0041714679604633,80.0859375,10.0,0.2666888909631802,4.8,0.0,0.0030077545822536,74.34375,7.0,29.535271367737803,2.9543421130327805,0.0,0.0110018753828385,52.7578125,6.0,3.667155620749434,7.124999999999995,0.0,0.0199902302208715,84.25390625,7.0,2.00017335022406,3.472740349842211,0.0,0.0036303518350654,54.9375,7.0,2.867048939858648,4.8,0.0,0.0069518075362897,134.953125,3.0,0.0030149439048509,49.34375,2.0
2026-05-30T07:18:47Z,2.800373383117749,48.57142857142856,0.0,0.0238957451440549,62.79296875,6.0,5.400493428463233,4.8223211528959045,0.0,0.0074580056115173,92.64453125,0.0,0.2666800008889481,24.25,0.0,0.0049840563589177,59.0546875,7.0,18.46764901720212,4.5994416388959465,0.0,0.0136255576314498,82.34765625,7.0,0.4000133342222814,4.800000000000001,0.0,0.005188213735591,80.0859375,10.0,0.3333466675556148,4.8,0.0,0.0019670668594346,74.76171875,7.0,28.733600033782164,3.043989479936214,0.0,0.0123051218053178,52.7734375,6.0,3.600240032004267,67.6920887390568,0.0,0.0199902302208715,84.25390625,7.0,1.933426672889304,3.618181744713692,0.0,0.0036303518350654,54.9375,7.0,3.533333333333333,4.827481252988926,0.0,0.0069518075362897,134.953125,3.0,0.0034106629594193,49.34375,2.0
2026-05-30T07:18:52Z,2.800373383117749,48.57142857142856,0.0,0.0252496372920352,63.203125,6.0,5.733333333333333,4.844239608209005,0.0,0.0074580056115173,92.64453125,0.0,0.1333333333333333,24.25,0.0,0.0049840563589177,59.0546875,7.0,22.600777829633085,4.587880093942471,0.0,0.0136255576314498,82.34765625,7.0,0.2666666666666666,4.800000000000001,0.0,0.0044933101525278,80.0859375,10.0,0.2,4.8,0.0,0.0022147458898343,74.76171875,7.0,28.400240032004263,3.0545955571547774,0.0,0.0123051218053178,52.7734375,6.0,3.600240032004267,67.6920887390568,0.0,0.0182293666666585,84.25390625,7.0,1.666733337778074,3.400009876762692,0.0,0.0034621383801882,55.19140625,7.0,3.533333333333333,4.827481252988926,0.0,0.0057340632722731,134.953125,3.0,0.0035279764142572,49.484375,2.0
2026-05-30T07:18:57Z,2.8001866791119405,95.33333333333331,0.0,0.0241427283335113,63.203125,6.0,5.733333333333333,4.844239608209005,0.0,0.0073139566080595,92.703125,0.0,0.1333333333333333,24.25,0.0,0.0049840563589177,59.0546875,7.0,22.600777829633085,4.587880093942471,0.0,0.0120138554713271,82.34765625,7.0,0.1333422234075654,4.8,0.0,0.0049612807811542,80.08203125,10.0,0.2,4.8,0.0,0.002462424920234,74.76171875,7.0,25.93500466728897,3.2921732725754937,0.0,0.0115227454375874,52.7734375,6.0,3.4000000000000004,85.18514662173672,0.0,0.0182293666666585,84.25390625,7.0,1.1333644465186568,3.555578162706668,0.0,0.0034621383801882,55.19140625,7.0,3.533333333333333,4.827481252988926,0.0,0.0077751829673991,135.2578125,3.0,0.0044672773095582,49.484375,2.0
2026-05-30T07:19:02Z,2.8001866791119405,95.33333333333331,0.0,0.0209758730074972,63.203125,6.0,5.066800008889482,4.860909280265208,0.0,0.0042672700805926,92.703125,0.0,0.0666666666666666,24.25,0.0,0.0045230661133441,59.3828125,7.0,18.601231193190657,4.5916461801306445,0.0,0.0118090524925385,82.34765625,7.0,0.1333422234075654,4.8,0.0,0.0047600501917703,80.08203125,10.0,0.1333377780740938,4.8,0.0,0.0024976944141629,74.76171875,7.0,24.402351379291996,3.499978706650684,0.0,0.0115990917676335,52.7734375,6.0,3.200106673778252,89.74360720380875,0.0,0.1426795232539514,85.12109375,7.0,1.200071115852168,3.5111336085177065,0.0,0.0034621383801882,55.19140625,7.0,2.6669378082999904,4.85522388232978,0.0,0.0077751829673991,135.2578125,3.0,0.0044672773095582,49.484375,2.0
2026-05-30T07:19:07Z,2.8001866791119405,95.33333333333331,0.0,0.0189639789797046,63.203125,6.0,3.866924461630776,4.863594421151392,0.0,0.0048030362116433,92.703125,0.0,0.0,24.25,0.0,0.0045230661133441,59.3828125,7.0,14.267617841189413,4.602576050251027,0.0,0.0133369357557628,82.51171875,7.0,0.0666755567408987,4.8,0.0,0.0047600501917703,80.08203125,10.0,0.0666711114074271,4.8,0.0,0.0029449946382388,73.28515625,7.0,24.335684712625326,3.501228684607429,0.0,0.0115990917676335,52.7734375,6.0,3.200106673778252,89.74360720380875,0.0,0.1426795232539514,85.12109375,7.0,1.0667377825188344,3.5555682859195863,0.0,0.003389670109963,55.19140625,7.0,2.6669378082999904,4.85522388232978,0.0,0.0077554032862879,135.7265625,3.0,0.0043385618408422,49.62890625,2.0
2026-05-30T07:19:12Z,2.5336711561541536,124.64285714285664,0.0,0.0243301854221269,62.8359375,6.0,3.866924461630776,4.863594421151392,0.0,0.0053255998612433,92.80078125,0.0,0.0,24.25,0.0,0.002513151038791,59.52734375,7.0,14.267617841189413,4.602576050251027,0.0,0.0131920031487342,82.51171875,7.0,0.0,4.8,0.0,0.0046936182659086,80.08203125,10.0,0.0666711114074271,4.8,0.0,0.0029449946382388,73.28515625,7.0,24.53411116296642,3.5320649083996307,0.0,0.0115990917676335,52.7734375,6.0,3.0668711247416494,91.7222222222222,0.0,0.1426795232539514,85.12109375,7.0,1.2001200133349337,3.6444334695590954,0.0,0.0032691142666867,52.8203125,7.0,2.6669378082999904,4.85522388232978,0.0,0.0078356926771807,135.7265625,3.0,0.0043385618408422,49.62890625,2.0
2026-05-30T07:19:17Z,2.5336711561541536,124.64285714285664,0.0,0.0243301854221269,62.8359375,6.0,3.6667911194079608,4.848309458917687,0.0,0.0063918064405869,92.80078125,0.0,0.0,24.25,0.0,0.0029679965028533,59.52734375,7.0,13.933831144298509,4.605862804517837,0.0,0.0131920031487342,82.51171875,7.0,0.0,4.8,0.0,0.0044944054617852,80.08203125,10.0,0.0,4.8,0.0,0.0029474450782855,73.28515625,7.0,24.0667644509634,3.626413730169984,0.0,0.0117835267569276,52.7734375,6.0,3.000097784296731,93.42590428185048,0.0,0.2048998559596767,85.12109375,7.0,0.9334133440014224,3.5499548576721907,0.0,0.0032691142666867,52.8203125,7.0,3.0,4.853623155031688,0.0,0.0078356926771807,135.7265625,3.0,0.004086124105455,49.62890625,2.0
2026-05-30T07:19:22Z,2.5336711561541536,124.64285714285664,0.0,0.0259417567335734,62.8359375,6.0,3.866666666666667,4.836548215104379,0.0,0.0062495699735219,92.64453125,0.0,0.0,24.25,0.0,0.0029679965028533,59.52734375,7.0,13.2,4.616805552296109,0.0,0.0115906273666681,82.51171875,7.0,0.0,4.8,0.0,0.0045174657534246,80.0859375,10.0,0.0,4.8,0.0,0.0028543870692624,73.375,7.0,24.0667644509634,3.625315076873009,0.0,0.0116168198221663,52.78515625,6.0,3.000097784296731,93.42590428185048,0.0,0.2048998559596767,85.12109375,7.0,0.9334133440014224,3.699961385827686,0.0,0.0026754604647886,52.8203125,7.0,3.0,4.853623155031688,0.0,0.0074773608864295,136.0703125,3.0,0.004086124105455,49.62890625,2.0
2026-05-30T07:19:27Z,2.6664889007399504,161.49999999999977,0.0,0.0252232837243523,62.6875,6.0,3.866666666666667,4.836548215104379,0.0,0.0062495699735219,92.64453125,0.0,0.0,24.25,0.0,0.0029966777408635,59.47265625,7.0,13.2,4.616805552296109,0.0,0.0129739958962286,82.69140625,7.0,0.0666844491864497,4.799999999999999,0.0,0.0045178048367195,80.0859375,10.0,0.0,4.8,0.0,0.0028543870692624,73.375,7.0,26.00203581810849,3.7114634918653087,0.0,0.0114992969977692,52.78515625,6.0,3.533466675556149,93.93442239229876,0.0,0.2048998559596767,85.12109375,7.0,0.9333333333333332,3.93331818846228,0.0,0.0031868319055956,52.8203125,7.0,3.0,4.853623155031688,0.0,0.0073535450041105,136.0703125,3.0,0.0032049344165965,49.62890625,2.0
2026-05-30T07:19:32Z,2.6664889007399504,161.49999999999977,0.0,0.0252232837243523,62.6875,6.0,4.800364493043517,4.834782640436582,0.0,0.0063076308216988,92.64453125,0.0,0.0666755567408987,24.25,0.0,0.0029538075663621,59.47265625,7.0,16.80134240120905,4.613370074408522,0.0,0.0129739958962286,82.69140625,7.0,0.0666844491864497,4.799999999999999,0.0,0.0045178048367195,80.0859375,10.0,0.0666755567408987,4.799999999999999,0.0,0.0027862389668855,73.375,7.0,29.87051605991851,3.7614409357771392,0.0,0.0114992969977692,52.78515625,6.0,4.000400044449778,93.76984324357883,0.0,0.1969305028152393,81.765625,7.0,1.266755567408988,4.072728080843998,0.0,0.0031868319055956,52.8203125,7.0,3.4004533937858383,4.825850625430305,0.0,0.0073535450041105,136.0703125,3.0,0.0043292510264769,45.8828125,2.0
2026-05-30T07:19:37Z,2.6664889007399504,161.49999999999977,0.0,0.023588602631503,62.6875,6.0,5.934329062549853,4.8139997395351815,0.0,0.0067528770327887,92.37109375,0.0,0.1333511134817975,24.25,0.0,0.0029538075663621,59.47265625,7.0,20.536071476196827,4.613477111295532,0.0,0.011832393698297,82.69140625,7.0,0.1333600059273485,4.799999999999999,0.0,0.0036806430510175,80.0859375,10.0,0.1333511134817975,4.799999999999999,0.0,0.0029481713279871,73.8125,7.0,29.93719161665941,3.767858464896874,0.0,0.0120870842219485,52.78125,6.0,4.000400044449778,93.76984324357883,0.0,0.1969305028152393,81.765625,7.0,1.4001066808907854,4.150000833405871,0.0,0.0032754757889658,52.8203125,7.0,3.4004533937858383,4.825850625430305,0.0,0.0064358131893918,135.9921875,3.0,0.0044113340426605,45.8828125,2.0
2026-05-30T07:19:42Z,2.933724496599547,143.12499999999963,0.0,0.0243769039360575,62.67578125,6.0,5.934329062549853,4.8139997395351815,0.0,0.0067528770327887,92.37109375,0.0,0.1333511134817975,24.25,0.0,0.0029538075663621,59.47265625,7.0,20.536071476196827,4.613477111295532,0.0,0.0120932505268648,83.27734375,7.0,0.1333377792593975,4.8,0.0,0.0046542571193743,80.08203125,10.0,0.1333511134817975,4.799999999999999,0.0,0.0029481713279871,73.8125,7.0,30.40194691795888,3.671671000006673,0.0,0.0120870842219485,52.78125,6.0,3.867057821634924,93.10344827586206,0.0,0.1969305028152393,81.765625,7.0,1.5335378050406725,3.999991514431528,0.0,0.0032498338870429,52.8203125,7.0,3.4004533937858383,4.825850625430305,0.0,0.0064358131893918,135.9921875,3.0,0.0044113340426605,45.8828125,2.0
2026-05-30T07:19:47Z,2.933724496599547,143.12499999999963,0.0,0.0243769039360575,62.67578125,6.0,5.667462358247808,4.8140700892308725,0.0,0.0067354050124448,92.37109375,0.0,0.2000177795557531,24.25,0.0,0.0032074939738286,59.41015625,7.0,20.468729119435185,4.606303749597386,0.0,0.0121846061678024,83.27734375,7.0,0.1333377792593975,4.8,0.0,0.0046542571193743,80.08203125,10.0,0.1333422234075654,4.8,0.0,0.0029740931103118,73.8125,7.0,29.40097339881926,3.431070887196295,0.0,0.0123047901527539,52.78125,6.0,3.733582238815921,91.19565217391305,0.0,0.1969305028152393,81.765625,7.0,1.2668089060762473,3.6749901380670615,0.0,0.0032370949680314,52.8203125,7.0,3.466897793186212,4.8,0.0,0.0064358131893918,135.9921875,3.0,0.0044113340426605,45.8828125,2.0
2026-05-30T07:19:52Z,2.933724496599547,143.12499999999963,0.0,0.0199601056305721,62.67578125,6.0,5.066831122074805,4.828971980668703,0.0,0.0067507442592487,92.22265625,0.0,0.2666755561481876,24.25,0.0,0.0032074939738286,59.41015625,7.0,20.73400004444741,4.559173426990637,0.0,0.0121846061678024,83.27734375,7.0,0.1999955558518321,4.8,0.0,0.0046542571193743,80.08203125,10.0,0.2,4.8,0.0,0.0029740931103118,73.8125,7.0,29.600964508745022,3.4261016659985883,0.0,0.0123047901527539,52.78125,6.0,3.733582238815921,91.19565217391305,0.0,0.1232193291529791,81.4921875,7.0,1.4001244592611164,3.574987221114101,0.0,0.0027964302922798,52.8203125,7.0,3.466897793186212,4.8,0.0,0.005353702710631,135.9921875,3.0,0.004664397240379,45.953125,2.0
2026-05-30T07:19:57Z,2.466666666666667,117.14285714285694,0.0,0.0247620948802185,62.67578125,6.0,5.066831122074805,4.828971980668703,0.0,0.0069105013797053,92.22265625,0.0,0.2666755561481876,24.25,0.0,0.0032074939738286,59.41015625,7.0,20.73400004444741,4.559173426990637,0.0,0.0121706589947236,83.53125,7.0,0.2000088900742321,4.800000000000001,0.0,0.0048618562713085,80.08203125,10.0,0.2,4.8,0.0,0.0029324192940332,73.91015625,7.0,24.53630269045564,3.387150160129833,0.0,0.0096456737307848,52.78125,6.0,3.4002266817787854,89.68749999999999,0.0,0.1232193291529791,81.4921875,7.0,1.133328892740721,3.6000227784614385,0.0,0.0033166353310845,52.8203125,7.0,3.466897793186212,4.8,0.0,0.0056468801025164,136.359375,3.0,0.004664397240379,45.953125,2.0
2026-05-30T07:20:02Z,2.466666666666667,117.14285714285694,0.0,0.0191264484362714,62.67578125,6.0,4.933644485931458,4.828837392768202,0.0,0.0069105013797053,92.22265625,0.0,0.2000088900742321,24.25,0.0,0.0034682943088077,59.49609375,7.0,17.734266791127705,4.545243292585205,0.0,0.0121706589947236,83.53125,7.0,0.2000088900742321,4.800000000000001,0.0,0.0048618562713085,80.08203125,10.0,0.2000133360005334,4.800000000000001,0.0,0.0029324192940332,73.91015625,7.0,23.93706284781369,3.2680368184112405,0.0,0.0117331874103708,52.7890625,6.0,3.4670267078568893,86.85477811894879,0.0,0.0065434083141359,81.125,7.0,1.2667066782233485,3.371474922604276,0.0,0.002829099150291,52.8203125,7.0,3.26699114696725,4.798540162562851,0.0,0.0056468801025164,136.359375,3.0,0.004664397240379,45.953125,2.0
2026-05-30T07:20:07Z,2.466666666666667,117.14285714285694,0.0,0.0170629405295865,62.67578125,6.0,5.200702317642708,4.8235294117647065,0.0,0.0069901320176023,91.74609375,0.0,0.1333555594080989,24.25,0.0,0.0034682943088077,59.49609375,7.0,14.201906923590348,4.529587849245458,0.0,0.0097867367437444,83.453125,7.0,0.1333555594080989,4.8,0.0,0.0048618562713085,80.08203125,10.0,0.1333600053344002,4.8,0.0,0.0030018573471954,74.02734375,7.0,23.803756186481426,3.2652593417990308,0.0,0.0117331874103708,52.7890625,6.0,3.4670267078568893,86.85477811894879,0.0,0.0073485229664972,81.125,7.0,1.1334000168910818,3.314335421236928,0.0,0.0033755092880322,53.234375,7.0,3.26699114696725,4.798540162562851,0.0,0.0053412872474212,136.359375,3.0,0.0035864681336266,46.23046875,2.0
2026-05-30T07:20:12Z,2.733880109355204,85.83333333333329,0.0,0.0247797010704891,63.12109375,6.0,5.200702317642708,4.8235294117647065,0.0,0.0073212342068039,91.74609375,0.0,0.1333555594080989,24.25,0.0,0.0036376629213493,59.49609375,7.0,14.201906923590348,4.529587849245458,0.0,0.0119673143970462,83.453125,7.0,0.1333466693338667,4.8,0.0,0.0051299169313449,80.08984375,10.0,0.1333600053344002,4.8,0.0,0.0030018573471954,74.02734375,7.0,33.60080039470863,3.0543214393938984,0.0,0.0121064392593472,52.8046875,6.0,4.200711236170868,80.11904761904759,0.0,0.0096613758283355,81.125,7.0,1.3335200266705782,2.966711114074266,0.0,0.0034208226768968,53.234375,7.0,3.26699114696725,4.798540162562851,0.0,0.0058977687626795,136.65234375,3.0,0.0046980708464986,46.23046875,2.0
2026-05-30T07:20:17Z,2.733880109355204,85.83333333333329,0.0,0.0247797010704891,63.12109375,6.0,5.133573397340209,4.823317988534454,0.0,0.0073212342068039,91.74609375,0.0,0.1333422251856988,39.99966662962551,0.0,0.0036052730846357,59.734375,7.0,13.000586824905366,4.5427670062917,0.0,0.0119673143970462,83.453125,7.0,0.1333466693338667,4.8,0.0,0.0051299169313449,80.08984375,10.0,0.2000044477041976,4.8,0.0,0.0030018573471954,74.02734375,7.0,34.131698014824615,2.8533670178651347,0.0,0.0121064392593472,52.8046875,6.0,4.200324543721267,51.66827784938599,0.0,0.0096613758283355,81.125,7.0,1.2667511303728791,1.0000088916546996,0.0,0.0034208226768968,53.234375,7.0,2.9332355620736394,4.825174825174825,0.0,0.0058977687626795,136.65234375,3.0,0.0046980708464986,46.23046875,2.0
2026-05-30T07:20:22Z,2.733880109355204,85.83333333333329,0.0,0.0247797010704891,63.12109375,6.0,5.133173343999289,4.824434389140271,0.0,0.0071576448460938,91.671875,0.0,0.1333244450369975,45.0,0.0,0.0036052730846357,59.734375,7.0,12.800035612444605,4.562262151166166,0.0,0.0118041490232355,83.73046875,7.0,0.1333288891851654,4.8,0.0,0.0053276780752492,80.08984375,10.0,0.1999866675554963,4.800000000000001,0.0,0.0028332398316977,74.29296875,7.0,34.264986899564214,2.848366703040349,0.0,0.0125072431957838,52.79296875,6.0,4.200324543721267,51.66827784938599,0.0,0.0097842480017465,81.00390625,7.0,1.2667155700754766,1.9999666644442955,0.0,0.0034479862700235,52.55859375,7.0,2.9332355620736394,4.825174825174825,0.0,0.0061224843576484,136.65234375,3.0,0.0047121892432992,46.3125,2.0
2026-05-30T07:20:27Z,3.533097793480435,46.49999999999999,0.0,0.0258161221137155,62.83203125,6.0,5.133173343999289,4.824434389140271,0.0,0.0071576448460938,91.671875,0.0,0.1333244450369975,45.0,0.0,0.0034364475828354,59.734375,7.0,12.800035612444605,4.562262151166166,0.0,0.0114482673572565,83.73046875,7.0,0.2667022305200991,4.8,0.0,0.0053203343856988,80.0859375,10.0,0.1999866675554963,4.800000000000001,0.0,0.0028332398316977,74.29296875,7.0,33.33473816774219,2.696575319507743,0.0,0.0125072431957838,52.79296875,6.0,4.33304446370242,4.8,0.0,0.0097842480017465,81.00390625,7.0,1.866711119407605,1.850000000000001,0.0,0.0034479862700235,52.55859375,7.0,2.9332355620736394,4.825174825174825,0.0,0.0062427549411904,137.09765625,3.0,0.0047121892432992,46.3125,2.0
2026-05-30T07:20:32Z,3.533097793480435,46.49999999999999,0.0,0.0258161221137155,62.83203125,6.0,6.2675646868792665,4.806896319839344,0.0,0.0071576448460938,91.671875,0.0,0.2000311208913982,44.99999999999999,0.0,0.0034364475828354,59.734375,7.0,17.469880775607816,4.570152851565046,0.0,0.0114482673572565,83.73046875,7.0,0.2667022305200991,4.8,0.0,0.0053203343856988,80.0859375,10.0,0.2000222278528989,4.8,0.0,0.0028332398316977,74.29296875,7.0,38.2068815719278,2.939709068852961,0.0,0.012990609078484,52.82421875,6.0,5.133902427310394,4.820879569603084,0.0,0.0092254439408697,80.8671875,7.0,2.26697340120196,3.0857559210108563,0.0,0.0034479862700235,52.55859375,7.0,4.0676180047959445,4.849664440742028,0.0,0.0062427549411904,137.09765625,3.0,0.0039326057432724,46.3125,2.0
2026-05-30T07:20:37Z,3.533097793480435,46.49999999999999,0.0,0.0258161221137155,62.83203125,6.0,6.7347025292590805,4.790717408387518,0.0,0.0076518251543854,91.85546875,0.0,0.2667289037072996,44.99999999999999,0.0,0.0027597824167119,59.734375,7.0,20.13743647933444,4.592717086834734,0.0,0.0096160675689556,83.73046875,7.0,0.3334000133360005,4.8,0.0,0.0053285977924021,80.09375,10.0,0.2667200106688004,4.8,0.0,0.0018380000000007,74.29296875,7.0,38.1402726898554,2.956207772870856,0.0,0.0108492380798664,52.82421875,6.0,5.133902427310394,4.820879569603084,0.0,0.0110276718444748,80.8671875,7.0,2.4003689668337627,3.08577714565092,0.0,0.0035939533341617,52.6171875,7.0,4.0676180047959445,4.849664440742028,0.0,0.0057260508792164,137.09765625,3.0,0.0047336117438631,46.3125,2.0
2026-05-30T07:20:42Z,2.467160098686404,41.45833333333333,0.0,0.0162263933416865,62.84375,6.0,6.7347025292590805,4.790717408387518,0.0,0.0076518251543854,91.85546875,0.0,0.2667289037072996,44.99999999999999,0.0,0.002473411784809,59.734375,7.0,20.13743647933444,4.592717086834734,0.0,0.0084478430049893,83.73046875,7.0,0.2000222278528989,4.799999999999999,0.0,0.005415662794875,80.09375,10.0,0.2667200106688004,4.8,0.0,0.0020384577572973,74.29296875,7.0,34.07177466434872,2.964220248868207,0.0,0.0120694463823493,52.82421875,6.0,4.867822501994842,4.819999999999999,0.0,0.0110276718444748,80.8671875,7.0,1.8004178767646477,2.9428330126556546,0.0,0.0035939533341617,52.6171875,7.0,4.0676180047959445,4.849664440742028,0.0,0.0071471053746178,137.1796875,3.0,0.0047443148809029,46.359375,2.0
2026-05-30T07:20:47Z,2.467160098686404,41.45833333333333,0.0,0.0183785205273419,62.84375,6.0,5.133675628749612,4.790908893885073,0.0,0.007434031869652,91.84765625,0.0,0.2000222278528989,44.375020834953816,0.0,0.0037788324737682,60.58984375,7.0,14.467657978393744,4.603862966247928,0.0,0.0114614728743659,84.390625,7.0,0.2000222278528989,4.799999999999999,0.0,0.005415662794875,80.09375,10.0,0.2000266720010668,4.799999999999999,0.0,0.0028742830836519,73.25,7.0,27.066440139571142,2.976206976910317,0.0,0.012339600500519,52.82421875,6.0,3.733653425794373,4.838577426786968,0.0,0.0110276718444748,80.8671875,7.0,1.2001689274147964,2.942784571672803,0.0,0.0029564236184463,52.6171875,7.0,2.733244450369975,4.848407646738169,0.0,0.0071471053746178,137.1796875,3.0,0.0047443148809029,46.359375,2.0
2026-05-30T07:20:52Z,2.467160098686404,41.45833333333333,0.0,0.0205306477129974,62.84375,6.0,4.6000489081483655,4.792682839574697,0.0,0.0075057789170714,91.84765625,0.0,0.1999955558518321,44.37499999999999,0.0,0.0037788324737682,60.58984375,7.0,11.666346687998578,4.60677823307457,0.0,0.0114614728743659,84.390625,7.0,0.1999955558518321,4.8,0.0,0.0053504617113155,80.0859375,10.0,0.2,4.8,0.0,0.0028742830836519,73.25,7.0,27.466400131569547,2.9669346127965257,0.0,0.0138911088911081,52.94921875,6.0,3.733653425794373,4.838577426786968,0.0,0.0106680825364921,80.83203125,7.0,1.200115583412663,3.149915544294791,0.0,0.0030645358213886,52.6171875,7.0,2.733244450369975,4.848407646738169,0.0,0.0069098720776355,137.2265625,3.0,0.0047553900553872,46.359375,2.0
2026-05-30T07:20:57Z,2.2,43.90624999999998,0.0,0.024621485411139,62.89453125,6.0,4.6000489081483655,4.792682839574697,0.0,0.0075057789170714,91.84765625,0.0,0.1999955558518321,44.37499999999999,0.0,0.0037788324737682,60.58984375,7.0,11.666346687998578,4.60677823307457,0.0,0.0116798169954244,84.390625,7.0,0.2666844468151309,4.8,0.0,0.005272435440148,80.0859375,10.0,0.2,4.8,0.0,0.0028830456852801,73.25,7.0,28.268009206551632,2.9731162587569013,0.0,0.0138911088911081,52.94921875,6.0,3.5998933404439706,4.858762886597939,0.0,0.0106680825364921,80.83203125,7.0,0.9333155567406616,3.5799815096318808,0.0,0.0035475920854866,52.6484375,7.0,2.733244450369975,4.848407646738169,0.0,0.005936661572025,137.2265625,3.0,0.0048036972596777,46.1328125,2.0
2026-05-30T07:21:02Z,2.2,43.90624999999998,0.0,0.024621485411139,62.89453125,6.0,5.600355579260839,4.792468692781116,0.0,0.0075057789170714,91.84765625,0.0,0.3333466675556148,37.49966663703438,0.0,0.0039228295819938,60.58984375,7.0,13.867133364446518,4.615477856006056,0.0,0.0115775128980601,84.5625,7.0,0.2666844468151309,4.8,0.0,0.005272435440148,80.0859375,10.0,0.3333466675556148,4.8,0.0,0.0028244182007641,73.22265625,7.0,34.06978256567062,3.042368108886147,0.0,0.0143520983970276,53.01171875,6.0,4.60017334488966,4.921926925618342,0.0,0.0092367877437078,80.83203125,7.0,1.1333644465186568,3.6599910217034775,0.0,0.0035475920854866,52.6484375,7.0,3.93372448770888,4.824836882708652,0.0,0.0068779246682168,137.2265625,3.0,0.0048036972596777,46.1328125,2.0
2026-05-30T07:21:07Z,2.2,43.90624999999998,0.0,0.0259234581191175,63.015625,6.0,6.333773365039466,4.79365080037027,0.0,0.0058908042588801,91.84765625,0.0,0.333364447704079,24.25,0.0,0.0040549903584016,61.2890625,7.0,15.934417853042447,4.6207878251091055,0.0,0.0116407515636205,84.5625,7.0,0.2667022269635951,4.799999999999999,0.0,0.0044091620107478,80.0859375,10.0,0.333364447704079,4.799999999999999,0.0,0.0028326625989862,73.22265625,7.0,33.66980923589332,3.030650493713397,0.0,0.0143520983970276,53.01171875,6.0,4.60017334488966,4.921926925618342,0.0,0.0112552396956551,80.546875,7.0,1.1334000068155852,3.2749981247968507,0.0,0.0035360423614759,52.6484375,7.0,3.93372448770888,4.824836882708652,0.0,0.0108134462078548,137.6171875,3.0,0.0048331621072737,46.140625,2.0
2026-05-30T07:21:12Z,3.866924461630776,42.279411764705856,0.0,0.0246956670411794,63.015625,6.0,6.333773365039466,4.79365080037027,0.0,0.0052578846567506,91.84765625,0.0,0.333364447704079,24.25,0.0,0.0040549903584016,61.2890625,7.0,15.934417853042447,4.6207878251091055,0.0,0.0116407515636205,84.5625,7.0,0.333364447704079,4.8,0.0,0.005457250796732,80.0859375,10.0,0.333364447704079,4.799999999999999,0.0,0.0028031463229721,73.19921875,7.0,40.134804568604345,2.965144696541847,0.0,0.0140507028237332,53.01171875,6.0,5.33387117126651,4.937112701953115,0.0,0.0112552396956551,80.546875,7.0,1.933480012149274,3.3749978469889776,0.0,0.0036029348735638,52.75390625,7.0,3.93372448770888,4.824836882708652,0.0,0.0120710436991154,137.6171875,3.0,0.0048331621072737,46.140625,2.0
2026-05-30T07:21:17Z,3.866924461630776,42.279411764705856,0.0,0.0246956670411794,63.015625,6.0,6.867142256298884,4.793845966065609,0.0,0.0081803662975738,92.21875,0.0,0.4000355591115062,24.25,0.0,0.0028951876204239,61.2890625,7.0,19.40131564622866,4.635353081349721,0.0,0.0133347018755237,85.55859375,7.0,0.333364447704079,4.8,0.0,0.005457250796732,80.0859375,10.0,0.3333511134817976,4.8,0.0,0.0028031463229721,73.19921875,7.0,41.40155568534546,3.0566087977045733,0.0,0.0119569529543466,53.01171875,6.0,5.467213394081364,4.951996621997022,0.0,0.0112552396956551,80.546875,7.0,2.26683556918641,3.5110782418599857,0.0,0.0036029348735638,52.75390625,7.0,4.066800008889482,4.8,0.0,0.0120710436991154,137.6171875,3.0,0.0048331621072737,46.140625,2.0
2026-05-30T07:21:22Z,3.866924461630776,42.279411764705856,0.0,0.0261845072218309,62.859375,6.0,7.000222237038025,4.793258357949196,0.0,0.0080819620912309,92.21875,0.0,0.5333511122963752,24.25,0.0,0.0034488948275202,61.671875,7.0,20.801337866968908,4.64061559252829,0.0,0.0111190404701565,85.55859375,7.0,0.4666800008889481,4.799999999999999,0.0,0.0056147083569431,80.0859375,10.0,0.4666666666666667,4.8,0.0,0.0019575554204012,73.19921875,7.0,41.66819568178944,3.051577782990885,0.0,0.014065060190602,53.13671875,6.0,5.467213394081364,4.951996621997022,0.0,0.0110320405428111,80.5390625,7.0,2.533466675556148,3.5799767983856574,0.0,0.0035437571224035,52.75390625,7.0,4.066800008889482,4.8,0.0,0.0110740628319914,137.8515625,3.0,0.0030813749999992,46.140625,2.0
2026-05-30T07:21:27Z,2.8001866791119405,45.38461538461537,0.0,0.0238281523154284,62.859375,6.0,7.000222237038025,4.793258357949196,0.0,0.0080819620912309,92.21875,0.0,0.5333511122963752,24.25,0.0,0.004510029633006,61.671875,7.0,20.801337866968908,4.64061559252829,0.0,0.0113936624974157,85.67578125,7.0,0.4000177801484642,4.800000000000001,0.0,0.0056844623080447,80.0859375,10.0,0.4666666666666667,4.8,0.0,0.0017892250000002,73.19921875,7.0,33.73633810077863,3.1177466485109133,0.0,0.014065060190602,53.13671875,6.0,4.733515567704513,4.989999577763703,0.0,0.0110320405428111,80.5390625,7.0,2.133333340444445,3.440009777769873,0.0,0.0035614198774361,53.0390625,7.0,4.066800008889482,4.8,0.0,0.0123376684919953,137.8515625,3.0,0.0050669470887761,46.1796875,2.0
2026-05-30T07:21:32Z,2.8001866791119405,45.38461538461537,0.0,0.0277048272223722,62.859375,6.0,5.800284482375428,4.7931560311795,0.0,0.0081734037142907,93.15625,0.0,0.3333422234075655,24.25,0.0,0.004510029633006,61.671875,7.0,18.86844463883789,4.629822615774612,0.0,0.0135493219888336,85.67578125,7.0,0.4000177801484642,4.800000000000001,0.0,0.0056844623080447,80.0859375,10.0,0.3333466693338667,4.800000000000001,0.0,0.0030864493522054,73.53125,7.0,25.86978708272214,3.033098402501744,0.0,0.0149258076403387,53.13671875,6.0,3.5335378050406723,4.975385148403141,0.0,0.0094473736559109,80.5390625,7.0,1.7333333440007113,3.5818581461213816,0.0,0.0035614198774361,53.0390625,7.0,3.200426723563142,4.8,0.0,0.0105558349913402,137.8515625,3.0,0.0050669470887761,46.1796875,2.0
2026-05-30T07:21:37Z,2.8001866791119405,45.38461538461537,0.0,0.0268925310497344,62.84375,6.0,4.933991198826511,4.79461544582986,0.0,0.0086181466742467,93.15625,0.0,0.1333511134817975,24.25,0.0,0.0043073129014931,61.45703125,7.0,18.06907587678357,4.621287128712871,0.0,0.0135493219888336,85.67578125,7.0,0.2000266702226963,4.8,0.0,0.0059396506607364,80.0859375,10.0,0.1333555594080989,4.799999999999999,0.0,0.0030864493522054,73.53125,7.0,25.469795972796373,3.0436940017007545,0.0,0.0149258076403387,53.13671875,6.0,3.5335378050406723,4.975385148403141,0.0,0.0110549323108906,80.375,7.0,1.3333511241491756,3.618220900539808,0.0,0.0030462579560204,53.0390625,7.0,3.200426723563142,4.8,0.0,0.0095276959503406,137.8515625,3.0,0.0050669470887761,46.1796875,2.0
2026-05-30T07:21:42Z,3.0670756100813445,46.42045454545456,0.0,0.0283975192823807,62.84375,6.0,4.933991198826511,4.79461544582986,0.0,0.0086181466742467,93.15625,0.0,0.1333511134817975,24.25,0.0,0.0043073129014931,61.45703125,7.0,18.06907587678357,4.621287128712871,0.0,0.0129435478320723,86.0625,7.0,0.1333422234075654,4.8,0.0,0.0056716158848991,80.0859375,10.0,0.1333555594080989,4.799999999999999,0.0,0.0030864493522054,73.53125,7.0,25.60141795824571,3.085741910215721,0.0,0.0137998548842886,53.14453125,6.0,3.46700003585606,4.95670150214467,0.0,0.0110549323108906,80.375,7.0,1.0668444752647912,3.31112987779432,0.0,0.0034948523403756,53.3828125,7.0,3.200426723563142,4.8,0.0,0.0124259462209876,138.26171875,3.0,0.0050633025704275,46.19140625,2.0
2026-05-30T07:21:47Z,3.0670756100813445,46.42045454545456,0.0,0.0283975192823807,62.84375,6.0,5.066888948746708,4.794656440052332,0.0,0.0061584581520279,93.15625,0.0,0.0666755567408987,24.25,0.0,0.0043260843337146,61.45703125,7.0,18.334017986390364,4.588233216563965,0.0,0.0135695912572494,86.0625,7.0,0.1333422234075654,4.8,0.0,0.0056716158848991,80.0859375,10.0,0.1333422234075654,4.8,0.0,0.002668498933971,73.53125,7.0,26.932742280590084,3.0299401369591363,0.0,0.0137998548842886,53.14453125,6.0,3.666680016296356,4.919371679136232,0.0,0.0110549323108906,80.375,7.0,1.0001022474118924,3.0499849993024446,0.0,0.0034948523403756,53.3828125,7.0,3.666542230517965,4.8,0.0,0.0124259462209876,138.26171875,3.0,0.0050633025704275,46.19140625,2.0
2026-05-30T07:21:52Z,3.0670756100813445,46.42045454545456,0.0,0.0268210178875647,62.95703125,6.0,4.733182232295625,4.794331983805668,0.0,0.0074966403108724,92.75390625,0.0,0.0,24.25,0.0,0.0043260843337146,61.45703125,7.0,19.198720085327647,4.558974358974358,0.0,0.0135695912572494,86.0625,7.0,0.0666666666666666,4.8,0.0,0.0045131140178558,80.08203125,10.0,0.0666666666666666,4.8,0.0,0.0023963142201836,73.53125,7.0,26.866066723849187,3.034021815690356,0.0,0.0125389235801387,53.24609375,6.0,3.666680016296356,4.919371679136232,0.0,0.0087242102085489,80.375,7.0,0.8667511339300947,3.149978887481387,0.0,0.0034948523403756,53.3828125,7.0,3.666542230517965,4.8,0.0,0.0087997916256013,138.26171875,3.0,0.0050633025704275,46.19140625,2.0
2026-05-30T07:21:57Z,2.3998400106659554,48.69047619047618,0.0,0.0258457774844697,62.95703125,6.0,4.733182232295625,4.794331983805668,0.0,0.0074966403108724,92.75390625,0.0,0.0,24.25,0.0,0.0039241481984021,61.46484375,7.0,19.198720085327647,4.558974358974358,0.0,0.0116575981557939,86.0625,7.0,0.0666755567408987,4.800000000000001,0.0,0.005517703991184,80.08203125,10.0,0.0666666666666666,4.8,0.0,0.0021241295063963,73.53125,7.0,25.2009691638788,3.194327936359432,0.0,0.0125389235801387,53.24609375,6.0,3.2665511188143013,4.905555764067256,0.0,0.0078246401637417,80.375,7.0,0.7333111125924938,3.299999999999998,0.0,0.0033553549446034,52.5546875,7.0,3.666542230517965,4.8,0.0,0.0087997916256013,138.26171875,3.0,0.0049803285776045,46.203125,2.0
2026-05-30T07:22:02Z,2.3998400106659554,48.69047619047618,0.0,0.0258457774844697,62.95703125,6.0,4.800622388192407,4.793777960311223,0.0,0.0074966403108724,92.75390625,0.0,0.0666844491864497,24.25,0.0,0.0039241481984021,61.46484375,7.0,18.201387267700422,4.553077346446791,0.0,0.0119560750814889,86.91015625,7.0,0.0666755567408987,4.800000000000001,0.0,0.005517703991184,80.08203125,10.0,0.0666755567408987,4.8,0.0,0.0030242382702968,74.03125,7.0,25.404667684982105,2.9723898110296307,0.0,0.0093644179317306,53.3046875,6.0,3.267129012181026,4.869937862031213,0.0,0.0102610348546052,80.2734375,7.0,0.6667377967457989,2.7200512036411486,0.0,0.0033553549446034,52.5546875,7.0,3.734071273520208,4.8,0.0,0.0079670347692974,138.2421875,3.0,0.0049803285776045,46.203125,2.0
2026-05-30T07:22:07Z,2.3998400106659554,48.69047619047618,0.0,0.0233421445605844,62.94921875,6.0,4.467706915023541,4.79417475476774,0.0,0.0074966403108724,92.75390625,0.0,0.1333600059273485,24.25,0.0,0.003507508192051,61.46484375,7.0,13.60322300315582,4.548782267010656,0.0,0.0119560750814889,86.91015625,7.0,0.1333511134817975,4.799999999999999,0.0,0.0047433861977545,80.08203125,10.0,0.1333511134817975,4.799999999999999,0.0,0.0030242382702968,74.03125,7.0,25.604694355204803,2.961715020525703,0.0,0.0114139127953975,53.3046875,6.0,3.267129012181026,4.869937862031213,0.0,0.0096400692686833,80.2734375,7.0,0.8000889102275964,2.4500969488597724,0.0,0.003263740132676,52.56640625,7.0,3.734071273520208,4.8,0.0,0.0081729392906344,138.2421875,3.0,0.0040414513291132,46.44140625,2.0
2026-05-30T07:22:12Z,2.467160098686404,46.4285714285714,0.0,0.0233421445605844,62.94921875,6.0,4.467706915023541,4.79417475476774,0.0,0.0074591825613079,92.7421875,0.0,0.1333600059273485,24.25,0.0,0.0033326431328398,61.48046875,7.0,13.60322300315582,4.548782267010656,0.0,0.0119560750814889,86.91015625,7.0,0.0666755567408987,4.8,0.0,0.0050861849402285,80.0859375,10.0,0.1333511134817975,4.799999999999999,0.0,0.0026496055477804,74.03125,7.0,28.203383095041936,2.743190146180264,0.0,0.0114139127953975,53.3046875,6.0,3.667515756196496,4.824516410249057,0.0,0.0096400692686833,80.2734375,7.0,0.9334933641547868,3.099993888311671,0.0,0.0031551547648063,52.56640625,7.0,3.734071273520208,4.8,0.0,0.0081729392906344,138.2421875,3.0,0.0047970065034413,46.44140625,2.0
2026-05-30T07:22:17Z,2.467160098686404,46.4285714285714,0.0,0.0233421445605844,62.94921875,6.0,4.2669423140897615,4.794339433354086,0.0,0.0069978866474543,92.7421875,0.0,0.0666755567408987,24.25,0.0,0.0033326431328398,61.48046875,7.0,11.93406692004309,4.560362113216955,0.0,0.0122520207681855,86.91015625,7.0,0.0666755567408987,4.8,0.0,0.0050861849402285,80.0859375,10.0,0.0666755567408987,4.8,0.0,0.0026682070240303,74.3515625,7.0,28.53298235408662,2.983062753033387,0.0,0.0114139127953975,53.3046875,6.0,3.73360008534827,4.823749472187036,0.0,0.0097375910767285,79.68359375,7.0,1.200053347556978,2.3332765371259963,0.0,0.0031551547648063,52.56640625,7.0,2.7332400062218074,4.8,0.0,0.0081729392906344,138.2421875,3.0,0.0047970065034413,46.44140625,2.0
2026-05-30T07:22:22Z,2.467160098686404,46.4285714285714,0.0,0.0240813063708773,63.05859375,6.0,4.8663422438504105,4.790521325017612,0.0,0.0069978866474543,92.7421875,0.0,0.0,24.25,0.0,0.0031102462455508,61.48046875,7.0,14.799591138368552,4.575624967143359,0.0,0.0092266905400013,86.91015625,7.0,0.0,4.8,0.0,0.0050505914925751,80.09375,10.0,0.0,4.799999999999999,0.0,0.0026682070240303,74.3515625,7.0,28.33295568386393,2.9847580673033,0.0,0.0099585952678682,53.26953125,6.0,3.73360008534827,4.823749472187036,0.0,0.0097425432081322,79.68359375,7.0,1.0667022340751804,1.1998777638009066,0.0,0.003303223912555,52.5703125,7.0,2.7332400062218074,4.8,0.0,0.0070049994565792,138.12109375,3.0,0.0040147479929107,46.44140625,2.0
2026-05-30T07:22:27Z,2.7333333333333334,45.3125,0.0,0.0240813063708773,63.05859375,6.0,4.8663422438504105,4.790521325017612,0.0,0.007038635437127,92.05859375,0.0,0.0,24.25,0.0,0.0031676760789351,61.484375,7.0,14.799591138368552,4.575624967143359,0.0,0.0129196490058877,92.05859375,7.0,0.0666755567408987,4.8,0.0,0.0050505914925751,80.09375,10.0,0.0,4.799999999999999,0.0,0.0026682070240303,74.3515625,7.0,26.86759585632461,3.068260067322713,0.0,0.0121779196395042,53.26953125,6.0,3.5997600159989336,4.8472049689441,0.0,0.0097425432081322,79.68359375,7.0,1.2666311134813235,0.4981707568252268,0.0,0.0033607303803677,52.5703125,7.0,2.7332400062218074,4.8,0.0,0.0070049994565792,138.12109375,3.0,0.0035668775616612,46.44140625,2.0
2026-05-30T07:22:32Z,2.7333333333333334,45.3125,0.0,0.0240813063708773,63.05859375,6.0,5.533524506376199,4.790566350248036,0.0,0.007254363247382,92.05859375,0.0,0.0666755567408987,24.25,0.0,0.0031676760789351,61.484375,7.0,18.13459572387429,4.586508261187924,0.0,0.0129196490058877,92.05859375,7.0,0.0666755567408987,4.8,0.0,0.0050505914925751,80.09375,10.0,0.0666755567408987,4.799999999999999,0.0,0.0018723819424283,73.140625,7.0,29.470236055472466,2.9542337085795047,0.0,0.0121779196395042,53.26953125,6.0,3.933497823708228,4.846625757335504,0.0,0.0100350802394416,79.6953125,7.0,1.4000889007423212,2.650088892642135,0.0,0.0033607303803677,52.5703125,7.0,3.6004800640085346,4.8,0.0,0.0070049994565792,138.12109375,3.0,0.0047927648682168,46.2734375,2.0
2026-05-30T07:22:37Z,2.7333333333333334,45.3125,0.0,0.0235926692852904,63.421875,6.0,5.334044539271903,4.790610428570098,0.0,0.007254363247382,92.05859375,0.0,0.1333511134817975,24.25,0.0,0.0025606853110876,61.484375,7.0,17.00226696892919,4.580246817721194,0.0,0.0127222473209613,92.37109375,7.0,0.1333511134817975,4.800000000000001,0.0,0.0052237019196718,80.08984375,10.0,0.1333511134817975,4.8,0.0,0.0021052319629388,73.140625,7.0,29.603587168954263,2.950843744019669,0.0,0.0119938519566248,53.16796875,6.0,3.933497823708228,4.846625757335504,0.0,0.008330343534834,79.6953125,7.0,1.533440014224119,3.0400536915232963,0.0,0.0033557406305778,52.6484375,7.0,3.6004800640085346,4.8,0.0,0.0067586035674719,138.05859375,3.0,0.0047927648682168,46.2734375,2.0
2026-05-30T07:22:42Z,2.800373383117749,42.0833333333333,0.0,0.0235926692852904,63.421875,6.0,5.334044539271903,4.790610428570098,0.0,0.007394049613797,92.08203125,0.0,0.1333511134817975,24.25,0.0,0.0026186300385586,61.484375,7.0,17.00226696892919,4.580246817721194,0.0,0.0125804441185736,92.37109375,7.0,0.0666755567408987,4.799999999999999,0.0,0.0051995283789785,80.08984375,10.0,0.1333511134817975,4.8,0.0,0.0023380819834494,73.140625,7.0,31.335520291594435,2.7897083472187814,0.0,0.012503454866217,53.16796875,6.0,4.333911188158421,4.846341463414634,0.0,0.0103471817014811,79.6953125,7.0,1.3334755721502027,2.9600352026597543,0.0,0.0033564236505419,52.6484375,7.0,3.6004800640085346,4.8,0.0,0.0056668728373078,138.05859375,3.0,0.0048612555218334,46.2734375,2.0
2026-05-30T07:22:47Z,2.800373383117749,42.0833333333333,0.0,0.0235926692852904,63.421875,6.0,4.933671156154154,4.7909906762436965,0.0,0.007394049613797,92.08203125,0.0,0.0666755567408987,24.25,0.0,0.0029431860150187,55.1171875,7.0,17.067671245054896,4.54612350149625,0.0,0.0125804441185736,92.37109375,7.0,0.0666755567408987,4.799999999999999,0.0,0.0051995283789785,80.08984375,10.0,0.0666755567408987,4.799999999999999,0.0,0.0027942002461265,73.140625,7.0,29.000311152598123,2.847156271288922,0.0,0.012503454866217,53.16796875,6.0,3.866960039116327,4.8682627554068905,0.0,0.0103471817014811,79.6953125,7.0,1.2000533380745482,2.719966931422705,0.0,0.0033564236505419,52.6484375,7.0,3.1333333333333337,4.798601382734836,0.0,0.0069457256280489,138.05859375,3.0,0.0049108276304094,46.28125,2.0
2026-05-30T07:22:52Z,2.800373383117749,42.0833333333333,0.0,0.024002816108146,63.421875,6.0,4.866666666666667,4.790909090909091,0.0,0.0074010340927451,92.08203125,0.0,0.0,24.25,0.0,0.0029431860150187,55.1171875,7.0,21.266666666666666,4.520374138717285,0.0,0.0127574970484055,92.71875,7.0,0.0,4.800000000000001,0.0,0.0034242500000004,80.08984375,10.0,0.0,4.800000000000001,0.0,0.0028631627275633,73.3203125,7.0,28.866960039116325,2.852034602101414,0.0,0.0102719382421758,53.16796875,6.0,3.866960039116327,4.8682627554068905,0.0,0.0098686808478932,79.9375,7.0,1.0667022245927504,2.799953774696088,0.0,0.003320730277092,53.01953125,7.0,3.1333333333333337,4.798601382734836,0.0,0.0067814245525324,138.0859375,3.0,0.0049108276304094,46.28125,2.0
2026-05-30T07:22:57Z,3.0666666666666664,43.12499999999999,0.0,0.018978126591107,63.421875,6.0,4.866666666666667,4.790909090909091,0.0,0.0071956285497529,92.93359375,0.0,0.0,24.25,0.0,0.0029558508609824,55.1171875,7.0,21.266666666666666,4.520374138717285,0.0,0.0127574970484055,92.71875,7.0,0.0666755567408987,4.800000000000001,0.0,0.0053208973695475,80.09375,10.0,0.0,4.800000000000001,0.0,0.0028631627275633,73.3203125,7.0,25.202400480096017,2.868211050956225,0.0,0.0119336424625091,53.1796875,6.0,3.1333333333333333,4.89156626506024,0.0,0.0098686808478932,79.9375,7.0,1.0667022245927509,2.799976887861677,0.0,0.0034184226753698,53.01953125,7.0,3.1333333333333337,4.798601382734836,0.0,0.0067814245525324,138.0859375,3.0,0.0047769253039956,46.27734375,2.0
2026-05-30T07:23:02Z,3.0666666666666664,43.12499999999999,0.0,0.0240962737448519,63.30078125,6.0,4.9336622660799225,4.790741057973435,0.0,0.0071956285497529,92.93359375,0.0,0.0666755567408987,24.25,0.0,0.0030890336812443,55.11328125,7.0,21.86801795794995,4.492882816387146,0.0,0.0086777964534105,92.71875,7.0,0.0666755567408987,4.800000000000001,0.0,0.0053208973695475,80.09375,10.0,0.0666755567408987,4.799999999999999,0.0,0.0029152273338715,73.3203125,7.0,24.93726290619728,2.813626154150569,0.0,0.0109660796022917,53.1796875,6.0,3.2002311419300358,4.945224697788975,0.0,0.0098323605342931,79.9375,7.0,0.93342223170481,2.400021113216184,0.0,0.0034184226753698,53.01953125,7.0,3.5339156554251687,4.798601382516411,0.0,0.0063118337392834,138.0859375,3.0,0.0047769253039956,46.27734375,2.0
2026-05-30T07:23:07Z,3.0666666666666664,43.12499999999999,0.0,0.0229720959756228,63.30078125,6.0,5.06751570343406,4.7935483137531145,0.0,0.0071956285497529,92.93359375,0.0,0.1333555594080989,24.25,0.0,0.0030890336812443,55.11328125,7.0,18.33632495268223,4.464435504043884,0.0,0.0097936667032003,93.41796875,7.0,0.1333555594080989,4.8,0.0,0.005294732061762,80.08984375,10.0,0.1333555594080989,4.8,0.0,0.0029812279490712,73.3828125,7.0,25.20398291686608,2.8067879849392705,0.0,0.0116173041655743,53.23828125,6.0,3.2002311419300358,4.945224697788975,0.0,0.0098323605342931,79.9375,7.0,1.0667822370392102,2.840061869909527,0.0,0.0027739960727079,53.01953125,7.0,3.5339156554251687,4.798601382516411,0.0,0.0104587725695597,138.26953125,3.0,0.0035940965502816,46.27734375,2.0
2026-05-30T07:23:12Z,2.6003467128950524,43.5625,0.0,0.0229720959756228,63.30078125,6.0,5.06751570343406,4.7935483137531145,0.0,0.0072362035851472,92.93359375,0.0,0.1333555594080989,24.25,0.0,0.0030282379598553,55.11328125,7.0,18.33632495268223,4.464435504043884,0.0,0.0108355350560051,93.41796875,7.0,0.1333466693338667,4.8,0.0,0.0053438694763047,80.08984375,10.0,0.1333555594080989,4.8,0.0,0.0029812279490712,73.3828125,7.0,27.60181357870009,2.917374085923744,0.0,0.0116173041655743,53.23828125,6.0,3.467128950526737,4.948051948051948,0.0,0.0078427823801789,79.9375,7.0,1.266893375118994,2.919993599345708,0.0,0.0035561303890647,52.21484375,7.0,3.5339156554251687,4.798601382516411,0.0,0.0104587725695597,138.26953125,3.0,0.0041179855972505,46.30078125,2.0
2026-05-30T07:23:17Z,2.6003467128950524,43.5625,0.0,0.0229720959756228,63.30078125,6.0,4.600520104020804,4.793396006272186,0.0,0.0072018959342742,92.51953125,0.0,0.1333466693338667,24.25,0.0,0.0030282379598553,55.11328125,7.0,16.13497366139895,4.465425417787478,0.0,0.0125024202336575,93.41796875,7.0,0.1333466693338667,4.8,0.0,0.0053438694763047,80.08984375,10.0,0.1333511140746272,4.8,0.0,0.0030550813190755,73.3828125,7.0,27.00028448593217,3.1136323409047346,0.0,0.0116173041655743,53.23828125,6.0,3.3335644752633686,5.062443745624652,0.0,0.0097841185837393,79.6875,7.0,1.4668400346736012,2.9599797316217766,0.0,0.0035561303890647,52.21484375,7.0,2.533244450369976,4.798620689655173,0.0,0.0104587725695597,138.26953125,3.0,0.004816060136022,46.30078125,2.0
2026-05-30T07:23:22Z,2.6003467128950524,43.5625,0.0,0.0242514270701456,63.28515625,6.0,4.266524453925294,4.793301438255825,0.0,0.0072018959342742,92.51953125,0.0,0.1333333333333333,24.25,0.0,0.0030282379598553,55.11328125,7.0,16.932742261627002,4.475624975606015,0.0,0.0105461040275959,93.41796875,7.0,0.1333333333333333,4.8,0.0,0.0051566893212916,80.08984375,10.0,0.1333377780740938,4.8,0.0,0.0029622036322657,73.54296875,7.0,26.800231141930038,3.129319871482813,0.0,0.0113397368421063,53.265625,6.0,3.3335644752633686,5.062443745624652,0.0,0.0097841185837393,79.6875,7.0,1.4668133626725344,2.449929714371039,0.0,0.003634855603942,52.21484375,7.0,2.533244450369976,4.798620689655173,0.0,0.0104609293378741,138.26953125,3.0,0.004816060136022,46.30078125,2.0
2026-05-30T07:23:27Z,2.133475565037669,45.150000000000006,0.0,0.0242514270701456,63.28515625,6.0,4.266524453925294,4.793301438255825,0.0,0.0069805027014328,92.51953125,0.0,0.1333333333333333,24.25,0.0,0.002545413343275,55.1171875,7.0,16.932742261627002,4.475624975606015,0.0,0.012721940115566,93.75390625,7.0,0.0666666666666666,4.8,0.0,0.0051648732714058,80.08984375,10.0,0.1333377780740938,4.8,0.0,0.0029622036322657,73.54296875,7.0,25.13428006311532,3.1833073883572403,0.0,0.0113397368421063,53.265625,6.0,3.4001200080005334,5.777763373632017,0.0,0.0097841185837393,79.6875,7.0,1.2666666666666666,2.2499486065875662,0.0,0.0036524569834131,52.26953125,7.0,2.533244450369976,4.798620689655173,0.0,0.0096183919350877,138.26953125,3.0,0.0048349205212652,46.3046875,2.0
2026-05-30T07:23:32Z,2.133475565037669,45.150000000000006,0.0,0.0242514270701456,63.28515625,6.0,4.867044557946098,4.793035055365716,0.0,0.0071253121842411,92.55078125,0.0,0.1333466693338667,24.25,0.0,0.0030626324053536,55.1171875,7.0,17.934529285698485,4.468880673800651,0.0,0.012721940115566,93.75390625,7.0,0.0666666666666666,4.8,0.0,0.0051648732714058,80.08984375,10.0,0.0666666666666666,4.8,0.0,0.0024144153116771,73.54296875,7.0,28.137053951226275,3.080329979352621,0.0,0.0117005532861048,53.61328125,6.0,3.867200090683737,5.861141154711372,0.0,0.0104177470593274,79.6875,7.0,1.2667866906714675,2.84001280152036,0.0,0.0036524569834131,52.26953125,7.0,3.2672134284615737,4.8,0.0,0.0096183919350877,138.26953125,3.0,0.0047663707264433,46.3046875,2.0
2026-05-30T07:23:37Z,2.133475565037669,45.150000000000006,0.0,0.0185476255149256,63.265625,6.0,5.334209039730712,4.809900883344952,0.0,0.0071253121842411,92.55078125,0.0,0.1333511140746272,24.25,0.0,0.0031149191267955,55.0703125,7.0,18.335747065852043,4.4498320741531545,0.0,0.0125038117134589,93.75390625,7.0,0.0666711114074271,4.8,0.0,0.00434195048722,80.08984375,10.0,0.0666711114074271,4.8,0.0,0.0028917403930568,73.83984375,7.0,28.27040061878189,3.075412159785108,0.0,0.0103718374456218,53.61328125,6.0,3.867200090683737,5.861141154711372,0.0,0.010297666542957,79.6875,7.0,1.2667955801529884,2.7600202685583994,0.0,0.0038641587990389,52.26953125,7.0,3.2672134284615737,4.8,0.0,0.011174753427588,138.26953125,3.0,0.0047663707264433,46.3046875,2.0
2026-05-30T07:23:42Z,2.4668311220748045,47.02380952380952,0.0,0.0240237360482163,63.265625,6.0,5.334209039730712,4.809900883344952,0.0,0.0072726773904756,92.55078125,0.0,0.1333511140746272,24.25,0.0,0.0031149191267955,55.0703125,7.0,18.335747065852043,4.4498320741531545,0.0,0.0131925403817938,92.3984375,7.0,0.1333333339259259,4.8,0.0,0.005269845905027,80.09375,10.0,0.0666711114074271,4.8,0.0,0.0028917403930568,73.83984375,7.0,32.06969392100417,3.0576696348179038,0.0,0.0122440957279305,53.61328125,6.0,3.8673201146874714,5.7222222222222205,0.0,0.010297666542957,79.6875,7.0,1.6669200411922382,2.4799941327857287,0.0,0.0038641587990389,52.26953125,7.0,3.2672134284615737,4.8,0.0,0.0092040032630992,138.296875,3.0,0.0047754227655084,46.56640625,2.0
2026-05-30T07:23:47Z,2.4668311220748045,47.02380952380952,0.0,0.0240237360482163,63.265625,6.0,5.067022269043241,4.827488061207509,0.0,0.0072726773904756,92.55078125,0.0,0.1333377780740938,24.25,0.0,0.0030060771165127,55.0703125,7.0,18.467293375113897,4.499029076077008,0.0,0.0131925403817938,92.3984375,7.0,0.1333333339259259,4.8,0.0,0.005269845905027,80.09375,10.0,0.2000044447407604,4.8,0.0,0.0028917403930568,73.83984375,7.0,31.00025336622655,2.93814554775226,0.0,0.0102004201054308,53.61328125,6.0,3.600240032004267,4.993629634473972,0.0,0.010297666542957,79.6875,7.0,1.8001333505207706,3.422188583430308,0.0,0.0038008711405781,52.4140625,7.0,2.533333333333333,4.8,0.0,0.0092040032630992,138.296875,3.0,0.0048924988673887,46.56640625,2.0
2026-05-30T07:23:52Z,2.4668311220748045,47.02380952380952,0.0,0.0238552040636265,62.97265625,6.0,5.0,4.825000240395144,0.0,0.0057240516486412,92.55078125,0.0,0.1333333333333333,24.25,0.0,0.0025666220429354,55.0703125,7.0,18.000573371558104,4.516133919007599,0.0,0.0128580997826934,92.640625,7.0,0.1333288891851654,4.8,0.0,0.0052953745600797,80.09765625,10.0,0.2,4.8,0.0,0.0028438153706241,74.13671875,7.0,31.06690669867093,2.938145303375256,0.0,0.011970022831447,53.3359375,6.0,3.600240032004267,4.993629634473972,0.0,0.0080685122363504,79.6875,7.0,1.8001244610392495,3.2249677736044595,0.0,0.0036842013687509,52.4140625,7.0,2.533333333333333,4.8,0.0,0.0051571689921651,138.296875,3.0,0.00484819181577,46.31640625,2.0
2026-05-30T07:23:57Z,2.6,47.73437499999999,0.0,0.0238552040636265,62.97265625,6.0,5.0,4.825000240395144,0.0,0.0052696927470059,92.55078125,0.0,0.1333333333333333,24.25,0.0,0.0031146681001722,55.08203125,7.0,18.000573371558104,4.516133919007599,0.0,0.0128580997826934,92.640625,7.0,0.1333466693338667,4.799999999999999,0.0,0.0053226837060708,80.09765625,10.0,0.2,4.8,0.0,0.0028438153706241,74.13671875,7.0,28.068333577808893,2.7460779969527107,0.0,0.0115893586463797,53.3359375,6.0,3.466555562962469,4.968355184752125,0.0,0.0101117517919931,79.6875,7.0,1.4,3.275025000963002,0.0,0.0035312219227305,52.60546875,7.0,2.533333333333333,4.8,0.0,0.0051417309141508,138.23828125,3.0,0.0047940945537612,46.31640625,2.0
2026-05-30T07:24:02Z,2.6,47.73437499999999,0.0,0.0236027174761891,62.97265625,6.0,4.800142231704336,4.819095654496767,0.0,0.0046535778007284,92.55078125,0.0,0.1333377780740938,24.09999399962664,0.0,0.0031144781969626,55.08203125,7.0,15.334333400004445,4.506361914388762,0.0,0.0128423149394329,87.86328125,7.0,0.1333466693338667,4.799999999999999,0.0,0.0054773404944902,81.87890625,10.0,0.0666666666666666,4.8,0.0,0.0028438153706241,74.13671875,7.0,23.402209169515007,2.692595810028717,0.0,0.0115893586463797,53.3359375,6.0,2.799964456888731,5.12505555864214,0.0,0.0101117517919931,79.6875,7.0,1.0000222237038026,3.375046668518592,0.0,0.0035312219227305,52.60546875,7.0,2.133475565037669,4.800000000000001,0.0,0.0051417309141508,138.23828125,3.0,0.0047940945537612,46.31640625,2.0
2026-05-30T07:24:07Z,2.6,47.73437499999999,0.0,0.0236027174761891,62.97265625,6.0,4.733488901038203,4.824019580607903,0.0,0.0040374628544509,92.55078125,0.0,0.1333511140746272,23.875,0.0,0.0031144781969626,55.08203125,7.0,11.73447123438491,4.531788079470198,0.0,0.0109517350002511,87.86328125,7.0,0.0666800026672001,4.8,0.0,0.0047931297782138,81.87890625,10.0,0.0,4.8,0.0,0.0034059026369169,74.19921875,7.0,23.13554250284834,2.6729006390932213,0.0,0.0108172994635634,54.52734375,6.0,2.799964456888731,5.12505555864214,0.0,0.0101117517919931,79.6875,7.0,0.8666888903704691,3.42503666829637,0.0,0.0037871547340932,53.89453125,7.0,2.133475565037669,4.800000000000001,0.0,0.0053263174019611,138.23828125,3.0,0.005023626412935,48.54296875,2.0
2026-05-30T07:24:12Z,2.667022269635952,45.17857142857141,0.2672413793103448,0.0207344209630008,63.76953125,6.0,4.733488901038203,4.823714005299266,0.0,0.0034213479081734,92.55078125,0.0,0.1333511140746272,23.875,0.0,0.0039314460357822,56.1484375,7.0,11.73447123438491,4.531788079470198,0.0,0.0128988104354881,87.86328125,7.0,0.0,4.8,0.0,0.0055947303033427,81.87890625,10.0,0.0,4.8,0.0,0.0034059026369169,74.19921875,7.0,12.13394671229997,2.8943684898936586,0.0,0.0108172994635634,54.52734375,6.0,1.666813347853452,5.9722343630392345,0.0,0.0097213257246483,80.52734375,7.0,0.4666977798519901,3.650013334222279,0.0,0.0038265561765267,53.89453125,7.0,2.133475565037669,4.800000000000001,0.0,0.0053263174019611,138.23828125,3.0,0.0050675756203386,48.54296875,2.0
2026-05-30T07:24:17Z,2.667022269635952,45.17857142857141,0.2672413793103448,0.0207344209630008,63.76953125,6.0,4.933346669333867,4.784927567722377,0.0,0.0034213479081734,159.76171875,0.0,0.2000133360005334,23.50001250069448,0.0,0.0039314460357822,56.1484375,7.0,7.267377872605237,4.549435043628213,0.0,0.0110261181404291,87.86328125,7.0,0.0,4.8,0.0,0.0046726565856818,81.87890625,10.0,0.0,4.8,0.0,0.0034059026369169,74.19921875,7.0,6.200071120593857,3.17008838319922,0.0,0.0108172994635634,54.52734375,6.0,0.5334044539271903,6.249968053958254,0.0,0.0094607902368248,80.52734375,7.0,0.1333422228148543,3.433288885728163,0.0,0.0038265561765267,53.89453125,7.0,0.0,4.8,0.0,0.0072098411971297,136.140625,3.0,0.0050675756203386,48.54296875,2.0
2026-05-30T07:24:22Z,2.667022269635952,45.17857142857141,0.2672413793103448,0.0194347427237214,63.76953125,6.0,5.0,4.75218106817178,0.0,0.0034213479081734,159.76171875,0.0,0.2666666666666666,22.749988888312725,0.0,0.0039314460357822,56.1484375,7.0,3.733333333333333,4.633202055225013,0.0,0.0107333742176361,88.9609375,7.0,0.0,4.799999999999999,0.0,0.0054383005707036,81.8828125,10.0,0.0,4.8,0.0,0.0037177152317885,74.19921875,7.0,6.200071120593857,3.175696331148618,0.0,0.0086321776044519,54.53125,6.0,0.5334044539271903,6.249968053958254,0.0,0.0094607902368248,80.52734375,7.0,0.1333422228148543,3.4999614789134093,0.0,0.0032348217811177,53.89453125,7.0,0.0,4.8,0.0,0.0072098411971297,136.140625,3.0,0.0048770021858312,48.54296875,2.0
2026-05-30T07:24:27Z,2.1333333333333337,38.74999999999998,0.5585585585585585,0.0173692609677184,65.0234375,6.0,5.0,4.750897425288494,0.0,0.0034213479081734,159.76171875,0.0,0.2666666666666666,22.749988888312725,0.0,0.0038223580930346,56.34765625,7.0,3.733333333333333,4.633202055225013,0.0,0.0089408903853333,88.9609375,7.0,0.0,4.8,0.0,0.0054527505341462,81.8828125,10.0,0.0,4.8,0.0,0.0033633420718145,75.265625,7.0,5.267075610081345,3.4412001475578804,0.0,0.0086321776044519,54.53125,6.0,0.0,6.71428571428571,0.0,0.0085473955270724,81.52734375,7.0,0.0,3.899997036839492,0.0,0.0036520068820849,53.8984375,7.0,0.0,4.8,0.0,0.0080590562467747,136.140625,3.0,0.004909935287398,48.54296875,2.0
2026-05-30T07:24:32Z,2.1333333333333337,38.74999999999998,0.5585585585585585,0.0173692609677184,65.0234375,6.0,4.666933368893631,4.770588235294117,0.0,0.0228046466916527,170.58203125,0.0,0.1333333333333333,19.749999999999982,0.0,0.0038223580930346,56.34765625,7.0,7.80080010668089,4.611650485436893,0.0,0.0077881115849843,88.9609375,7.0,0.0,4.8,0.0,0.0046989532123883,81.8828125,10.0,0.0,4.8,0.0,0.0033633420718145,75.265625,7.0,8.80117348979864,3.709870537532424,0.0,0.0056482945178665,54.53125,6.0,0.7334311241498866,7.208366050594461,0.0,0.0085473955270724,81.52734375,7.0,0.2000266702226963,2.90005333451854,0.0,0.0036520068820849,53.8984375,7.0,1.7335644752633683,4.952,0.0,0.0075265012742892,137.20703125,3.0,0.004909935287398,48.54296875,2.0
2026-05-30T07:24:37Z,2.1333333333333337,38.74999999999998,0.5585585585585585,0.0144820526148594,65.0234375,6.0,2.000266702226964,4.768749583296294,0.0,0.0269907521474695,170.58203125,0.0,0.0,8.499983331851722,0.0,0.0040372843969237,56.34765625,7.0,13.867991252757296,4.632487309644669,0.0,0.0108008059873324,89.44921875,7.0,0.0,4.8,0.0,0.0053355029802156,81.89453125,10.0,0.0,4.8,0.0,0.003507749015665,75.265625,7.0,8.80117348979864,3.718661802141569,0.0,0.0057360009544793,54.53125,6.0,0.7334311241498866,7.208366050594461,0.0,0.0080815935733981,81.52734375,7.0,0.2000266702226963,3.1000533345185413,0.0,0.0036520068820849,53.8984375,7.0,1.7335644752633683,4.952,0.0,0.0075265012742892,137.20703125,3.0,0.0049405523229616,48.56640625,2.0
2026-05-30T07:24:42Z,2.3336444859314573,44.54545454545453,0.5794392523364487,0.0144820526148594,65.0234375,6.0,4.066795600300425,4.941598645181042,0.0,0.0311768576032862,170.58203125,0.0,0.0,8.499983331851722,0.0,0.0035925339464661,56.08203125,7.0,13.867991252757296,4.632487309644669,0.0,0.0109288944723597,89.44921875,7.0,0.0,0.0,0.0,0.005319692095587,81.89453125,10.0,0.0,4.8,0.0,0.0039830484474555,77.28125,7.0,18.00103126639463,3.8348003707725216,0.0,0.0075852730805833,54.53125,6.0,2.067031177493889,7.708315430374773,0.0,0.0080815935733981,81.52734375,7.0,0.6667244500746865,3.30002222320992,0.0,0.0037625130607701,53.9296875,7.0,1.7335644752633683,4.952,0.0,0.00857075283524,137.20703125,3.0,0.0050119498289604,48.56640625,2.0
2026-05-30T07:24:47Z,2.3336444859314573,44.54545454545453,0.5794392523364487,0.0178550933097276,65.12890625,6.0,3.8665288980734616,7.602050680313334,0.0,0.0316015061308819,176.19140625,0.0,0.0,4.666662715756722,0.0,0.0035925339464661,56.08203125,7.0,15.133857812743072,4.701433715042743,0.0,0.0109288944723597,89.44921875,7.0,0.0,0.0,0.0,0.005319692095587,81.89453125,10.0,0.0,0.0,0.0,0.0039830484474555,77.28125,7.0,21.533600053344003,3.841313724940742,0.0,0.0075852730805833,54.53125,6.0,2.733600053344002,4.943401096857489,0.0,0.0080815935733981,81.52734375,7.0,0.8000311131853235,0.475,0.0,0.0039165956756323,53.9296875,7.0,2.6666666666666665,4.946153908616251,0.0,0.0075132858068695,136.0,3.0,0.0050119498289604,48.56640625,2.0
2026-05-30T07:24:52Z,2.3336444859314573,44.54545454545453,0.5794392523364487,0.018874143067887,65.12890625,6.0,3.8665288980734616,7.651643207084099,0.0,0.0354063722903634,176.19140625,0.0,0.0,4.600004444543212,0.0,0.0035925339464661,56.08203125,7.0,15.60055559259506,4.757272727272727,0.0,0.0101581828245803,94.0390625,7.0,0.0,0.0,0.0,0.0041482714502451,81.89453125,10.0,0.0,0.0,0.0,0.0044792301784923,75.921875,7.0,21.533600053344003,3.841313724940742,0.0,0.0071733072066229,54.53125,6.0,2.733600053344002,4.943401096857489,0.0,0.0087099076902286,81.52734375,7.0,0.8000311131853235,0.475,0.0,0.0039165956756323,53.9296875,7.0,2.6666666666666665,4.946153908616251,0.0,0.0075132858068695,136.0,3.0,0.0045249138344237,48.56640625,2.0
2026-05-30T07:24:57Z,2.266666666666667,60.50000000000003,0.3069306930693069,0.018874143067887,65.12890625,6.0,3.867080082683203,8.000481004940431,0.0,0.0456583939137785,176.19140625,0.0,0.0,4.600004444543212,0.0,0.0031810528987499,56.0859375,7.0,15.60055559259506,4.757272727272727,0.0,0.0101581828245803,94.0390625,7.0,0.0666755567408987,4.8,0.0,0.0050327887734922,81.87890625,10.0,0.0,0.0,0.0,0.0044792301784923,75.921875,7.0,24.53602720544109,3.704817452226459,0.0,0.0090691358543722,54.53125,6.0,3.2,4.859375556670584,0.0,0.0086979747179539,81.52734375,7.0,0.733386673778726,0.475,0.0,0.0035251856008286,53.94140625,7.0,2.6666666666666665,4.946153908616251,0.0,0.0047106330036572,136.0,3.0,0.0045249138344237,48.56640625,2.0
2026-05-30T07:25:02Z,2.266666666666667,60.50000000000003,0.3069306930693069,0.0204853229366479,64.74609375,6.0,4.400724568614661,8.53119539603684,0.0,0.044559451825043,179.12890625,0.0,0.0666755567408987,46.25016667037045,0.0,0.0031810528987499,56.0859375,7.0,16.601657961799845,4.721213021173472,0.0,0.012479546013781,94.0390625,7.0,0.0666755567408987,4.8,0.0,0.00501390296071,81.87890625,10.0,0.0666800026672001,24.25,0.0,0.0044792301784923,75.921875,7.0,27.404311865618,3.610328749859047,0.0,0.0090691358543722,54.53125,6.0,3.666915588745166,6.208354476796513,0.0,0.0086979747179539,81.52734375,7.0,0.8667822376316843,2.500028890814935,0.0,0.0035251856008286,53.94140625,7.0,3.4004533937858383,4.87378640776699,0.0,0.0057330509834113,136.0,3.0,0.0046651253875851,48.5703125,2.0
2026-05-30T07:25:07Z,2.266666666666667,60.50000000000003,0.3069306930693069,0.0204853229366479,64.74609375,6.0,4.534084573949062,8.83803444262192,0.0,0.044559451825043,179.12890625,0.0,0.1333555594080989,48.75,0.0,0.0031810528987499,56.0859375,7.0,16.6689025230036,4.654035087719298,0.0,0.012479546013781,94.0390625,7.0,0.1333555594080989,4.8,0.0,0.00501390296071,81.87890625,10.0,0.1333600053344002,24.25,0.0,0.0036095750000001,75.921875,7.0,27.5376718709524,3.618787491345447,0.0,0.0107284523528029,54.53125,6.0,3.666915588745166,6.208354476796513,0.0,0.0090322452778201,81.51171875,7.0,1.0001422429660844,3.2000192605432987,0.0,0.0030336670014887,53.94140625,7.0,3.4004533937858383,4.87378640776699,0.0,0.0045339594825184,136.0,3.0,0.0047876380546408,48.5703125,2.0
2026-05-30T07:25:12Z,2.400480096019204,67.85714285714295,0.0,0.024226376428792,65.06640625,6.0,4.800337824599192,8.152536374300501,0.0,0.0376946458744015,177.68359375,0.0,0.1333555594080989,48.75,0.0,0.0032248293792649,56.0859375,7.0,16.6689025230036,4.654035087719298,0.0,0.0127627964039345,91.01953125,7.0,0.1333466693338667,4.799999999999999,0.0,0.00501390296071,81.87890625,10.0,0.1333600053344002,24.25,0.0,0.0046184143763216,74.32421875,7.0,26.135191360626216,3.486843389003527,0.0,0.0107284523528029,54.53125,6.0,3.467128950526737,5.785689453180797,0.0,0.009943504986974,81.51171875,7.0,1.200128905187536,2.66666666666666,0.0,0.0036621659242758,54.29296875,7.0,3.4004533937858383,4.87378640776699,0.0,0.0040562052339008,136.0,3.0,0.0047876380546408,48.5703125,2.0
2026-05-30T07:25:17Z,2.400480096019204,67.85714285714295,0.0,0.024226376428792,65.06640625,6.0,4.400155569483122,6.44125172817024,0.0,0.0326896347920309,177.68359375,0.0,0.1333511140746272,48.125006944984605,0.0,0.0032970288570392,56.16796875,7.0,15.20158685068972,4.649680342040528,0.0,0.0127627964039345,91.01953125,7.0,0.1333466693338667,4.799999999999999,0.0,0.0052755612548995,81.87890625,10.0,0.1333422251856988,23.875008333888925,0.0,0.0046184143763216,74.32421875,7.0,24.600946747563555,3.386680115470491,0.0,0.0108106792438535,55.02734375,6.0,3.26699114696725,6.549958440196096,0.0,0.009943504986974,81.51171875,7.0,0.933413342223526,2.3999851839779507,0.0,0.0036621659242758,54.29296875,7.0,3.3335555703713577,4.8,0.0,0.00620141760189,137.5703125,3.0,0.0040318561917374,48.5703125,2.0
2026-05-30T07:25:22Z,2.400480096019204,67.85714285714295,0.0,0.024226376428792,65.06640625,6.0,4.400128897482055,6.333159110664967,0.0,0.0269396359232486,176.52734375,0.0,0.1333377780740938,47.5,0.0,0.0032970288570392,56.16796875,7.0,13.333786696890904,4.643396226415095,0.0,0.0113148553523915,89.45703125,7.0,0.1333333333333333,4.800000000000001,0.0,0.0053667763157917,81.87890625,10.0,0.1333288891851654,23.5,0.0,0.0046184143763216,74.32421875,7.0,24.53425340889582,3.385198450346707,0.0,0.0118831724057668,55.02734375,6.0,3.26699114696725,6.549958440196096,0.0,0.0108457457624019,84.52734375,7.0,0.9333866702224592,2.266635552789876,0.0,0.0036621659242758,54.29296875,7.0,3.3335555703713577,4.8,0.0,0.00620141760189,137.5703125,3.0,0.0046985262294712,48.81640625,2.0
2026-05-30T07:25:27Z,2.466666666666667,55.416666666666494,0.0,0.0199297822243482,65.21484375,6.0,4.400440050080179,5.116406183320284,0.0,0.0269396359232486,176.52734375,0.0,0.1333377780740938,47.5,0.0,0.0038654228406217,56.37890625,7.0,13.333786696890904,4.643396226415095,0.0,0.0113148553523915,89.45703125,7.0,0.1333422234075654,4.8,0.0,0.0053404305283769,81.98828125,10.0,0.1333288891851654,23.5,0.0,0.0045808742474351,76.921875,7.0,28.3361292145588,3.347481098031731,0.0,0.0118831724057668,55.02734375,6.0,3.666777785185679,6.833346451297473,0.0,0.0112941535428431,84.52734375,7.0,0.8667155588150321,2.199967404510032,0.0,0.0035486193684767,55.046875,7.0,3.3335555703713577,4.8,0.0,0.00620141760189,137.5703125,3.0,0.0046985262294712,48.81640625,2.0
2026-05-30T07:25:32Z,2.466666666666667,55.416666666666494,0.0,0.0243301624360452,65.21484375,6.0,5.06715116415445,4.951730983873605,0.0,0.0224806484295846,176.52734375,0.0,0.1333377780740938,46.8749930550154,0.0,0.0038654228406217,56.37890625,7.0,13.267115585483475,4.6423688436488,0.0,0.0113148553523915,89.45703125,7.0,0.1333422234075654,4.8,0.0,0.0053404305283769,81.98828125,10.0,0.1333422234075654,23.124995833009237,0.0,0.0045808742474351,76.921875,7.0,32.53640923322671,3.3453062322981397,0.0,0.0123960889418271,54.51953125,6.0,4.266817787852523,7.428601475639873,0.0,0.01131103070886,84.53125,7.0,1.4000844500744494,3.46666395042614,0.0,0.0035486193684767,55.046875,7.0,2.800186679111941,4.8,0.0,0.0076273903986148,138.87890625,3.0,0.0046985262294712,48.81640625,2.0
2026-05-30T07:25:37Z,2.466666666666667,55.41666666666664,0.0,0.0243301624360452,65.21484375,6.0,5.067168944302915,4.949736517889308,0.0,0.0192962645795339,176.52734375,0.0,0.1333466681483259,46.24999999999999,0.0,0.0038654228406217,56.37890625,7.0,14.06809349364901,4.633021809269286,0.0,0.012970476894473,93.1875,7.0,0.1333511134817975,4.799999999999999,0.0,0.0055622791660049,81.98828125,10.0,0.1333511134817975,22.749999999999996,0.0,0.0045808742474351,76.921875,7.0,32.66976923678274,3.341306423337198,0.0,0.0123960889418271,54.51953125,6.0,4.266817787852523,7.428601475639873,0.0,0.0117160459111987,84.53125,7.0,1.4001022302229136,3.40000148164062,0.0,0.0035486193684767,55.046875,7.0,2.800186679111941,4.8,0.0,0.0076273903986148,138.87890625,3.0,0.0049523420419158,49.06640625,2.0
2026-05-30T07:25:42Z,2.2668177878525237,49.16666666666666,0.0,0.0244166773151217,65.109375,6.0,5.200191125038124,4.924107304607232,0.0,0.0195636824554239,178.6328125,0.0,0.1333466681483259,46.24999999999999,0.0,0.0037860488641614,56.8515625,7.0,14.06809349364901,4.633021809269286,0.0,0.012970476894473,93.1875,7.0,0.1333377792593975,4.8,0.0,0.0046381760110627,81.98828125,10.0,0.1333511134817975,22.749999999999996,0.0,0.004106402524264,75.546875,7.0,29.60112452119054,3.407761399830999,0.0,0.0121201213231062,54.51953125,6.0,3.933595573038202,7.450013704718868,0.0,0.0117160459111987,84.53125,7.0,1.533488906372484,3.2666686421874926,0.0,0.0036802848575719,55.046875,7.0,2.800186679111941,4.8,0.0,0.0076273903986148,138.87890625,3.0,0.0049523420419158,49.06640625,2.0
2026-05-30T07:25:47Z,2.2668177878525237,49.16666666666666,0.0,0.0243914617736936,65.109375,6.0,4.266795565334143,4.897023844274377,0.0,0.0111777075539651,178.6328125,0.0,0.1333466681483259,46.25,0.0,0.0037860488641614,56.8515625,7.0,14.668133496315855,4.618063217562595,0.0,0.012970476894473,93.1875,7.0,0.1333377792593975,4.8,0.0,0.0054718946540882,82.0859375,10.0,0.1333422234075654,20.500200004444544,0.0,0.004106402524264,75.546875,7.0,22.80067115763297,3.2971973027955053,0.0,0.0114573682476313,54.546875,6.0,2.866857790519368,6.275000000000002,0.0,0.0097529898742054,84.53125,7.0,1.1334622379279211,2.349987221586409,0.0,0.0036435863874347,55.56640625,7.0,2.5999866782221632,4.855882371204201,0.0,0.0062571021517848,138.87890625,3.0,0.0049523420419158,49.06640625,2.0
2026-05-30T07:25:52Z,2.2668177878525237,49.16666666666666,0.0,0.0243914617736936,65.109375,6.0,4.266777785185679,4.853080902692964,0.0,0.0111777075539651,178.6328125,0.0,0.1333377780740938,46.25,0.0,0.0037860488641614,56.8515625,7.0,14.66715558815032,4.619803291539441,0.0,0.0104111622728134,90.4296875,7.0,0.1333288891851654,4.800000000000001,0.0,0.0054718946540882,82.0859375,10.0,0.1333333333333333,9.25,0.0,0.0036883533774855,75.546875,7.0,22.80064448741027,3.2837022763244024,0.0,0.0114573682476313,54.546875,6.0,2.866857790519368,6.275000000000002,0.0,0.011439826704481,84.52734375,7.0,1.133444457779457,2.349963052424109,0.0,0.0036435863874347,55.56640625,7.0,2.5999866782221632,4.855882371204201,0.0,0.006030874753067,136.4375,3.0,0.0048681384121329,48.52734375,2.0
2026-05-30T07:25:57Z,2.1333333333333333,48.61842105263156,0.0,0.0234422160988284,65.1171875,6.0,3.667026707264178,4.872538887069208,0.0,0.0095736754707835,178.6328125,0.0,0.1333377780740938,46.25,0.0,0.0039772310201858,56.8515625,7.0,14.66715558815032,4.619803291539441,0.0,0.0121954993303989,90.4296875,7.0,0.0666666666666666,4.800000000000001,0.0,0.0046074877039488,82.0859375,10.0,0.1333333333333333,9.25,0.0,0.0039060555660677,75.546875,7.0,21.002062461659182,3.240270229631346,0.0,0.0117479084306357,54.546875,6.0,2.533413338667022,6.083354733408548,0.0,0.011439826704481,84.52734375,7.0,0.9333244479999604,3.0000080004266807,0.0,0.0036518216493489,55.56640625,7.0,2.5999866782221632,4.855882371204201,0.0,0.0075780228414306,136.4375,3.0,0.0048681384121329,48.52734375,2.0
2026-05-30T07:26:02Z,2.1333333333333333,48.61842105263156,0.0,0.0231593745775675,65.1171875,6.0,4.1321609807060815,4.894176167723542,0.0,0.0107504247466166,177.5859375,0.0,0.1332889184987786,46.87493056018487,0.0,0.0045278411349894,57.55078125,7.0,14.46191427936931,4.625068989319306,0.0,0.0121954993303989,90.4296875,7.0,0.0666666666666666,4.800000000000001,0.0,0.0053807282458058,82.0859375,10.0,0.0666666666666666,9.375002777962976,0.0,0.004240081556367,74.6171875,7.0,24.793667667051736,3.2775042985482767,0.0,0.0117479084306357,54.546875,6.0,3.065511880968243,5.142840817829461,0.0,0.011439826704481,84.52734375,7.0,1.13294690561972,3.2665802494740896,0.0,0.0037450592153959,55.62109375,7.0,2.7328184695576825,4.861290190779641,0.0,0.0075780228414306,136.4375,3.0,0.0040843935583058,48.52734375,2.0
2026-05-30T07:26:07Z,2.1333333333333333,48.61842105263156,0.0,0.0231593745775675,65.1171875,6.0,4.132178760854545,4.8941760348239605,0.0,0.0107504247466166,177.5859375,0.0,0.1332978085730107,87.50133309633841,0.0,0.0045278411349894,57.55078125,7.0,16.529238771817507,4.655435748515542,0.0,0.0129963031423275,89.8828125,7.0,0.0666755567408987,4.8,0.0,0.0054252078623702,82.09765625,10.0,0.0666755567408987,21.249999999999996,0.0,0.004240081556367,74.6171875,7.0,24.99372100749713,3.2954849796563503,0.0,0.0119103948396427,54.84765625,6.0,3.065511880968243,5.142840817829461,0.0,0.0105034934901098,84.52734375,7.0,1.1329646857681843,3.514254336057645,0.0,0.0037450592153959,55.62109375,7.0,2.7328184695576825,4.861290190779641,0.0,0.0074618710398824,134.19921875,3.0,0.0049262920842246,47.11328125,2.0
2026-05-30T07:26:12Z,2.867048939858648,60.833333333333286,0.0,0.025603757755059,65.50390625,6.0,5.065263172109379,4.952634454646232,0.0,0.0116575908437692,177.5859375,0.0,0.1332978085730107,87.50133309633841,0.0,0.0045278411349894,57.55078125,7.0,16.529238771817507,4.655435748515542,0.0,0.0137232258205776,89.8828125,7.0,0.2000088900742321,4.8,0.0,0.0054252078623702,82.09765625,10.0,0.0666755567408987,21.249999999999996,0.0,0.0046160265652992,77.72265625,7.0,29.85810757724818,3.2675757792067928,0.0,0.0119103948396427,54.84765625,6.0,3.865796363343671,4.956157760225594,0.0,0.0107337017235871,84.52734375,7.0,1.5331113657703772,3.549968058766937,0.0,0.0037555210935924,55.62109375,7.0,2.7328184695576825,4.861290190779641,0.0,0.0074618710398824,134.19921875,3.0,0.0049262920842246,47.11328125,2.0
2026-05-30T07:26:17Z,2.867048939858648,60.83333333333295,0.0,0.025603757755059,65.50390625,6.0,5.802121545131674,4.968204898160888,0.0,0.0116575908437692,177.5859375,0.0,0.2001067396083349,91.25002777962972,0.0,0.0044955929813147,57.55078125,7.0,18.34054707789975,4.657484392463704,0.0,0.0137232258205776,89.8828125,7.0,0.2000088900742321,4.8,0.0,0.0054750110788328,82.09765625,10.0,0.2000088900742321,23.49998888806578,0.0,0.0046160265652992,77.72265625,7.0,32.943545892683495,3.3570663884587013,0.0,0.0111618483482209,54.84765625,6.0,4.335232333021457,4.900662273878116,0.0,0.0107337017235871,84.52734375,7.0,1.6672892654506624,3.550001389168243,0.0,0.0037555210935924,55.62109375,7.0,3.3344453488054207,4.950793650793651,0.0,0.0068175067446641,134.19921875,3.0,0.0049262920842246,47.11328125,2.0
2026-05-30T07:26:22Z,2.867048939858648,60.83333333333295,0.0,0.025603757755059,65.50390625,6.0,5.935419321723871,4.966497612183925,0.0,0.0097567100447336,177.5859375,0.0,0.2667556279044336,90.0,0.0,0.0047790636602369,57.33203125,7.0,17.07372039937969,4.646242518695832,0.0,0.0131974631361958,89.8828125,7.0,0.2666577783703309,4.8,0.0,0.0045228762354956,82.09765625,10.0,0.2666577783703309,23.949999333309627,0.0,0.0046160265652992,77.72265625,7.0,32.7434792197936,3.3570659920717527,0.0,0.0091272759328475,54.84765625,6.0,4.335232333021457,4.900662273878116,0.0,0.0105133266991174,84.52734375,7.0,1.80058704204286,3.9090758119203,0.0,0.0037074032407678,55.5703125,7.0,3.3344453488054207,4.950793650793651,0.0,0.0080508701472546,136.17578125,3.0,0.0049352077404661,47.046875,2.0
2026-05-30T07:26:27Z,2.6,56.666666666666735,0.0,0.0268707953689136,65.1171875,6.0,5.869117148100722,4.942857224174241,0.0,0.011935275950047,180.46875,0.0,0.2667556279044336,90.0,0.0,0.0053795668165096,57.33203125,7.0,17.07372039937969,4.646242518695832,0.0,0.0139660332397649,86.73046875,7.0,0.1999955564444246,4.8,0.0,0.0029678250000017,82.09765625,10.0,0.2666577783703309,23.949999333309627,0.0,0.0047555100604587,77.72265625,7.0,31.74730637754124,3.310044871397882,0.0,0.0125996766340235,55.125,6.0,4.135076748128084,4.874025699840468,0.0,0.0105133266991174,84.52734375,7.0,1.6005159184854472,3.909083121878686,0.0,0.0031130646780511,55.5703125,7.0,3.3344453488054207,4.950793650793651,0.0,0.0080508701472546,136.17578125,3.0,0.0049352077404661,47.046875,2.0
2026-05-30T07:26:32Z,2.6,56.666666666666735,0.0,0.0268707953689136,65.1171875,6.0,5.734044542827696,4.921154259141574,0.0,0.011935275950047,180.46875,0.0,0.2000000017778963,91.2500277790124,0.0,0.0053795668165096,57.33203125,7.0,17.7351113179509,4.692352347328397,0.0,0.0139660332397649,86.73046875,7.0,0.1999955564444246,4.8,0.0,0.0055423433746901,82.05859375,10.0,0.2000000017778963,24.12500416689816,0.0,0.0047312708713999,75.15234375,7.0,31.271649743856248,3.3419217460838744,0.0,0.0137345280378872,55.125,6.0,4.00040448978325,4.872611464968153,0.0,0.0112503402812975,84.7578125,7.0,1.6667911282981531,3.9666603702441714,0.0,0.0037849769382825,55.5703125,7.0,3.0671778663862748,4.919685007953548,0.0,0.0090764485066097,136.17578125,3.0,0.0050315430976078,47.03125,2.0
2026-05-30T07:26:37Z,2.6,56.666666666666735,0.0,0.0288918674907992,65.140625,6.0,5.600755658088101,4.921153948479338,0.0,0.011935275950047,180.46875,0.0,0.1333555594080989,94.16667901326024,0.0,0.0049986072150187,57.30859375,7.0,20.53608481397573,4.725728692668605,0.0,0.0151354412727307,86.73046875,7.0,0.1333511140746272,4.799999999999999,0.0,0.0055423433746901,82.05859375,10.0,0.1333555594080989,82.49999999999994,0.0,0.0047312708713999,75.15234375,7.0,31.20502308163515,3.3432124871476416,0.0,0.0137345280378872,55.125,6.0,4.00040448978325,4.872611464968153,0.0,0.0112503402812975,84.7578125,7.0,1.5335022435585584,3.966680186004508,0.0,0.0036189004586344,55.5078125,7.0,3.0671778663862748,4.919685007953548,0.0,0.0075772839430659,136.17578125,3.0,0.005080570153001,47.03125,2.0
2026-05-30T07:26:42Z,3.667155620749434,65.99999999999996,0.0,0.0315178375160308,65.140625,6.0,6.333724498377918,4.890517310246469,0.0,0.0136488604558176,180.46875,0.0,0.1333555594080989,94.16667901326024,0.0,0.0047668792543075,57.30859375,7.0,20.53608481397573,4.725728692668605,0.0,0.0151354412727307,86.73046875,7.0,0.2000222254820544,4.8,0.0,0.0055423433746901,82.05859375,10.0,0.1333555594080989,82.49999999999994,0.0,0.005518018461805,72.42578125,7.0,37.20224919055909,3.334148386884018,0.0,0.0141671746418763,55.40234375,6.0,4.333911188158421,4.89101787928386,0.0,0.0115818393388967,85.34765625,7.0,2.133542246225403,3.783331327008159,0.0,0.0036189004586344,55.5078125,7.0,3.0671778663862748,4.919685007953548,0.0,0.0092486216334132,137.1328125,3.0,0.005080570153001,47.03125,2.0
2026-05-30T07:26:47Z,3.667155620749434,65.99999999999996,0.0,0.0315178375160308,65.140625,6.0,6.533555573927862,4.882032244668988,0.0,0.0150048948513415,178.98828125,0.0,0.1333511140746272,94.37493054166389,0.0,0.0047668792543075,57.30859375,7.0,21.268826911437515,4.751509553144265,0.0,0.0169935422497821,85.65625,7.0,0.2000222254820544,4.8,0.0,0.0055184553080716,82.05859375,10.0,0.2000133360005334,90.0,0.0,0.0066027602689976,72.42578125,7.0,37.06794677571437,3.429696387299325,0.0,0.0151247159736391,55.40234375,6.0,4.333773382820802,4.968896772008307,0.0,0.0115818393388967,85.34765625,7.0,2.2001644589646423,3.920030228043918,0.0,0.0034588532980621,55.5078125,7.0,3.1333377917037235,4.936694454908919,0.0,0.0092486216334132,137.1328125,3.0,0.0043049082175864,47.03125,2.0
2026-05-30T07:26:52Z,3.667155620749434,65.99999999999996,0.0,0.0315178375160308,65.140625,6.0,6.533528901926795,4.882032358597831,0.0,0.0150048948513415,178.98828125,0.0,0.1333377780740938,92.5002222518558,0.0,0.0044117850882558,57.33203125,7.0,20.13402226815121,4.724181528934147,0.0,0.017928712343372,85.65625,7.0,0.2000088894815209,4.8,0.0,0.0054743796689059,80.1796875,10.0,0.2,90.0,0.0,0.0060424728735108,72.140625,7.0,37.2679201037133,3.414541267801733,0.0,0.0151247159736391,55.40234375,6.0,4.333773382820802,4.968896772008307,0.0,0.011808099443512,85.34765625,7.0,2.2001377869635754,3.8428897141901577,0.0,0.0035663408433423,55.52734375,7.0,3.1333377917037235,4.936694454908919,0.0,0.0103703200716049,137.1328125,3.0,0.0039168720073922,47.03125,2.0
2026-05-30T07:26:57Z,2.466666666666667,58.333333333333165,0.0,0.0249950314685653,65.140625,6.0,5.200480050968889,4.853759081083791,0.0,0.0150048948513415,178.98828125,0.0,0.1333377780740938,92.5002222518558,0.0,0.0044117850882558,57.33203125,7.0,20.13402226815121,4.724181528934147,0.0,0.0172663472664907,85.40234375,7.0,0.0666666666666666,4.799999999999999,0.0,0.0054428657940076,80.1796875,10.0,0.2,90.0,0.0,0.0060424728735108,72.140625,7.0,28.201644568303607,3.49489632379684,0.0,0.0151247159736391,55.40234375,6.0,3.6666977940742127,4.987919890266527,0.0,0.0113799562200538,85.78515625,7.0,1.3333866702224593,3.9000419114145095,0.0,0.0035663408433423,55.52734375,7.0,3.1333377917037235,4.936694454908919,0.0,0.0103703200716049,137.1328125,3.0,0.003485472307257,47.03125,2.0
2026-05-30T07:27:02Z,2.466666666666667,58.333333333333165,0.0,0.0312721718684028,65.15625,6.0,4.667271191714451,4.824691479741524,0.0,0.0127687026885657,178.98828125,0.0,0.1333422234075654,92.50008333981532,0.0,0.0038522460937514,57.33203125,7.0,18.267795706094144,4.716333206265885,0.0,0.0172663472664907,85.40234375,7.0,0.0666666666666666,4.799999999999999,0.0,0.0054428657940076,80.1796875,10.0,0.0666666666666666,91.25002777962972,0.0,0.0058711324944484,72.140625,7.0,26.73573362136676,3.523399035490196,0.0,0.0149236843956652,55.17578125,6.0,3.4668089291891366,5.525063837447294,0.0,0.0113799562200538,85.78515625,7.0,1.0667377872605237,3.766674445049427,0.0,0.0035475454972808,55.52734375,7.0,3.200426723563142,5.714285374116185,0.0,0.0105724755544497,135.4609375,3.0,0.0050820060151986,46.95703125,2.0
2026-05-30T07:27:07Z,2.466666666666667,58.333333333333165,0.0,0.0312721718684028,65.15625,6.0,4.667280081195972,4.824896349665725,0.0,0.0151043969150035,178.88671875,0.0,0.1333466681483259,95.8333271598536,0.0,0.0031861927441417,57.33203125,7.0,18.66912921545083,4.709131650863842,0.0,0.0153603892873722,85.40234375,7.0,0.0666711114074271,4.8,0.0,0.0043389036249414,80.15234375,10.0,0.0666711114074271,92.5,0.0,0.0053511200604077,72.55078125,7.0,26.735755845070564,3.5368364347894534,0.0,0.0148534342888034,55.17578125,6.0,3.4668089291891366,5.525063837447294,0.0,0.0113799562200538,85.78515625,7.0,1.0667466767420446,3.690931351011436,0.0,0.0036430517711166,55.54296875,7.0,3.200426723563142,5.714285374116185,0.0,0.0102100032789374,135.4609375,3.0,0.0051077761961073,46.95703125,2.0
2026-05-30T07:27:12Z,2.8672401146896043,67.50000000000009,0.0,0.0321445484731374,65.15625,6.0,5.400328932153878,4.82304555134454,0.0,0.0151043969150035,178.88671875,0.0,0.1333466681483259,95.8333271598536,0.0,0.0028651722363291,57.33203125,7.0,18.66912921545083,4.709131650863842,0.0,0.0181011380365938,87.39453125,7.0,0.1333377780740938,4.800000000000001,0.0,0.0055645101768522,80.15234375,10.0,0.0666711114074271,92.5,0.0,0.0047877133452176,72.55078125,7.0,32.40315589870725,3.448417296841596,0.0,0.0148534342888034,55.17578125,6.0,4.000533404453927,6.045478514381996,0.0,0.0096899290431089,86.15234375,7.0,1.46685335763283,3.654559560241159,0.0,0.0036430517711166,55.54296875,7.0,3.200426723563142,5.714285374116185,0.0,0.0102100032789374,135.4609375,3.0,0.0051990141135475,47.3125,2.0
2026-05-30T07:27:17Z,2.8672401146896043,67.50000000000009,0.0,0.0295013808837693,65.25390625,6.0,5.266524455110479,4.822672040297915,0.0,0.0151043969150035,178.88671875,0.0,0.0666711114074271,96.25,0.0,0.0037898550724644,57.32421875,7.0,18.66743576920603,4.6902933021661966,0.0,0.0181011380365938,87.39453125,7.0,0.1333377780740938,4.800000000000001,0.0,0.0055645101768522,80.15234375,10.0,0.1333422228148543,92.5,0.0,0.0056285204991096,72.55078125,7.0,30.134080162377483,3.365175973184726,0.0,0.0138180174452071,55.15234375,6.0,3.666848933634233,6.022715472219581,0.0,0.0113405085630478,86.15234375,7.0,1.2667600162981336,3.7666664199460738,0.0,0.0036430517711166,55.54296875,7.0,2.99989334044397,5.035721768945043,0.0,0.0102100032789374,135.4609375,3.0,0.0051990141135475,47.3125,2.0
2026-05-30T07:27:22Z,2.8672401146896043,67.50000000000009,0.0,0.0295013808837693,65.25390625,6.0,5.133182232295625,4.8228571511501706,0.0,0.013157783255729,179.54296875,0.0,0.0,95.83333950635574,0.0,0.0037094607891373,57.32421875,7.0,18.53276892651601,4.670869585759757,0.0,0.0168633752858342,86.4375,7.0,0.0666666666666666,4.8,0.0,0.0055645101768522,80.15234375,10.0,0.0666711114074271,87.50022222716059,0.0,0.0048145426262634,72.55078125,7.0,29.800724605340346,3.367422776181841,0.0,0.0138180174452071,55.15234375,6.0,3.666848933634233,6.022715472219581,0.0,0.0113405085630478,86.15234375,7.0,1.1334177934832792,3.690895352782732,0.0,0.0031188202727931,55.54296875,7.0,2.99989334044397,5.035721768945043,0.0,0.0097771214157159,135.42578125,3.0,0.0051457180308775,47.3125,2.0
2026-05-30T07:27:27Z,2.0665288980734617,58.99999999999994,0.0,0.0272866742250424,65.25390625,6.0,4.066755597633225,4.846364048879744,0.0,0.011215754481443,179.54296875,0.0,0.0,95.83333950635574,0.0,0.0036752316764957,57.5859375,7.0,18.53276892651601,4.670869585759757,0.0,0.012177448854967,86.4375,7.0,0.0,4.8,0.0,0.0042712948262926,80.15234375,10.0,0.0666711114074271,87.50022222716059,0.0,0.0047089832755271,71.76171875,7.0,21.20053354490774,3.3777456612485737,0.0,0.0123095399331253,55.15234375,6.0,2.9332311179254718,5.8000164449195175,0.0,0.0089541190458431,86.15234375,7.0,0.5333111125924939,3.799996444349628,0.0,0.0035122800867598,53.22265625,7.0,2.99989334044397,5.035721768945043,0.0,0.0097771214157159,135.42578125,3.0,0.0051457180308775,47.3125,2.0
2026-05-30T07:27:32Z,2.0665288980734617,58.99999999999994,0.0,0.0255205748512332,65.08203125,6.0,3.267102280304041,4.872538862008396,0.0,0.011215754481443,179.54296875,0.0,0.0,96.25002777901238,0.0,0.0036752316764957,57.5859375,7.0,16.734222340756546,4.622886697308837,0.0,0.0149798961486143,86.4375,7.0,0.0,4.8,0.0,0.0056474205085498,80.6640625,10.0,0.0,23.5,0.0,0.0032914488150491,71.76171875,7.0,18.60229363915189,3.178262496810894,0.0,0.0123095399331253,55.15234375,6.0,2.600160021336178,4.931944061625057,0.0,0.0103722371852371,86.5703125,7.0,0.4667022269635951,3.399995555670797,0.0,0.0035122800867598,53.22265625,7.0,2.7336978263768503,4.973437447912615,0.0,0.0097771214157159,135.42578125,3.0,0.0033099071572333,47.0546875,2.0
2026-05-30T07:27:37Z,2.0665288980734617,58.99999999999994,0.0,0.0160148854954381,65.08203125,6.0,3.267102280304041,4.873298338184204,0.0,0.0104356690419635,179.33984375,0.0,0.0,97.5,0.0,0.0036603130240357,57.5859375,7.0,12.66835578077077,4.614322292552446,0.0,0.0137019758400728,86.96875,7.0,0.0,4.8,0.0,0.0056474205085498,80.6640625,10.0,0.0,23.875,0.0,0.0045813949248937,74.77734375,7.0,18.60229363915189,3.186015521898053,0.0,0.0123095399331253,55.15234375,6.0,2.600160021336178,4.931944061625057,0.0,0.0103722371852371,86.5703125,7.0,0.4667022269635951,3.466690124851483,0.0,0.003387980340872,53.22265625,7.0,2.7336978263768503,4.973437447912615,0.0,0.0089856684413988,135.828125,3.0,0.0037352248254034,47.0546875,2.0
2026-05-30T07:27:42Z,1.933591145486065,49.73684210526314,0.0,0.0178246713476412,65.08203125,6.0,3.13352891496644,4.878260870614635,0.0,0.0104356690419635,179.33984375,0.0,0.0,97.5,0.0,0.0037535002534996,57.359375,7.0,12.66835578077077,4.614322292552446,0.0,0.0137019758400728,86.96875,7.0,0.0666666666666666,4.8,0.0,0.0056474205085498,80.6640625,10.0,0.0,23.875,0.0,0.0047876475444582,74.77734375,7.0,18.867249095426352,3.143356137672473,0.0,0.0083191872968268,54.9921875,6.0,2.4669955994132557,4.915151534538803,0.0,0.0099893013051131,86.5703125,7.0,0.6667555674089878,3.3199935994879564,0.0,0.0033552271790837,53.234375,7.0,2.7336978263768503,4.973437447912615,0.0,0.0078976389206498,135.828125,3.0,0.0041605424935735,47.0546875,2.0
2026-05-30T07:27:47Z,1.933591145486065,49.73684210526314,0.0,0.017548498026595,65.08203125,6.0,3.6,4.880446822780005,0.0,0.0087154542890275,179.33984375,0.0,0.0666666666666666,96.2500416689816,0.0,0.0037535002534996,57.359375,7.0,15.667466773347558,4.572369023710317,0.0,0.0132742818400937,86.96875,7.0,0.0666666666666666,4.8,0.0,0.0056474205085498,80.6640625,10.0,0.0666666666666666,24.25,0.0,0.0047876475444582,74.77734375,7.0,19.599524509926063,2.7229304931795864,0.0,0.0100872937492468,54.9921875,6.0,2.533502244743744,4.887023889882913,0.0,0.0099893013051131,86.5703125,7.0,0.6667200071120594,2.9999866659258805,0.0,0.0033552271790837,53.234375,7.0,2.9333333333333336,4.795312446287253,0.0,0.0078976389206498,135.828125,3.0,0.0049945249307169,47.0546875,2.0
2026-05-30T07:27:52Z,1.933591145486065,49.73684210526314,0.0,0.0218110141119615,65.13671875,6.0,3.733333333333333,4.880446842756818,0.0,0.0092567324955116,178.828125,0.0,0.1333333333333333,92.49988888148096,0.0,0.0028829902153033,57.359375,7.0,18.466666666666665,4.528664825662641,0.0,0.0129980827485716,81.95703125,7.0,0.1333333333333333,4.8,0.0,0.0052500000000001,80.83984375,10.0,0.1333333333333333,24.25,0.0,0.0052105971404534,74.77734375,7.0,19.799524509926066,2.678735650296476,0.0,0.0097072416126835,55.0078125,6.0,2.533502244743744,4.887023889882913,0.0,0.0095304477934859,86.546875,7.0,0.8000533404453927,2.3332691303003874,0.0,0.0031499431418215,53.234375,7.0,2.9333333333333336,4.795312446287253,0.0,0.0078976389206498,135.828125,3.0,0.0049945249307169,47.0546875,2.0
2026-05-30T07:27:57Z,2.533502233482232,48.69047619047618,0.0,0.0218110141119615,65.13671875,6.0,4.333635595857225,4.886390556199819,0.0,0.0092567324955116,178.828125,0.0,0.1333333333333333,92.49988888148096,0.0,0.0025668499999994,57.359375,7.0,18.466666666666665,4.52866482566264,0.0,0.0117734498031526,81.95703125,7.0,0.1333377780740938,4.800000000000001,0.0,0.0052500000000001,80.83984375,10.0,0.1333333333333333,24.25,0.0,0.0044776859155526,73.22265625,7.0,21.668302435583687,2.841846046983255,0.0,0.0097072416126835,55.0078125,6.0,2.333404449185501,4.830399362246418,0.0,0.0090970229268853,86.546875,7.0,1.0666666666666669,2.86667160565529,0.0,0.0030168761662603,53.35546875,7.0,2.9333333333333336,4.795312446287253,0.0,0.0060295840612854,135.828125,3.0,0.0049945249307169,47.0546875,2.0
2026-05-30T07:28:02Z,2.533502233482232,48.69047619047618,0.0,0.0216756653320696,65.13671875,6.0,4.400568964750856,4.889570576571656,0.0,0.0092567324955116,178.828125,0.0,0.1333422234075654,48.75,0.0,0.0038228672582442,55.3359375,7.0,16.934417922389652,4.517380643072098,0.0,0.0120103880794958,81.25,7.0,0.1333377780740938,4.800000000000001,0.0,0.0052500000000001,80.83984375,10.0,0.1333377780740938,24.25,0.0,0.0044776859155526,73.22265625,7.0,22.602915939606447,3.442487024621255,0.0,0.0092749569931723,55.0078125,6.0,2.533600030818608,4.897436989395184,0.0,0.0090970229268853,86.546875,7.0,1.2667288971862916,3.450024723316408,0.0,0.0030168761662603,53.35546875,7.0,2.867048939858648,4.7984375,0.0,0.006301417891208,134.80859375,3.0,0.0048031222095628,47.0546875,2.0
2026-05-30T07:28:07Z,2.533502233482232,48.69047619047618,0.0,0.0232138877147106,65.1484375,6.0,4.400577854232377,4.888484848484849,0.0,0.0080454137499719,178.828125,0.0,0.1333466681483259,48.75,0.0,0.0038228672582442,55.3359375,7.0,17.535044630836882,4.511402513149539,0.0,0.0120103880794958,81.25,7.0,0.1333422228148543,4.800000000000001,0.0,0.0039914538090389,80.87109375,10.0,0.1333422228148543,24.25,0.0,0.0055042859402197,73.22265625,7.0,22.669600385236155,3.449131798471894,0.0,0.0078134298812037,55.0078125,6.0,2.533600030818608,4.897436989395184,0.0,0.0090970229268853,86.546875,7.0,1.2667377866678124,3.6800248899951087,0.0,0.0030247420647964,53.35546875,7.0,2.867048939858648,4.7984375,0.0,0.006301417891208,134.80859375,3.0,0.0048222564783009,46.7109375,2.0
2026-05-30T07:28:12Z,2.2668177878525237,46.97916666666666,0.0,0.0232138877147106,65.1484375,6.0,4.400275591708485,4.863158458366561,0.0,0.0088769727634836,177.24609375,0.0,0.1333466681483259,48.75,0.0,0.0038228672582442,55.3359375,7.0,17.535044630836882,4.511402513149539,0.0,0.0117964473969258,81.25,7.0,0.1333377780740938,4.8,0.0,0.005064118511817,80.87109375,10.0,0.1333422228148543,24.25,0.0,0.0045956888731627,73.22265625,7.0,24.868084624319668,3.5116663962020547,0.0,0.0105706188913663,53.22265625,6.0,3.266982256300307,4.926666666666666,0.0,0.0083595665246505,86.5546875,7.0,1.0668000171874374,3.44,0.0,0.0032778261515925,53.66796875,7.0,2.867048939858648,4.7984375,0.0,0.0062486319249723,134.69921875,3.0,0.0048370254051937,46.7109375,2.0
2026-05-30T07:28:17Z,2.2668177878525237,46.97916666666666,0.0,0.0239932313045349,65.1484375,6.0,5.200195568593461,4.817679340938599,0.0,0.0088769727634836,177.24609375,0.0,0.3333555570371357,48.125006944984605,0.0,0.0037935869275142,55.36328125,7.0,19.667977865191013,4.543396228261177,0.0,0.0132235183742853,83.00390625,7.0,0.1333377780740938,4.8,0.0,0.005064118511817,80.87109375,10.0,0.1333422228148543,24.25,0.0,0.0047221570689098,73.72265625,7.0,30.80117341156077,3.52119749616928,0.0,0.0107952025395714,53.22265625,6.0,4.133608907260484,4.9809510723763655,0.0,0.0097821014564508,86.5546875,7.0,1.20011112266799,3.63332567838861,0.0,0.0032778261515925,53.66796875,7.0,3.5334533413338667,4.858015252412601,0.0,0.0062486319249723,134.69921875,3.0,0.0048370254051937,46.7109375,2.0
2026-05-30T07:28:22Z,2.2668177878525237,46.97916666666666,0.0,0.0239932313045349,65.1484375,6.0,5.600186679111941,4.816931057662087,0.0,0.0092011008005822,178.3125,0.0,0.5333511122963752,47.5,0.0,0.0037935869275142,55.36328125,7.0,22.6014623197102,4.556933810117865,0.0,0.014165982605299,83.00390625,7.0,0.3333333333333333,4.8,0.0,0.005064118511817,80.87109375,10.0,0.3333377780740938,23.50000833361112,0.0,0.0047221570689098,73.72265625,7.0,30.934488965931063,3.533841546822219,0.0,0.0107952025395714,53.22265625,6.0,4.133608907260484,4.9809510723763655,0.0,0.0097821014564508,86.5546875,7.0,1.6001022331864694,3.774974998148001,0.0,0.0032778261515925,53.66796875,7.0,3.5334533413338667,4.858015252412601,0.0,0.0059474858181404,134.69921875,3.0,0.0047762297202402,46.9765625,2.0
2026-05-30T07:28:27Z,3.1333333333333333,48.83620689655172,0.0,0.018932558963423,65.1484375,6.0,6.5337333600017775,4.793364912138426,0.0,0.0092011008005822,178.3125,0.0,0.5333511122963752,47.5,0.0,0.003711902682847,55.36328125,7.0,22.6014623197102,4.556933810117865,0.0,0.014165982605299,83.00390625,7.0,0.5333688936302619,4.8,0.0,0.0051165996874294,80.87890625,10.0,0.3333377780740938,23.50000833361112,0.0,0.0032913312693497,73.72265625,7.0,35.60332926374908,3.369632235809517,0.0,0.0128917239123295,52.9609375,6.0,4.800155565926618,5.281267622457848,0.0,0.0103038720100058,79.6640625,7.0,2.333373336000178,3.577775308838305,0.0,0.0035713604955917,54.1015625,7.0,3.5334533413338667,4.858015252412601,0.0,0.0059474858181404,134.69921875,3.0,0.0047762297202402,46.9765625,2.0
2026-05-30T07:28:32Z,3.1333333333333333,48.83620689655172,0.0,0.0261229076640431,62.8828125,6.0,5.600462269635004,4.793636478065288,0.0,0.0092011008005822,85.76171875,0.0,0.3333422234075655,47.5,0.0,0.004180725338099,55.4609375,7.0,18.801640166833604,4.580231381766938,0.0,0.012171884453893,83.00390625,7.0,0.5333688936302619,4.8,0.0,0.0052684649784924,80.87890625,10.0,0.5333511122963752,21.99997777662545,0.0,0.0039654123391726,75.90625,7.0,30.20364493043517,3.420377525174953,0.0,0.0128917239123295,52.9609375,6.0,4.000204471707339,5.555608645514637,0.0,0.0106329000848588,79.6640625,7.0,2.333413344001422,3.600008890291484,0.0,0.0035713604955917,54.1015625,7.0,2.2669689291905586,4.857142861917174,0.0,0.0057726057498608,135.23828125,3.0,0.004757890778197,46.9765625,2.0
2026-05-30T07:28:37Z,3.1333333333333333,48.83620689655172,0.0,0.0261229076640431,62.8828125,6.0,5.200488941636071,4.793636501205896,0.0,0.0071171494335957,85.76171875,0.0,0.1333555594080989,47.49999999999999,0.0,0.004180725338099,55.4609375,7.0,12.935089129218474,4.5772613836017655,0.0,0.0131950607413316,85.98828125,7.0,0.3333822296307952,4.800000000000001,0.0,0.0052684649784924,80.87890625,10.0,0.3333644482969087,20.500000000000004,0.0,0.0043405465963025,75.90625,7.0,30.20372494643837,3.416556792514814,0.0,0.0120733589354291,52.96875,6.0,4.000204471707339,5.555608645514637,0.0,0.0106329000848588,79.6640625,7.0,1.9334400160024892,3.4444791787643063,0.0,0.0035713604955917,54.1015625,7.0,2.2669689291905586,4.857142861917174,0.0,0.0044991921939542,135.23828125,3.0,0.004757890778197,46.9765625,2.0
2026-05-30T07:28:42Z,2.20029337244966,49.02173913043478,0.0,0.0245556170776611,62.99609375,6.0,3.867066713487527,4.794495596344248,0.0,0.0079733441725141,87.15625,0.0,0.1333555594080989,47.49999999999999,0.0,0.0043430457828334,55.4609375,7.0,12.935089129218474,4.5772613836017655,0.0,0.0131950607413316,85.98828125,7.0,0.0666800026672001,4.8,0.0,0.0052358731170802,80.63671875,10.0,0.3333644482969087,20.500000000000004,0.0,0.0037388243350234,75.83203125,7.0,23.00234693514465,3.345117294903606,0.0,0.0129450911870712,52.96875,6.0,2.800373383117749,5.55559094938599,0.0,0.0109630558443886,80.4140625,7.0,1.2668444699296797,3.400008395890953,0.0,0.0038028211709072,52.8203125,7.0,2.2669689291905586,4.857142861917174,0.0,0.0046776366553622,135.03515625,3.0,0.004757890778197,46.9765625,2.0
2026-05-30T07:28:47Z,2.20029337244966,49.02173913043478,0.0,0.0245556170776611,62.99609375,6.0,3.8668177914090274,4.794495482988118,0.0,0.0079733441725141,87.15625,0.0,0.0666800026672001,47.2500033335852,0.0,0.0037861403938869,55.53125,7.0,12.400893458684624,4.571248001226767,0.0,0.0131950607413316,85.98828125,7.0,0.0666800026672001,4.8,0.0,0.0052358731170802,80.63671875,10.0,0.0666800026672001,20.5,0.0,0.0037388243350234,75.83203125,7.0,22.66766231052804,2.9859379934789354,0.0,0.0129450911870712,52.96875,6.0,2.866835578077077,5.416666666666664,0.0,0.0109630558443886,80.4140625,7.0,1.1334311259282572,2.885710022350908,0.0,0.0038028211709072,52.8203125,7.0,2.6,4.858015272096564,0.0,0.0054519674812394,135.03515625,3.0,0.0046743382086304,46.7265625,2.0
2026-05-30T07:28:52Z,2.20029337244966,49.02173913043478,0.0,0.0241301495500568,62.9296875,6.0,3.733457786074627,4.794444507891022,0.0,0.0083150119589175,87.5234375,0.0,0.0,46.875,0.0,0.0037861403938869,55.53125,7.0,12.066666666666666,4.57987012987013,0.0,0.0122238781758802,84.9609375,7.0,0.0,4.8,0.0,0.0051916489822775,80.63671875,10.0,0.0,16.74991666111072,0.0,0.0037388243350234,75.83203125,7.0,22.26758229452484,2.976377952755902,0.0,0.0086531250000007,52.96875,6.0,2.866835578077077,5.416666666666664,0.0,0.0105992666157368,80.4140625,7.0,1.0000711205938568,2.5999814799038408,0.0,0.0038028211709072,52.8203125,7.0,2.6,4.858015272096564,0.0,0.0055501959320759,135.01953125,3.0,0.0046743382086304,46.7265625,2.0
2026-05-30T07:28:57Z,2.8000000000000003,48.74999999999998,0.0,0.0241301495500568,62.9296875,6.0,4.400168900148898,4.793805309734513,0.0,0.0083150119589175,87.5234375,0.0,0.0,46.875,0.0,0.0037861403938869,55.53125,7.0,12.066666666666666,4.57987012987013,0.0,0.0122238781758802,84.9609375,7.0,0.1333600053344002,4.8,0.0,0.0050766947157224,80.6328125,10.0,0.0,16.74991666111072,0.0,0.0033990188698517,75.83203125,7.0,26.934328955263684,2.868769428926913,0.0,0.0129306573644128,52.96484375,6.0,3.8,5.725010889469655,0.0,0.01095469170083,79.92578125,7.0,1.2666666666666666,2.914296599192341,0.0,0.003730909927527,52.875,7.0,2.6,4.858015272096564,0.0,0.0055501959320759,135.01953125,3.0,0.0047321099135846,46.734375,2.0
2026-05-30T07:29:02Z,2.8000000000000003,48.74999999999998,0.0,0.0241301495500568,62.9296875,6.0,5.200346689779319,4.810480349344978,0.0,0.0083150119589175,87.5234375,0.0,0.2000133342222814,47.25,0.0,0.0041171695218609,55.828125,7.0,13.133800031113186,4.584105960264901,0.0,0.0100642674269708,84.9609375,7.0,0.1333600053344002,4.8,0.0,0.0050766947157224,80.6328125,10.0,0.1333600053344002,8.624998611003079,0.0,0.0037357028838991,74.8203125,7.0,31.53528901926795,2.962377658206427,0.0,0.0129306573644128,52.96484375,6.0,4.53348889925995,5.57500955606521,0.0,0.01095469170083,79.92578125,7.0,1.26669777985199,2.8857249892058023,0.0,0.003730909927527,52.875,7.0,3.733706708153127,4.8,0.0,0.0053785564982162,135.01953125,3.0,0.0047321099135846,46.734375,2.0
2026-05-30T07:29:07Z,2.8000000000000003,48.74999999999998,0.0,0.0170673872406955,62.6171875,6.0,5.600373358223881,4.810572678943812,0.0,0.0069101444939475,87.5234375,0.0,0.4000266684445629,47.5,0.0,0.0041171695218609,55.828125,7.0,15.068177946094304,4.596501561123137,0.0,0.0100642674269708,84.9609375,7.0,0.3333733395566817,4.8,0.0,0.0046205260959676,80.6484375,10.0,0.3333733395566817,7.499999999999994,0.0,0.0037357028838991,74.8203125,7.0,31.80197346489766,2.9805696151964973,0.0,0.0129306573644128,52.96484375,6.0,4.53348889925995,5.57500955606521,0.0,0.01095469170083,79.92578125,7.0,1.666724448296553,2.9428761916775787,0.0,0.0037862170191689,52.96875,7.0,3.733706708153127,4.8,0.0,0.0045555028900767,135.01953125,3.0,0.0047730863524954,46.734375,2.0
2026-05-30T07:29:12Z,2.533502233482232,47.5,0.0088495575221238,0.0189214027790827,62.6171875,6.0,5.800204458074983,4.812149775927177,0.0,0.0088769474246721,88.640625,0.0,0.4000266684445629,47.5,0.0,0.0041171695218609,55.828125,7.0,15.068177946094304,4.596501561123137,0.0,0.0105468077276887,83.01171875,7.0,0.333337779259279,4.8,0.0,0.0053673131787782,80.6484375,10.0,0.3333733395566817,7.499999999999994,0.0,0.0037357028838991,74.8203125,7.0,30.268942425505344,3.111295553364428,0.0,0.0118585122360642,52.95703125,6.0,4.267208976608753,5.305526334634688,0.0,0.0106842910062069,79.66796875,7.0,1.6001555724464398,2.8333285181440035,0.0,0.0031512822377163,52.96875,7.0,3.733706708153127,4.8,0.0,0.0049576492068263,137.15234375,3.0,0.0047730863524954,46.734375,2.0
2026-05-30T07:29:17Z,2.533502233482232,47.5,0.0088495575221238,0.0222481864606469,62.6171875,6.0,5.2668355668155655,4.848803744717774,0.0,0.0088769474246721,88.640625,0.0,0.3333555570371358,47.74999555523948,0.0,0.0035802505097577,55.828125,7.0,15.068177946094304,4.604236268846734,0.0,0.0108016138814887,83.01171875,7.0,0.333337779259279,4.8,0.0,0.0053673131787782,80.6484375,10.0,0.4000133342222814,18.249933327406872,0.0,0.0037745108544242,74.47265625,7.0,27.46875574639341,3.2535271880992,0.0,0.0118585122360642,52.95703125,6.0,3.733840085349336,5.916609254155931,0.0,0.0106842910062069,79.66796875,7.0,1.6668266838538668,3.424982915432777,0.0,0.0036611006766662,52.96875,7.0,2.8000933395559704,4.857142857142857,0.0,0.0059507659191033,137.15234375,3.0,0.0047127659574468,46.7265625,2.0
2026-05-30T07:29:22Z,2.533502233482232,47.5,0.0088495575221238,0.0184975748270074,62.6171875,6.0,5.0668088983710025,4.848571474831004,0.0,0.0099598993450979,88.640625,0.0,0.2666755561481876,47.91666666666666,0.0,0.0039864463689778,56.52734375,7.0,13.733800031113184,4.636789289803936,0.0,0.0108016138814887,83.01171875,7.0,0.1999911117036641,4.800000000000001,0.0,0.0054125634540547,80.54296875,10.0,0.3333333333333333,21.249999999999996,0.0,0.0037745108544242,74.47265625,7.0,27.53540463409703,3.2549340618871785,0.0,0.0118669999639052,52.9765625,6.0,3.733840085349336,5.916609254155931,0.0,0.0106842910062069,79.66796875,7.0,1.466800015409304,3.577748090972392,0.0,0.0030617683261718,52.96875,7.0,2.8000933395559704,4.857142857142857,0.0,0.0060723071046601,138.078125,3.0,0.0035276702537237,46.7265625,2.0
2026-05-30T07:29:27Z,1.733448896593106,45.20833333333332,0.0094339622641509,0.0222074592922752,62.90234375,6.0,3.800533447139563,4.86763159643032,0.0,0.0112973723518397,88.890625,0.0,0.2666755561481876,47.91666666666666,0.0,0.0039864463689778,56.52734375,7.0,13.733800031113184,4.636789289803936,0.0,0.0108016138814887,83.01171875,7.0,0.0666666666666666,4.800000000000001,0.0,0.0055062211075047,80.54296875,10.0,0.3333333333333333,21.249999999999996,0.0,0.0037745108544242,74.47265625,7.0,25.06887137484512,3.335034199917049,0.0,0.0126321324522137,52.9765625,6.0,3.400013348444504,6.333333333333324,0.0,0.010996789330701,79.6640625,7.0,1.200035557926084,3.577771687062333,0.0,0.0030162233456246,52.9921875,7.0,2.8000933395559704,4.857142857142857,0.0,0.0060723071046601,138.078125,3.0,0.0039221164348218,46.7265625,2.0
2026-05-30T07:29:32Z,1.733448896593106,45.20833333333332,0.0094339622641509,0.0230787918140706,62.90234375,6.0,3.5338490015098545,4.86965093000617,0.0,0.0112973723518397,88.890625,0.0,0.1333333333333333,47.91666666666666,0.0,0.0042131257699624,56.41796875,7.0,11.53365335466809,4.643903967673877,0.0,0.0103939556973785,81.75390625,7.0,0.0666666666666666,4.800000000000001,0.0,0.0055062211075047,80.54296875,10.0,0.1333333333333333,21.249999999999996,0.0,0.0039751694862861,70.953125,7.0,24.335489149363426,3.31918080344702,0.0,0.0126321324522137,52.9765625,6.0,3.333342237037076,5.937511285317837,0.0,0.010996789330701,79.6640625,7.0,1.1333644465186568,3.909095280461792,0.0,0.003493829891839,52.9921875,7.0,2.466911138077294,4.858914743906802,0.0,0.0064100940364225,138.078125,3.0,0.004906370417107,46.9765625,2.0
2026-05-30T07:29:37Z,1.733448896593106,45.20833333333332,0.0094339622641509,0.0230787918140706,62.90234375,6.0,3.3338490015098543,4.869650722088464,0.0,0.0112973723518397,88.890625,0.0,0.0,47.91666666666666,0.0,0.0042131257699624,56.41796875,7.0,10.734444571274746,4.655361964745162,0.0,0.0105102199727523,81.75390625,7.0,0.0,4.8,0.0,0.0055418054399114,80.54296875,10.0,0.0,21.24999999999999,0.0,0.0039751694862861,70.953125,7.0,24.002155816030086,3.319182235064733,0.0,0.0082708000000025,52.9765625,6.0,3.333342237037076,5.937511285317837,0.0,0.010996789330701,79.6640625,7.0,0.9333644465186568,3.9091042063628,0.0,0.0036961599004281,53.015625,7.0,2.466911138077294,4.858914743906802,0.0,0.0062570967332356,137.47265625,3.0,0.004906370417107,46.9765625,2.0
2026-05-30T07:29:42Z,2.2004400880176034,46.24999999999999,0.0103092783505154,0.0224557365962912,62.42578125,6.0,4.733266687703408,4.873958256286635,0.0,0.0113566437864972,88.484375,0.0,0.0,47.91666666666666,0.0,0.0042131257699624,56.41796875,7.0,10.734444571274746,4.655361964745162,0.0,0.0107928054491309,82.0,7.0,0.0,4.8,0.0,0.0058021390374341,80.54296875,10.0,0.0,21.24999999999999,0.0,0.0036733273222383,70.953125,7.0,29.534315638230023,3.3800078643514904,0.0,0.0122692489270377,52.96484375,6.0,3.667040042079171,5.464265304437833,0.0,0.0110407376107765,79.5078125,7.0,1.066817803856791,3.839977953169913,0.0,0.0037650628423374,53.015625,7.0,2.466911138077294,4.858914743906802,0.0,0.0063593478210467,137.47265625,3.0,0.004906370417107,46.9765625,2.0
2026-05-30T07:29:47Z,2.2004400880176034,46.24999999999999,0.0103092783505154,0.0224557365962912,62.42578125,6.0,5.466475568295447,4.895237215031582,0.0,0.0113566437864972,88.484375,0.0,0.1333333333333333,48.33332407345675,0.0,0.0040049957459803,55.85546875,7.0,15.000791216606656,4.649997397069313,0.0,0.0107928054491309,82.0,7.0,0.0,4.8,0.0,0.0058021390374341,80.54296875,10.0,0.0666711114074271,21.624995833009223,0.0,0.0042713322785492,70.765625,7.0,32.0669244788194,3.3945594804890766,0.0,0.0122692489270377,52.96484375,6.0,4.000257812152732,4.996127858217992,0.0,0.0110407376107765,79.5078125,7.0,1.3334533573381342,3.872698509407369,0.0,0.0037650628423374,53.015625,7.0,3.2,4.861788617886178,0.0,0.0064746309880389,137.8203125,3.0,0.0048881361871089,46.9765625,2.0
2026-05-30T07:29:52Z,2.2004400880176034,46.24999999999999,0.0103092783505154,0.0225701967853362,62.42578125,6.0,5.733142234962114,4.8962559076341226,0.0,0.0117528699713825,88.484375,0.0,0.2666666666666666,48.54166435172324,0.0,0.0040049957459803,55.85546875,7.0,19.933333333333334,4.636120331137548,0.0,0.0094017489057539,83.58203125,7.0,0.1333333333333333,4.8,0.0,0.0057755119735044,80.55078125,10.0,0.2000044447407604,23.0,0.0,0.0042713322785492,70.765625,7.0,32.2669244788194,3.3625009938407606,0.0,0.0122692489270377,52.96484375,6.0,4.000257812152732,4.996127858217992,0.0,0.0110424856874422,79.52734375,7.0,1.6001200240048008,3.66662353441599,0.0,0.0037650628423374,53.015625,7.0,3.2,4.861788617886178,0.0,0.0052707076260475,137.8203125,3.0,0.0048654875933313,46.7578125,2.0
2026-05-30T07:29:57Z,3.3997733484434374,47.54464285714286,0.0,0.0245193403908769,62.953125,6.0,5.667040049784416,4.892383602494217,0.0,0.0096295671001776,88.484375,0.0,0.2666666666666666,48.54166435172324,0.0,0.0040049957459803,55.85546875,7.0,19.933333333333334,4.636120331137548,0.0,0.01039816131257,83.58203125,7.0,0.3333466675556148,4.800000000000001,0.0,0.0056278729133025,80.55078125,10.0,0.2000044447407604,23.0,0.0,0.0042713322785492,70.765625,7.0,27.868338000622305,3.326349621896929,0.0,0.0122904186484969,52.96484375,6.0,3.8,5.571436394806178,0.0,0.0096504290236593,79.52734375,7.0,1.9332711152589828,3.666666502047043,0.0,0.0037085198992032,53.22265625,7.0,3.2,4.861788617886178,0.0,0.0063581233300175,137.8203125,3.0,0.0050063709090913,46.7578125,2.0
2026-05-30T07:30:02Z,3.3997733484434374,47.54464285714286,0.0,0.0245193403908769,62.953125,6.0,5.6673867626794685,4.852216262315685,0.0,0.0106845504824189,88.47265625,0.0,0.2666844468151309,47.5,0.0,0.0024873499999998,55.85546875,7.0,19.53448904298351,4.608525748335888,0.0,0.0119569488817931,83.58203125,7.0,0.3333466675556148,4.800000000000001,0.0,0.0056278729133025,80.55078125,10.0,0.3333466675556148,23.24999629599449,0.0,0.0033110281514866,70.640625,7.0,27.403396008356676,3.236729862711906,0.0,0.0122904186484969,52.96484375,6.0,3.733600035560297,5.531263021339716,0.0,0.0110777259381403,79.52734375,7.0,1.6666666791119409,3.033354815769589,0.0,0.0037085198992032,53.22265625,7.0,3.467017817189946,4.8,0.0,0.005421395148969,137.8203125,3.0,0.0050063709090913,46.7578125,2.0
2026-05-30T07:30:07Z,3.3997733484434374,47.54464285714286,0.0,0.0257669758812545,62.953125,6.0,5.667422322976397,4.851960215251967,0.0,0.0106845504824189,88.47265625,0.0,0.2667022269635951,44.99999999999999,0.0,0.0027455850783946,55.85546875,7.0,16.335511401520204,4.579083311792276,0.0,0.0095460294222609,83.58203125,7.0,0.333364447704079,4.800000000000001,0.0,0.0056629203075305,80.55078125,10.0,0.333364447704079,22.374995832916625,0.0,0.0033110281514866,70.640625,7.0,27.536773792061165,3.2367293397719985,0.0,0.0122904186484969,52.96484375,6.0,3.733600035560297,5.531263021339716,0.0,0.0110777259381403,79.52734375,7.0,1.6667022394088693,2.6000115551208545,0.0,0.0034008720773753,53.515625,7.0,3.467017817189946,4.8,0.0,0.0069601820854816,138.3828125,3.0,0.0049088222052593,46.66796875,2.0
2026-05-30T07:30:12Z,2.5336711561541536,48.1,0.0,0.0251916162507803,62.78515625,6.0,5.266888950524604,4.829768789318168,0.0,0.0085499351206316,88.66796875,0.0,0.2667022269635951,44.99999999999999,0.0,0.0024483360672926,55.85546875,7.0,16.335511401520204,4.579083311792276,0.0,0.0074613999999996,83.58203125,7.0,0.2666933362966519,4.799999999999999,0.0,0.0055273869244247,80.578125,10.0,0.333364447704079,22.374995832916625,0.0,0.0033110281514866,70.640625,7.0,31.60094701069802,3.0574078516670378,0.0,0.0123972745183849,52.96484375,6.0,4.000533404453927,4.98999934022692,0.0,0.0113202637922982,79.52734375,7.0,1.600213361781571,2.4399564402563736,0.0,0.0039809003107008,53.515625,7.0,3.467017817189946,4.8,0.0,0.0071000476741821,138.3828125,3.0,0.0049088222052593,46.66796875,2.0
2026-05-30T07:30:17Z,2.5336711561541536,48.1,0.0,0.0251916162507803,62.78515625,6.0,4.599875570962884,4.828829640459652,0.0,0.0085499351206316,88.66796875,0.0,0.2000177801484642,46.24997221975286,0.0,0.0035948842094019,55.55859375,7.0,15.534355691870028,4.563171660151948,0.0,0.0131121781817403,86.30078125,7.0,0.2666933362966519,4.799999999999999,0.0,0.0055273869244247,80.578125,10.0,0.2000177801484642,22.0,0.0,0.0027348770631066,70.640625,7.0,28.532555669630323,3.1206196760098224,0.0,0.0125357123711152,52.96484375,6.0,3.533600035560297,4.986501853291518,0.0,0.0094701239013331,79.52734375,7.0,1.6668177979286127,0.4972649291549874,0.0,0.0039809003107008,53.515625,7.0,2.6667600062226366,4.857142857142857,0.0,0.0071000476741821,138.3828125,3.0,0.0047695839553835,46.66796875,2.0
2026-05-30T07:30:22Z,2.5336711561541536,48.1,0.0,0.0251916162507803,62.78515625,6.0,4.466506677332622,4.8285722959374695,0.0,0.0085499351206316,88.66796875,0.0,0.1333333333333333,46.875,0.0,0.0037390478370339,55.55859375,7.0,16.466666666666665,4.528930817610062,0.0,0.0131121781817403,86.30078125,7.0,0.2000088894815209,4.8,0.0,0.0055376164587501,80.98046875,10.0,0.1333333333333333,21.624999999999996,0.0,0.0024460421116503,70.640625,7.0,28.79917788592583,3.107385280916999,0.0,0.0126833539859596,52.96484375,6.0,3.533600035560297,4.986501853291518,0.0,0.0107451559116065,79.5234375,7.0,1.533448904298351,0.4965904292609406,0.0,0.0032577587112056,53.515625,7.0,2.6667600062226366,4.857142857142857,0.0,0.0070116222648393,138.6171875,3.0,0.0047695839553835,46.66796875,2.0
2026-05-30T07:30:27Z,2.2666666666666666,48.90624999999999,0.0,0.0216474809364822,62.78515625,6.0,3.8670267386810697,4.828958405652586,0.0,0.0079147030022709,88.82421875,0.0,0.1333333333333333,46.875,0.0,0.0035951796353133,55.56640625,7.0,16.466666666666665,4.528930817610062,0.0,0.0128064003592197,86.51171875,7.0,0.0666666666666666,4.800000000000001,0.0,0.0055376164587501,80.98046875,10.0,0.1333333333333333,21.624999999999996,0.0,0.0033443036634437,72.5625,7.0,22.40215597134139,3.0861261961934336,0.0,0.0126833539859596,52.96484375,6.0,3.26678222992644,4.992404501740321,0.0,0.0103042675528824,79.5234375,7.0,1.2666666666666666,1.350020833912047,0.0,0.0037266509938023,52.39453125,7.0,2.6667600062226366,4.857142857142857,0.0,0.0070116222648393,138.6171875,3.0,0.0046930793428877,46.9296875,2.0
2026-05-30T07:30:32Z,2.2666666666666666,48.90624999999999,0.0,0.0232293685334245,62.68359375,6.0,4.13413349336534,4.794470090826293,0.0,0.0079147030022709,88.82421875,0.0,0.1333466693338667,46.24997221975286,0.0,0.0034572350322611,55.56640625,7.0,15.06796025871841,4.517157807984338,0.0,0.0130630092572827,86.51171875,7.0,0.0666666666666666,4.800000000000001,0.0,0.0055376164587501,80.98046875,10.0,0.0666666666666666,21.25,0.0,0.0030521934428641,72.5625,7.0,23.53768974476274,3.0480042943934897,0.0,0.0124690976158028,53.15234375,6.0,3.533808968607509,7.107219507703822,0.0,0.0088592657663832,79.5234375,7.0,1.200093352003734,2.666763954714386,0.0,0.0037266509938023,52.39453125,7.0,3.000502309645376,4.890476509648053,0.0,0.0070116222648393,138.6171875,3.0,0.004628971403295,46.9296875,2.0
2026-05-30T07:30:37Z,2.2666666666666666,48.90624999999999,0.0,0.0232293685334245,62.68359375,6.0,4.134151273513804,4.794418661768876,0.0,0.0079147030022709,88.82421875,0.0,0.1333555594080989,45.0,0.0,0.0034572350322611,55.56640625,7.0,13.73607165759062,4.518936944533251,0.0,0.0130630092572827,86.51171875,7.0,0.0666755567408987,4.8,0.0,0.0055432363893892,81.25,10.0,0.0666755567408987,18.25,0.0,0.0030521934428641,72.5625,7.0,23.00436530150364,3.066669559718012,0.0,0.0124690976158028,53.15234375,6.0,3.533808968607509,7.107219507703822,0.0,0.008000576803643,79.5234375,7.0,1.2001111321521982,2.7334153120733187,0.0,0.0029786379580263,52.421875,7.0,3.000502309645376,4.890476509648053,0.0,0.006937695395226,137.33984375,3.0,0.004628971403295,46.9296875,2.0
2026-05-30T07:30:42Z,2.2669689291905586,87.67857142857142,0.0,0.0206347294461239,62.68359375,6.0,4.667124534832735,4.795049675425964,0.0,0.0071613378111054,88.13671875,0.0,0.1333555594080989,45.0,0.0,0.0034572350322611,55.56640625,7.0,13.73607165759062,4.518936944533251,0.0,0.0121978031053824,86.51171875,7.0,0.1333422234075654,4.8,0.0,0.0055432363893892,81.25,10.0,0.0666755567408987,18.25,0.0,0.0029635054617679,69.4921875,7.0,25.202422691943823,3.182993261158344,0.0,0.0124284698318822,53.15234375,6.0,3.400573433795974,69.99999999999991,0.0,0.0676853113307088,86.4609375,7.0,1.0001644725975911,3.2857268946248843,0.0,0.0035452589734595,52.421875,7.0,3.000502309645376,4.890476509648053,0.0,0.006937695395226,137.33984375,3.0,0.0045268122105669,46.6796875,2.0
2026-05-30T07:30:47Z,2.2669689291905586,87.67857142857142,0.0,0.0224958750615687,63.1171875,6.0,4.1999022322961,4.794949504019654,0.0,0.0071613378111054,88.13671875,0.0,0.0666755567408987,46.24997222037024,0.0,0.0020693756557615,55.58984375,7.0,14.20098254079608,4.512919463305812,0.0,0.0116783726696635,83.73828125,7.0,0.1333422234075654,4.8,0.0,0.0055432363893892,81.25,10.0,0.1333377792593975,4.799999999999999,0.0,0.0030522134709398,69.4921875,7.0,22.999635624297643,3.292665773127026,0.0,0.0124284698318822,53.15234375,6.0,2.9334578121515467,84.59989065743329,0.0,0.0676853113307088,86.4609375,7.0,0.8667155665196842,3.8399774204158543,0.0,0.0035452589734595,52.421875,7.0,2.733244450369975,4.918750020617468,0.0,0.0051319720858886,137.33984375,3.0,0.0045268122105669,46.6796875,2.0
2026-05-30T07:30:52Z,2.2669689291905586,87.67857142857142,0.0,0.0224958750615687,63.1171875,6.0,4.066551118814302,4.794845360824741,0.0,0.0071613378111054,88.13671875,0.0,0.0,47.5,0.0,0.0023296597473238,55.58984375,7.0,14.466204475257204,4.513355440285475,0.0,0.0083526167524774,83.73828125,7.0,0.0666666666666666,4.8,0.0,0.0053780983247363,81.28125,10.0,0.0666622225184987,4.8,0.0,0.0030522134709398,69.4921875,7.0,22.932960067556746,3.300019021422959,0.0,0.0098682568318054,53.15234375,6.0,2.9334578121515467,84.59989065743329,0.0,0.0838862891096829,86.4609375,7.0,0.7333644530378866,3.919983820927896,0.0,0.0035452589734595,52.421875,7.0,2.733244450369975,4.918750020617468,0.0,0.0059021868524319,136.86328125,3.0,0.0044430691017593,46.6796875,2.0
2026-05-30T07:30:57Z,2.2668177878525237,116.24999999999947,0.0,0.021881387244402,62.98046875,6.0,4.000337876165772,4.796841958989495,0.0,0.0071613378111054,88.13671875,0.0,0.0,47.5,0.0,0.0025899438388861,55.58984375,7.0,14.466204475257204,4.513355440285475,0.0,0.0089301504732835,82.94140625,7.0,0.0666755567408987,4.8,0.0,0.0053780983247363,81.28125,10.0,0.0666622225184987,4.8,0.0,0.0030522134709398,69.4921875,7.0,22.934418039730808,3.479134673744883,0.0,0.0111438048258946,53.16015625,6.0,2.9332444503699757,89.93245584899131,0.0,0.0838862891096829,86.4609375,7.0,1.1333644494816195,3.9199919106077687,0.0,0.0034862938596492,52.69140625,7.0,2.733244450369975,4.918750020617468,0.0,0.0059021868524319,136.86328125,3.0,0.0045550462521253,46.6796875,2.0
2026-05-30T07:31:02Z,2.2668177878525237,116.24999999999947,0.0,0.021881387244402,62.98046875,6.0,4.734115690098059,4.796858562713809,0.0,0.0075764268758385,88.6171875,0.0,0.1333511134817975,46.87498611018512,0.0,0.0025371061682989,55.58984375,7.0,15.40104902875939,4.533103222162066,0.0,0.0107371179479387,82.94140625,7.0,0.0666755567408987,4.8,0.0,0.0053780983247363,81.28125,10.0,0.0666800026672001,4.8,0.0,0.0020926252959638,69.140625,7.0,27.47011601546873,3.585879372125325,0.0,0.0111438048258946,53.16015625,6.0,3.6669422589678624,92.13542105550704,0.0,0.1619755607304848,86.46875,7.0,1.733511131261709,4.171437687655079,0.0,0.0034862938596492,52.69140625,7.0,2.40040006934578,4.861290333565674,0.0,0.0059021868524319,136.86328125,3.0,0.0045550462521253,46.6796875,2.0
2026-05-30T07:31:07Z,2.2668177878525237,116.24999999999947,0.0,0.021881387244402,62.98046875,6.0,5.000817917061654,4.796891118679543,0.0,0.0075764268758385,88.6171875,0.0,0.2667022269635951,46.25,0.0,0.0034912022861812,55.8046875,7.0,16.86834240742955,4.563036303630362,0.0,0.0107371179479387,82.94140625,7.0,0.2000266702226963,4.8,0.0,0.0045896093536819,81.28125,10.0,0.2000311161489976,4.799999999999999,0.0,0.0023308255880434,69.140625,7.0,27.736818242432324,3.60125582736219,0.0,0.0111438048258946,53.16015625,6.0,3.6669422589678624,92.13542105550704,0.0,0.1619755607304848,86.46875,7.0,2.000213358225304,4.2941233837115504,0.0,0.0034240082603338,52.69140625,7.0,2.40040006934578,4.861290333565674,0.0,0.0060996485487486,136.86328125,3.0,0.0036011187538531,46.6796875,2.0
2026-05-30T07:31:12Z,3.000200013334222,166.74999999999997,0.0,0.0242745634700614,62.98046875,6.0,5.666835617190796,4.812807595732699,0.0,0.0081809635722679,90.50390625,0.0,0.2667022269635951,46.25,0.0,0.0034912022861812,55.8046875,7.0,16.86834240742955,4.563036303630362,0.0,0.0112256587536532,82.25,7.0,0.2000222248892247,4.800000000000001,0.0,0.0040954042376013,81.28125,10.0,0.2000311161489976,4.799999999999999,0.0,0.0029109358899692,70.03515625,7.0,33.002124727741474,3.637739002251793,0.0,0.0121232967823106,53.15234375,6.0,4.40058674489932,93.0701754385965,0.0,0.1619755607304848,86.46875,7.0,2.2002266924475853,4.2,0.0,0.0027925498036229,52.69140625,7.0,2.40040006934578,4.861290333565674,0.0,0.004747000652659,136.86328125,3.0,0.0045779550227708,46.68359375,2.0
2026-05-30T07:31:17Z,3.000200013334222,166.74999999999997,0.0,0.0256286665644357,63.35546875,6.0,5.666671139852346,4.830621970494811,0.0,0.0081809635722679,90.50390625,0.0,0.1333511134817975,46.25,0.0,0.0031953445102034,55.84375,7.0,17.067831192302183,4.565296685207593,0.0,0.0111439170859521,82.25,7.0,0.2000222248892247,4.800000000000001,0.0,0.0052269020241734,81.30859375,10.0,0.2000133360002963,4.799999999999999,0.0,0.0029109358899692,70.03515625,7.0,32.00116898993574,3.716679071160743,0.0,0.012181932120116,53.15234375,6.0,4.267106716746845,93.36065997818434,0.0,0.1752743409341364,84.98828125,7.0,1.933480012149274,4.211752555756007,0.0,0.0048180168793581,57.4765625,7.0,3.1334400071115853,4.828788193824202,0.0,0.005862110711466,136.6953125,3.0,0.0045779550227708,46.68359375,2.0
2026-05-30T07:31:22Z,3.000200013334222,166.74999999999997,0.0,0.0256286665644357,63.35546875,6.0,5.399968912888751,4.830917874396135,0.0,0.0077713792533558,91.57421875,0.0,0.0,46.875,0.0,0.0031953445102034,55.84375,7.0,15.133871146965353,4.561112737816497,0.0,0.0111439170859521,82.25,7.0,0.0666711114074271,4.8,0.0,0.0050400070719583,81.30859375,10.0,0.0666622225184987,4.8,0.0,0.0029109358899692,70.03515625,7.0,31.734466762972147,3.71100693921652,0.0,0.012181932120116,53.15234375,6.0,4.267106716746845,93.36065997818434,0.0,0.1673484201111638,84.98828125,7.0,1.6667777851856789,4.235278860659873,0.0,0.0048180168793581,57.4765625,7.0,3.1334400071115853,4.828788193824202,0.0,0.0054340559716216,136.6953125,3.0,0.0045779550227708,46.68359375,2.0
2026-05-30T07:31:27Z,2.1333333333333333,176.36363636363632,0.0,0.0250317109272948,64.04296875,6.0,4.333746710819971,4.832038747807835,0.0,0.0080253269409372,91.57421875,0.0,0.0,46.875,0.0,0.0032097327555072,55.84375,7.0,15.133871146965353,4.561112737816497,0.0,0.0094282108092822,82.32421875,7.0,0.0666666666666666,4.8,0.0,0.0049953586745789,81.30859375,10.0,0.0666622225184987,4.8,0.0,0.0025596719495612,70.03515625,7.0,24.334857879414184,3.750504648752876,0.0,0.012181932120116,53.15234375,6.0,3.4001288974820545,93.135593220339,0.0,0.2053753839021861,84.98828125,7.0,1.200044447407605,4.175000000000001,0.0,0.0049280094815778,57.4765625,7.0,3.1334400071115853,4.828788193824202,0.0,0.0054340559716216,136.6953125,3.0,0.003830217451975,46.68359375,2.0
2026-05-30T07:31:32Z,2.1333333333333333,176.36363636363632,0.0,0.0245267474864099,64.04296875,6.0,3.6004800640085346,4.832353030892746,0.0,0.0080253269409372,91.57421875,0.0,0.0666755567408987,47.91667592654325,0.0,0.0032097327555072,55.84375,7.0,13.400844557052052,4.597013060146455,0.0,0.0111850017509675,82.32421875,7.0,0.0666666666666666,4.8,0.0,0.0049953586745789,81.30859375,10.0,0.0666755567408987,8.750022223209918,0.0,0.0037605836974479,73.3671875,7.0,20.401822418393404,3.731219905825274,0.0,0.0098678534220972,53.1484375,6.0,2.733502244743744,92.59257430122994,0.0,0.2053753839021861,84.98828125,7.0,0.7333600035560297,4.223550081900027,0.0,0.0049280094815778,57.4765625,7.0,2.733604474373946,4.800000000000001,0.0,0.0054340559716216,136.6953125,3.0,0.0047978202328194,46.93359375,2.0
2026-05-30T07:31:37Z,2.1333333333333333,176.36363636363632,0.0,0.0245267474864099,64.04296875,6.0,3.733831177490332,4.832038899263894,0.0,0.0080569054561393,89.734375,0.0,0.1333511134817975,48.125,0.0,0.0033640566594531,55.67578125,7.0,13.001733564475265,4.620872354773537,0.0,0.0112534785238992,86.93359375,7.0,0.1333422234075654,4.800000000000001,0.0,0.0050751549361353,81.30859375,10.0,0.1333511134817975,9.25,0.0,0.0037605836974479,73.3671875,7.0,20.601849088616103,3.728045406549021,0.0,0.0110011840857736,53.1484375,6.0,2.733502244743744,92.59257430122994,0.0,0.1772864282819784,80.68359375,7.0,0.8667111170378273,4.284231604506735,0.0,0.0041565613427014,57.48046875,7.0,2.733604474373946,4.800000000000001,0.0,0.005535287006545,136.6953125,3.0,0.0047978202328194,46.93359375,2.0
2026-05-30T07:31:42Z,1.9335911454860648,121.24999999999984,0.0,0.0229693945085384,63.3125,6.0,3.866915588745166,4.830000295576003,0.0,0.0065420053115417,89.734375,0.0,0.1333511134817975,48.125,0.0,0.0033640566594531,55.67578125,7.0,13.001733564475265,4.620872354773537,0.0,0.0112534785238992,86.93359375,7.0,0.0666755567408987,4.8,0.0,0.0052946951292368,81.29296875,10.0,0.1333511134817975,9.25,0.0,0.0041822130699183,73.3671875,7.0,21.001244603872674,3.714163282601079,0.0,0.0135999679641168,53.1484375,6.0,2.7336000290404745,90.87212217062437,0.0,0.1642279065836623,80.68359375,7.0,0.6667555674089879,4.336853198656486,0.0,0.004922146547675,57.48046875,7.0,2.733604474373946,4.800000000000001,0.0,0.0040985571366045,136.6953125,3.0,0.0046592145753932,46.703125,2.0
2026-05-30T07:31:47Z,1.9335911454860648,121.24999999999984,0.0,0.023342674624636,63.3125,6.0,4.466528901629255,4.830150784181599,0.0,0.0069748095087696,89.734375,0.0,0.0666755567408987,48.33332716012801,0.0,0.002935750656763,55.67578125,7.0,13.800413483569248,4.609637345138608,0.0,0.0115597713224729,86.93359375,7.0,0.0666755567408987,4.8,0.0,0.0052946951292368,81.29296875,10.0,0.0666755567408987,9.374995833101838,0.0,0.0041291786774505,71.7265625,7.0,23.932702282664216,3.600020364336661,0.0,0.0124722783437161,53.15234375,6.0,3.1999822364443657,88.12501475774383,0.0,0.1642279065836623,80.68359375,7.0,0.9333644548157828,4.185714195209327,0.0,0.004922146547675,57.48046875,7.0,2.999897784592138,4.829007958366039,0.0,0.0067202656581501,137.59765625,3.0,0.0046592145753932,46.703125,2.0
2026-05-30T07:31:52Z,1.9335911454860648,121.24999999999984,0.0,0.023342674624636,63.3125,6.0,4.333177788147458,4.830769316680474,0.0,0.0063103879594483,89.734375,0.0,0.0,48.75,0.0,0.0027345020860549,55.6796875,7.0,14.13239117392174,4.596765356365724,0.0,0.0094697325568939,86.93359375,7.0,0.0,4.8,0.0,0.0040380461415731,81.29296875,10.0,0.0,9.625,0.0,0.0041291786774505,71.7265625,7.0,23.73267561244152,3.596362051079216,0.0,0.0124722783437161,53.15234375,6.0,3.1999822364443657,88.12501475774383,0.0,0.1191555817108201,81.79296875,7.0,0.8000133413339854,4.036348832882892,0.0,0.0041924930124994,57.48046875,7.0,2.999897784592138,4.829007958366039,0.0,0.0076610405083405,137.59765625,3.0,0.0045987087833159,46.703125,2.0
2026-05-30T07:31:57Z,2.7335155677045133,89.8333333333333,0.0,0.0132987999999954,63.3125,6.0,4.800008910222262,4.81058169192156,0.0,0.0075326058473402,90.99609375,0.0,0.0,48.75,0.0,0.0027345020860549,55.6796875,7.0,14.13239117392174,4.596765356365724,0.0,0.0080520423670685,86.93359375,7.0,0.0666755567408987,4.799999999999999,0.0,0.0045248146512107,81.30078125,10.0,0.0,9.625,0.0,0.0041291786774505,71.7265625,7.0,26.46857836158481,3.448916428739221,0.0,0.0115781525022279,53.5,6.0,3.533217785480968,84.02177410316064,0.0,0.1191555817108201,81.79296875,7.0,1.0666755602963358,4.236354085743645,0.0,0.0036145573133496,57.78515625,7.0,2.999897784592138,4.829007958366039,0.0,0.0076610405083405,137.59765625,3.0,0.0045857878808896,46.703125,2.0
2026-05-30T07:32:02Z,2.7335155677045133,89.8333333333333,0.0,0.0222485136204381,62.95703125,6.0,4.667124494524464,4.790270265595218,0.0,0.0069934168310478,90.99609375,0.0,0.1333511134817975,48.75,0.0,0.0027345020860549,55.6796875,7.0,14.800573503127527,4.578623828998355,0.0,0.0114115407325972,85.89453125,7.0,0.0666755567408987,4.799999999999999,0.0,0.0054056144847062,81.30078125,10.0,0.1333422228148543,22.75003333407409,0.0,0.0041495968885461,72.03125,7.0,27.470978530506297,3.1287768689415296,0.0,0.0115781525022279,53.5,6.0,3.666915588745166,77.18742968417953,0.0,0.0702068695597746,81.79296875,7.0,1.1334444565940347,4.133326748759837,0.0,0.0036145573133496,57.78515625,7.0,2.867048939858648,4.8296875,0.0,0.0076610405083405,137.59765625,3.0,0.0045857878808896,46.703125,2.0
2026-05-30T07:32:07Z,2.7335155677045133,89.8333333333333,0.0,0.0222485136204381,62.95703125,6.0,4.93382672148806,4.790476190476189,0.0,0.0075709193931639,91.18359375,0.0,0.2667022269635951,48.75,0.0,0.0030267917141447,55.6796875,7.0,17.53567142285638,4.563194444444443,0.0,0.0114115407325972,85.89453125,7.0,0.2000266702226963,4.8,0.0,0.0053009244258069,81.296875,10.0,0.2666933362966519,23.125,0.0,0.0041495968885461,72.03125,7.0,28.004382984433487,3.115217162588179,0.0,0.0115781525022279,53.5,6.0,3.666915588745166,77.18742968417953,0.0,0.0575397951194523,81.79296875,7.0,1.40014668355763,4.218181818181817,0.0,0.0036145573133496,57.78515625,7.0,2.867048939858648,4.8296875,0.0,0.0076881311868795,136.40234375,3.0,0.0048595650119861,46.5546875,2.0
2026-05-30T07:32:12Z,2.666844456297086,60.35714285714288,0.0,0.0219139726980248,62.94140625,6.0,4.866995599413255,4.786528810749758,0.0,0.0079273606084207,91.18359375,0.0,0.2667022269635951,48.75,0.0,0.0033955012432303,55.58984375,7.0,17.53567142285638,4.563194444444443,0.0,0.0117497290806307,85.89453125,7.0,0.2000177801484642,4.8,0.0,0.0053009244258069,81.296875,10.0,0.2666933362966519,23.125,0.0,0.0032798215480981,72.94140625,7.0,29.53432477306776,2.8792999877872254,0.0,0.0110689525630961,53.5,6.0,3.800506734231231,52.18750000000002,0.0,0.0477854485968578,80.59765625,7.0,1.4668622482997733,4.109071512996392,0.0,0.0035366374367027,58.10546875,7.0,2.867048939858648,4.8296875,0.0,0.0076881311868795,136.40234375,3.0,0.0040922149473511,46.5546875,2.0
2026-05-30T07:32:17Z,2.666844456297086,60.35714285714288,0.0,0.0217070130551715,62.94140625,6.0,5.000035560296928,4.786802048323292,0.0,0.0079273606084207,91.18359375,0.0,0.1333511134817975,48.75,0.0,0.0032620554858666,55.58984375,7.0,16.734631284171222,4.533087594203792,0.0,0.0114169659245053,85.93359375,7.0,0.2000177801484642,4.8,0.0,0.0054295401878273,81.296875,10.0,0.1333511134817975,23.12499583310184,0.0,0.0039765856262429,72.94140625,7.0,29.532680109334816,2.5960453915406294,0.0,0.0114129017233377,53.15234375,6.0,3.800257812152732,4.976160695954713,0.0,0.0104253862875183,80.59765625,7.0,1.4001244610392496,3.8666357166054,0.0,0.0035233084770581,58.10546875,7.0,3.2666666666666666,4.858914068977659,0.0,0.0054424026761463,136.40234375,3.0,0.0048521890586644,46.5546875,2.0
2026-05-30T07:32:22Z,2.666844456297086,60.35714285714288,0.0,0.0217070130551715,62.94140625,6.0,4.733333333333333,4.786666666666666,0.0,0.0065835987943262,91.18359375,0.0,0.0,48.75,0.0,0.0032620554858666,55.58984375,7.0,15.8,4.515129151291513,0.0,0.0114169659245053,85.93359375,7.0,0.0666666666666666,4.800000000000001,0.0,0.0054298687069387,81.5546875,10.0,0.0,23.5,0.0,0.0038589770942025,73.59765625,7.0,28.999275655407622,2.601986854403804,0.0,0.0114129017233377,53.15234375,6.0,3.800257812152732,4.976160695954713,0.0,0.0104253862875183,80.59765625,7.0,1.1334222340756546,3.599939040845808,0.0,0.0036076087540034,58.4140625,7.0,3.2666666666666666,4.858914068977659,0.0,0.0060865273582083,136.40234375,3.0,0.0040371426015352,46.5546875,2.0
2026-05-30T07:32:27Z,2.4000000000000004,47.61363636363636,0.0,0.0231929103764603,62.94140625,6.0,4.800328932746589,4.788177073281114,0.0,0.0074018658940057,90.15234375,0.0,0.0,48.75,0.0,0.0033101305034279,55.59375,7.0,15.8,4.515129151291513,0.0,0.0113939113204127,85.93359375,7.0,0.0666800026672001,4.8,0.0,0.0046015484321629,81.5546875,10.0,0.0,23.5,0.0,0.0038589770942025,73.59765625,7.0,29.668746944036982,2.347852738932915,0.0,0.0113612518120591,53.15625,6.0,3.6,4.8703700711175575,0.0,0.0085334393109909,80.59765625,7.0,1.1332888918516544,3.428552380105781,0.0,0.003796988497118,58.4140625,7.0,3.2666666666666666,4.858914068977659,0.0,0.0060974774778033,136.40234375,3.0,0.0049716847402363,46.59375,2.0
2026-05-30T07:32:32Z,2.4000000000000004,47.61363636363636,0.0,0.0238247037429293,63.08203125,6.0,4.733964528603814,4.788349632711768,0.0,0.0074018658940057,90.15234375,0.0,0.0666755567408987,48.437489582754594,0.0,0.0033101305034279,55.59375,7.0,17.00109347913055,4.537815269115134,0.0,0.0126674054875317,87.25390625,7.0,0.0666800026672001,4.8,0.0,0.0052876842105254,81.5546875,10.0,0.0666755567408987,23.124987499305515,0.0,0.0037894169063955,73.59765625,7.0,28.53690714317465,2.353034099007408,0.0,0.0117731210161366,53.15625,6.0,3.466897808596702,4.9158552975526,0.0,0.0103599747216526,81.296875,7.0,1.200026679112178,3.5750162513727712,0.0,0.003796988497118,58.4140625,7.0,3.067075610081344,4.856716417910448,0.0,0.006158622979854,137.30078125,3.0,0.0051619733220413,46.59375,2.0
2026-05-30T07:32:37Z,2.4000000000000004,47.61363636363636,0.0,0.0238247037429293,63.08203125,6.0,4.867324533938215,4.788461679005192,0.0,0.0075979183004206,91.40234375,0.0,0.1333555594080989,48.125,0.0,0.0037822638572968,55.59375,7.0,15.002022496333732,4.538194426759874,0.0,0.0105857776792818,87.25390625,7.0,0.1333600053344002,4.8,0.0,0.0054080420213733,80.97265625,10.0,0.1333555594080989,22.749999999999996,0.0,0.0035692373853218,70.921875,7.0,28.803627153843447,2.344869089870058,0.0,0.0117731210161366,53.15625,6.0,3.466897808596702,4.9158552975526,0.0,0.0105678835843732,81.296875,7.0,1.333386684446578,3.525038196253948,0.0,0.0026477219551352,58.96875,7.0,3.067075610081344,4.856716417910448,0.0,0.006158622979854,137.30078125,3.0,0.0051619733220413,46.59375,2.0
2026-05-30T07:32:42Z,2.400320042672356,45.09615384615384,0.0,0.0231880738257031,63.08203125,6.0,4.467133388155202,4.790244023011691,0.0,0.0075979183004206,91.40234375,0.0,0.1333555594080989,48.125,0.0,0.0037822638572968,55.59375,7.0,15.002022496333732,4.538194426759874,0.0,0.0132160462092108,87.25390625,7.0,0.0666800026672001,4.8,0.0,0.0053919481033963,80.97265625,10.0,0.1333555594080989,22.749999999999996,0.0,0.0035692373853218,70.921875,7.0,24.602529178406265,2.430659963363325,0.0,0.0114173908463707,53.19140625,6.0,3.33377783704494,4.921019108280255,0.0,0.0105836975939782,80.765625,7.0,1.0668177997069832,3.5250215293095257,0.0,0.0033153968293978,58.96875,7.0,3.067075610081344,4.856716417910448,0.0,0.006158622979854,137.30078125,3.0,0.0052051538445514,46.59375,2.0
2026-05-30T07:32:47Z,2.400320042672356,45.09615384615384,0.0,0.022675463809767,63.16015625,6.0,4.533653358224593,4.790243915131277,0.0,0.0075979183004206,91.40234375,0.0,0.1333511140746272,46.87505555925951,0.0,0.0035663276878873,55.61328125,7.0,13.66805349216818,4.542953305115843,0.0,0.0127972543074915,87.46484375,7.0,0.0666800026672001,4.8,0.0,0.0053919481033963,80.97265625,10.0,0.0666800026672001,21.250066671111405,0.0,0.0033420183554464,69.921875,7.0,25.86853347912415,2.556470849398909,0.0,0.011225957779517,53.19140625,6.0,3.5336755925969587,4.898063964253566,0.0,0.0105836975939782,80.765625,7.0,1.1334533484466374,3.100019261114034,0.0,0.0033153968293978,58.96875,7.0,2.933431117630064,4.855882343809567,0.0,0.0049338481541354,137.30078125,3.0,0.0052051538445514,46.59375,2.0
2026-05-30T07:32:52Z,2.400320042672356,45.09615384615384,0.0,0.022675463809767,63.16015625,6.0,4.533626686223526,4.790147783251231,0.0,0.0062213654523419,91.40234375,0.0,0.1333377780740938,24.25,0.0,0.0032938723404253,55.61328125,7.0,15.66769340178234,4.607482993197278,0.0,0.0127972543074915,87.46484375,7.0,0.0666666666666666,4.800000000000001,0.0,0.0045885777912575,80.97265625,10.0,0.0666666666666666,4.800000000000001,0.0,0.0038162784034559,69.921875,7.0,25.80181346845535,2.5663728456066464,0.0,0.011225957779517,53.19140625,6.0,3.5336755925969587,4.898063964253566,0.0,0.0102594664570715,81.07421875,7.0,1.1334266764455705,2.249999999999995,0.0,0.0034359736035643,59.55859375,7.0,2.933431117630064,4.855882343809567,0.0,0.0049338481541354,137.30078125,3.0,0.0049983596473256,46.59375,2.0
2026-05-30T07:32:57Z,2.9333333333333336,49.24999999999999,0.0,0.022675463809767,63.16015625,6.0,5.333680023112652,4.790446251298945,0.0,0.0068532793082724,90.2734375,0.0,0.1333377780740938,24.25,0.0,0.0032938723404253,55.61328125,7.0,15.66769340178234,4.607482993197278,0.0,0.0152794146067197,88.265625,7.0,0.1333377780740938,4.8,0.0,0.006011267320723,81.109375,10.0,0.0666666666666666,4.800000000000001,0.0,0.0038162784034559,69.921875,7.0,28.60189345956397,2.7326924754516893,0.0,0.006830124999999,53.19140625,6.0,3.800253350223348,4.900662251655629,0.0,0.0102594664570715,81.07421875,7.0,1.4667066693335111,2.400060001333358,0.0,0.0034866911542711,59.55859375,7.0,2.933431117630064,4.855882343809567,0.0,0.0049338481541354,137.30078125,3.0,0.0050733697370917,46.58984375,2.0
2026-05-30T07:33:02Z,2.9333333333333336,49.24999999999999,0.0,0.0193323379708434,63.16015625,6.0,5.1336666888903695,4.790360822535593,0.0,0.0068532793082724,90.2734375,0.0,0.0666666666666666,24.25,0.0,0.0032938723404253,55.61328125,7.0,16.66776007289375,4.635136377618428,0.0,0.017064732033806,88.265625,7.0,0.1333377780740938,4.8,0.0,0.006011267320723,81.109375,10.0,0.1333422234075654,4.8,0.0,0.0033045443587272,70.078125,7.0,26.135062337489163,3.064509702396279,0.0,0.0116853100766678,53.1875,6.0,3.3335555703713577,4.928379234300806,0.0,0.0102594664570715,81.07421875,7.0,1.2666933351112295,1.4001259289877306,0.0,0.0034866911542711,59.55859375,7.0,2.9336266992631708,4.8271428571428565,0.0,0.0056251335322512,136.58203125,3.0,0.0050733697370917,46.58984375,2.0
2026-05-30T07:33:07Z,2.9333333333333336,49.24999999999999,0.0,0.0239905682035594,62.95703125,6.0,5.000333355557037,4.790275222120019,0.0,0.0069631091991278,90.2734375,0.0,0.0,24.25,0.0,0.0025066642999998,55.61328125,7.0,16.935066862838642,4.615170896710937,0.0,0.017064732033806,88.265625,7.0,0.0666711114074271,4.8,0.0,0.0059416594550109,81.11328125,10.0,0.0666755567408987,4.8,0.0,0.0033045443587272,70.078125,7.0,25.935062337489164,3.064509451482286,0.0,0.0116853100766678,53.1875,6.0,3.3335555703713577,4.928379234300806,0.0,0.010249528379645,81.16015625,7.0,1.1333600017778962,1.4001200026667342,0.0,0.0035548193721398,59.8359375,7.0,2.9336266992631708,4.8271428571428565,0.0,0.006231971777399,136.58203125,3.0,0.0041576409702987,46.58984375,2.0
2026-05-30T07:33:12Z,2.400320042672356,46.988636363636346,0.0,0.0234926101049819,62.95703125,6.0,4.266808898371003,4.788258195772009,0.0,0.0070557964475161,90.48828125,0.0,0.0,24.25,0.0,0.0022157006293177,55.61328125,7.0,16.935066862838642,4.615170896710937,0.0,0.0139219772175801,88.265625,7.0,0.0666666666666666,4.8,0.0,0.0059416594550109,81.11328125,10.0,0.0666755567408987,4.8,0.0,0.0032820116152265,70.078125,7.0,24.93423118637744,3.283858035979455,0.0,0.0116853100766678,53.1875,6.0,3.2003289262267662,4.953019556018274,0.0,0.0086186479334172,81.16015625,7.0,0.8000800088899557,1.6666666666666663,0.0,0.0034584057389833,59.8359375,7.0,2.9336266992631708,4.8271428571428565,0.0,0.0061062224374803,135.67578125,3.0,0.0040070216600891,46.58984375,2.0
2026-05-30T07:33:17Z,2.400320042672356,46.988636363636346,0.0,0.0234926101049819,62.95703125,6.0,4.6000000000000005,4.788050374328627,0.0,0.0070557964475161,90.48828125,0.0,0.2,43.749888879011465,0.0,0.0039046304505522,55.625,7.0,17.60120905009557,4.608214709052893,0.0,0.0151623929635141,88.00390625,7.0,0.0666666666666666,4.8,0.0,0.0059416594550109,81.11328125,10.0,0.0666666666666666,4.8,0.0,0.0027319373518156,70.078125,7.0,27.6668978085967,3.4573507584072773,0.0,0.0118650937866366,53.1875,6.0,3.733564475263369,4.98218901148414,0.0,0.0106185451373052,81.15625,7.0,0.8000533404453927,1.933253326221588,0.0,0.0034584057389833,59.8359375,7.0,3.666542230517965,4.800000000000001,0.0,0.0061062224374803,135.67578125,3.0,0.0048219172410933,46.578125,2.0
2026-05-30T07:33:22Z,2.400320042672356,46.988636363636346,0.0,0.0253168909388973,63.5625,6.0,5.000026668444563,4.788199495291273,0.0,0.0070557964475161,90.48828125,0.0,0.4000133342222814,45.625,0.0,0.0039046304505522,55.625,7.0,16.933382225481697,4.605210097221868,0.0,0.0151623929635141,88.00390625,7.0,0.2666800008889481,4.799999999999999,0.0,0.0059302224998797,81.109375,10.0,0.2666800008889481,4.8,0.0,0.0038416587921996,71.03515625,7.0,28.20026669985612,3.501952057637626,0.0,0.0127338496481365,53.1953125,6.0,3.733564475263369,4.98218901148414,0.0,0.0106185451373052,81.15625,7.0,1.2000800088899557,3.7499744421726375,0.0,0.0037458380658754,59.8359375,7.0,3.666542230517965,4.800000000000001,0.0,0.0061062224374803,135.67578125,3.0,0.0048219172410933,46.578125,2.0
2026-05-30T07:33:27Z,3.0,47.82407407407408,0.0,0.0253168909388973,63.5625,6.0,6.200693468471235,4.789176519101058,0.0,0.0057968889348162,90.48828125,0.0,0.4000133342222814,45.625,0.0,0.004362855057075,55.625,7.0,16.933382225481697,4.605210097221868,0.0,0.0151623929635141,88.00390625,7.0,0.4667155611858766,4.8,0.0,0.0059302224998797,81.109375,10.0,0.2666800008889481,4.8,0.0,0.0038416587921996,71.03515625,7.0,32.803338481026536,3.501164064951426,0.0,0.0135887777272496,53.1953125,6.0,4.266515565628958,4.997402597402598,0.0,0.0106185451373052,81.15625,7.0,2.0666933351112298,3.4250000000000007,0.0,0.0038039908710836,59.9609375,7.0,3.666542230517965,4.800000000000001,0.0,0.0061062224374803,135.67578125,3.0,0.0048610949775299,46.578125,2.0
2026-05-30T07:33:32Z,3.0,47.82407407407408,0.0,0.0267046937979484,63.5625,6.0,7.334506865813103,4.789887368208392,0.0,0.0076210332033824,90.81640625,0.0,0.5333911179267754,43.1249791655092,0.0,0.004362855057075,55.625,7.0,19.06813797069217,4.63202236056251,0.0,0.0170093772319853,87.48046875,7.0,0.4667155611858766,4.8,0.0,0.0059302224998797,81.109375,10.0,0.6000400026668444,4.800000000000001,0.0,0.0040478037074383,72.22265625,7.0,38.67248547840397,3.6051370146158463,0.0,0.0135887777272496,53.1953125,6.0,5.066888948746707,5.1111279844140025,0.0,0.0087185615503506,81.15625,7.0,2.5334755727429137,3.600004000222232,0.0,0.0038039908710836,59.9609375,7.0,3.667271214833268,4.8,0.0,0.0049823613215248,137.90234375,3.0,0.0039404238433482,46.578125,2.0
2026-05-30T07:33:37Z,3.0,47.82407407407408,0.0,0.0267046937979484,63.5625,6.0,7.601235764777527,4.790149251669084,0.0,0.0065498549283038,90.81640625,0.0,0.6667555674089879,43.75001851989036,0.0,0.0050599931780332,55.84765625,7.0,23.536471529537277,4.570808505485491,0.0,0.0170093772319853,87.48046875,7.0,0.600080010668089,4.8,0.0,0.0029273000000017,81.109375,10.0,0.7334044521490569,14.500100006667124,0.0,0.0040120106956554,72.22265625,7.0,38.80587215455353,3.612228707173165,0.0,0.0135887777272496,53.1953125,6.0,5.066888948746707,5.111127984413992,0.0,0.0078340450153106,81.15625,7.0,2.800204471707339,3.885736554441341,0.0,0.0038565713439035,59.98046875,7.0,3.667271214833268,4.8,0.0,0.0055965653084484,137.90234375,3.0,0.0035353325952207,46.578125,2.0
2026-05-30T07:33:42Z,3.800506734231231,47.18749999999999,0.0,0.0283167289854089,63.26171875,6.0,7.733902298084189,4.789019623154828,0.0,0.0081042500968867,90.81640625,0.0,0.6667555674089879,43.75001851989036,0.0,0.0050599931780332,55.84765625,7.0,23.536471529537277,4.570808505485491,0.0,0.0170093772319853,87.48046875,7.0,0.533377783704494,4.8,0.0,0.0054774099704691,80.9765625,10.0,0.7334044521490569,14.500100006667124,0.0,0.0040120106956554,72.22265625,7.0,38.53504490108269,3.5697112417089376,0.0,0.0146989442338882,53.1953125,6.0,4.93399119882651,4.971751412429377,0.0,0.0072392338206274,81.15625,7.0,2.600346712895053,3.814284557736847,0.0,0.0038565713439035,59.98046875,7.0,3.667271214833268,4.8,0.0,0.0062107692953719,137.90234375,3.0,0.0048026764090153,46.55078125,2.0
2026-05-30T07:33:47Z,3.800506734231231,47.18749999999999,0.0,0.0301722759080356,63.26171875,6.0,6.400088900742322,4.78931287919824,0.0,0.0064771868191017,90.81640625,0.0,0.4000444503711606,44.68750694490743,0.0,0.0043769683593017,55.84765625,7.0,21.73504911766013,4.545591795450022,0.0,0.0139406123855453,86.3671875,7.0,0.533377783704494,4.8,0.0,0.0054774099704691,80.9765625,10.0,0.4000488951119211,13.000266678519033,0.0,0.0045735002438619,72.22265625,7.0,30.1992312370386,3.664821597938334,0.0,0.0146989442338882,53.1953125,6.0,3.600284482375428,5.299968109126782,0.0,0.0111524632094027,81.12109375,7.0,2.2668978085967018,4.159991466078774,0.0,0.0038565713439035,59.98046875,7.0,2.8666666666666667,4.8,0.0,0.0059188995607858,137.90234375,3.0,0.0048026764090153,46.55078125,2.0
2026-05-30T07:33:52Z,3.800506734231231,47.18749999999999,0.0,0.0301722759080356,63.26171875,6.0,5.866666666666667,4.789393828684874,0.0,0.0058018326443611,90.81640625,0.0,0.1333333333333333,44.375,0.0,0.0048874912915116,55.84765625,7.0,18.666666666666668,4.540513129803234,0.0,0.0139406123855453,86.3671875,7.0,0.2666666666666666,4.8,0.0,0.0054774099704691,80.9765625,10.0,0.1333377780740938,12.250133339259524,0.0,0.0035685307340263,72.22265625,7.0,29.59914233629628,3.670052328803822,0.0,0.0145457642610824,53.1953125,6.0,3.600284482375428,5.299968109126782,0.0,0.0114028582826807,81.12109375,7.0,1.7334755745210473,4.218170302022358,0.0,0.0040888192267513,60.00390625,7.0,2.8666666666666667,4.8,0.0,0.0071211164949717,137.02734375,3.0,0.0048026764090153,46.55078125,2.0
2026-05-30T07:33:57Z,3.2,46.0648148148148,0.0,0.0299608365838811,63.3359375,6.0,5.66710228030404,4.790680700720784,0.0,0.0057003174961905,90.81640625,0.0,0.1333333333333333,44.375,0.0,0.0047517942961302,55.84765625,7.0,18.666666666666668,4.540513129803234,0.0,0.0154457850352119,86.3671875,7.0,0.266706674668267,4.8,0.0,0.0056066383419235,80.9765625,10.0,0.1333377780740938,12.250133339259524,0.0,0.0031874057137044,72.22265625,7.0,30.202364759745745,3.5727358848773614,0.0,0.0145457642610824,53.1953125,6.0,3.6,4.990001759318989,0.0,0.0114028582826807,81.12109375,7.0,1.7334044491855012,4.154541514932647,0.0,0.0040888192267513,60.00390625,7.0,2.8666666666666667,4.8,0.0,0.0071211164949717,137.02734375,3.0,0.0049476468379937,46.55078125,2.0
2026-05-30T07:34:02Z,3.2,46.0648148148148,0.0,0.0299608365838811,63.3359375,6.0,5.934106769791528,4.790844952213627,0.0,0.0085850245611288,91.7734375,0.0,0.2000177801484642,42.49997221995866,0.0,0.0048877368033832,55.7890625,7.0,17.934417922389652,4.531270540226123,0.0,0.0140309859154919,84.19140625,7.0,0.266706674668267,4.8,0.0,0.0056066383419235,80.9765625,10.0,0.266693336889363,11.499849986665485,0.0,0.0036897276732072,72.5546875,7.0,33.67086278170423,3.519027944251562,0.0,0.0121212132526398,53.1953125,6.0,4.266951149042095,4.963445063635002,0.0,0.0112839457863411,81.109375,7.0,1.7334755697793582,4.127276363919213,0.0,0.0040888192267513,60.00390625,7.0,3.267102280304041,4.797315405809501,0.0,0.0074846399670131,137.02734375,3.0,0.0049403052993002,46.765625,2.0
2026-05-30T07:34:07Z,3.2,46.0648148148148,0.0,0.0307732612343807,63.3359375,6.0,6.0674756634217895,4.790780036484353,0.0,0.0085850245611288,91.7734375,0.0,0.2667022269635951,39.375000000000014,0.0,0.0048877368033832,55.7890625,7.0,16.135484731297506,4.51311475409836,0.0,0.0140309859154919,84.19140625,7.0,0.3333911214833979,4.8,0.0,0.0058072655578166,80.94921875,10.0,0.3333777837044939,12.250000000000018,0.0,0.0036897276732072,72.5546875,7.0,33.870898342001155,3.486809430746104,0.0,0.0119269906197456,53.1953125,6.0,4.266951149042095,4.963445063635002,0.0,0.0111916589002755,81.109375,7.0,1.86684446340962,3.894130196915088,0.0,0.0033617063483573,60.0,7.0,3.267102280304041,4.797315405809501,0.0,0.0068981574419271,135.91015625,3.0,0.0049403052993002,46.765625,2.0
2026-05-30T07:34:12Z,2.400320042672356,46.63043478260869,0.0,0.0277170101060379,63.42578125,6.0,5.133706716451083,4.7904061322237785,0.0,0.0079780627819034,91.11328125,0.0,0.2667022269635951,39.375000000000014,0.0,0.0048877368033832,55.7890625,7.0,16.135484731297506,4.51311475409836,0.0,0.0140309859154919,84.19140625,7.0,0.2666844468151309,4.8,0.0,0.0058072655578166,80.94921875,10.0,0.3333777837044939,12.250000000000018,0.0,0.0036897276732072,72.5546875,7.0,28.86890699027035,3.514621304352872,0.0,0.013643079644654,53.2421875,6.0,4.0006578903903645,4.985868395309531,0.0,0.0111916589002755,81.109375,7.0,1.466817794965057,3.964705882352941,0.0,0.0041451231000326,60.0,7.0,3.267102280304041,4.797315405809501,0.0,0.0062058409570728,135.91015625,3.0,0.0049403052993002,46.765625,2.0
2026-05-30T07:34:17Z,2.400320042672356,46.63043478260869,0.0,0.0277170101060379,63.42578125,6.0,4.933524459556879,4.78984387872394,0.0,0.0079780627819034,91.11328125,0.0,0.333364447704079,41.249986110030775,0.0,0.0037725916347535,55.72265625,7.0,15.468231286539696,4.485887035227073,0.0,0.0125541389943092,84.19140625,7.0,0.2666844468151309,4.8,0.0,0.0058072655578166,80.94921875,10.0,0.2666844468151309,13.00013334222279,0.0,0.0035475901408717,73.3203125,7.0,26.867857909352377,3.4057286573623577,0.0,0.013643079644654,53.2421875,6.0,3.733831194089563,4.95113473327082,0.0,0.0070309826839009,81.08203125,7.0,1.466782232297284,4.023521906350577,0.0,0.0041451231000326,60.0,7.0,3.000097784296731,4.849645433442485,0.0,0.0062058409570728,135.91015625,3.0,0.0036773291638192,46.765625,2.0
2026-05-30T07:34:22Z,2.400320042672356,46.63043478260869,0.0,0.0253862844983118,63.42578125,6.0,5.066822232593284,4.789682643408913,0.0,0.0079780627819034,91.11328125,0.0,0.4000133342222814,35.00016667407442,0.0,0.0037725916347535,55.72265625,7.0,15.266675621333372,4.500650137203087,0.0,0.0099612908206845,84.19140625,7.0,0.3333333333333333,4.8,0.0,0.0036358250000006,80.94921875,10.0,0.3333333333333333,6.500033334814882,0.0,0.0031795159832964,73.3203125,7.0,26.867822349055448,3.412546174576011,0.0,0.0128589728794001,53.2421875,6.0,3.733831194089563,4.95113473327082,0.0,0.0079194397499889,81.08203125,7.0,1.6000800053336888,3.946651534487119,0.0,0.0033650915322223,60.0,7.0,3.000097784296731,4.849645433442485,0.0,0.0059487612952578,136.05078125,3.0,0.004932734938119,46.515625,2.0
2026-05-30T07:34:27Z,2.3334888992599505,47.67045454545453,0.0,0.0253862844983118,63.42578125,6.0,4.933635575705047,4.792340416839803,0.0,0.0079792217991839,91.67578125,0.0,0.4000133342222814,35.00016667407442,0.0,0.0038825476409643,55.79296875,7.0,15.266675621333372,4.500650137203087,0.0,0.0089151125711588,84.19140625,7.0,0.2666711114074271,4.8,0.0,0.0056465813953483,80.953125,10.0,0.3333333333333333,6.500033334814882,0.0,0.0030959514090972,73.33203125,7.0,26.135778051588588,3.46161270780092,0.0,0.0128589728794001,53.2421875,6.0,3.533457786074627,5.194444444444446,0.0,0.008807896816077,81.08203125,7.0,1.600035557926084,4.026675121413524,0.0,0.0030920487598821,60.0,7.0,3.000097784296731,4.849645433442485,0.0,0.0059487612952578,136.05078125,3.0,0.004932734938119,46.515625,2.0
2026-05-30T07:34:32Z,2.3334888992599505,47.67045454545453,0.0,0.0252285342231617,63.484375,6.0,4.533608907260485,4.7920354710689566,0.0,0.0048214361847233,91.67578125,0.0,0.2666711114074271,35.000333348148814,0.0,0.0038825476409643,55.79296875,7.0,14.733306730073956,4.51334123884425,0.0,0.0111489168238959,85.1640625,7.0,0.2666711114074271,4.8,0.0,0.0056465813953483,80.953125,10.0,0.3333511134817976,4.8,0.0,0.0018261998903557,73.33203125,7.0,24.9356980462549,3.319990427984982,0.0,0.0126675333711758,53.19921875,6.0,3.266773340444918,5.700009000680057,0.0,0.0108171354392055,81.0859375,7.0,1.4666933351112297,3.6000177788840206,0.0,0.0039530632503601,60.01953125,7.0,2.9336311445966423,4.851094890510949,0.0,0.0054064507449637,136.05078125,3.0,0.004932734938119,46.515625,2.0
2026-05-30T07:34:37Z,2.3334888992599505,47.67045454545453,0.0,0.0252285342231617,63.484375,6.0,4.266951130075339,4.792035480466951,0.0,0.0054257056919546,91.67578125,0.0,0.1333422228148543,42.50000000000001,0.0,0.0029160536236034,55.78515625,7.0,15.668831479476772,4.531787930928667,0.0,0.0111489168238959,85.1640625,7.0,0.1333422228148543,4.800000000000001,0.0,0.0056465813953483,80.953125,10.0,0.2000222248892247,4.800000000000001,0.0,0.002199647162438,73.59375,7.0,24.93571582521794,3.316119983608826,0.0,0.0126675333711758,53.19921875,6.0,3.266773340444918,5.700009000680057,0.0,0.0108171354392055,81.0859375,7.0,1.200035557926084,3.600024890058328,0.0,0.0038052786066026,60.01953125,7.0,2.9336311445966423,4.851094890510949,0.0,0.0054691003467559,138.32421875,3.0,0.004932734938119,46.515625,2.0
2026-05-30T07:34:42Z,2.866857790519368,49.473684210526336,0.0,0.0233718185279638,63.484375,6.0,5.266804453630242,4.790826005122918,0.0,0.00488425,91.67578125,0.0,0.1333422228148543,42.50000000000001,0.0,0.0032325446775344,55.78515625,7.0,15.668831479476772,4.531787930928667,0.0,0.0111489168238959,85.1640625,7.0,0.1333377780740938,4.8,0.0,0.0047204277103159,80.953125,10.0,0.2000222248892247,4.800000000000001,0.0,0.0024582375204595,73.59375,7.0,29.06738671466987,3.3200230943939504,0.0,0.0123134170217637,53.19921875,6.0,3.266773340444918,5.900006333811889,0.0,0.0108171354392055,81.0859375,7.0,1.266800015409304,3.700007556126461,0.0,0.0038052786066026,60.01953125,7.0,2.9336311445966423,4.851094890510949,0.0,0.0054691003467559,138.32421875,3.0,0.0037341487358929,46.515625,2.0
2026-05-30T07:34:47Z,2.866857790519368,49.473684210526336,0.0,0.023374480547754,63.35546875,6.0,5.933168901036306,4.790909112949074,0.0,0.0075149881191738,93.05078125,0.0,0.0666711114074271,43.74997222098759,0.0,0.0037978926471712,55.78515625,7.0,17.93442260065718,4.513524685055219,0.0,0.0110738990875284,85.1640625,7.0,0.1333377780740938,4.8,0.0,0.0056359599111809,81.1171875,10.0,0.0666711114074271,4.8,0.0,0.0023453111111115,73.59375,7.0,30.79920005570015,3.17059164799564,0.0,0.0123134170217637,53.19921875,6.0,3.4665466746661338,5.555548284981263,0.0,0.0105573152648551,80.65234375,7.0,1.5333955721497288,3.4666544850252228,0.0,0.0038209993674888,60.02734375,7.0,3.0664622358509432,4.854814814814815,0.0,0.0054691003467559,138.32421875,3.0,0.0048723728369789,46.51171875,2.0
2026-05-30T07:34:52Z,2.866857790519368,49.473684210526336,0.0,0.023374480547754,63.35546875,6.0,5.799826678221453,4.790740740740741,0.0,0.0075149881191738,93.05078125,0.0,0.0,44.99999999999999,0.0,0.0032484325284417,55.78515625,7.0,19.932004533031133,4.496271186440677,0.0,0.0110738990875284,85.1640625,7.0,0.0666666666666666,4.8,0.0,0.0056359599111809,81.1171875,10.0,0.0,4.800000000000001,0.0,0.0031200437680297,73.9609375,7.0,30.53251561007044,3.176472903228952,0.0,0.0135112519172272,53.25390625,6.0,3.4665466746661338,5.555548284981263,0.0,0.0105573152648551,80.65234375,7.0,1.4000533493348744,3.555524936230316,0.0,0.0037468328772687,60.02734375,7.0,3.0664622358509432,4.854814814814815,0.0,0.0060308134467262,139.38671875,3.0,0.0048723728369789,46.51171875,2.0
2026-05-30T07:34:57Z,2.533333333333333,49.14473684210526,0.0,0.0260963644424779,63.4375,6.0,4.866946768906256,4.791780534167557,0.0,0.0076507794081424,91.16796875,0.0,0.0,44.99999999999999,0.0,0.0042521573258243,55.97265625,7.0,19.932004533031133,4.496271186440677,0.0,0.0110738990875284,85.1640625,7.0,0.1333600053344002,4.8,0.0,0.0056076575740704,80.875,10.0,0.0,4.800000000000001,0.0,0.0031200437680297,73.9609375,7.0,27.73531615062169,3.211280978976072,0.0,0.0135112519172272,53.25390625,6.0,4.000026684444563,5.0,0.0,0.0105573152648551,80.65234375,7.0,1.4665688954069729,3.511111111111108,0.0,0.0040256614358281,60.15625,7.0,3.0664622358509432,4.854814814814815,0.0,0.0060308134467262,139.38671875,3.0,0.0048723728369789,46.51171875,2.0
2026-05-30T07:35:02Z,2.533333333333333,49.14473684210526,0.0,0.0260963644424779,63.4375,6.0,5.134360205374408,4.791964177288078,0.0,0.0080015930712619,91.16796875,0.0,0.2000400080016003,47.75002444520496,0.0,0.0045111847555923,55.97265625,7.0,18.734218145542314,4.527904684457729,0.0,0.0139455452217328,85.08203125,7.0,0.1333600053344002,4.8,0.0,0.0056076575740704,80.875,10.0,0.1333600053344002,4.8,0.0,0.0031350258310289,73.9609375,7.0,30.93922782600834,3.9890799142852176,0.0,0.0135112519172272,53.25390625,6.0,4.6006267724643,8.705381534104891,0.0,0.0106108030270632,80.65234375,7.0,1.5334266995611865,4.1375131948842725,0.0,0.0040256614358281,60.15625,7.0,3.267320130692805,4.8,0.0,0.0060308134467262,139.38671875,3.0,0.0048254229613454,46.51171875,2.0
2026-05-30T07:35:07Z,2.533333333333333,49.14473684210526,0.0,0.0260963644424779,63.4375,6.0,5.534413545819801,4.791964190043503,0.0,0.0080015930712619,91.16796875,0.0,0.4000666782242967,48.59375,0.0,0.0039068614333056,55.97265625,7.0,16.66995176161071,4.596322762222124,0.0,0.0139455452217328,85.08203125,7.0,0.3333866755570965,4.8,0.0,0.0048844513334286,80.875,10.0,0.3333866755570965,4.8,0.0,0.0035740381732789,73.9765625,7.0,31.47263227993553,4.009101255229769,0.0,0.0161140280364699,53.50390625,6.0,4.6006267724643,8.705381534104884,0.0,0.0139367208856003,80.2109375,7.0,1.9334800400065792,4.310014666992599,0.0,0.0032107780575015,60.15625,7.0,3.267320130692805,4.8,0.0,0.0069274860094688,139.1875,3.0,0.0053290344670172,46.73828125,2.0
2026-05-30T07:35:12Z,3.4004533937858383,70.55555555555559,0.0,0.0328141321913153,63.58984375,6.0,6.867293455134997,4.794331983805668,0.0,0.0080108713831744,91.16796875,0.0,0.4000666782242967,48.59375,0.0,0.0052024896726746,55.95703125,7.0,16.66995176161071,4.596322762222124,0.0,0.0139455452217328,85.08203125,7.0,0.3333600035560297,4.8,0.0,0.0048068830844519,80.875,10.0,0.3333866755570965,4.8,0.0,0.0035740381732789,73.9765625,7.0,39.53560526739833,4.178231548975964,0.0,0.0148248907724711,53.50390625,6.0,4.934320197372808,9.21078312391985,0.0,0.0139367208856003,80.2109375,7.0,2.5337200613434687,4.5,0.0,0.0035728986062464,60.15625,7.0,3.267320130692805,4.8,0.0,0.0069274860094688,139.1875,3.0,0.0053290344670172,46.73828125,2.0
2026-05-30T07:35:17Z,3.4004533937858383,70.55555555555559,0.0,0.0390072994550758,63.58984375,6.0,6.800053340445393,4.824409038011096,0.0,0.009748476992871,90.96875,0.0,0.266693336889363,48.75,0.0,0.0054318234503216,55.95703125,7.0,17.201684774880032,4.631127864761872,0.0,0.0155972324451668,83.84765625,7.0,0.3333600035560297,4.8,0.0,0.0064920934043431,80.85546875,10.0,0.3333600035560297,4.800000000000001,0.0,0.0032625293510445,73.9765625,7.0,40.06584464860791,4.387656570374986,0.0,0.0185423161149083,53.50390625,6.0,4.933840101353605,9.493144552417837,0.0,0.0152977613437629,80.2109375,7.0,2.8002400320042677,4.590475021350404,0.0,0.0052499733912337,58.109375,7.0,2.9332355620736394,4.8,0.0,0.0069274860094688,139.1875,3.0,0.0053290344670172,46.73828125,2.0
2026-05-30T07:35:22Z,3.4004533937858383,70.55555555555559,0.0,0.0390072994550758,63.58984375,6.0,6.666666666666667,4.824409055096236,0.0,0.009748476992871,90.96875,0.0,0.2,48.75,0.0,0.0050528489144879,56.20703125,7.0,16.466168922071862,4.680639296275878,0.0,0.0155972324451668,83.84765625,7.0,0.2666666666666666,4.799999999999999,0.0,0.0064920934043431,80.85546875,10.0,0.2666666666666666,4.8,0.0,0.0037049026048979,72.31640625,7.0,39.865773528014046,4.389735149445165,0.0,0.0150214393232891,53.50390625,6.0,4.933840101353605,9.493144552417837,0.0,0.0147322844126873,81.04296875,7.0,2.6668533582255414,4.59047413441869,0.0,0.0052499733912337,58.109375,7.0,2.9332355620736394,4.8,0.0,0.0063538293631071,139.1875,3.0,0.0059558846134169,46.73828125,2.0
2026-05-30T07:35:27Z,2.2666666666666666,74.16666666666667,0.0,0.0306420757333252,63.58984375,6.0,5.400155565926617,4.828570728096286,0.0,0.0107826573901239,90.96875,0.0,0.2,48.75,0.0,0.0054556756756757,56.20703125,7.0,16.466168922071862,4.680639296275878,0.0,0.0155972324451668,83.84765625,7.0,0.2666755561481876,4.8,0.0,0.0070714333266764,80.85546875,10.0,0.2666666666666666,4.8,0.0,0.0037778377042183,72.31640625,7.0,33.268711383740055,4.419515567037209,0.0,0.0134762463137134,53.50390625,6.0,4.0,9.518745072569008,0.0,0.0147322844126873,81.04296875,7.0,2.266733337778074,4.585714285714285,0.0,0.0052499733912337,58.109375,7.0,2.9332355620736394,4.8,0.0,0.0070715101807661,136.3046875,3.0,0.0057934210526332,46.4765625,2.0
2026-05-30T07:35:32Z,2.2666666666666666,74.16666666666667,0.0,0.0412205424329945,63.140625,6.0,4.733773381635379,4.829032681564399,0.0,0.0100179928204902,90.7890625,0.0,0.2666844468151309,48.61110699557992,0.0,0.0054556756756757,56.20703125,7.0,14.933769046532902,4.71561658717369,0.0,0.0115327404135663,83.62890625,7.0,0.2666755561481876,4.8,0.0,0.0075836052985204,85.85546875,10.0,0.2666755561481876,4.8,0.0,0.0037778377042183,72.31640625,7.0,28.470204916211053,4.468002800934485,0.0,0.0222494921864412,53.5078125,6.0,3.3335644752633686,9.527110882321836,0.0,0.0169090426159772,81.04296875,7.0,1.866813348446163,4.658828466323112,0.0,0.0058438460368165,58.109375,7.0,2.533671156154154,4.8,0.0,0.0070715101807661,136.3046875,3.0,0.0057934210526332,46.4765625,2.0
2026-05-30T07:35:37Z,2.2666666666666666,74.16666666666667,0.0,0.0412205424329945,63.140625,6.0,4.6004578284505095,4.828571809058323,0.0,0.0100179928204902,90.7890625,0.0,0.2000266702226963,48.5,0.0,0.0047007603373946,56.20703125,7.0,13.26843579143886,4.748571755347935,0.0,0.0129203046815765,83.62890625,7.0,0.2000177795557531,4.8,0.0,0.0075836052985204,85.85546875,10.0,0.2000177795557531,4.8,0.0,0.0033575840945305,72.31640625,7.0,28.33689825310041,4.468719135582919,0.0,0.0222494921864412,53.5078125,6.0,3.3335644752633686,9.527110882321836,0.0,0.0169090426159772,81.04296875,7.0,1.733497795261294,4.669096370568376,0.0,0.0046470507178349,58.109375,7.0,2.533671156154154,4.8,0.0,0.006922639549505,136.3046875,3.0,0.0057934210526332,46.4765625,2.0
2026-05-30T07:35:42Z,2.133475565037669,74.68749999999994,0.0,0.0412205424329945,63.140625,6.0,3.8670756029688103,4.83127674989914,0.0,0.0100179928204902,90.7890625,0.0,0.2000266702226963,48.5,0.0,0.0048615575038688,56.07421875,7.0,13.26843579143886,4.748571755347935,0.0,0.0166507712161218,83.62890625,7.0,0.0666755567408987,4.8,0.0,0.0075836052985204,85.85546875,10.0,0.2000177795557531,4.8,0.0,0.0037308427085549,71.8515625,7.0,21.53429801750604,4.491831931208592,0.0,0.0222494921864412,53.5078125,6.0,3.5335644752633684,9.544647232040806,0.0,0.0133392619023675,81.04296875,7.0,1.0001155697795954,4.690910214986851,0.0,0.0041600635481002,58.109375,7.0,2.533671156154154,4.8,0.0,0.0067919464353067,137.26171875,3.0,0.0057934210526332,46.4765625,2.0
2026-05-30T07:35:47Z,2.133475565037669,74.68749999999994,0.0,0.0378891837952374,63.0078125,6.0,3.400124453926716,4.834080635973296,0.0,0.0096518471514406,91.22265625,0.0,0.0666755567408987,48.39286054441206,0.0,0.0048615575038688,56.07421875,7.0,12.80083566697782,4.749911723992556,0.0,0.0166507712161218,83.62890625,7.0,0.0666755567408987,4.8,0.0,0.0080157268029634,85.85546875,10.0,0.0666755567408987,4.8,0.0,0.0037308427085549,71.8515625,7.0,18.732804485035043,4.440096059039343,0.0,0.0222494921864412,53.5078125,6.0,3.0666666666666664,9.454223726462295,0.0,0.0119917756330434,81.04296875,7.0,0.7333688924448395,4.673467244059918,0.0,0.0050609766751106,58.16796875,7.0,2.4,4.799999999999999,0.0,0.0067919464353067,137.26171875,3.0,0.0053143991630611,46.484375,2.0
2026-05-30T07:35:52Z,2.133475565037669,74.68749999999994,0.0,0.0378891837952374,63.0078125,6.0,3.400106673778252,4.834703196347032,0.0,0.0096518471514406,91.22265625,0.0,0.0666666666666666,48.25,0.0,0.0048615575038688,56.07421875,7.0,15.2,4.748960727426527,0.0,0.0163112808339336,84.80859375,7.0,0.0666666666666666,4.8,0.0,0.0062302236576033,85.85546875,10.0,0.0666666666666666,4.800000000000001,0.0,0.0033119072271697,70.23046875,7.0,18.66611114814568,4.43543167231232,0.0,0.0209030324263249,53.5078125,6.0,3.0666666666666664,9.454223726462295,0.0,0.0119917756330434,81.04296875,7.0,0.7333511122963753,4.662218521525608,0.0,0.0050609766751106,58.16796875,7.0,2.4,4.799999999999999,0.0,0.0062855842938308,137.26171875,3.0,0.0053143991630611,46.484375,2.0
2026-05-30T07:35:57Z,2.866857790519368,70.41666666666656,0.0,0.0284324586170563,63.0078125,6.0,4.533697826376851,4.836096719303967,0.0,0.008079009226068,91.22265625,0.0,0.0666666666666666,48.25,0.0,0.0042693859255946,55.9921875,7.0,15.2,4.748960727426527,0.0,0.0163112808339336,84.80859375,7.0,0.2000088894815209,4.8,0.0,0.0058281249554574,85.85546875,10.0,0.0666666666666666,4.800000000000001,0.0,0.0033119072271697,70.23046875,7.0,25.60216028033316,4.4172516772803725,0.0,0.0154604053583206,53.5078125,6.0,3.0001155632597727,9.449076289883369,0.0,0.0133241859891509,80.26171875,7.0,1.2666666666666666,4.6117647058823525,0.0,0.0041067101584351,58.16796875,7.0,2.4,4.799999999999999,0.0,0.006529175204428,136.76953125,3.0,0.0053143991630611,46.484375,2.0
2026-05-30T07:36:02Z,2.866857790519368,70.41666666666656,0.0,0.0284324586170563,63.0078125,6.0,5.467377872605237,4.81764708958235,0.0,0.008079009226068,91.22265625,0.0,0.2000177801484642,48.33333333333333,0.0,0.0042693859255946,55.9921875,7.0,16.60105791883362,4.763119513048524,0.0,0.0151254170755619,84.80859375,7.0,0.2000088894815209,4.8,0.0,0.0072058044110105,85.98046875,10.0,0.2000177801484642,4.8,0.0,0.0033119072271697,70.23046875,7.0,30.67062274199472,4.314022635997251,0.0,0.018089198151479,53.25,6.0,3.800391155560968,9.309528590560271,0.0,0.0133241859891509,80.26171875,7.0,1.4667377872605236,4.571434195341631,0.0,0.0041067101584351,58.16796875,7.0,3.3322233176698184,4.8,0.0,0.006529175204428,136.76953125,3.0,0.0054942377519338,46.71875,2.0
2026-05-30T07:36:07Z,2.866857790519368,70.41666666666656,0.0,0.0335788264436052,62.8515625,6.0,5.467404544606303,4.817647043443133,0.0,0.0064115690468844,91.22265625,0.0,0.2000311161489976,48.33333333333333,0.0,0.0042693859255946,55.9921875,7.0,15.268715831444728,4.7572549280391065,0.0,0.0120162615505379,84.80859375,7.0,0.2000222254820544,4.8,0.0,0.0072058044110105,85.98046875,10.0,0.2000311161489976,19.7501000066671,0.0,0.0040431989315393,71.41796875,7.0,30.670649413995783,4.314023205524316,0.0,0.0157578132559294,53.25,6.0,3.800391155560968,9.309528590560271,0.0,0.0132852607844382,80.26171875,7.0,1.4667644592615905,4.571438549245535,0.0,0.0043491974317819,58.1796875,7.0,3.3322233176698184,4.8,0.0,0.0067876570652319,136.76953125,3.0,0.0043115565739994,46.71875,2.0
2026-05-30T07:36:12Z,2.400320042672356,75.55555555555553,0.0,0.0348784925836392,62.8515625,6.0,5.467404544606303,4.817156736125796,0.0,0.0057383182780454,91.22265625,0.0,0.2000311161489976,48.33333333333333,0.0,0.0055384357497831,58.75,7.0,15.268715831444728,4.7572549280391065,0.0,0.0107558101275744,84.80859375,7.0,0.1333466693338667,4.8,0.0,0.0072058044110105,85.98046875,10.0,0.2000311161489976,19.7501000066671,0.0,0.0040431989315393,71.41796875,7.0,30.135404722407788,4.355137916947225,0.0,0.0186764705882384,54.47265625,6.0,3.933857847713029,9.26923305956171,0.0,0.0149259392199072,80.4375,7.0,1.3335644859335916,4.564287211041156,0.0,0.0043491974317819,58.1796875,7.0,3.3322233176698184,4.8,0.0,0.0078507501916549,137.35546875,3.0,0.0053654687788936,46.71875,2.0
2026-05-30T07:36:17Z,2.400320042672356,75.55555555555553,0.0,0.0348784925836392,62.8515625,6.0,4.800391165044584,4.858728048002591,0.0,0.0048428853360601,91.22265625,0.0,0.1333466693338667,48.25000333357039,0.0,0.0055384357497831,58.75,7.0,11.53432457927777,4.797927441876991,0.0,0.0170909584770219,83.46875,7.0,0.1333466693338667,4.8,0.0,0.0078668552696571,87.015625,10.0,0.1333466693338667,22.0,0.0,0.0040431989315393,71.41796875,7.0,24.9336089274129,4.500243932157229,0.0,0.0186764705882384,54.47265625,6.0,3.1335822554118327,9.572111854651007,0.0,0.0149259392199072,80.4375,7.0,1.066826698673068,4.533329012197308,0.0,0.0031919439905177,58.1796875,7.0,2.201121046309889,6.750000000000005,0.0,0.0078507501916549,137.35546875,3.0,0.0065786242299795,47.6640625,2.0
2026-05-30T07:36:22Z,2.400320042672356,75.55555555555553,0.0,0.0348784925836392,62.8515625,6.0,4.800355604747181,4.862675153064177,0.0,0.0042082355829464,91.22265625,0.0,0.1333288891851654,48.125,0.0,0.0050674573892924,58.40234375,7.0,7.266657778370331,4.843231441048035,0.0,0.0170909584770219,83.46875,7.0,0.1333288891851654,4.800000000000001,0.0,0.0078668552696571,87.015625,10.0,0.1333288891851654,22.375000000000004,0.0,0.0065865841806384,72.62890625,7.0,24.866911144597,4.500244858092025,0.0,0.0186764705882384,54.47265625,6.0,3.1335822554118327,9.572111854651007,0.0,0.0134977166883222,80.4375,7.0,1.0667911383756652,4.509079778647438,0.0,0.0028140000000007,58.1796875,7.0,2.201121046309889,6.750000000000005,0.0,0.0078507501916549,137.35546875,3.0,0.0065786242299795,47.6640625,2.0
2026-05-30T07:36:27Z,1.8666666666666667,91.78571428571423,0.2336448598130841,0.0261385236503889,62.8515625,6.0,4.800355604747181,4.860704813324185,0.0,0.0035735858298327,91.22265625,0.0,0.1333288891851654,48.125,0.0,0.0063588075615661,58.40234375,7.0,7.266657778370331,4.843231441048035,0.0,0.0170909584770219,83.46875,7.0,0.0666622225184987,4.800000000000001,0.0,0.0078668552696571,87.015625,10.0,0.1333288891851654,22.375000000000004,0.0,0.0077315392354114,72.62890625,7.0,10.333635617197436,4.574870267753384,0.0,0.0161337793248485,54.32421875,6.0,1.7333333333333334,9.679165114106675,0.0,0.0121674249999955,80.4375,7.0,0.3999911117036642,4.591304347826087,0.0,0.0051703126394258,56.359375,7.0,2.201121046309889,6.750000000000005,0.0,0.0071505721322357,137.35546875,3.0,0.0063539670943489,47.6640625,2.0
2026-05-30T07:36:32Z,1.8666666666666667,91.78571428571423,0.2336448598130841,0.0337727223131456,63.33984375,6.0,5.000497836451517,4.837844530196314,0.0,0.0035735858298327,154.765625,0.0,0.2666755567407802,47.187489582754594,0.0,0.0063588075615661,58.40234375,7.0,6.066857791704553,4.853922324468247,0.0,0.013760078591183,82.87109375,7.0,0.0666622225184987,4.800000000000001,0.0,0.0052095666666635,87.015625,10.0,0.0666622225184987,22.75,0.0,0.0067612802173946,72.796875,7.0,6.533933414828388,4.587005746518772,0.0,0.0106622616472737,54.32421875,6.0,0.9333644465186568,9.71698113207547,0.0,0.0146042574666214,81.88671875,7.0,0.333337779259279,4.557897383952821,0.0,0.0060395752895761,56.359375,7.0,0.600057784000731,12.249949995925633,0.0,0.0087255606492383,135.44921875,3.0,0.0070659102142566,47.6875,2.0
2026-05-30T07:36:37Z,1.8666666666666667,91.78571428571423,0.2336448598130841,0.0337727223131456,63.33984375,6.0,5.06721339941612,4.837059988695449,0.0,0.0035735858298327,154.765625,0.0,0.4000533422238818,45.41664197293072,0.0,0.00547982605966,58.40234375,7.0,9.467729017201403,4.866141053258973,0.0,0.013760078591183,82.87109375,7.0,0.0,4.8,0.0,0.0064497674512647,87.875,10.0,0.0,23.125,0.0,0.0067612802173946,72.796875,7.0,6.467271192309889,4.585893649456164,0.0,0.0100333999999975,54.32421875,6.0,0.9333644465186568,9.71698113207547,0.0,0.0146042574666214,81.88671875,7.0,0.2000133342222814,4.529419377629933,0.0,0.0060395752895761,56.359375,7.0,0.600057784000731,12.249949995925633,0.0,0.0087255606492383,135.44921875,3.0,0.0070659102142566,47.6875,2.0
2026-05-30T07:36:42Z,2.7336978263768503,127.49999999999964,0.3142857142857143,0.0337727223131456,63.33984375,6.0,2.3335155730392696,4.870587658530272,0.0,0.0035735858298327,154.765625,0.0,0.4000533422238818,45.41664197293072,0.0,0.0054367177572182,58.42578125,7.0,9.467729017201403,4.866141053258973,0.0,0.013760078591183,82.87109375,7.0,0.0666711114074271,4.8,0.0,0.0085130928626226,87.875,10.0,0.0,23.125,0.0,0.0078659667846981,72.796875,7.0,17.600475599115594,4.566111831167738,0.0,0.0121811461754599,55.3359375,6.0,1.800208914669966,9.619561331335747,0.0,0.0144632375854685,81.6015625,7.0,0.7334177881494718,4.564704252141777,0.0,0.0054534397888938,56.12890625,7.0,0.600057784000731,12.249949995925633,0.0,0.0099187251181537,137.4921875,3.0,0.0070659102142566,47.6875,2.0
2026-05-30T07:36:47Z,2.7336978263768503,127.49999999999964,0.3142857142857143,0.0268321646341458,63.33984375,6.0,2.333515573039269,52.49883320368898,0.0,0.0377571439969968,167.390625,0.0,0.2667111194090275,43.75,0.0,0.0063085202017681,58.42578125,7.0,15.334786821054996,4.829131023381672,0.0,0.0139294524436196,82.6640625,7.0,0.0666711114074271,4.8,0.0,0.0085130928626226,87.875,10.0,0.0666666666666666,23.74999629593961,0.0,0.0067928416099241,72.38671875,7.0,24.134244517043456,4.511473265064161,0.0,0.0149559787699025,55.3359375,6.0,2.933617808596228,9.447362034016464,0.0,0.0135667619069018,81.6015625,7.0,1.0001022337791805,4.506662952960241,0.0,0.0056653293486713,56.12890625,7.0,3.000097784296731,20.178447591528275,0.0,0.0099187251181537,137.4921875,3.0,0.0065412486185458,47.6796875,2.0
2026-05-30T07:36:52Z,2.7336978263768503,127.49999999999964,0.3142857142857143,0.0294819794175612,64.30859375,6.0,2.2668000100746664,52.5003888975304,0.0,0.0447789855095215,167.390625,0.0,0.1333333339259259,43.74999999999999,0.0,0.0054344046331442,58.42578125,7.0,17.067777853634567,4.791474591082361,0.0,0.0081709123227711,82.6640625,7.0,0.1333333339259259,4.8,0.0,0.0075352459978866,88.87890625,10.0,0.1333288891851654,43.74983332222147,0.0,0.0069165184901756,72.38671875,7.0,24.267568962080453,4.508248519340189,0.0,0.0149559787699025,55.3359375,6.0,2.933617808596228,9.447362034016464,0.0,0.0135667619069018,81.6015625,7.0,1.133426678816178,4.430758868317917,0.0,0.0056653293486713,56.12890625,7.0,3.000097784296731,20.178447591528275,0.0,0.0099187251181537,137.4921875,3.0,0.0065412486185458,47.6796875,2.0
2026-05-30T07:36:57Z,3.0,127.49999999999964,0.2894736842105263,0.0294819794175612,64.30859375,6.0,2.2668000100746664,52.5003888975304,0.0,0.0518008270220462,167.390625,0.0,0.1333333339259259,43.74999999999999,0.0,0.0047066688912194,58.30078125,7.0,17.067777853634567,4.791474591082361,0.0,0.0105521898270828,82.6640625,7.0,0.200004445333353,4.8,0.0,0.0075352459978866,88.87890625,10.0,0.1333288891851654,43.74983332222147,0.0,0.0069165184901756,72.38671875,7.0,30.46967590967347,4.424157343891958,0.0,0.0150153327746964,55.32421875,6.0,3.800106673778252,9.40972222222222,0.0,0.0117864425981927,81.5859375,7.0,1.6000222248889877,4.369236029081186,0.0,0.0053794723084461,56.09765625,7.0,3.000097784296731,20.178447591528275,0.0,0.016180386640042,142.22265625,3.0,0.0065412486185458,47.6796875,2.0
2026-05-30T07:37:02Z,3.0,127.49999999999964,0.2894736842105263,0.0294819794175612,64.30859375,6.0,6.267475665199686,70.63354336605963,0.0,0.0533097854571153,173.6015625,0.0,0.3333644494820938,45.937536459751215,0.0,0.0047066688912194,58.30078125,7.0,15.60150683468652,4.7935111759890034,0.0,0.0105521898270828,82.6640625,7.0,0.200004445333353,4.8,0.0,0.0062648645687866,88.87890625,10.0,0.2666888927411951,43.74966662962551,0.0,0.0069165184901756,72.38671875,7.0,35.67110281548639,4.185822323790312,0.0,0.011981079980082,55.32421875,6.0,4.733671156154154,9.267864257832652,0.0,0.0117864425981927,81.5859375,7.0,1.8000800124459857,4.314299320289409,0.0,0.0053794723084461,56.09765625,7.0,3.4672445446105717,20.49997777555535,0.0,0.016180386640042,142.22265625,3.0,0.0051743111227928,47.92578125,2.0
2026-05-30T07:37:07Z,3.0,127.49999999999964,0.2894736842105263,0.0285268705687909,64.28125,6.0,6.667591241500289,68.12159729840052,0.0,0.0595656644294989,173.6015625,0.0,0.5334222376323956,45.99999111020237,0.0,0.0047066688912194,58.30078125,7.0,15.335422509669735,4.7445969227011,0.0,0.0142592548670797,86.6015625,7.0,0.4000622334836547,4.8,0.0,0.0062648645687866,88.87890625,10.0,0.4667466808914968,39.99999999999998,0.0,0.0031102541360201,72.38671875,7.0,35.9378583864526,4.191758914387623,0.0,0.011981079980082,55.32421875,6.0,4.733671156154154,9.267864257832652,0.0,0.0117864425981927,81.5859375,7.0,2.2001955887465887,4.400015309157771,0.0,0.0032616521249124,56.09765625,7.0,3.4672445446105717,20.49997777555535,0.0,0.016180386640042,142.22265625,3.0,0.0051743111227928,47.92578125,2.0
2026-05-30T07:37:12Z,2.133617815708761,99.16666666666671,0.0677966101694915,0.0371350950636767,64.28125,6.0,6.667591241500289,67.60653361892992,0.0,0.0601219624766344,174.0078125,0.0,0.5334222376323956,45.99999111020237,0.0,0.0050917051911279,58.2890625,7.0,15.335422509669735,4.7445969227011,0.0,0.0142592548670797,86.6015625,7.0,0.4667333448910818,4.8,0.0,0.0050027292905974,88.87890625,10.0,0.4667466808914968,39.99999999999998,0.0,0.0027780383377238,72.38671875,7.0,32.06590772495647,4.121600418511491,0.0,0.013804452655312,55.32421875,6.0,4.26400524373568,9.211665909036531,0.0,0.0117330955285907,81.5390625,7.0,2.0003556207529902,4.288885047622104,0.0,0.00413023614954,56.0546875,7.0,3.4672445446105717,20.49997777555535,0.0,0.0156509860331276,136.328125,3.0,0.0051743111227928,47.92578125,2.0
2026-05-30T07:37:17Z,2.133617815708761,99.16666666666671,0.0677966101694915,0.0371350950636767,64.28125,6.0,4.666631141929561,57.0327081490094,0.0,0.0601219624766344,174.0078125,0.0,0.4000533440021337,46.499973330844206,0.0,0.0050917051911279,58.2890625,7.0,15.067769044763304,4.795711090093215,0.0,0.0175795073726521,86.6015625,7.0,0.4667333448910818,4.8,0.0,0.006159520331715,89.78125,10.0,0.4000533440021337,36.25050002222319,0.0,0.0039077433509933,71.46484375,7.0,27.063747436918057,4.218353444713715,0.0,0.0165603749825094,58.3515625,6.0,3.4636674209148586,9.333435860105634,0.0,0.0137552735814347,81.5390625,7.0,1.933600053344002,4.408325801743872,0.0,0.00413023614954,56.0546875,7.0,2.4,16.125000000000004,0.0,0.0187662328076164,136.328125,3.0,0.0047295719844347,47.92578125,2.0
2026-05-30T07:37:22Z,2.133617815708761,99.16666666666671,0.0677966101694915,0.0371350950636767,64.28125,6.0,4.399857787258627,55.54642754494008,0.0,0.0601219624766344,174.0078125,0.0,0.2666666666666666,47.29166898161009,0.0,0.0052060796892459,58.2890625,7.0,16.732724485034332,4.78949728909361,0.0,0.0176275932050497,83.6328125,7.0,0.3333466675556148,4.8,0.0,0.006159520331715,89.78125,10.0,0.2666666666666666,33.749999999999964,0.0,0.0039269437310304,71.46484375,7.0,26.99700075424819,4.224797913762202,0.0,0.0165603749825094,58.3515625,6.0,3.4636674209148586,9.333435860105634,0.0,0.0137552735814347,81.5390625,7.0,1.666826698673068,4.464274590683119,0.0,0.00413023614954,56.0546875,7.0,2.4,16.125000000000004,0.0,0.0187662328076164,136.328125,3.0,0.0052900666249794,47.8125,2.0
2026-05-30T07:37:27Z,2.333333333333333,90.83333333333334,0.0,0.0352726969725066,64.0,6.0,4.399857787258627,54.52182390870211,0.0,0.0469831262748006,173.61328125,0.0,0.2666666666666666,47.29166898161009,0.0,0.0052060796892459,58.2890625,7.0,16.732724485034332,4.78949728909361,0.0,0.0176275932050497,83.6328125,7.0,0.2000044447407604,4.8,0.0,0.006159520331715,89.78125,10.0,0.2666666666666666,33.749999999999964,0.0,0.0039269437310304,71.46484375,7.0,23.60404063255574,4.2703082633214,0.0,0.0167386840479672,58.37890625,6.0,3.1359515540119336,9.516305093507384,0.0,0.0137552735814347,81.5390625,7.0,1.7333333333333332,4.421426201689929,0.0,0.0042262023880996,56.0546875,7.0,2.4,16.125000000000004,0.0,0.0153729330170281,136.328125,3.0,0.0052900666249794,47.8125,2.0
2026-05-30T07:37:32Z,2.333333333333333,90.83333333333334,0.0,0.036515864063635,64.0,6.0,4.333737822523872,21.36644236958353,0.0,0.0347568051575931,173.61328125,0.0,0.1333333333333333,47.29166898161009,0.0,0.0048464737285746,58.3515625,7.0,20.200097865481915,4.785928985046105,0.0,0.0191570047643961,83.6328125,7.0,0.2000044447407604,4.8,0.0,0.006159520331715,89.78125,10.0,0.2000044447407604,33.74983332222148,0.0,0.0037514787208464,71.10546875,7.0,21.53798289537326,4.303520576930974,0.0,0.0167386840479672,58.37890625,6.0,2.6693693374197163,9.655557555662224,0.0,0.0108727510295715,81.5390625,7.0,1.6667022245927503,4.5407392652781695,0.0,0.0041003297427998,56.00390625,7.0,2.933528901926795,9.624948607113875,0.0,0.017175088443999,138.18359375,3.0,0.0057389514050392,47.8125,2.0
2026-05-30T07:37:37Z,2.333333333333333,90.83333333333334,0.0,0.0351304441245348,64.16796875,6.0,4.067071155857206,17.124966663703454,0.0,0.0347568051575931,173.61328125,0.0,0.0,46.99999333279996,0.0,0.0048464737285746,58.3515625,7.0,19.33520464683866,4.8059071500867,0.0,0.0191570047643961,83.6328125,7.0,0.0666711114074271,4.800000000000001,0.0,0.0064258245203316,89.78125,10.0,0.0666711114074271,8.500000000000002,0.0,0.0037514787208464,71.10546875,7.0,21.20464956203993,4.304697463935533,0.0,0.0164148073884011,58.35546875,6.0,2.6693693374197163,9.655557555662224,0.0,0.0097306133428318,81.5390625,7.0,1.400035557926084,4.5555572383616125,0.0,0.0041003297427998,56.00390625,7.0,2.933528901926795,9.624948607113875,0.0,0.017175088443999,138.18359375,3.0,0.0054657378163347,47.80078125,2.0
2026-05-30T07:37:42Z,2.933724496599547,93.33333333333334,0.0,0.0351304441245348,64.16796875,6.0,4.067071155857206,17.124966663703454,0.0,0.0311571749654218,176.72265625,0.0,0.0,46.99999333279996,0.0,0.0052460204583991,58.3515625,7.0,19.33520464683866,4.8059071500867,0.0,0.0154992141671942,83.6328125,7.0,0.0666666666666666,4.8,0.0,0.0058924015856188,89.828125,10.0,0.0666711114074271,8.500000000000002,0.0,0.0037514787208464,71.10546875,7.0,26.06648013807621,4.331941209267507,0.0,0.0169591222448793,58.35546875,6.0,2.933640035263586,9.703123719516684,0.0,0.0123889119342923,81.5,7.0,1.1334088939262617,4.622218874906989,0.0,0.0041518208507708,56.00390625,7.0,2.933528901926795,9.624948607113875,0.0,0.0108450364802135,135.76953125,3.0,0.0054657378163347,47.80078125,2.0
2026-05-30T07:37:47Z,2.933724496599547,93.33333333333334,0.0,0.0351304441245348,64.16796875,6.0,5.533333333333333,4.989846944715446,0.0,0.0153860794044665,176.72265625,0.0,0.0666666666666666,46.24999999999999,0.0,0.0048866121277915,58.35546875,7.0,17.667831266391076,4.775998149901106,0.0,0.0178162090345458,84.30859375,7.0,0.0666666666666666,4.8,0.0,0.0058924015856188,89.828125,10.0,0.0666711114074271,7.500044446419841,0.0,0.0028039790877696,72.42578125,7.0,29.06587120859202,4.329080774932563,0.0,0.0169591222448793,58.35546875,6.0,3.600222251855804,9.531916070689752,0.0,0.0123889119342923,81.5,7.0,1.0000400026668443,4.6592481200532045,0.0,0.0042152462633749,56.1796875,7.0,3.533333333333333,4.920634920634921,0.0,0.0108450364802135,135.76953125,3.0,0.0056258281044797,47.80078125,2.0
2026-05-30T07:37:52Z,2.933724496599547,93.33333333333334,0.0,0.0316726000063238,64.16796875,6.0,5.666666666666667,4.995811518324608,0.0,0.0156013611381178,175.84765625,0.0,0.1333333333333333,46.25,0.0,0.0048866121277915,58.35546875,7.0,18.666666666666668,4.79108280254777,0.0,0.0178162090345458,84.30859375,7.0,0.1333333333333333,4.8,0.0,0.0054203809876113,89.828125,10.0,0.1333377780740938,4.8,0.0,0.0031437832611594,72.42578125,7.0,29.132537875258688,4.325813177752675,0.0,0.0146100011619261,58.35546875,6.0,3.600222251855804,9.531916070689752,0.0,0.0123889119342923,81.5,7.0,1.133373336000178,4.636347050967859,0.0,0.0042152462633749,56.1796875,7.0,3.533333333333333,4.920634920634921,0.0,0.0108450364802135,135.76953125,3.0,0.0057376848021843,47.80859375,2.0
2026-05-30T07:37:57Z,2.999800013332445,84.72222222222226,0.0,0.0349643718866698,64.328125,6.0,5.666666666666667,4.995811518324608,0.0,0.0156013611381178,175.84765625,0.0,0.1333333333333333,46.25,0.0,0.0041272912127818,58.35546875,7.0,18.666666666666668,4.79108280254777,0.0,0.0178162090345458,84.30859375,7.0,0.0666666666666666,4.8,0.0,0.0053161718586675,89.81640625,10.0,0.1333377780740938,4.8,0.0,0.0030822686828396,71.41796875,7.0,29.068475826108195,4.281983824279839,0.0,0.0128448532878256,58.33984375,6.0,4.133186676443793,9.392005746685069,0.0,0.0121648135560267,81.8125,7.0,1.200044447407605,4.658328672649625,0.0,0.0041034318700833,56.1796875,7.0,3.533333333333333,4.920634920634921,0.0,0.0108769856513386,137.828125,3.0,0.0057376848021843,47.80859375,2.0
2026-05-30T07:38:02Z,2.999800013332445,84.72222222222226,0.0,0.0349643718866698,64.328125,6.0,5.334186812470287,4.991628263502365,0.0,0.0152233741753063,175.84765625,0.0,0.1333466693338667,205.001500033334,0.0,0.0041272912127818,58.35546875,7.0,19.86869373874775,4.831582021282111,0.0,0.0178162090345458,84.30859375,7.0,0.0666666666666666,4.8,0.0,0.0053161718586675,89.81640625,10.0,0.1333377780740938,4.8,0.0,0.0036620893192507,71.41796875,7.0,29.33762298887408,4.253396218633371,0.0,0.0153581761537935,58.33984375,6.0,3.933533412457662,9.406207448493571,0.0,0.0121648135560267,81.8125,7.0,1.466844474079606,4.674081402713291,0.0,0.0041243009550022,56.28515625,7.0,3.133853423127173,4.852777777777777,0.0,0.0108769856513386,137.828125,3.0,0.0054530660787844,47.80859375,2.0
2026-05-30T07:38:07Z,2.999800013332445,84.72222222222226,0.0,0.0367896806669771,64.328125,6.0,5.334195701951807,4.99342739149587,0.0,0.0125777631793905,175.84765625,0.0,0.1333511140746272,231.24991666111072,0.0,0.0032347816850645,58.35546875,7.0,21.80280490171417,4.855403304154569,0.0,0.0209132551502511,85.25390625,7.0,0.0666711114074271,4.8,0.0,0.0053161718586675,89.81640625,10.0,0.1333422228148543,89.99988888148097,0.0,0.0036620893192507,71.41796875,7.0,29.53764076783712,4.251655871317367,0.0,0.0153581761537935,58.33984375,6.0,3.933533412457662,9.406207448493571,0.0,0.0121648135560267,81.8125,7.0,1.466853363561127,4.664008619157,0.0,0.0041243009550022,56.28515625,7.0,3.133853423127173,4.852777777777777,0.0,0.0109737520889352,139.41796875,3.0,0.0054530660787844,47.80859375,2.0
2026-05-30T07:38:12Z,2.400320042672356,86.56249999999991,0.0,0.0360037262724123,64.20703125,6.0,5.334195701951807,4.99342739149587,0.0,0.0172153094782309,175.796875,0.0,0.1333511140746272,231.24991666111072,0.0,0.0049025079050904,58.3125,7.0,21.80280490171417,4.855403304154569,0.0,0.0209132551502511,85.25390625,7.0,0.1333377780740938,4.8,0.0,0.0053210927765002,89.80078125,10.0,0.1333422228148543,89.99988888148097,0.0,0.0040693851634979,72.1796875,7.0,26.336947279226276,4.2264647334173695,0.0,0.0153109372660573,58.30859375,6.0,3.267320130692805,9.124999999999998,0.0,0.0079066512651238,82.9296875,7.0,1.2668400293388455,4.715387922673086,0.0,0.0042581009553319,56.28515625,7.0,3.133853423127173,4.852777777777777,0.0,0.0094077706027064,139.41796875,3.0,0.0056507147771594,47.8125,2.0
2026-05-30T07:38:17Z,2.400320042672356,86.56249999999991,0.0,0.0360037262724123,64.20703125,6.0,4.400008889481521,4.936364479386018,0.0,0.0172153094782309,175.796875,0.0,0.0666711114074271,235.0,0.0,0.0049025079050904,58.3125,7.0,19.93411116296642,4.858333181210129,0.0,0.0209132551502511,85.25390625,7.0,0.1333377780740938,4.8,0.0,0.0036297599094722,89.80078125,10.0,0.0666711114074271,95.0,0.0,0.0042262864228154,72.1796875,7.0,24.667800116460384,4.182959715595753,0.0,0.0162735904903968,58.30859375,6.0,3.200306728012269,8.784478801375739,0.0,0.0089558353501986,82.9296875,7.0,1.0000400026668443,4.567999559090339,0.0,0.0039283844344859,56.36328125,7.0,3.2,4.848051969417055,0.0,0.0113034917662614,139.41796875,3.0,0.0056507147771594,47.8125,2.0
2026-05-30T07:38:22Z,2.400320042672356,86.56249999999991,0.0,0.0360037262724123,64.20703125,6.0,4.266666666666667,4.936364479386018,0.0,0.0157690720116021,178.4296875,0.0,0.0,235.0,0.0,0.0049025079050904,58.3125,7.0,14.667093361779674,4.843674433666351,0.0,0.0141913432241802,84.3828125,7.0,0.0666666666666666,4.8,0.0,0.0033824250000009,89.80078125,10.0,0.0,95.0,0.0,0.0042262864228154,72.1796875,7.0,24.40111567083068,4.182959715595753,0.0,0.0162735904903968,58.30859375,6.0,3.200306728012269,8.784478801375739,0.0,0.0100050194352734,82.9296875,7.0,0.8666977798519901,4.567999559090339,0.0,0.0039283844344859,56.36328125,7.0,3.2,4.848051969417055,0.0,0.0091334725358451,139.41796875,3.0,0.006004280018763,47.8125,2.0
2026-05-30T07:38:27Z,2.666844456297086,98.74999999999991,0.0,0.0411584679974702,64.5078125,6.0,4.266666666666667,4.936364479386017,0.0,0.0147392096516065,178.4296875,0.0,0.0,235.0,0.0,0.0049025079050904,58.3125,7.0,14.667093361779674,4.843674433666351,0.0,0.0183674015617676,84.3828125,7.0,0.0,4.8,0.0,0.0033824250000009,89.80078125,10.0,0.0,95.0,0.0,0.0035233610732251,72.1796875,7.0,24.934397780979022,4.235973346906021,0.0,0.0133015540107337,58.30859375,6.0,2.9984905995427407,8.644346870866189,0.0,0.0106916055005463,82.9296875,7.0,1.0000400026668443,4.584615003269384,0.0,0.0039283844344859,56.36328125,7.0,3.2,4.848051969417055,0.0,0.0112313495539622,139.98046875,3.0,0.006004280018763,47.8125,2.0
2026-05-30T07:38:32Z,2.666844456297086,98.74999999999991,0.0,0.0411584679974702,64.5078125,6.0,4.99892103145794,6.291500767677111,0.0,0.0147392096516065,178.4296875,0.0,0.0,238.74966668148085,0.0,0.0049316016913712,58.36328125,7.0,16.061296839692925,4.918244468217295,0.0,0.0183674015617676,84.3828125,7.0,0.0,4.8,0.0,0.0061766918947467,89.80078125,10.0,0.0,95.0,0.0,0.0040279671949871,72.1328125,7.0,25.527601858532496,4.409605971846368,0.0,0.0196902393269293,58.69140625,6.0,2.9974911991829565,9.726670526708222,0.0,0.0145597436787047,84.81640625,7.0,1.0664268372327714,4.887958876627415,0.0,0.0029392540244026,56.36328125,7.0,3.3311214834397385,4.995558660666013,0.0,0.0122051077943608,139.98046875,3.0,0.0066466493094863,47.8203125,2.0
2026-05-30T07:38:37Z,2.666844456297086,98.74999999999991,0.0,0.0343724883843536,64.5078125,6.0,4.99892103145794,6.33316866796052,0.0,0.0204205228550778,176.546875,0.0,0.0,242.5,0.0,0.0049316016913712,58.36328125,7.0,20.73048870953057,8.583765975348749,0.0,0.0183674015617676,84.3828125,7.0,0.0,4.8,0.0,0.0061766918947467,89.80078125,10.0,0.0,96.25001389027793,0.0,0.0040279671949871,72.1328125,7.0,25.527601858532496,4.408553695876185,0.0,0.0207196321332224,58.69140625,6.0,2.9974911991829565,9.726670526708222,0.0,0.0145597436787047,84.81640625,7.0,1.0664268372327714,4.8999579630281485,0.0,0.0026308943034233,56.36328125,7.0,3.3311214834397385,4.995558660666013,0.0,0.0143015333728805,135.9296875,3.0,0.0069446410102892,47.8203125,2.0
2026-05-30T07:38:42Z,3.267102280304041,489.5833333333338,0.0,0.0417722723864844,64.5078125,6.0,4.99892103145794,6.33316866796052,0.0,0.0212782233850905,176.546875,0.0,0.0,242.5,0.0,0.0049316016913712,58.36328125,7.0,20.73048870953057,8.583765975348786,0.0,0.0324122301883897,89.15625,7.0,0.0666666666666666,4.8,0.0,0.0083852309540669,89.84765625,10.0,0.0,96.25001389027793,0.0,0.0067835101704747,73.34375,7.0,28.995825175388504,4.72865955130478,0.0,0.0207196321332224,58.69140625,6.0,3.734955030808584,19.053943696846744,0.0,0.018478864635933,83.2421875,7.0,0.9331468532363278,6.499847205245033,0.0,0.002322534582444,56.36328125,7.0,3.3311214834397385,4.995558660666013,0.0,0.0143088134430736,135.9296875,3.0,0.0069446410102892,47.8203125,2.0
