timestamp,frontend_qps,frontend_latency_p95,frontend_error_rate,frontend_cpu_usage,frontend_memory_usage,frontend_restart_count,cartservice_qps,cartservice_latency_p95,cartservice_error_rate,cartservice_cpu_usage,cartservice_memory_usage,cartservice_restart_count,checkoutservice_qps,checkoutservice_latency_p95,checkoutservice_error_rate,checkoutservice_cpu_usage,checkoutservice_memory_usage,checkoutservice_restart_count,currencyservice_qps,currencyservice_latency_p95,currencyservice_error_rate,currencyservice_cpu_usage,currencyservice_memory_usage,currencyservice_restart_count,emailservice_qps,emailservice_latency_p95,emailservice_error_rate,emailservice_cpu_usage,emailservice_memory_usage,emailservice_restart_count,paymentservice_qps,paymentservice_latency_p95,paymentservice_error_rate,paymentservice_cpu_usage,paymentservice_memory_usage,paymentservice_restart_count,productcatalogservice_qps,productcatalogservice_latency_p95,productcatalogservice_error_rate,productcatalogservice_cpu_usage,productcatalogservice_memory_usage,productcatalogservice_restart_count,recommendationservice_qps,recommendationservice_latency_p95,recommendationservice_error_rate,recommendationservice_cpu_usage,recommendationservice_memory_usage,recommendationservice_restart_count,shippingservice_qps,shippingservice_latency_p95,shippingservice_error_rate,shippingservice_cpu_usage,shippingservice_memory_usage,shippingservice_restart_count,adservice_qps,adservice_latency_p95,adservice_error_rate,adservice_cpu_usage,adservice_memory_usage,adservice_restart_count,redis-cart_qps,redis-cart_latency_p95,redis-cart_error_rate,redis-cart_cpu_usage,redis-cart_memory_usage,redis-cart_restart_count
2026-05-29T04:25:48Z,2.3333333333333335,48.64583333333333,0.0,0.021525362509887,58.87890625,0.0,5.733146679110281,4.788495706443236,0.0,0.007022503776318457,106.65234375,0.0,0.4666666666666667,24.25,0.0,0.004405613368252726,54.41015625,0.0,15.40100457838823,4.322210817778201,0.0,0.010376111541439987,94.52734375,0.0,0.4666666666666667,4.799999999999999,0.0,0.005707523893253405,83.1328125,0.0,0.40001778014846423,4.6499970832118,0.0,0.0029956503467114,83.9453125,0.0,30.866666666666667,2.689988472147502,0.0,0.010289173225385471,55.18359375,0.0,4.066666666666666,4.863687406485585,0.0,0.009957643076776506,76.37109375,0.0,1.933457794372583,0.4930375687477619,0.0,0.0033850227983195096,59.046875,0.0,3.0665688954069728,4.620899139136218,0.0,0.0036807896103893015,144.08984375,0.0,,,,0.004673239374972584,44.94140625,0.0
2026-05-29T04:25:53Z,3.1337511668222433,49.65909090909089,0.0,0.017587648277544086,58.87890625,0.0,5.1999733564443265,4.7889364171270135,0.0,0.006978724218420896,106.67578125,0.0,0.06667111140742715,24.25,0.0,0.004017755668585601,54.41015625,0.0,14.868160166538551,4.329142390063858,0.0,0.009891999999999243,95.09765625,0.0,0.2,4.799999999999999,0.0,0.005629477228093327,83.125,0.0,0.13335111348179757,4.6499970832118,0.0,0.0029956503467114,83.9453125,0.0,29.667471164744317,2.7290320654565035,0.0,0.009730887953689,55.18359375,0.0,3.8667911194079605,4.862295550987417,0.0,0.007837865873609922,76.37109375,0.0,1.400155574224573,1.7999484412600375,0.0,0.0033850227983195096,59.046875,0.0,3.133346680592652,4.642111702081,0.0,0.0030294012974329005,144.08984375,0.0,,,,0.004641125291038289,45.2421875,0.0
2026-05-29T04:25:58Z,3.1337511668222433,49.65909090909089,0.0,0.02212277652612342,58.86328125,0.0,4.533777826376139,4.793073583744879,0.0,0.006978724218420896,106.67578125,0.0,0.06667111140742715,24.25,0.0,0.004051730554521624,54.41015625,0.0,14.868160166538551,4.329142390063858,0.0,0.009891999999999243,95.09765625,0.0,0.0,4.799999999999999,0.0,0.005560082832643633,83.125,0.0,0.13335111348179757,4.6499970832118,0.0,0.0029956503467114,83.9453125,0.0,29.334360083266784,2.600022678609717,0.0,0.01211613378789304,55.18359375,0.0,3.5336800379304303,4.863687150837988,0.0,0.009991024170339447,76.74609375,0.0,1.400155574224573,1.7999484412600375,0.0,0.0034054580338477632,59.046875,0.0,3.1336400334854524,4.628571428571428,0.0,0.003142245047432895,144.08984375,0.0,,,,0.004645419111850474,45.2421875,0.0
2026-05-29T04:26:03Z,3.1337511668222433,49.65909090909089,0.0,0.022122776526123423,58.86328125,0.0,4.533777826376139,4.793073583744879,0.0,0.006797274642135507,106.6640625,0.0,0.06667111140742715,24.25,0.0,0.0037602722653628795,54.41015625,0.0,14.26715558815032,4.358951937181676,0.0,0.008915716664531281,95.09765625,0.0,0.0,4.799999999999999,0.0,0.005560082832643633,83.125,0.0,0.0,4.699999999999999,0.0,0.0023907400257364665,83.9453125,0.0,27.069471431446544,2.674761264550254,0.0,0.011755799903335789,55.18359375,0.0,3.5336800379304303,4.863687150837988,0.0,0.009991024170339447,76.74609375,0.0,1.0000311131853235,1.999985777335287,0.0,0.0034536154470472557,59.765625,0.0,3.1336400334854524,4.628571428571428,0.0,0.002827390834263266,144.08984375,0.0,,,,0.004645419111850474,45.2421875,0.0
2026-05-29T04:26:08Z,2.0001333422228145,44.10714285714285,0.0,0.022122776526123423,58.86328125,0.0,4.000284482375427,4.792488185322256,0.0,0.006797274642135507,106.6640625,0.0,0.0,24.25,0.0,0.003673114417650231,54.41015625,0.0,13.866666666666667,4.319994433964123,0.0,0.009434476250393202,95.734375,0.0,0.0,4.8,0.0,0.005415047721521834,83.125,0.0,0.0,4.640002844520298,0.0,0.0031558841340326932,83.9453125,0.0,24.002000266702225,2.735099815398982,0.0,0.011755799903335789,55.18359375,0.0,3.0668889185224697,4.867455340412242,0.0,0.009897212682693845,76.74609375,0.0,1.0,2.8333175302789013,0.0,0.0034536154470472566,59.765625,0.0,2.73352891496644,4.619440766304243,0.0,0.0025125366210936376,144.08984375,0.0,,,,0.004730817018703919,45.2421875,0.0
2026-05-29T04:26:13Z,2.0001333422228145,44.10714285714285,0.0,0.02108542088618685,58.86328125,0.0,3.9331955647401284,4.79317081684292,0.0,0.006797274642135507,106.6640625,0.0,0.0,24.25,0.0,0.003673114417650231,54.41015625,0.0,13.866666666666667,4.319994433964123,0.0,0.009434476250393202,95.734375,0.0,0.0,4.8,0.0,0.005415047721521834,83.125,0.0,0.0,4.640002844520298,0.0,0.0028893690177492558,83.86328125,0.0,23.86844468151309,2.7713940567400526,0.0,0.011415610056514137,55.18359375,0.0,2.9333333333333336,4.895597504318802,0.0,0.009804845022351854,77.20703125,0.0,1.0,2.8333175302789013,0.0,0.0035268836067013296,59.765625,0.0,2.7333333333333334,4.614492753623188,0.0,0.003680810268209559,144.16015625,0.0,,,,0.004685634843146131,44.9140625,0.0
2026-05-29T04:26:18Z,2.0001333422228145,44.10714285714285,0.0,0.020739456668063483,58.92578125,0.0,3.9331955647401284,4.79317081684292,0.0,0.00648410106764868,106.6640625,0.0,0.0,24.25,0.0,0.0029679172618438054,54.41015625,0.0,14.467168922372602,4.393261329992926,0.0,0.009434476250393202,95.734375,0.0,0.0,4.8,0.0,0.005303005424424516,83.125,0.0,0.0,4.649993332740687,0.0,0.0028893690177492558,83.86328125,0.0,20.2,2.823624559705764,0.0,0.010979163963777596,55.18359375,0.0,2.9333333333333336,4.895597504318802,0.0,0.00989462592202221,77.20703125,0.0,0.8000222237038025,3.1333027140593135,0.0,0.0034096860602165426,59.82421875,0.0,2.7333333333333334,4.614492753623188,0.0,0.003680810268209559,144.16015625,0.0,,,,0.004685634843146131,44.9140625,0.0
2026-05-29T04:26:23Z,2.3334888992599505,46.56250000000004,0.0,0.020739456668063483,58.92578125,0.0,3.9999911288888494,4.793103609840714,0.0,0.00648410106764868,106.6640625,0.0,0.0,24.25,0.0,0.002555162313887949,54.4140625,0.0,13.60090672711514,4.398144288742104,0.0,0.009692917668613393,95.734375,0.0,0.0,4.8,0.0,0.005303005424424516,83.125,0.0,0.0,4.499993332740688,0.0,0.0028893690177492558,83.86328125,0.0,20.733968931262083,2.777142687819395,0.0,0.010979163963777596,55.18359375,0.0,3.066768895704158,4.873076923076923,0.0,0.009582221767593501,76.30078125,0.0,0.7333822254816988,2.3999811099567134,0.0,0.0034096860602165426,59.82421875,0.0,2.866760006222637,4.617146746575396,0.0,0.003737024221453215,144.16796875,0.0,,,,0.0037628388819353465,44.9140625,0.0
2026-05-29T04:26:28Z,2.3334888992599505,46.56250000000004,0.0,0.02106337886025665,58.9375,0.0,4.333782273487745,4.793846083011596,0.0,0.00648410106764868,106.6640625,0.0,0.0,24.25,0.0,0.002555162313887949,54.4140625,0.0,13.60090672711514,4.398144288742104,0.0,0.00883120784447064,95.921875,0.0,0.0,4.800000000000001,,0.005264645758714056,83.125,0.0,0.0,4.499993332740688,0.0,0.0025714721544266555,83.87890625,0.0,20.93408449452186,2.5916744372104557,0.0,0.010888700736171989,55.18359375,0.0,3.266884458963931,4.8520548341383005,0.0,0.009582221767593501,76.30078125,0.0,0.7333822254816988,2.3999811099567134,0.0,0.0034096860602165426,59.82421875,0.0,2.6002533608921485,4.62607945043817,0.0,0.0038178334739126197,144.16796875,0.0,,,,0.004534890276693232,44.94140625,0.0
2026-05-29T04:26:33Z,2.3334888992599505,46.56250000000004,0.0,0.015571274156659412,58.9375,0.0,4.333782273487745,4.793846083011596,0.0,0.0035757500000002554,106.6640625,0.0,0.0,24.25,0.0,0.002763928982471981,54.41015625,0.0,12.067071138075871,4.433639422486456,0.0,0.008715882045626067,95.921875,0.0,0.0,4.800000000000001,,0.0051649970536239796,83.125,0.0,0.06666222251849876,4.700004444543212,0.0,0.0025714721544266555,83.87890625,0.0,25.26741782785519,2.653615654030295,0.0,0.007902047736804764,55.18359375,0.0,3.266884458963931,4.8520548341383005,0.0,0.00988302601112086,76.30859375,0.0,1.0667377825188344,2.5000094450216364,0.0,0.0027873600476708677,59.82421875,0.0,2.6002533608921485,4.62607945043817,0.0,0.003845319722650658,144.28515625,0.0,,,,0.004534890276693232,44.94140625,0.0
2026-05-29T04:26:38Z,2.2666666666666666,44.99999999999995,0.0,0.01732490463564847,58.9375,0.0,4.933813386673068,4.793478186826366,0.0,0.006465380915511376,106.7890625,0.0,0.1333377780740938,24.25,0.0,0.0028472042377870018,54.41015625,0.0,12.133728915261017,4.424275128231711,0.0,0.008715882045626067,95.921875,0.0,0.06666666666666667,4.8,0.0,0.0051649970536239796,83.125,0.0,0.13332888918516544,4.600004444543212,0.0,0.0027840589171325898,83.9375,0.0,29.00099117718959,2.7257804550981275,0.0,0.008782155520599915,55.18359375,0.0,3.800253350223348,4.854285731520237,0.0,0.007976699281868225,76.30859375,0.0,1.4000844500744494,1.7999999999999947,0.0,0.002507406243857191,59.82421875,0.0,2.6669244722995757,4.609515611947711,0.0,0.003845319722650658,144.28515625,0.0,,,,0.004534890276693232,44.94140625,0.0
2026-05-29T04:26:43Z,2.2666666666666666,44.99999999999995,0.0,0.021043565747868722,58.9375,0.0,4.733640020445807,4.790217391304347,0.0,0.006465380915511376,106.7890625,0.0,0.1333377780740938,24.25,0.0,0.0028472042377870018,54.41015625,0.0,12.133728915261017,4.424275128231711,0.0,0.008715882045626067,95.921875,0.0,0.1333377780740938,4.8,0.0,0.005183644680893896,82.6875,0.0,0.13332888918516544,4.600004444543212,0.0,0.0027840589171325898,83.9375,0.0,29.00099117718959,2.7575757575757525,0.0,0.010561293405541813,55.18359375,0.0,3.800253350223348,4.851700680272108,0.0,0.009744880841432749,76.30859375,0.0,1.4000844500744494,1.7999999999999947,0.0,0.003190092288108791,59.96875,0.0,3.2666444589628645,4.603230108780234,0.0,0.0024840182239042607,144.28515625,0.0,,,,0.0045421915991582466,44.94140625,0.0
2026-05-29T04:26:48Z,2.2666666666666666,44.99999999999995,0.0,0.020526108027828966,59.02734375,0.0,4.733640020445807,4.790217391304347,0.0,0.0064265208601362025,107.14453125,0.0,0.1333377780740938,24.25,0.0,0.0023578726450200027,54.41015625,0.0,13.401364600018985,4.41618712249687,0.0,0.009016333737998095,96.23046875,0.0,0.1333377780740938,4.8,0.0,0.005183644680893896,82.6875,0.0,0.06666666666666667,4.599991110320918,0.0,0.0021197752656067718,83.9375,0.0,27.068462341933905,2.7737594713231144,0.0,0.01055279417006607,55.18359375,0.0,3.800253350223348,4.851700680272108,0.0,0.008276679197103664,76.30859375,0.0,1.200071115852168,1.9333007385677505,0.0,0.003022804010181198,59.96875,0.0,3.2666444589628645,4.603230108780234,0.0,0.0021623500000004015,144.28515625,0.0,,,,0.0036017876059475217,44.94140625,0.0
2026-05-29T04:26:53Z,2.20029337244966,49.500000000000014,0.0,0.020526108027828966,59.02734375,0.0,4.20041337867206,4.790270490007213,0.0,0.006468227503843406,107.14453125,0.0,0.06667555674089878,24.25,0.0,0.002170835170476091,54.41015625,0.0,15.735431390852114,4.391552459985362,0.0,0.008407475797303736,96.23046875,0.0,0.13334666814832594,4.8,0.0,0.005286308639354373,82.6875,0.0,0.06667555674089878,4.599995555160458,0.0,0.0023175217527356827,83.96484375,0.0,22.66876910787696,2.623965915246612,0.0,0.01055279417006607,55.18359375,0.0,3.0669600314110816,4.826026834682029,0.0,0.00961651793844415,76.56640625,0.0,1.133453347260978,0.49709304038353397,0.0,0.003190217725252374,59.9921875,0.0,3.066715586076544,4.603187305242379,0.0,0.00309356093899385,144.3203125,0.0,,,,0.0031769218245735063,44.94140625,0.0
2026-05-29T04:26:58Z,2.20029337244966,49.500000000000014,0.0,0.020704723251575186,59.02734375,0.0,4.267235631417522,4.791578851821843,0.0,0.006468227503843406,107.14453125,0.0,0.06667555674089878,24.25,0.0,0.0029242706950375,54.41015625,0.0,15.735431390852114,4.391552459985362,0.0,0.008407475797303736,96.23046875,0.0,0.13334666814832594,4.8,0.0,0.005286308639354373,82.6875,0.0,0.06667555674089878,4.599995555160458,0.0,0.002831262131027687,83.96484375,0.0,22.602209129806322,2.5506346361857215,0.0,0.01061131715298606,55.18359375,0.0,3.000400053340446,4.8,0.0,0.009626653181888552,76.56640625,0.0,1.133453347260978,0.49709304038353397,0.0,0.003190217725252374,59.9921875,0.0,2.2670356180850786,4.621538461538462,0.0,0.003824352140180854,144.3203125,0.0,,,,0.00462039660056647,45.03125,0.0
2026-05-29T04:27:03Z,2.20029337244966,49.500000000000014,0.0,0.020704723251575186,59.02734375,0.0,4.267235631417522,4.791578851821843,0.0,0.005539782860293661,107.14453125,0.0,0.06667555674089878,24.25,0.0,0.0031411802713766,54.41015625,0.0,18.53379130638746,4.333681561043133,0.0,0.008407475797303736,96.23046875,0.0,0.13334666814832594,4.8,0.0,0.005286308639354373,82.6875,0.0,0.13334222340756546,4.400017778172847,0.0,0.0027401502552043527,84.08203125,0.0,26.603547139618616,2.5178025262468493,0.0,0.011127502514374719,55.19140625,0.0,3.000400053340446,4.8,0.0,0.009626653181888552,76.56640625,0.0,1.6000889007423211,0.492924817666106,0.0,0.0032252413299963508,59.9921875,0.0,2.2670356180850786,4.621538461538462,0.0,0.003772577789021123,144.33203125,0.0,,,,0.00462039660056647,45.03125,0.0
2026-05-29T04:27:08Z,3.066666666666667,44.464285714285666,0.0,0.022879697700955565,59.28515625,0.0,5.1334533857823414,4.791959518845157,0.0,0.006847290739584834,106.54296875,0.0,0.13332888918516544,24.25,0.0,0.0031411802713766,54.41015625,0.0,19.332062306957315,4.311679478817366,0.0,0.00750722185114519,96.23046875,0.0,0.1333377780740938,4.8,0.0,0.0041571797901405,82.68359375,0.0,0.13333333333333333,4.600004444543212,0.0,0.0027401502552043527,84.08203125,0.0,32.20141371203781,2.3438135151547046,0.0,0.011127502514374717,55.19140625,0.0,3.8000800391144303,4.8,0.0,0.009975130313487124,76.953125,0.0,1.9332755594071507,0.4983606557377049,0.0,0.0033057245229563778,60.0,0.0,2.4667689354149744,4.615865362567616,0.0,0.003772577789021123,144.33203125,0.0,,,,0.004653248195447166,45.1015625,0.0
2026-05-29T04:27:13Z,3.066666666666667,44.464285714285666,0.0,0.022879697700955565,59.28515625,0.0,6.26625780503522,4.789622641509434,0.0,0.006847290739584834,106.54296875,0.0,0.13332888918516544,24.25,0.0,0.0031411802713766004,54.41015625,0.0,19.332062306957315,4.311679478817366,0.0,0.010531401407807674,96.4296875,0.0,0.13333333333333333,4.8,0.0,0.004600316089091654,82.68359375,0.0,0.13333333333333333,4.600004444543212,0.0,0.0028482131550286085,84.08203125,0.0,33.0010270266998,2.6607623459567407,0.0,0.011346093638822958,55.19140625,0.0,4.599693353776415,4.8,0.0,0.010345836011386125,76.953125,0.0,1.9332755594071507,0.4983606557377049,0.0,0.0033057245229563778,60.0,0.0,3.3331111259249386,4.600004034284581,0.0,0.003720376536564817,144.33203125,0.0,,,,0.0047294190665345525,45.1015625,0.0
2026-05-29T04:27:18Z,3.066666666666667,44.464285714285666,0.0,0.023159545246451092,59.28515625,0.0,6.26625780503522,4.789622641509434,0.0,0.006827860761992547,106.54296875,0.0,0.13332888918516544,24.25,0.0,0.003223516133077851,54.34765625,0.0,19.20072466105792,4.265043597061825,0.0,0.010531401407807674,96.4296875,0.0,0.13333333333333333,4.8,0.0,0.005317635587413852,82.68359375,0.0,0.20000888948152096,4.4999933328888595,0.0,0.0024395183023916286,84.08203125,0.0,33.13113792413839,2.4979999999999984,0.0,0.011346093638822958,55.19140625,0.0,4.599693353776415,4.8,0.0,0.010380912591731144,76.31640625,0.0,1.7999955629629432,0.4979838709677419,0.0,0.002475332931143843,60.01953125,0.0,3.3331111259249386,4.600004034284581,0.0,0.0031516033047789345,144.33203125,0.0,,,,0.0047294190665345525,45.1015625,0.0
2026-05-29T04:27:23Z,2.9333333333333336,44.749999999999986,0.0,0.02305326251896836,59.02734375,0.0,6.400155620449996,4.790134642211438,0.0,0.005507523187142237,106.54296875,0.0,0.3333688930375507,24.25,0.0,0.0031544557621157026,54.34765625,0.0,20.002635904935335,4.282142857142857,0.0,0.010531401407807674,96.4296875,0.0,0.20000888948152096,4.800000000000001,0.0,0.004315113567086691,82.68359375,0.0,0.2666844456297086,4.6,0.0,0.002873743154484085,84.17578125,0.0,33.06732033454644,2.5466782708006104,0.0,0.01177344053948994,55.18359375,0.0,4.666795605634114,4.868675471083797,0.0,0.010166871439740094,76.31640625,0.0,1.4667911229642272,0.4824219600470721,0.0,0.002765173249376212,60.01953125,0.0,3.933484489485828,4.624007063881608,0.0,0.003988232338037707,144.28515625,0.0,,,,0.0047294190665345525,45.1015625,0.0
2026-05-29T04:27:28Z,2.9333333333333336,44.749999999999986,0.0,0.020315122943233083,59.02734375,0.0,5.1338578370442285,4.7910314929194895,0.0,0.006973252752512799,106.6953125,0.0,0.3333688930375507,24.25,0.0,0.0031544557621157026,54.34765625,0.0,20.002635904935335,4.282142857142857,0.0,0.010631543608067421,96.5546875,0.0,0.2666844456297086,4.8,0.0,0.00547138993590111,82.625,0.0,0.2666844456297086,4.6,0.0,0.0027253747689780024,84.17578125,0.0,32.20092477514024,2.521165932582807,0.0,0.012449998566061823,55.18359375,0.0,3.800400046227912,4.891566786048594,0.0,0.010166871439740094,76.31640625,0.0,1.4667911229642272,0.4824219600470721,0.0,0.0030550135676085813,60.01953125,0.0,3.9338578477130284,4.623680718378385,0.0,0.003988232338037707,144.28515625,0.0,,,,0.003248345122435919,45.1171875,0.0
2026-05-29T04:27:33Z,2.9333333333333336,44.749999999999986,0.0,0.02507407858294946,59.02734375,0.0,5.1338578370442285,4.7910314929194895,0.0,0.006973252752512799,106.6953125,0.0,0.3333688930375507,24.25,0.0,0.002631619396543778,54.34765625,0.0,17.80131128387475,4.279100452458703,0.0,0.010631543608067421,96.5546875,0.0,0.2666844456297086,4.8,0.0,0.00547138993590111,82.625,0.0,0.20000888948152096,4.533345185448566,0.0,0.0027253747689780024,84.17578125,0.0,27.80357824628412,2.4769099960446663,0.0,0.012449998566061823,55.18359375,0.0,3.800400046227912,4.891566786048594,0.0,0.007326150000000098,76.31640625,0.0,1.2000711194084348,0.4821971393302858,0.0,0.003451118110852315,60.03515625,0.0,3.9338578477130284,4.623680718378385,0.0,0.004073121427575524,144.28515625,0.0,,,,0.0036497321729543944,45.1171875,0.0
2026-05-29T04:27:38Z,2.8668577905193677,47.00000000000002,0.0,0.02417344385701554,59.015625,0.0,4.733311131555457,4.791266177223087,0.0,0.007053962308322513,106.71875,0.0,0.13332888918516544,24.25,0.0,0.0025817696732356194,54.34765625,0.0,15.999457813923517,4.265466147594388,0.0,0.010631543608067421,96.5546875,0.0,0.20000888948152096,4.799999999999999,0.0,0.005369197850150886,82.62109375,0.0,0.13333333333333333,4.6,0.0,0.002257173804514729,84.17578125,0.0,25.800858049506274,2.5559127371378594,0.0,0.012449998566061823,55.18359375,0.0,3.4666489042962176,4.8904751851628445,0.0,0.010702422446845751,76.3203125,0.0,1.2666266693331556,0.48208945112664237,0.0,0.003451118110852315,60.03515625,0.0,3.400146706670638,4.639011344024006,0.0,0.004073121427575524,144.28515625,0.0,,,,0.00405111922347287,45.1171875,0.0
2026-05-29T04:27:43Z,2.8668577905193677,47.0000000000001,0.0,0.02417344385701554,59.015625,0.0,5.333168899851121,4.788744597406948,0.0,0.007053962308322513,106.71875,0.0,0.13332888918516544,24.25,0.0,0.003367621931437026,54.34765625,0.0,15.999457813923517,4.265466147594387,0.0,0.010631543608067421,96.5546875,0.0,0.13333333333333333,4.8,0.0,0.005346154682911392,82.62109375,0.0,0.13333333333333333,4.6,0.0,0.0026517311608960075,84.0703125,0.0,26.200751375728025,2.4753953133896878,0.0,0.0123672971439371,55.18359375,0.0,3.8665422305179655,4.88735632183908,0.0,0.010702422446845751,76.3203125,0.0,1.2666266693331556,0.4820894511266425,0.0,0.003359114532261085,60.03515625,0.0,2.9998000133324445,4.624691358024691,0.0,0.004073121427575524,144.28515625,0.0,,,,0.00400311333223086,45.1171875,0.0
2026-05-29T04:27:48Z,2.8668577905193677,47.0000000000001,0.0,0.017706431655854806,59.015625,0.0,5.333168899851121,4.788744597406948,0.0,0.006987168100940017,106.71875,0.0,0.13332888918516544,24.25,0.0,0.003367621931437026,54.34765625,0.0,18.066777857481974,4.255692988931846,0.0,0.008187103873072591,96.8671875,0.0,0.13333333333333333,4.8,0.0,0.005346154682911393,82.62109375,0.0,0.1333377780740938,4.599995555358015,0.0,0.0026517311608960075,84.0703125,0.0,30.464773459547143,2.52363595958698,0.0,0.01239285617349154,55.18359375,0.0,3.8665422305179655,4.88735632183908,0.0,0.010702422446845751,76.3203125,0.0,1.7334266871133042,0.48208928652064165,0.0,0.0028610511558637736,60.03515625,0.0,2.9998000133324445,4.624691358024691,0.0,0.004056139788964043,144.4140625,0.0,,,,0.0036017262817123847,45.1171875,0.0
2026-05-29T04:27:53Z,2.666844456297086,46.87499999999994,0.0,0.022674521072798326,59.33203125,0.0,5.2668355668155655,4.7887933653774315,0.0,0.006987168100940017,106.71875,0.0,0.0,24.25,0.0,0.003367621931437026,54.34765625,0.0,18.801253416894458,4.290986003530149,0.0,0.010295545871299041,96.8671875,0.0,0.06666666666666667,4.800000000000001,0.0,0.0053558544202943975,82.625,0.0,0.06667111140742715,4.6,0.0,0.002715893614287502,84.0703125,0.0,31.73317346548077,2.4377616759673044,0.0,0.01239285617349154,55.18359375,0.0,4.000133342222815,4.931036524466718,0.0,0.008947821204388215,76.3203125,0.0,1.8001866880026078,0.475,0.0,0.0034091005515484297,60.36328125,0.0,2.9333333463703704,4.617956176513323,0.0,0.0041916916448107204,144.4140625,0.0,,,,0.0032003392311939095,45.1171875,0.0
2026-05-29T04:27:58Z,2.666844456297086,46.87499999999994,0.0,0.022674521072798326,59.33203125,0.0,4.933822276154588,4.789954213532174,0.0,0.006744174022939693,106.74609375,0.0,0.0,24.25,0.0,0.0033542921413539273,54.34765625,0.0,18.801253416894458,4.290986003530149,0.0,0.010295545871299041,96.8671875,0.0,0.0,4.8,0.0,0.0053558544202943975,82.625,0.0,0.06667111140742715,4.6,0.0,0.0027608618731028633,84.10546875,0.0,31.60008905422594,2.310950857680041,0.0,0.01239285617349154,55.18359375,0.0,3.867048930967981,4.931033461871715,0.0,0.010298535819754326,76.54296875,0.0,1.8001866880026078,0.475,0.0,0.0034091005515484297,60.36328125,0.0,2.866951142522272,4.623372959786975,0.0,0.0041916916448107204,144.4140625,0.0,,,,0.004671544443515279,45.3984375,0.0
2026-05-29T04:28:03Z,2.666844456297086,46.87499999999994,0.0,0.022674521072798326,59.33203125,0.0,4.933822276154588,4.789954213532174,0.0,0.006744174022939693,106.74609375,0.0,0.0,24.25,0.0,0.003114869611028279,54.34765625,0.0,14.533933373336,4.320552460937078,0.0,0.009497099655825987,96.75390625,0.0,0.0,4.8,0.0,0.0053558544202943975,82.625,0.0,0.0,4.700002222271605,0.0,0.002679481190404284,84.10546875,0.0,30.468822382531418,2.4217912214613877,0.0,0.009221141316220854,55.18359375,0.0,3.867048930967981,4.931033461871715,0.0,0.010298535819754326,76.54296875,0.0,1.3333866702224593,0.475,0.0,0.0034091005515484297,60.36328125,0.0,2.866951142522272,4.623372959786975,0.0,0.0023976749999995665,144.4140625,0.0,,,,0.004671544443515279,45.3984375,0.0
2026-05-29T04:28:08Z,2.066666666666667,45.99999999999996,0.0,0.018079024728765825,59.33203125,0.0,4.133768939265463,4.789320137188583,0.0,0.006468889504633457,106.74609375,0.0,0.0,24.25,0.0,0.003114869611028279,54.34765625,0.0,10.000297797630953,4.318999999999999,0.0,0.009497099655825987,96.75390625,0.0,0.0,4.8,0.0,0.0035325750000005486,82.625,0.0,0.0,4.6,0.0,0.002679481190404284,84.10546875,0.0,26.601897920900644,2.362495755510606,0.0,0.008203883015756322,55.18359375,0.0,3.4003511511159905,4.911763069518031,0.0,0.010231541897928954,76.54296875,0.0,0.8666888903704691,0.4749999999999999,0.0,0.003511943571809537,60.36328125,0.0,2.6669378082999904,4.608563406288276,0.0,0.0038235022296155283,144.4140625,0.0,,,,0.004566860758641333,45.3984375,0.0
2026-05-29T04:28:13Z,2.066666666666667,45.99999999999996,0.0,0.021395832465097214,58.83984375,0.0,3.733315572148069,4.790049751243781,0.0,0.006468889504633457,106.74609375,0.0,0.0,24.25,0.0,0.0031148696110282793,54.34765625,0.0,10.000297797630953,4.318999999999999,0.0,0.009413543604737536,96.75390625,0.0,0.0,4.8,0.0,0.005558924609562274,82.62890625,0.0,0.0,4.6,0.0,0.0026309503959983153,84.12109375,0.0,26.401537895117947,2.487976800793099,0.0,0.011659643706453128,55.18359375,0.0,3.1999911253332938,4.91875,0.0,0.010231541897928954,76.54296875,0.0,0.8666888903704691,0.4749999999999999,0.0,0.0032632128798762245,60.9375,0.0,2.7999822346665875,4.617146688440238,0.0,0.0038235022296155283,144.4140625,0.0,,,,0.004559186857959847,44.7734375,0.0
2026-05-29T04:28:18Z,2.066666666666667,45.99999999999996,0.0,0.021395832465097225,58.83984375,0.0,3.733315572148069,4.790049751243781,0.0,0.006543417802757702,106.91796875,0.0,0.0,24.25,0.0,0.002132582919659806,54.34765625,0.0,10.601115684460309,4.344435387923874,0.0,0.009413543604737536,96.75390625,0.0,0.0,4.8,0.0,0.005558924609562274,82.62890625,0.0,0.06667555674089878,4.733331357922262,0.0,0.0026309503959983153,84.12109375,0.0,23.334666770376298,2.4444444444444446,0.0,0.011659643706453128,55.18359375,0.0,3.1999911253332938,4.91875,0.0,0.0074078965132043754,76.54296875,0.0,0.7333822254816987,0.475,0.0,0.0032102134629611997,60.9375,0.0,2.7999822346665875,4.617146688440238,0.0,0.00394388777555073,144.4453125,0.0,,,,0.004559186857959847,44.7734375,0.0
2026-05-29T04:28:23Z,2.8001866791119405,44.999999999999986,0.0,0.021837314286925348,59.12109375,0.0,4.93359117215451,4.790244254628662,0.0,0.006543417802757702,106.91796875,0.0,0.33337778370449395,43.749944439505725,0.0,0.0023716376024451534,54.34765625,0.0,14.801973596479531,4.391224025385872,0.0,0.009568535885908945,91.98828125,0.0,0.20002667022269638,4.8,0.0,0.005558924609562274,82.62890625,0.0,0.26670222696359513,4.75,0.0,0.0017821250000000788,84.12109375,0.0,28.335986989964034,2.5339990792000187,0.0,0.011681929681112802,55.18359375,0.0,3.8001733786712304,4.9381847494711835,0.0,0.006596009956076227,76.54296875,0.0,1.266808906076247,0.47500000000000003,0.0,0.0032102134629611997,60.9375,0.0,3.2667955931888404,4.617158182390767,0.0,0.003974946582450681,144.4453125,0.0,,,,0.004559186857959847,44.7734375,0.0
2026-05-29T04:28:28Z,2.8001866791119405,44.999999999999986,0.0,0.021837314286925348,59.12109375,0.0,6.200826776903587,4.786538615437627,0.0,0.006502259270800462,106.91796875,0.0,0.33337778370449395,43.749944439505725,0.0,0.002868656193424169,54.34765625,0.0,14.801973596479531,4.391224025385872,0.0,0.008861253552905735,91.98828125,0.0,0.4000400044449779,4.8,0.0,0.0057387004460899204,82.6171875,0.0,0.26670222696359513,4.75,0.0,0.002745660148127533,84.09765625,0.0,28.869724799451227,2.5495899339720527,0.0,0.011681929681112802,55.18359375,0.0,4.333911188158421,4.934912233153161,0.0,0.010547721494230645,76.47265625,0.0,1.266808906076247,0.47500000000000003,0.0,0.0032102134629611997,60.9375,0.0,3.267204536608971,4.614285714285714,0.0,0.003974946582450681,144.4453125,0.0,,,,0.003120620934006466,44.7734375,0.0
2026-05-29T04:28:33Z,2.8001866791119405,44.999999999999986,0.0,0.021837314286925348,59.12109375,0.0,6.200826776903587,4.786538615437627,0.0,0.006993468673824316,107.265625,0.0,0.33337778370449395,43.749944439505725,0.0,0.002868656193424169,54.34765625,0.0,19.867822376316845,4.371024197425015,0.0,0.008861253552905735,91.98828125,0.0,0.4000400044449779,4.8,0.0,0.0057387004460899204,82.6171875,0.0,0.3333600035560297,4.700001666750005,0.0,0.002745660148127533,84.09765625,0.0,35.870191497231076,2.3647211494005402,0.0,0.011681929681112802,55.18359375,0.0,4.333911188158421,4.934912233153161,0.0,0.010547721494230645,76.47265625,0.0,2.0001155709650176,0.475,0.0,0.0032203159681420995,60.94921875,0.0,3.267204536608971,4.614285714285714,0.0,0.003897998990316459,144.47265625,0.0,,,,0.003757229463440023,44.7734375,0.0
2026-05-29T04:28:38Z,2.933528901926795,44.37499999999997,0.0,0.022435253910344736,58.84375,0.0,6.066915626080989,4.785645771124795,0.0,0.007368441075766214,107.265625,0.0,0.06666222251849876,46.25,0.0,0.0031838137225844694,54.35546875,0.0,22.265928938070797,4.323809504660687,0.0,0.009629872390979597,92.10546875,0.0,0.20001333422228149,4.8,0.0,0.005951750061621294,82.6171875,0.0,0.13333333333333333,4.699998333268516,0.0,0.002745660148127533,84.09765625,0.0,34.4006624044513,2.5174158353716356,0.0,0.011906685754657784,55.18359375,0.0,4.066835602967625,4.890475687802761,0.0,0.011001896662486174,76.47265625,0.0,1.9332800035553186,0.4830509566255666,0.0,0.0032203159681420995,60.94921875,0.0,3.0668711792710743,4.626659373196141,0.0,0.003897998990316459,144.47265625,0.0,,,,0.004828335294286248,44.7734375,0.0
2026-05-29T04:28:43Z,2.933528901926795,44.37499999999997,0.0,0.022435253910344736,58.84375,0.0,5.599813345776949,4.782805596487604,0.0,0.007368441075766214,107.265625,0.0,0.06666222251849876,46.25,0.0,0.0034016393442620916,54.35546875,0.0,22.265928938070797,4.323809504660687,0.0,0.009629872390979597,92.10546875,0.0,0.06666666666666667,4.800000000000001,0.0,0.004959890913852106,82.6171875,0.0,0.13333333333333333,4.699998333268516,0.0,0.002711143799378389,84.13671875,0.0,34.133702365334976,2.430439547121043,0.0,0.008357327231924979,55.18359375,0.0,3.799875563851299,4.892683416633286,0.0,0.010692569324090908,76.2265625,0.0,1.9332800035553186,0.4830509566255666,0.0,0.0032203159681420995,60.94921875,0.0,3.1332311179254715,4.626666666666667,0.0,0.003897998990316459,144.47265625,0.0,,,,0.004828335294286248,44.7734375,0.0
2026-05-29T04:28:48Z,2.933528901926795,44.37499999999997,0.0,0.022435253910344736,58.84375,0.0,5.599813345776949,4.782805596487604,0.0,0.007335136969890879,106.6015625,0.0,0.06666222251849876,46.25,0.0,0.003318466942667205,54.34765625,0.0,21.33396467616921,4.253646418468753,0.0,0.010566659474121387,92.10546875,0.0,0.06666666666666667,4.800000000000001,0.0,0.0057461237697179314,82.62109375,0.0,0.0666800026672001,4.649989999111032,0.0,0.002711143799378389,84.13671875,0.0,28.466657895703666,2.3865002734316203,0.0,0.00753032500000046,55.18359375,0.0,3.799875563851299,4.892683416633286,0.0,0.010692569324090908,76.2265625,0.0,1.5333777943718718,0.48242180026092474,0.0,0.0033676886319283263,61.015625,0.0,3.1332311179254715,4.626666666666667,0.0,0.003385894451959157,144.52734375,0.0,,,,0.004828335294286248,44.7734375,0.0
2026-05-29T04:28:53Z,3.0670756100813445,43.74999999999996,0.0,0.01713369999999941,58.84375,0.0,5.667057831711251,4.783406480526723,0.0,0.007335136969890879,106.6015625,0.0,0.1333555594080989,44.99999999999999,0.0,0.003318466942667205,54.34765625,0.0,19.269244789972355,4.238526668263132,0.0,0.0107615431846087,92.26171875,0.0,0.13334666933386677,4.8,0.0,0.005509923070015006,82.62109375,0.0,0.1333600053344002,4.679997866439086,0.0,0.0027428832568501234,84.1796875,0.0,28.869382526555363,2.3553193738717857,0.0,0.010259941019788499,55.18359375,0.0,3.933600035560297,4.846341438296207,0.0,0.01069256932409091,76.2265625,0.0,1.5335466968932747,0.4891790668515361,0.0,0.0036670384351404246,61.015625,0.0,3.200213361781571,4.628950969693355,0.0,0.003986323330494534,144.52734375,0.0,,,,0.004894075771975845,44.77734375,0.0
2026-05-29T04:28:58Z,3.0670756100813445,43.74999999999996,0.0,0.023972698540783252,58.84375,0.0,5.1340267609018095,4.78369082886446,0.0,0.007738810762217166,106.6015625,0.0,0.1333555594080989,44.99999999999999,0.0,0.003318466942667205,54.34765625,0.0,19.269244789972355,4.238526668263132,0.0,0.0107615431846087,92.26171875,0.0,0.0666800026672001,4.8,0.0,0.005509923070015006,82.62109375,0.0,0.1333600053344002,4.679997866439086,0.0,0.002817728694292443,84.1796875,0.0,28.5362625550036,2.2343518926957913,0.0,0.012093955826565401,55.18359375,0.0,3.6004800640085346,4.822092772049513,0.0,0.006162331426534744,77.1484375,0.0,1.5335466968932747,0.4891790668515361,0.0,0.0036670384351404246,61.015625,0.0,2.933724496599547,4.628940165421501,0.0,0.003986323330494534,144.52734375,0.0,,,,0.005047998925597774,44.77734375,0.0
2026-05-29T04:29:03Z,3.0670756100813445,43.74999999999996,0.0,0.023972698540783252,58.84375,0.0,5.1340267609018095,4.78369082886446,0.0,0.007360415380041202,106.71875,0.0,0.1333555594080989,44.99999999999999,0.0,0.0034813137391526247,54.34765625,0.0,16.201209051873942,4.223750346802955,0.0,0.011273358403240126,92.26171875,0.0,0.0666800026672001,4.8,0.0,0.005454344162715048,82.625,0.0,0.0666800026672001,4.650003333555571,0.0,0.0028304057696238566,84.0859375,0.0,29.537276082144466,2.2142640085449248,0.0,0.012093955826565401,55.18359375,0.0,3.6004800640085346,4.822092772049513,0.0,0.006967359830481908,77.1484375,0.0,1.2667822394100547,0.4891792314597755,0.0,0.003571120154372223,60.96875,0.0,2.933724496599547,4.628940165421501,0.0,0.003991159792906672,144.55078125,0.0,,,,0.004982683562016746,44.9921875,0.0
2026-05-29T04:29:08Z,2.3333333333333335,46.99999999999996,0.0,0.023972698540783252,58.84375,0.0,4.5337689380800406,4.799999295106847,0.0,0.007360415380041202,106.71875,0.0,0.20000444474076048,42.499999999999986,0.0,0.0036961933652999066,54.61328125,0.0,14.933800031113185,4.207476635514019,0.0,0.010706885373444013,92.41015625,0.0,0.13333333333333333,4.799999999999999,0.0,0.005454344162715048,82.625,0.0,0.13333333333333333,4.599995555259239,0.0,0.0028304057696238575,84.0859375,0.0,27.069484772781358,2.093433251024113,0.0,0.012198851449526107,55.18359375,0.0,3.200320035559823,4.8,0.0,0.007775591261455868,76.890625,0.0,1.2000311131853234,0.4969230769230769,0.0,0.003571120154372223,60.96875,0.0,2.6669333629665193,4.62190658539563,0.0,0.003889182458040239,144.55078125,0.0,,,,0.004982683562016746,44.9921875,0.0
2026-05-29T04:29:13Z,2.3333333333333335,46.99999999999996,0.0,0.02364332225129137,58.8515625,0.0,4.7336311309642864,4.804504196431432,0.0,0.007360415380041202,106.71875,0.0,0.20000444474076048,42.499999999999986,0.0,0.0036961933652999066,54.61328125,0.0,14.933800031113185,4.207476635514019,0.0,0.010706885373444013,92.41015625,0.0,0.2666577783703309,4.8,0.0,0.005377460231868778,82.625,0.0,0.13333333333333333,4.599995555259239,0.0,0.002837672937461278,84.0859375,0.0,27.4694047532226,2.1311292146080736,0.0,0.0121013277882465,55.18359375,0.0,3.6002400160010666,4.8,0.0,0.00980810255896717,76.890625,0.0,1.2000311131853234,0.4969230769230769,0.0,0.0035394461320672034,60.96875,0.0,2.7333289010370176,4.6250037269381234,0.0,0.003889182458040239,144.55078125,0.0,,,,0.004927961741025712,44.9921875,0.0
2026-05-29T04:29:18Z,2.3333333333333335,46.99999999999996,0.0,0.02364332225129137,58.8515625,0.0,4.7336311309642864,4.804504196431432,0.0,0.006870735888869299,106.77734375,0.0,0.20000444474076048,42.499999999999986,0.0,0.003055870651688693,54.61328125,0.0,17.60046669777985,4.2502283105022824,0.0,0.010720389073288285,92.6171875,0.0,0.2666577783703309,4.8,0.0,0.005582794846382719,82.84375,0.0,0.26666666666666666,4.599995555259239,0.0,0.0023705525598310202,84.0859375,0.0,27.666551231406896,2.315472938761392,0.0,0.0121013277882465,55.18359375,0.0,3.6002400160010666,4.8,0.0,0.00980810255896717,76.890625,0.0,1.8667733404449185,0.4969228145813104,0.0,0.003572592207792223,53.96875,0.0,2.7333289010370176,4.6250037269381234,0.0,0.003847742515949315,144.5546875,0.0,,,,0.004871413132182083,44.7734375,0.0
2026-05-29T04:29:23Z,3.1999999999999997,924.9999999999955,0.0,0.02301973196464032,58.8515625,0.0,5.467031135409027,4.805530276829127,0.0,0.006870735888869299,106.77734375,0.0,0.06667111140742715,24.25,0.0,0.0033367192515821853,54.34765625,0.0,20.13401782341045,4.2731585766026114,0.0,0.010475303157641681,92.6171875,0.0,0.13332444503699753,4.800000000000001,0.0,0.005582794846382719,82.84375,0.0,0.13333333333333333,4.60000888948152,0.0,0.002134079815042581,84.0859375,0.0,32.00021347555651,2.1978716283422264,0.0,0.011896092806877631,55.18359375,0.0,4.266951130075338,4.8,0.0,0.008285285657770194,76.890625,0.0,2.133475565037669,0.49659111992540894,0.0,0.003572592207792223,53.96875,0.0,2.8666711238518716,4.611952274750541,0.0,0.003847742515949315,144.5546875,0.0,,,,0.004871413132182083,44.7734375,0.0
2026-05-29T04:29:28Z,3.1999999999999997,924.9999999999955,0.0,0.02301973196464032,58.8515625,0.0,5.933533346667556,4.806573086198915,0.0,0.006870735888869299,106.77734375,0.0,0.06667111140742715,24.25,0.0,0.003336719251582184,54.34765625,0.0,20.13401782341045,4.2731585766026114,0.0,0.010475303157641681,92.6171875,0.0,0.0,4.8,0.0,0.005695582018265843,82.84375,0.0,0.13333333333333333,4.60000888948152,0.0,0.002745515695067188,84.10546875,0.0,32.20008013333369,2.158288389777243,0.0,0.012257704490404324,55.2109375,0.0,4.4668177878525235,4.8,0.0,0.010025945873465876,76.1796875,0.0,2.133475565037669,0.49659111992540894,0.0,0.003572592207792223,53.96875,0.0,3.267004482967665,4.614709758048912,0.0,0.003847742515949315,144.5546875,0.0,,,,0.004871413132182083,44.7734375,0.0
2026-05-29T04:29:33Z,3.1999999999999997,924.9999999999955,0.0,0.018165829648796202,58.8515625,0.0,5.933533346667556,4.806573086198915,0.0,0.006687312753822363,106.8203125,0.0,0.06667111140742715,24.25,0.0,0.003336719251582184,54.34765625,0.0,18.06787119141276,4.2913386322181974,0.0,0.010490695609632792,92.875,0.0,0.0,4.8,0.0,0.005714134878914359,82.88671875,0.0,0.0,4.666681481481481,0.0,0.002745515695067188,84.10546875,0.0,36.26893792919528,2.090159050717373,0.0,0.012257704490404324,55.2109375,0.0,4.4668177878525235,4.8,0.0,0.010025945873465876,76.1796875,0.0,1.6667333377780742,0.4969237964853129,0.0,0.003501187046943883,53.96875,0.0,3.267004482967665,4.614709758048912,0.0,0.003832409684971287,144.5546875,0.0,,,,0.0047870387496534725,44.796875,0.0
2026-05-29T04:29:38Z,2.466831122074805,1012.499999999997,0.0,0.016314968967004892,58.8515625,0.0,4.8,4.8065417402601796,0.0,0.006687312753822363,106.8203125,0.0,0.0,24.25,0.0,0.003141652179511859,54.35546875,0.0,14.200520034668978,4.304592121073173,0.0,0.01021292236265192,92.875,0.0,0.0,4.8,0.0,0.005714134878914359,82.88671875,0.0,0.0,4.600004444444444,0.0,0.002745515695067188,84.10546875,0.0,30.934564526523992,1.973344329877152,0.0,0.0127183086362579,55.2109375,0.0,3.7333333333333334,4.8,0.0,0.009880166420320037,76.1875,0.0,1.0666666666666667,0.4893941235652696,0.0,0.0033370382800624633,53.97265625,0.0,3.200240032004267,4.617387481371567,0.0,0.003801707232668227,144.5625,0.0,,,,0.0047870387496534725,44.796875,0.0
2026-05-29T04:29:43Z,2.466831122074805,1012.499999999997,0.0,0.02275907665183894,59.01171875,0.0,3.999857787258627,4.804717669015189,0.0,0.006687312753822363,106.8203125,0.0,0.0,24.25,0.0,0.003141652179511859,54.35546875,0.0,14.200520034668978,4.304592121073173,0.0,0.00883956799716309,92.875,0.0,0.0,4.8,0.0,0.005714134878914359,82.88671875,0.0,0.0,4.600004444444444,0.0,0.002710008670206951,84.10546875,0.0,30.33456452652399,2.013176135708716,0.0,0.0127183086362579,55.2109375,0.0,3.1333333333333337,4.8,0.0,0.01006842539159039,76.1875,0.0,1.0666666666666667,0.4893941235652696,0.0,0.0033370382800624633,53.97265625,0.0,2.533333333333333,4.614709818430427,0.0,0.003801707232668227,144.5625,0.0,,,,0.0047870387496534725,44.796875,0.0
2026-05-29T04:29:48Z,2.466831122074805,1012.499999999997,0.0,0.02275907665183894,59.01171875,0.0,3.999857787258627,4.804717669015189,0.0,0.006789583846342773,106.8203125,0.0,0.0,24.25,0.0,0.001970932002314882,54.35546875,0.0,14.000506700446698,4.3033176205005965,0.0,0.009928122076921802,90.3125,0.0,0.0,4.8,0.0,0.005668876061716428,82.9140625,0.0,0.13335111348179757,4.499993333037024,0.0,0.0021300216479714935,84.10546875,0.0,24.400835611262973,2.058082396169632,0.0,0.012080142795080802,55.18359375,0.0,3.1333333333333337,4.8,0.0,0.01006842539159039,76.1875,0.0,1.1334311241498867,0.4893937939915258,0.0,0.003315624999999933,53.97265625,0.0,2.533333333333333,4.614709818430427,0.0,0.003705320056899281,144.5625,0.0,,,,0.004743556562062043,45.140625,0.0
2026-05-29T04:29:53Z,2.4668311220748045,49.166666666666615,0.0,0.02275907665183894,59.01171875,0.0,4.733364465481619,4.787214920647806,0.0,0.005238050777722677,106.8203125,0.0,0.2666844456297086,24.25,0.0,0.001998667047133638,54.35546875,0.0,15.401026735115675,4.30091743119266,0.0,0.010075957727873591,90.3125,0.0,0.1333422228148543,4.8,0.0,0.005668876061716428,82.9140625,0.0,0.2666933362966519,4.6,0.0,0.0019658012896785794,84.10546875,0.0,27.66840456030402,1.9914148533326694,0.0,0.011915586120006169,55.18359375,0.0,3.600133342222815,4.8,0.0,0.0106210347535472,78.7578125,0.0,1.4668133496315854,0.4818839825858252,0.0,0.0033845483648741255,53.96875,0.0,2.733440007111585,4.617146683081861,0.0,0.0037053200568992815,144.5625,0.0,,,,0.004720142946829656,45.140625,0.0
2026-05-29T04:29:58Z,2.4668311220748045,49.166666666666615,0.0,0.02166767976457552,58.86328125,0.0,5.267373451577663,4.787330316742081,0.0,0.006737964743301492,106.8359375,0.0,0.2666844456297086,24.25,0.0,0.003290296777898632,54.34765625,0.0,15.401026735115675,4.30091743119266,0.0,0.010075957727873591,90.3125,0.0,0.3333688930375507,4.800000000000001,0.0,0.005668876061716428,82.9140625,0.0,0.2666933362966519,4.6,0.0,0.0026886982193928986,84.23828125,0.0,28.13534681927188,1.9630717256282226,0.0,0.011915586120006169,55.18359375,0.0,4.067075601190677,4.8,0.0,0.010715189158666628,78.7578125,0.0,1.4668133496315854,0.4818839825858252,0.0,0.0033845483648741255,53.96875,0.0,3.200320035559823,4.627390340729194,0.0,0.003792148892527346,145.6640625,0.0,,,,0.004720142946829656,45.140625,0.0
2026-05-29T04:30:03Z,2.4668311220748045,49.166666666666615,0.0,0.02166767976457552,58.86328125,0.0,5.267373451577663,4.787330316742081,0.0,0.006695644297212666,106.8359375,0.0,0.2666844456297086,24.25,0.0,0.003290296777898632,54.34765625,0.0,15.867186701335644,4.278703703703704,0.0,0.010036762761174151,90.22265625,0.0,0.3333688930375507,4.800000000000001,0.0,0.005646707497176581,82.93359375,0.0,0.2666755561481876,4.6,0.0,0.0027403010809733,84.23828125,0.0,30.135480161494698,1.8786206934437857,0.0,0.011915586120006169,55.18359375,0.0,4.067075601190677,4.8,0.0,0.010715189158666628,78.7578125,0.0,1.2666800056296887,0.4898437345372611,0.0,0.003276468579234958,53.96875,0.0,3.200320035559823,4.627390340729194,0.0,0.0038525648097082177,145.6640625,0.0,,,,0.004885695834678871,44.8359375,0.0
2026-05-29T04:30:08Z,2.6001733448896593,50.0,0.0,0.02166767976457552,58.86328125,0.0,5.067200106688004,4.786110957356843,0.0,0.006695644297212666,106.8359375,0.0,0.26666666666666666,24.25,0.0,0.0035649005533944494,54.34765625,0.0,16.066666666666666,4.264700340021427,0.0,0.009875836048705297,90.22265625,0.0,0.3333600035560297,4.799999999999999,0.0,0.005646707497176581,82.93359375,0.0,0.26666666666666666,4.649993333037024,0.0,0.0027403010809733,84.23828125,0.0,27.934577879120315,1.9158577922386169,0.0,0.008408531707537267,55.18359375,0.0,3.7336089256345293,4.8,0.0,0.00708929999999981,78.7578125,0.0,1.1999644468146569,0.4908333802470526,0.0,0.00329590399932753,53.96484375,0.0,3.066880028448238,4.624647169961817,0.0,0.003792407800261353,144.5859375,0.0,,,,0.004885695834678871,44.8359375,0.0
2026-05-29T04:30:13Z,2.6001733448896593,50.0,0.0,0.013739035169593194,58.89453125,0.0,4.666666666666667,4.7893718629465045,0.0,0.00671869295693219,107.125,0.0,0.26666666666666666,24.25,0.0,0.0035736888781393162,54.34765625,0.0,16.066666666666666,4.264700340021427,0.0,0.009875836048705297,90.22265625,0.0,0.2,4.799999999999999,0.0,0.005646707497176581,82.93359375,0.0,0.26666666666666666,4.649993333037024,0.0,0.0027403010809733,84.23828125,0.0,27.400866738077926,1.995494176525611,0.0,0.01107279129784631,55.22265625,0.0,3.1998977845921384,4.8,0.0,0.010392181838146473,79.0234375,0.0,1.1999644468146569,0.4908333802470526,0.0,0.00329590399932753,53.96484375,0.0,2.9332355620736394,4.630555555555555,0.0,0.003792407800261353,144.5859375,0.0,,,,0.004885695834678871,44.8359375,0.0
2026-05-29T04:30:18Z,2.6001733448896593,50.0,0.0,0.015507580801608589,58.89453125,0.0,4.666666666666667,4.7893718629465045,0.0,0.0067101598374028435,107.125,0.0,0.26666666666666666,24.25,0.0,0.0035736888781393162,54.34765625,0.0,15.000933457794373,4.304940748352882,0.0,0.009604911793135827,90.22265625,0.0,0.2,4.799999999999999,0.0,0.005600977949995644,82.93359375,0.0,0.13333333333333333,4.599986665777719,0.0,0.0026693798214177636,84.4453125,0.0,27.06751118104079,2.1779689826030557,0.0,0.01107279129784631,55.22265625,0.0,3.1998977845921384,4.8,0.0,0.010392181838146473,79.0234375,0.0,1.466773347557452,0.4911017616266148,0.0,0.0028379432751306677,53.96484375,0.0,2.9332355620736394,4.630555555555555,0.0,0.0031877087912830595,144.5859375,0.0,,,,0.004925087459633862,44.8359375,0.0
2026-05-29T04:30:23Z,2.0,749.999999999995,0.0,0.017276126433623983,58.89453125,0.0,4.600311152598124,4.788832595766964,0.0,0.0067101598374028435,107.125,0.0,0.13335111348179757,24.25,0.0,0.003680873296427093,54.34765625,0.0,14.001866915588746,4.291578947368421,0.0,0.009092089159961928,90.328125,0.0,0.13334222340756546,4.8,0.0,0.0056050537778718395,83.109375,0.0,0.06667555674089878,4.6,0.0,0.0026693798214177636,84.4453125,0.0,27.869129174551034,2.2944841405028003,0.0,0.01069678605602377,55.22265625,0.0,3.400146706670638,4.8,0.0,0.010392181838146473,79.0234375,0.0,1.600213361781571,2.0,0.0,0.003483725714285616,53.96875,0.0,2.8000800302249487,4.617917671529256,0.0,0.0038205703508598686,144.5859375,0.0,,,,0.004946152848059803,44.9609375,0.0
2026-05-29T04:30:28Z,2.0,749.999999999995,0.0,0.021222547584184733,58.89453125,0.0,4.467120050969126,4.791044695256998,0.0,0.0067101598374028435,107.125,0.0,0.13335111348179757,24.25,0.0,0.003680873296427093,54.34765625,0.0,14.001866915588746,4.291578947368421,0.0,0.009092089159961928,90.328125,0.0,0.13334666814832594,4.800000000000001,0.0,0.00560505377787184,83.109375,0.0,0.06667555674089878,4.6,0.0,0.001770482119148232,84.4453125,0.0,28.002786975148034,2.3483870967741898,0.0,0.010599633321875532,55.22265625,0.0,3.533804507267636,4.8,0.0,0.010721118345030265,79.0234375,0.0,1.600213361781571,2.0,0.0,0.003483725714285616,53.96875,0.0,2.733604474373946,4.617650623002767,0.0,0.003950492241623781,144.6640625,0.0,,,,0.004946152848059803,44.9609375,0.0
2026-05-29T04:30:33Z,2.0,749.999999999995,0.0,0.016716204886527905,58.89453125,0.0,4.467120050969126,4.791044695256998,0.0,0.005440760700544958,106.7265625,0.0,0.13335111348179757,24.25,0.0,0.0035806387941860834,54.34765625,0.0,15.067062382532724,4.282302268355298,0.0,0.00902965679084746,90.328125,0.0,0.13334666814832594,4.800000000000001,0.0,0.005798016904101097,83.109375,0.0,0.13334666814832594,4.680002133437634,0.0,0.0020712986624393374,84.6328125,0.0,24.135173578699384,2.5072384351437167,0.0,0.010599633321875532,55.22265625,0.0,3.533804507267636,4.8,0.0,0.010120827333421095,79.015625,0.0,1.3334400142241187,1.900034445592624,0.0,0.003483725714285616,53.96875,0.0,2.733604474373946,4.617650623002767,0.0,0.003950492241623781,144.6640625,0.0,,,,0.0049881370826006365,44.9609375,0.0
2026-05-29T04:30:38Z,2.6,899.9999999999941,0.0,0.014947659254512512,58.89453125,0.0,4.266808898371003,4.790673414995263,0.0,0.006928110571801131,106.7265625,0.0,0.0,24.25,0.0,0.002484229938724637,54.34765625,0.0,15.999462258071684,4.281920305710148,0.0,0.007349463403490519,90.328125,0.0,0.06667111140742715,4.8,0.0,0.005795427324835378,83.296875,0.0,0.06667111140742715,4.65,0.0,0.0027304976902292177,84.6328125,0.0,22.733555585189137,2.5574568377929383,0.0,0.010918566516269063,55.22265625,0.0,3.26688891852247,4.8,0.0,0.00933685921347156,79.015625,0.0,1.2666666666666666,2.966682099165533,0.0,0.0036407296833492783,53.65234375,0.0,2.60009333955597,4.593442622950819,0.0,0.003944003569493534,144.6640625,0.0,,,,0.0049881370826006365,44.9609375,0.0
2026-05-29T04:30:43Z,2.6,899.9999999999941,0.0,0.021017950944215474,59.65234375,0.0,4.066666666666666,4.813186634190227,0.0,0.006928110571801131,106.7265625,0.0,0.0,24.25,0.0,0.0023681111111108696,54.34765625,0.0,15.999462258071684,4.281920305710148,0.0,0.009183849201324347,90.484375,0.0,0.0,4.8,0.0,0.005795427324835378,83.296875,0.0,0.06667111140742715,4.65,0.0,0.0027304976902292177,84.6328125,0.0,22.666666666666668,2.614572587466591,0.0,0.010918566516269063,55.22265625,0.0,3.2,4.8,0.0,0.00933685921347156,79.015625,0.0,1.2666666666666666,2.966682099165533,0.0,0.0036407296833492783,53.65234375,0.0,2.400080005333689,4.603393677514759,0.0,0.0032759715315623605,144.6640625,0.0,,,,0.0049881370826006365,44.9609375,0.0
2026-05-29T04:30:48Z,2.6,899.9999999999941,0.0,0.021017950944215474,59.65234375,0.0,4.066666666666666,4.813186634190227,0.0,0.006717271222605456,106.79296875,0.0,0.0,24.25,0.0,0.0024923160869598153,54.34765625,0.0,14.73424012090501,4.340812163655482,0.0,0.008834344020249756,90.484375,0.0,0.0,4.8,0.0,0.005574409539096498,83.30078125,0.0,0.0,4.749999166615737,0.0,0.0027304976902292177,84.6328125,0.0,25.133333333333333,2.7858675339735446,0.0,0.008369724475274986,55.24609375,0.0,3.2,4.8,0.0,0.009521784887391908,79.5546875,0.0,1.3334133440014224,2.6399484398613167,0.0,0.0036407296833492774,53.65234375,0.0,2.400080005333689,4.603393677514759,0.0,0.002947304567437899,144.6640625,0.0,,,,0.004888454718591334,44.9609375,0.0
2026-05-29T04:30:53Z,2.3338000933520036,46.24999999999983,0.0,0.021017950944215474,59.65234375,0.0,4.0668088983710025,4.834782703217675,0.0,0.006717271222605456,106.79296875,0.0,0.0,24.25,0.0,0.0022314725955024568,54.34765625,0.0,14.00138681957381,4.364878048780487,0.0,0.009406070918657092,90.5625,0.0,0.0,4.799999999999999,0.0,0.005574409539096498,83.30078125,0.0,0.0,4.699999999999999,0.0,0.0020985581310467927,84.6328125,0.0,25.86743116207747,2.843827329681835,0.0,0.009279519988318172,55.24609375,0.0,3.333448896593106,4.8,0.0,0.009412365147763863,79.5546875,0.0,0.933435567705225,2.149967774913329,0.0,0.0036547520337044293,53.66015625,0.0,2.8668577905193677,4.618757135595056,0.0,0.002618637603313438,144.6640625,0.0,,,,0.0048461035950602225,45.03125,0.0
2026-05-29T04:30:58Z,2.3338000933520036,46.24999999999983,0.0,0.021477476023607188,58.91015625,0.0,4.600306687112473,4.830851155631031,0.0,0.0066899417127479,106.79296875,0.0,0.0,24.25,0.0,0.00291861440213289,54.35546875,0.0,14.00138681957381,4.364878048780487,0.0,0.009406070918657092,90.5625,0.0,0.0,4.800000000000001,0.0,0.005574409539096498,83.30078125,0.0,0.0,4.699999999999999,0.0,0.0033096214360635464,89.94921875,0.0,26.13422228148543,2.8804082935589745,0.0,0.010917546156518224,55.24609375,0.0,3.6002400160010666,4.873548387096774,0.0,0.009412365147763863,79.5546875,0.0,0.933435567705225,2.149967774913329,0.0,0.0036547520337044293,53.66015625,0.0,3.4003422604490474,4.590471967379145,0.0,0.003965884990607828,144.6953125,0.0,,,,0.0048461035950602225,45.03125,0.0
2026-05-29T04:31:03Z,2.3338000933520036,46.24999999999983,0.0,0.021477476023607188,58.91015625,0.0,4.600306687112473,4.830851155631031,0.0,0.0068009205758493875,106.83203125,0.0,0.0,24.25,0.0,0.00291861440213289,54.35546875,0.0,16.000480032002134,4.36476989312672,0.0,0.01005254434428626,90.5625,0.0,0.0,4.800000000000001,0.0,0.003321824999999734,83.30078125,0.0,0.0,4.8,0.0,0.003309621436063546,89.94921875,0.0,27.73614253751957,2.803757061079085,0.0,0.011124841559967921,55.25390625,0.0,3.6002400160010666,4.873548387096774,0.0,0.053648835291692586,84.73828125,0.0,0.7999911146666272,2.3000577790617536,0.0,0.0036547520337044293,53.66015625,0.0,3.4003422604490474,4.590471967379145,0.0,0.003965884990607828,144.6953125,0.0,,,,0.004772462831286422,45.03125,0.0
2026-05-29T04:31:08Z,2.5998266782214516,229.9999999999998,0.0,0.021477476023607188,58.91015625,0.0,4.866831122074805,4.830208250141846,0.0,0.0068009205758493875,106.83203125,0.0,0.13333333333333333,24.25,0.0,0.00291861440213289,54.35546875,0.0,19.266666666666666,4.347511312217193,0.0,0.010148553802136863,90.65234375,0.0,0.06666666666666667,4.799999999999999,0.0,0.005187770600356461,83.3046875,0.0,0.06666666666666667,4.8,0.0,0.003309621436063546,89.94921875,0.0,27.735378042108767,3.0549969742942626,0.0,0.011124841559967921,55.25390625,0.0,3.4667911194079606,57.2214457682573,0.0,0.053648835291692586,84.73828125,0.0,1.0666355576294915,1.533333333333327,0.0,0.0035868397123255567,53.6640625,0.0,3.3335644752633686,4.599988058675686,0.0,0.0038458376488864883,144.6953125,0.0,,,,0.004510105504004013,45.28515625,0.0
2026-05-29T04:31:13Z,2.5998266782214516,229.9999999999998,0.0,0.016494131743961384,58.9140625,0.0,4.73348889925995,4.829743502429655,0.0,0.006660178450484072,106.83203125,0.0,0.13333333333333333,24.25,0.0,0.0031897489457297294,54.35546875,0.0,19.266666666666666,4.347511312217193,0.0,0.010148553802136863,90.65234375,0.0,0.13333333333333333,4.800000000000001,0.0,0.005187770600356461,83.3046875,0.0,0.06666666666666667,4.8,0.0,0.003309621436063546,89.94921875,0.0,27.46858692270081,3.1407832366951687,0.0,0.011609756097560238,55.25390625,0.0,3.2,84.47916666666667,0.0,0.08000884723769579,84.73828125,0.0,1.0666355576294915,1.533333333333327,0.0,0.0035868397123255567,53.6640625,0.0,3.1332311179254715,4.611590576987677,0.0,0.003724382370935682,144.69921875,0.0,,,,0.004510105504004013,45.28515625,0.0
2026-05-29T04:31:18Z,2.5998266782214516,229.9999999999998,0.0,0.018451706305897507,58.9140625,0.0,4.73348889925995,4.829743502429655,0.0,0.006490409527333988,106.86328125,0.0,0.13333333333333333,24.25,0.0,0.0031897489457297294,54.35546875,0.0,20.334649064319688,4.3127627077110215,0.0,0.009990744799217492,90.625,0.0,0.13333333333333333,4.800000000000001,0.0,0.005187770600356462,83.3046875,0.0,0.1333377780740938,4.699997777679008,0.0,0.0030309958330550437,89.97265625,0.0,27.8,3.134903887483083,0.0,0.011609756097560238,55.25390625,0.0,3.2,84.47916666666667,0.0,0.12292650524962538,85.7734375,0.0,1.4667244482965531,1.266622220246835,0.0,0.0035868397123255567,53.6640625,0.0,3.1332311179254715,4.611590576987677,0.0,0.003724382370935682,144.69921875,0.0,,,,0.004510105504004013,45.28515625,0.0
2026-05-29T04:31:23Z,2.400320042672356,362.50000000000176,0.0,0.023490894743233473,58.9140625,0.0,4.533635575705047,4.829896900366805,0.0,0.006490409527333988,106.86328125,0.0,0.0,24.25,0.0,0.0029857777423660096,54.35546875,0.0,17.935186877951708,4.289584426093599,0.0,0.008559144033412111,90.625,0.0,0.06666666666666667,4.8,0.0,0.004717111190261743,83.3046875,0.0,0.06667111140742715,4.600004444641984,0.0,0.0030309958330550437,89.97265625,0.0,27.00071115852168,3.2429557887318214,0.0,0.008979048360052573,55.25390625,0.0,3.266777785185679,89.51390106349092,0.0,0.12292650524962538,85.7734375,0.0,1.4000933395559703,2.7600081782866495,0.0,0.003327509729254779,53.6640625,0.0,3.0666666802962963,4.622535211267605,0.0,0.003724382370935682,144.69921875,0.0,,,,0.004399013889724096,45.28515625,0.0
2026-05-29T04:31:28Z,2.400320042672356,362.50000000000176,0.0,0.023490894743233473,58.9140625,0.0,4.200280018667911,4.810308959961455,0.0,0.006490409527333988,106.86328125,0.0,0.0,24.25,0.0,0.0029857777423660096,54.35546875,0.0,17.935186877951708,4.289584426093599,0.0,0.01030129297909634,90.625,0.0,0.0,4.800000000000001,0.0,0.004717111190261743,83.3046875,0.0,0.06667111140742715,4.600004444641984,0.0,0.0030309958330550437,89.97265625,0.0,26.934146720892503,3.351388796290122,0.0,0.011135408450134467,55.25390625,0.0,3.2002133475565033,91.36363636363637,0.0,0.12292650524962538,85.7734375,0.0,1.4000933395559703,2.7600081782866495,0.0,0.003327509729254779,53.6640625,0.0,3.0668711247416494,4.6083333333333325,0.0,0.0023524614085311058,144.69921875,0.0,,,,0.004404664802299639,45.29296875,0.0
2026-05-29T04:31:33Z,2.400320042672356,362.50000000000176,0.0,0.022099902056807372,58.9296875,0.0,4.200280018667911,4.810308959961455,0.0,0.006304408542087821,106.96484375,0.0,0.0,24.25,0.0,0.0021640989763082917,54.35546875,0.0,14.33345339703757,4.268229076129919,0.0,0.008753666782500714,90.625,0.0,0.0,4.800000000000001,0.0,0.004717111190261743,83.3046875,0.0,0.06666666666666667,4.600008889086424,0.0,0.001729535116649512,89.97265625,0.0,22.001466764450964,3.3510336567264707,0.0,0.011135408450134467,55.25390625,0.0,3.2002133475565033,91.36363636363637,0.0,0.18395314290656767,86.8046875,0.0,0.7333822254816987,3.0400273785726695,0.0,0.003327509729254779,53.6640625,0.0,3.0668711247416494,4.6083333333333325,0.0,0.0027748014458065305,144.59375,0.0,,,,0.004224486837527707,45.29296875,0.0
2026-05-29T04:31:38Z,2.3331777881474567,245.38461538461513,0.0,0.022099902056807372,58.9296875,0.0,4.000124453926479,4.790673360348948,0.0,0.006304408542087821,106.96484375,0.0,0.13332888918516544,24.25,0.0,0.002430412614359686,54.35546875,0.0,12.599573361775882,4.251923076923077,0.0,0.009629849184901208,90.7734375,0.0,0.06666222251849876,4.799999999999999,0.0,0.0046807284058816845,83.3046875,0.0,0.13332888918516544,4.699999999999999,0.0,0.002549900013331662,90.03125,0.0,21.134084495114447,3.5142637297818236,0.0,0.010871778287371792,55.25390625,0.0,3.066768895704158,93.14813763109507,0.0,0.18395314290656767,86.8046875,0.0,0.6666711125926124,3.433333333333331,0.0,0.003295769858542111,53.6015625,0.0,2.933435562370825,4.611107324941617,0.0,0.0036449795680092794,144.59375,0.0,,,,0.004224486837527707,45.29296875,0.0
2026-05-29T04:31:43Z,2.3331777881474567,245.38461538461513,0.0,0.021102941176471327,58.9296875,0.0,4.066657778370331,4.793684136654926,0.0,0.006304408542087821,106.96484375,0.0,0.13332888918516544,24.25,0.0,0.002974194510739979,54.35546875,0.0,12.599573361775882,4.251923076923077,0.0,0.00920564388277445,90.7734375,0.0,0.13332444503699753,4.8,0.0,0.0046807284058816845,83.3046875,0.0,0.13332888918516544,4.699999999999999,0.0,0.002549900013331662,90.03125,0.0,21.26731559941029,3.5569338143764386,0.0,0.010871778287371792,55.25390625,0.0,3.2,94.09836065573771,0.0,0.18395314290656767,86.8046875,0.0,0.6666711125926124,3.433333333333331,0.0,0.0032957698585421103,53.6015625,0.0,2.7333333333333334,4.630558945479528,0.0,0.0036449795680092794,144.59375,0.0,,,,0.004191255520252645,45.05078125,0.0
2026-05-29T04:31:48Z,2.3331777881474567,245.38461538461513,0.0,0.020578955715022672,59.06640625,0.0,4.066657778370331,4.793684136654926,0.0,0.004920417484281372,106.96484375,0.0,0.13332888918516544,24.25,0.0,0.002974194510739979,54.35546875,0.0,13.000880119126876,4.2649905616727,0.0,0.009205643882774452,90.7734375,0.0,0.13332444503699753,4.8,0.0,0.0046429238528108,83.3046875,0.0,0.20000444533335307,4.5999970369272924,0.0,0.002738621329700176,89.921875,0.0,24.667542281189075,3.6447084231174434,0.0,0.010517097409662465,55.25390625,0.0,3.2,94.09836065573771,0.0,0.2044583555054172,87.46484375,0.0,1.333382226666884,3.233290367505983,0.0,0.0032976772723290024,53.59765625,0.0,2.7333333333333334,4.630558945479528,0.0,0.0036449795680092794,144.59375,0.0,,,,0.004191255520252645,45.05078125,0.0
2026-05-29T04:31:53Z,2.6670222696359516,246.99999999999986,0.00900900900900901,0.02057895571502268,59.06640625,0.0,5.0003911632662135,4.813402337493392,0.0,0.006211814292904105,107.30078125,0.0,0.5334044539271903,24.25,0.0,0.0024587666020287405,54.35546875,0.0,15.268702493665822,4.294845360824742,0.0,0.009375913073389959,90.921875,0.0,0.2666888927411951,4.8,0.0,0.0046429238528108,83.3046875,0.0,0.40004444977844944,4.7000018519410185,0.0,0.002738621329700176,89.921875,0.0,30.202924775743966,3.5410228619547017,0.0,0.010517097409662465,55.25390625,0.0,3.9336355958572256,93.87096057315807,0.0,0.2044583555054172,87.46484375,0.0,2.0668844696327313,3.666666666666665,0.0,0.002784828279808635,53.59765625,0.0,2.666844468151309,4.630996230964682,0.0,0.0027771099328662697,144.59375,0.0,,,,0.004322947080292449,45.0625,0.0
2026-05-29T04:31:58Z,2.6670222696359516,246.99999999999986,0.00900900900900901,0.01946494088870681,59.06640625,0.0,5.933924509933769,4.812935594788479,0.0,0.006211814292904105,107.30078125,0.0,0.5334044539271903,24.25,0.0,0.003483528631439392,54.35546875,0.0,15.268702493665822,4.294845360824742,0.0,0.009375913073389959,90.921875,0.0,0.40005334044539276,4.8,0.0,0.004802676933621055,83.30078125,0.0,0.40004444977844944,4.7000018519410185,0.0,0.002973528869212266,89.921875,0.0,30.803378199762104,3.5914308022713506,0.0,0.011762567542389003,55.25390625,0.0,4.5340890198753625,93.77193252646015,0.0,0.2044583555054172,87.46484375,0.0,2.0668844696327313,3.666666666666665,0.0,0.003249139313027203,53.59765625,0.0,2.8669466971888005,4.641099034779712,0.0,0.0038879886889002786,144.69921875,0.0,,,,0.004322947080292449,45.0625,0.0
2026-05-29T04:32:03Z,2.6670222696359516,246.99999999999986,0.00900900900900901,0.021281093394076595,59.12890625,0.0,5.933924509933769,4.812935594788479,0.0,0.006279846567365389,107.30078125,0.0,0.5334044539271903,24.25,0.0,0.003483528631439392,54.35546875,0.0,17.401146819575942,4.334681717955288,0.0,0.009375913073389959,90.921875,0.0,0.40005334044539276,4.8,0.0,0.004802676933621055,83.30078125,0.0,0.4000355602969285,4.714288435469175,0.0,0.002833595364297708,89.9296875,0.0,36.003724889541424,3.538103318247881,0.0,0.00964691483772517,55.25390625,0.0,4.5340890198753625,93.77193252646015,0.0,0.14957098359217239,84.1953125,0.0,2.3334933546695114,3.836372268554435,0.0,0.003435845364250549,53.6484375,0.0,2.8669466971888005,4.641099034779712,0.0,0.0038879886889002786,144.69921875,0.0,,,,0.004322947080292449,45.0625,0.0
2026-05-29T04:32:08Z,2.5333333333333337,245.22727272727278,0.008849557522123895,0.021281093394076595,59.12890625,0.0,5.333533346667556,4.812807897196498,0.0,0.006444353918853013,107.6171875,0.0,0.13333333333333333,24.25,0.0,0.003483528631439392,54.35546875,0.0,14.733333333333333,4.394370382241096,0.0,0.009321259435722885,90.921875,0.0,0.26669333688936303,4.8,0.0,0.00504251839738393,83.30078125,0.0,0.2,4.725,0.0,0.002833595364297708,89.9296875,0.0,33.80168017246803,3.526319680449704,0.0,0.012601629379753877,55.25390625,0.0,4.267120090684804,93.38543238913633,0.0,0.14957098359217239,84.1953125,0.0,1.9333333333333333,3.9538463379402886,0.0,0.0035459809008196687,53.6484375,0.0,2.933435562370825,4.638888888888888,0.0,0.0037896703857655417,144.69921875,0.0,,,,0.003840137507215479,44.875,0.0
2026-05-29T04:32:13Z,2.5333333333333337,245.22727272727278,0.008849557522123895,0.022295066708035983,59.12890625,0.0,4.733333333333333,4.811267890419586,0.0,0.006444353918853013,107.6171875,0.0,0.13333333333333333,24.25,0.0,0.003947369429436351,54.35546875,0.0,14.733333333333333,4.394370382241096,0.0,0.009168540169271993,91.02734375,0.0,0.2,4.8,0.0,0.004098937142273462,83.30078125,0.0,0.2,4.725,0.0,0.002833595364297708,89.9296875,0.0,33.60108897985669,3.4795056710426193,0.0,0.012588188205995337,55.26171875,0.0,4.066528898073462,91.93749999999999,0.0,0.14957098359217239,84.1953125,0.0,1.9333333333333333,3.9538463379402886,0.0,0.0035459809008196687,53.6484375,0.0,2.5334088939262616,4.648571428571428,0.0,0.003793098800377328,144.69921875,0.0,,,,0.004489609390032451,44.875,0.0
2026-05-29T04:32:18Z,2.5333333333333337,245.22727272727278,0.008849557522123895,0.02162506326978354,58.9296875,0.0,4.733333333333333,4.811267890419586,0.0,0.006674826750198302,106.7578125,0.0,0.13333333333333333,24.25,0.0,0.003947369429436351,54.35546875,0.0,12.667115585483476,4.391505208189671,0.0,0.007994801841547824,91.02734375,0.0,0.2,4.8,0.0,0.0036787272758248015,83.30078125,0.0,0.20000888948152096,4.674997916585645,0.0,0.0024282904080159175,89.89453125,0.0,28.46564451258805,3.4435423966417944,0.0,0.012588188205995337,55.26171875,0.0,4.066528898073462,91.93749999999999,0.0,0.08568850072780204,84.30078125,0.0,1.4667555674089878,3.8461439309711025,0.0,0.0034938215733345077,53.6484375,0.0,2.5334088939262616,4.648571428571428,0.0,0.003793098800377328,144.69921875,0.0,,,,0.004489609390032451,44.875,0.0
2026-05-29T04:32:23Z,2.133475565037669,240.3571428571428,0.009090909090909092,0.02162506326978354,58.9296875,0.0,4.73348889925995,4.810329161246933,0.0,0.006674826750198302,106.7578125,0.0,0.20001333422228146,24.25,0.0,0.0043700647558674215,54.35546875,0.0,14.867657843856257,4.385781990521327,0.0,0.009659786852997627,91.02734375,0.0,0.2666755561481876,4.8,0.0,0.0033605995063006123,83.30078125,0.0,0.2666844456297086,4.675002083437505,0.0,0.0029256217202830305,89.89453125,0.0,26.133031227257916,3.3195146715334705,0.0,0.012588188205995337,55.26171875,0.0,3.666635571851714,89.1666407392427,0.0,0.08568850072780204,84.30078125,0.0,1.4001377928906866,3.8857142857142852,0.0,0.003534760963650451,53.6484375,0.0,2.533502233482232,4.6417942458356265,0.0,0.0038275005216337294,144.63671875,0.0,,,,0.004458116129032327,44.88671875,0.0
2026-05-29T04:32:28Z,2.133475565037669,240.3571428571428,0.009090909090909092,0.02162506326978354,58.9296875,0.0,4.867160055414105,4.806511627906977,0.0,0.006674826750198302,106.7578125,0.0,0.20001333422228146,24.25,0.0,0.0043700647558674215,54.35546875,0.0,14.867657843856257,4.385781990521327,0.0,0.009444305489671137,91.11328125,0.0,0.2000177795557531,4.8,0.0,0.005276619056156549,83.30078125,0.0,0.2666844456297086,4.675002083437505,0.0,0.0029256217202830305,89.89453125,0.0,25.799951225777562,3.3063559366136355,0.0,0.012494328843667406,55.515625,0.0,3.3335555703713577,84.99999999999997,0.0,0.08568850072780204,84.30078125,0.0,1.4001377928906866,3.8857142857142852,0.0,0.003043969222628041,53.6484375,0.0,2.8668577905193677,4.629850746268657,0.0,0.0038275005216337294,144.63671875,0.0,,,,0.00458251515009176,44.88671875,0.0
2026-05-29T04:32:33Z,2.133475565037669,240.3571428571428,0.009090909090909092,0.022323654691020545,58.91015625,0.0,4.867160055414105,4.806511627906977,0.0,0.004622849999999801,106.7578125,0.0,0.20001333422228146,24.25,0.0,0.003936781504821646,54.37109375,0.0,17.267817854523635,4.371967034310201,0.0,0.009444305489671137,91.11328125,0.0,0.2000177795557531,4.8,0.0,0.005276619056156549,83.30078125,0.0,0.20001333422228146,4.6857164626887,0.0,0.0029667754700122063,90.0546875,0.0,26.00263140625786,3.2220933111985675,0.0,0.012494328843667406,55.515625,0.0,3.3335555703713577,84.99999999999997,0.0,0.021664248704663304,84.30078125,0.0,1.466715558815032,3.9142943314761,0.0,0.003625764480661322,53.65625,0.0,2.8668577905193677,4.629850746268657,0.0,0.002617467176286872,144.63671875,0.0,,,,0.00458251515009176,44.88671875,0.0
2026-05-29T04:32:38Z,2.8000000000000003,549.9999999999985,0.0,0.022323654691020545,58.91015625,0.0,4.733671156154155,4.788784843694052,0.0,0.0067279096924869174,107.27734375,0.0,0.06666666666666667,24.25,0.0,0.0035726512515432663,54.37109375,0.0,18.467275596150856,4.334575196500547,0.0,0.008867405649643773,91.11328125,0.0,0.06667555674089878,4.8,0.0,0.005373104671068237,83.30078125,0.0,0.06667111140742715,4.599996666537031,0.0,0.0028689240066184824,90.0546875,0.0,25.335244691587995,3.1462122201469525,0.0,0.009344512138730545,55.515625,0.0,3.2667822299264397,75.19259172520128,0.0,0.016946497478411125,84.30078125,0.0,1.2,3.6727172815063236,0.0,0.0037159934047814786,53.65625,0.0,2.933431117630064,4.626858798113712,0.0,0.003049482426726908,144.60546875,0.0,,,,0.0045849973304859125,44.8515625,0.0
2026-05-29T04:32:43Z,2.8000000000000003,549.9999999999985,0.0,0.022323654691020545,58.91015625,0.0,4.0,4.789795819562549,0.0,0.0067279096924869174,107.27734375,0.0,0.06666666666666667,24.25,0.0,0.0035726512515432663,54.37109375,0.0,18.467275596150856,4.334575196500547,0.0,0.009233186894847976,91.26171875,0.0,0.0,4.800000000000001,0.0,0.005373104671068237,83.30078125,0.0,0.06667111140742715,4.599996666537031,0.0,0.0028689240066184824,90.0546875,0.0,24.601862466106294,2.9039194605693393,0.0,0.010326892797696751,55.1796875,0.0,2.533400004444741,6.4999999999999805,0.0,0.016179361355373956,84.3046875,0.0,1.2,3.6727172815063236,0.0,0.0037159934047814786,53.65625,0.0,2.8666666666666663,4.63581764001921,0.0,0.0033719708127134046,144.60546875,0.0,,,,0.004609264919468255,44.8515625,0.0
2026-05-29T04:32:48Z,2.8000000000000003,549.9999999999985,0.0,0.020775450749362722,58.91015625,0.0,4.0,4.789795819562549,0.0,0.0067279096924869174,107.27734375,0.0,0.06666666666666667,24.25,0.0,0.0035726512515432667,54.37109375,0.0,17.067182256594883,4.315932580059703,0.0,0.009233186894847976,91.26171875,0.0,0.0,4.800000000000001,0.0,0.005373104671068237,83.30078125,0.0,0.0,4.599986665481374,0.0,0.0028578290547217992,90.1171875,0.0,20.334013378669688,2.9517059062101696,0.0,0.010326892797696751,55.1796875,0.0,2.533400004444741,6.4999999999999805,0.0,0.009619577389358059,84.3046875,0.0,0.8666933351112296,3.666641973662441,0.0,0.0036296073918409676,53.65625,0.0,2.8666666666666663,4.63581764001921,0.0,0.0038698606318379562,144.60546875,0.0,,,,0.004609264919468255,44.8515625,0.0
2026-05-29T04:32:53Z,2.533502233482232,787.4999999999973,0.0,0.021454536508561193,58.890625,0.0,4.2001600106673775,4.789898994433974,0.0,0.006704060705496721,107.24609375,0.0,0.0,24.25,0.0,0.003294122051666072,54.390625,0.0,16.134408960597373,4.227974385048049,0.0,0.008059229573635838,91.41015625,0.0,0.0,4.8,0.0,0.005373104671068237,83.30078125,0.0,0.0,4.499993332740688,0.0,0.0028578290547217992,90.1171875,0.0,21.734782318821253,2.782681388154357,0.0,0.010326892797696751,55.1796875,0.0,2.6668444562970866,4.878081878807869,0.0,0.009619577389358059,84.3046875,0.0,1.0667377825188347,1.5332903675059808,0.0,0.0036337619067960255,53.46484375,0.0,2.8000933395559704,4.642253521126761,0.0,0.003992530747486944,144.61328125,0.0,,,,0.003721458878253266,44.8515625,0.0
2026-05-29T04:32:58Z,2.533502233482232,787.4999999999973,0.0,0.021454536508561193,58.890625,0.0,5.000333355557037,4.7857866594438505,0.0,0.006704060705496721,107.24609375,0.0,0.0,24.25,0.0,0.0029101743544473696,54.390625,0.0,16.134408960597373,4.227974385048049,0.0,0.009894121978157264,91.41015625,0.0,0.06667111140742715,4.800000000000001,0.0,0.005609989093234539,83.328125,0.0,0.0,4.499993332740688,0.0,0.002857829054721799,90.1171875,0.0,22.601506767117808,2.6206268381716926,0.0,0.0102220990778111,55.1875,0.0,3.5335689045936394,4.851351359062194,0.0,0.009609959217898615,84.3046875,0.0,1.0667377825188347,1.5332903675059808,0.0,0.0036337619067960255,53.46484375,0.0,2.800280031114845,4.630552279452594,0.0,0.004142539130435066,144.61328125,0.0,,,,0.004584319312808473,45.08984375,0.0
2026-05-29T04:33:03Z,2.533502233482232,787.4999999999973,0.0,0.021988013698628385,58.890625,0.0,5.000333355557037,4.7857866594438505,0.0,0.006704060705496721,107.24609375,0.0,0.0,24.25,0.0,0.002973547717842539,54.390625,0.0,18.733893370669154,4.218181616148145,0.0,0.009894121978157264,91.41015625,0.0,0.06667111140742715,4.800000000000001,0.0,0.005609989093234539,83.328125,0.0,0.06666222251849876,4.733334321038868,0.0,0.002218372787670975,90.1171875,0.0,29.601973464897657,2.599964204951462,0.0,0.0102220990778111,55.1875,0.0,3.5335689045936394,4.851351359062194,0.0,0.009449976618160107,84.3046875,0.0,1.600044447407605,1.1333733339588337,0.0,0.0038287979518520855,53.48828125,0.0,2.800280031114845,4.630552279452594,0.0,0.004142539130435066,144.61328125,0.0,,,,0.004584319312808472,45.08984375,0.0
2026-05-29T04:33:08Z,3.2,1149.9999999999986,0.0,0.021988013698628385,58.890625,0.0,5.600191123852701,4.787254596508596,0.0,0.006829778542876709,107.24609375,0.0,0.20000888948152096,24.25,0.0,0.002973547717842539,54.390625,0.0,21.86669333511123,4.240186954746644,0.0,0.010467951303582556,91.9765625,0.0,0.20001333422228146,4.800000000000001,0.0,0.005609989093234539,83.328125,0.0,0.20000444533335307,4.733334321038868,0.0,0.0019859412808216864,90.1171875,0.0,31.0678889703758,2.6207851599931966,0.0,0.0102220990778111,55.1875,0.0,3.6667911194079608,4.825503933882787,0.0,0.009815642682290677,84.33203125,0.0,1.7333511122963754,0.49110164639481757,0.0,0.0038287979518520855,53.48828125,0.0,3.2001866915588746,4.6373270151111665,0.0,0.0042580313113419884,144.6171875,0.0,,,,0.004690903387703471,45.08984375,0.0
2026-05-29T04:33:13Z,3.2,1149.9999999999986,0.0,0.022811827855014243,58.87890625,0.0,6.666684445629708,4.787330326934554,0.0,0.007161867397507237,107.08203125,0.0,0.20000888948152096,24.25,0.0,0.002425046206522872,54.390625,0.0,21.86669333511123,4.240186954746644,0.0,0.010940367081112705,91.9765625,0.0,0.2666844456297086,4.8,0.0,0.005713573342654462,83.3125,0.0,0.20000444533335307,4.733334321038868,0.0,0.0029499899173219073,90.5,0.0,31.60125786163522,2.570162011828687,0.0,0.010079928629752695,55.1875,0.0,4.2001600106673775,4.825503933882787,0.0,0.009815642682290677,84.33203125,0.0,1.7333511122963754,0.49110164639481757,0.0,0.0038287979518520855,53.48828125,0.0,3.533217785480968,4.641558441558441,0.0,0.0042580313113419884,144.6171875,0.0,,,,0.0047315391546202575,44.83984375,0.0
2026-05-29T04:33:18Z,3.2,1149.9999999999986,0.0,0.023441106548517124,58.87890625,0.0,6.666684445629708,4.787330326934554,0.0,0.007316646130040332,107.08203125,0.0,0.20000888948152096,24.25,0.0,0.002912676856998745,54.390625,0.0,23.001555761212487,4.182846176851124,0.0,0.010940367081112705,91.9765625,0.0,0.2666844456297086,4.8,0.0,0.005713573342654462,83.3125,0.0,0.40004444977844944,4.6,0.0,0.002901933243098247,90.5,0.0,32.53351112296375,2.546528456379625,0.0,0.011875097424009514,54.99609375,0.0,4.2001600106673775,4.825503933882787,0.0,0.007176280272262357,84.33203125,0.0,1.8001511300765238,0.49007895018111813,0.0,0.0037400965282473678,53.46484375,0.0,3.533217785480968,4.641558441558441,0.0,0.0042580313113419884,144.6171875,0.0,,,,0.004731539154620257,44.83984375,0.0
2026-05-29T04:33:23Z,3.0670756100813445,1032.1428571428587,0.0,0.023441106548517124,58.87890625,0.0,6.600337822820821,4.787983121454963,0.0,0.007316646130040332,107.08203125,0.0,0.46670222696359515,24.25,0.0,0.0035331056282749793,54.390625,0.0,20.469324798862072,4.244052863436124,0.0,0.011650713090300718,87.9296875,0.0,0.3333422228148543,4.8,0.0,0.005722255325487973,83.31640625,0.0,0.46670222696359515,4.699999999999999,0.0,0.002901933243098247,90.5,0.0,34.06872026314549,2.68290243885348,0.0,0.011875097424009514,54.99609375,0.0,4.533777826376139,4.9,0.0,0.008236548537821685,84.3515625,0.0,2.0668889185224697,0.48169014084507045,0.0,0.0037400965282473678,53.46484375,0.0,3.2000800337807416,4.648107135412696,0.0,0.004233601512353446,144.73828125,0.0,,,,0.004782012928040646,44.83984375,0.0
2026-05-29T04:33:28Z,3.0670756100813445,1032.1428571428587,0.0,0.023991563502979922,58.91796875,0.0,5.267160055414104,4.786666822230778,0.0,0.007316646130040332,107.08203125,0.0,0.46670222696359515,24.25,0.0,0.0035331056282749793,54.390625,0.0,20.469324798862072,4.244052863436124,0.0,0.012275649042069507,87.9296875,0.0,0.3333422228148543,4.8,0.0,0.004049080327002094,83.31640625,0.0,0.46670222696359515,4.699999999999999,0.0,0.002889772543669001,90.4765625,0.0,33.468560252478106,2.6612748398566928,0.0,0.013598099397945889,54.99609375,0.0,3.933617815708761,4.916564715955493,0.0,0.010431182385134002,84.3515625,0.0,2.0668889185224697,0.48169014084507045,0.0,0.0037400965282473678,53.46484375,0.0,3.200426723563142,4.63076923076923,0.0,0.004233601512353447,144.73828125,0.0,,,,0.004782012928040646,44.83984375,0.0
2026-05-29T04:33:33Z,3.0670756100813445,1032.1428571428587,0.0,0.024845440360611672,58.91796875,0.0,5.267160055414104,4.786666822230778,0.0,0.007228551362141032,107.44140625,0.0,0.46670222696359515,24.25,0.0,0.004016046060027662,54.390625,0.0,17.200582409202827,4.275780623680514,0.0,0.011717401315184423,87.95703125,0.0,0.3333422228148543,4.8,0.0,0.004535108970434366,83.31640625,0.0,0.2,4.666674074156379,0.0,0.0030269244539920873,90.4765625,0.0,30.20374272125172,2.5857081176152157,0.0,0.012815554762753957,54.9921875,0.0,3.933617815708761,4.916564715955493,0.0,0.010431182385134003,84.3515625,0.0,1.5333911250384793,0.4814190654233674,0.0,0.002477024999999955,53.46484375,0.0,3.200426723563142,4.63076923076923,0.0,0.004233601512353447,144.73828125,0.0,,,,0.004741720394555341,45.08984375,0.0
2026-05-29T04:33:38Z,2.4,774.9999999999966,0.0,0.024845440360611676,58.91796875,0.0,4.866831122074805,4.7855319148936175,0.0,0.007412819304857028,107.44140625,0.0,0.1333377780740938,24.25,0.0,0.003793099803395024,54.63671875,0.0,17.266133370664296,4.314917276559376,0.0,0.011717401315184423,87.95703125,0.0,0.20001333422228146,4.8,0.0,0.0056854021019491895,83.30859375,0.0,0.06667111140742715,4.685718639483425,0.0,0.0030269244539920873,90.4765625,0.0,29.4018580249218,2.6278057205204766,0.0,0.012815554762753957,54.9921875,0.0,3.866666666666667,4.938181818181818,0.0,0.010476559787011558,84.36328125,0.0,1.1999777804443457,0.48133340464436286,0.0,0.002755515166436255,53.46484375,0.0,3.3335644752633686,4.635439751252612,0.0,0.003450739048636855,144.73828125,0.0,,,,0.004730436465157352,45.08984375,0.0
2026-05-29T04:33:43Z,2.4,774.9999999999966,0.0,0.024845440360611676,58.91796875,0.0,4.8000088894815205,4.7870690962356335,0.0,0.007412819304857028,107.44140625,0.0,0.1333377780740938,24.25,0.0,0.003793099803395024,54.63671875,0.0,17.266133370664296,4.314917276559376,0.0,0.012034809429390546,87.95703125,0.0,0.1333377780740938,4.8,0.0,0.0056854021019491895,83.30859375,0.0,0.06667111140742715,4.685718639483425,0.0,0.0029961263681048027,90.49609375,0.0,29.401978032922333,2.677946120843891,0.0,0.013318913600857714,54.9921875,0.0,3.8667866746672,5.093749999999994,0.0,0.010730550472327896,84.36328125,0.0,1.1999777804443457,0.48133340464436286,0.0,0.003708110325793113,53.46875,0.0,3.133435562370825,4.630379746835443,0.0,0.004112525089494483,144.734375,0.0,,,,0.004730436465157352,45.08984375,0.0
2026-05-29T04:33:48Z,2.4,774.9999999999966,0.0,0.024649926483224532,58.95703125,0.0,4.8000088894815205,4.7870690962356335,0.0,0.007412819304857028,107.44140625,0.0,0.1333377780740938,24.25,0.0,0.003793099803395024,54.63671875,0.0,17.20164032628736,4.342491447476615,0.0,0.01029427511566494,87.95703125,0.0,0.1333377780740938,4.8,0.0,0.005673491339342003,83.30859375,0.0,0.20003111674182736,4.633325925267431,0.0,0.002232577433628466,90.49609375,0.0,30.39913785244061,2.7596949096894274,0.0,0.013318913600857714,54.9921875,0.0,3.8667866746672,5.093749999999994,0.0,0.01098916461451084,77.51953125,0.0,1.800222265490056,0.4878378378378378,0.0,0.003708110325793113,53.46875,0.0,3.133435562370825,4.630379746835443,0.0,0.004112525089494483,144.734375,0.0,,,,0.004697268456765151,45.08984375,0.0
2026-05-29T04:33:53Z,2.667022269635951,242.49999999999955,0.0,0.024708959455628208,58.95703125,0.0,4.933688936302619,4.7870693632141545,0.0,0.007268109752842141,107.8203125,0.0,0.13335111348179757,24.25,0.0,0.00375660713919564,54.390625,0.0,16.46940491801076,4.36194347151982,0.0,0.011443533597012558,87.953125,0.0,0.13334222340756546,4.800000000000001,0.0,0.005673491339342003,83.30859375,0.0,0.200035562075299,4.633329629300382,0.0,0.0028761061946904554,90.49609375,0.0,30.40096031825091,2.8108089162910095,0.0,0.013200583459685751,55.0,0.0,3.800386710227497,6.425016445467713,0.0,0.01098916461451084,77.51953125,0.0,2.0670133937886837,0.4871795288216781,0.0,0.0035887406902594477,53.46875,0.0,2.8669466971888005,4.618926097261246,0.0,0.00390522521771685,144.7421875,0.0,,,,0.004697268456765151,45.08984375,0.0
2026-05-29T04:33:58Z,2.667022269635951,242.49999999999955,0.0,0.024708959455628208,58.95703125,0.0,5.467582381658357,4.785321104845537,0.0,0.007268109752842141,107.8203125,0.0,0.13335111348179757,24.25,0.0,0.00375660713919564,54.390625,0.0,16.46940491801076,4.36194347151982,0.0,0.011443533597012558,87.953125,0.0,0.20002667022269635,4.8,0.0,0.0055828279604212255,83.30859375,0.0,0.200035562075299,4.633329629300382,0.0,0.002701483870967749,90.5234375,0.0,30.734315875288043,2.723243654949905,0.0,0.012151233952919843,55.0,0.0,4.1337422672646325,6.425016445467713,0.0,0.011053580969342294,77.51953125,0.0,2.0670133937886837,0.4871795288216781,0.0,0.0035887406902594477,53.46875,0.0,2.466920028744237,4.633333333333333,0.0,0.00390522521771685,144.7421875,0.0,,,,0.0046372907387500694,45.08984375,0.0
2026-05-29T04:34:03Z,2.667022269635951,242.49999999999955,0.0,0.02444110016543846,58.6796875,0.0,5.467582381658357,4.785321104845537,0.0,0.007268109752842141,107.8203125,0.0,0.13335111348179757,24.25,0.0,0.0032705105105104975,54.390625,0.0,18.333777970387164,4.382584761500572,0.0,0.011443533597012558,87.953125,0.0,0.20002667022269635,4.8,0.0,0.004681387339078545,83.30859375,0.0,0.13333777925939755,4.666672592724282,0.0,0.0027014838709677495,90.5234375,0.0,31.002982543148786,2.6813852983438817,0.0,0.012151233952919843,55.0,0.0,4.1337422672646325,6.425016445467713,0.0,0.010677618267655217,77.51953125,0.0,2.2000533564464595,0.48672842885091927,0.0,0.003737579836255162,53.6640625,0.0,2.466920028744237,4.633333333333333,0.0,0.00390522521771685,144.7421875,0.0,,,,0.004715737458374172,44.84765625,0.0
2026-05-29T04:34:08Z,3.3333333333333335,52.50000000000015,0.0,0.02444110016543846,58.6796875,0.0,5.867022347873348,4.784976033043977,0.0,0.007268109752842141,107.8203125,0.0,0.26664889007399506,24.25,0.0,0.0032705105105104975,54.390625,0.0,20.06532897806813,4.340611229376087,0.0,0.010439680098430337,87.953125,0.0,0.2666755585187951,4.8,0.0,0.00565301230490567,83.30859375,0.0,0.1999866675554963,4.600004444543211,0.0,0.0027014838709677495,90.5234375,0.0,32.20015569866736,2.4579288060169224,0.0,0.012357324429942968,55.0,0.0,4.266666685629629,4.9988374290980975,0.0,0.010645301539035187,77.51953125,0.0,2.3331777881474567,0.49326918912820256,0.0,0.003737579836255162,53.6640625,0.0,2.5333155668147356,4.620577525062537,0.0,0.0038451397816662105,144.73828125,0.0,,,,0.004715737458374172,44.84765625,0.0
2026-05-29T04:34:13Z,3.3333333333333335,52.50000000000015,0.0,0.02409065941764796,58.6796875,0.0,6.33312890251761,4.782959279099036,0.0,0.007576421544953376,106.74609375,0.0,0.26664889007399506,24.25,0.0,0.0035511633024587833,54.390625,0.0,20.06532897806813,4.340611229376087,0.0,0.010515058968153496,87.9765625,0.0,0.33332444503699754,4.8,0.0,0.005628420821436249,83.30859375,0.0,0.1999866675554963,4.600004444543212,0.0,0.0021672927035344203,90.5234375,0.0,32.26668013362969,2.5027381460870584,0.0,0.012357324429942968,55.0,0.0,4.333191120591961,4.974712599050211,0.0,0.009260613941345187,77.51953125,0.0,2.3331777881474567,0.49326918912820256,0.0,0.0037162826953056815,53.66015625,0.0,3.066573339555141,4.615147723538253,0.0,0.0038451397816662105,144.73828125,0.0,,,,0.004006953555108674,44.84765625,0.0
2026-05-29T04:34:18Z,3.3333333333333335,52.50000000000015,0.0,0.024022008762366525,58.8828125,0.0,6.33312890251761,4.782959279099036,0.0,0.007576421544953376,106.74609375,0.0,0.26664889007399506,24.25,0.0,0.0035511633024587833,54.390625,0.0,18.39988452622171,4.302622098570403,0.0,0.010515058968153496,87.9765625,0.0,0.33332444503699754,4.8,0.0,0.005628420821436249,83.30859375,0.0,0.4667022287414915,4.499986665481375,0.0,0.0026521387890295145,90.57421875,0.0,35.86692014963076,2.332717122974422,0.0,0.01288086542718083,55.0,0.0,4.333191120591961,4.9747125990502115,0.0,0.010930694510131287,77.52734375,0.0,2.2000666906688595,0.49137902583852133,0.0,0.002728814876076242,53.66015625,0.0,3.066573339555141,4.615147723538254,0.0,0.00398697866531355,144.3984375,0.0,,,,0.003858379206723298,44.84765625,0.0
2026-05-29T04:34:23Z,2.8668577905193677,46.136363636363626,0.0,0.024022008762366525,58.8828125,0.0,6.133715606525315,4.785123966942148,0.0,0.007576421544953376,106.74609375,0.0,0.5334044539271903,24.25,0.0,0.0036198770171989997,54.390625,0.0,16.668333518540745,4.338399999999998,0.0,0.010650615812474725,87.9765625,0.0,0.46670222696359515,4.8,0.0,0.00556866159336152,83.30859375,0.0,0.600080010668089,4.6285676187089635,0.0,0.0026521387890295145,90.57421875,0.0,35.73655590196656,2.2757143910919573,0.0,0.01288086542718083,55.0,0.0,4.333617815708761,4.9422456874335445,0.0,0.011023005303476476,77.52734375,0.0,2.0669422589678623,0.48969066555226176,0.0,0.0030460359375515814,53.66015625,0.0,3.200204471707339,4.620591922506259,0.0,0.00337831421787248,144.3984375,0.0,,,,0.003462392137465901,44.84765625,0.0
2026-05-29T04:34:28Z,2.8668577905193677,46.136363636363626,0.0,0.023879861291160126,58.8828125,0.0,6.267275621637433,4.786454021352011,0.0,0.007284150588755959,106.88671875,0.0,0.5334044539271903,24.25,0.0,0.003991596974911142,54.39453125,0.0,16.668333518540745,4.338399999999998,0.0,0.010836260745265452,87.99609375,0.0,0.40004444977844944,4.799999999999999,0.0,0.00556866159336152,83.30859375,0.0,0.600080010668089,4.6285676187089635,0.0,0.002566957470010854,90.57421875,0.0,35.53668924418938,2.2793179449130667,0.0,0.01303959543791729,55.0,0.0,4.1337511579315755,4.880851474797547,0.0,0.011023005303476476,77.52734375,0.0,2.0669422589678623,0.4896906655522617,0.0,0.0038066527377040777,53.66015625,0.0,3.0004000533404453,4.637142857142857,0.0,0.003999451209951307,144.3984375,0.0,,,,0.004666702975509788,44.94140625,0.0
2026-05-29T04:34:33Z,2.8668577905193677,46.136363636363626,0.0,0.02454063397080848,59.125,0.0,6.267275621637433,4.786454021352011,0.0,0.00718580949736243,106.88671875,0.0,0.5334044539271903,24.25,0.0,0.003991596974911142,54.39453125,0.0,18.33444459261235,4.30505783953503,0.0,0.010933000669385233,87.99609375,0.0,0.40004444977844944,4.799999999999999,0.0,0.00556866159336152,83.30859375,0.0,0.3333688936302618,4.571438730384484,0.0,0.002566957470010854,90.57421875,0.0,35.80337368981909,1.9235199713450057,0.0,0.01306596242238482,55.0,0.0,4.1337511579315755,4.880851474797547,0.0,0.009277849227721912,77.52734375,0.0,2.000133351113482,0.4847940343268485,0.0,0.003769824392168632,53.7890625,0.0,3.0004000533404453,4.637142857142857,0.0,0.0033555173459757573,144.3984375,0.0,,,,0.004685032000202342,44.94140625,0.0
2026-05-29T04:34:38Z,2.933528901926795,42.85714285714286,0.0,0.02454063397080848,59.125,0.0,6.333551126815783,4.7865074343939655,0.0,0.00718580949736243,106.88671875,0.0,0.13332888918516544,24.25,0.0,0.0043931046431049895,54.39453125,0.0,20.06665777837033,4.277591672303663,0.0,0.01093884120171789,88.0390625,0.0,0.20000444533335307,4.8,0.0,0.00555162876459722,83.30859375,0.0,0.13332888918516544,4.571423491950615,0.0,0.0026821942446043083,90.49609375,0.0,34.13472898252472,1.6153245456553362,0.0,0.01306596242238482,55.0,0.0,4.000133342222815,4.820213000108513,0.0,0.010252471053373954,77.52734375,0.0,1.9333244450369975,0.48510641642785574,0.0,0.003769824392168632,53.7890625,0.0,3.066862248299773,4.641089651615794,0.0,0.00412177161343343,144.4140625,0.0,,,,0.004685032000202342,44.94140625,0.0
2026-05-29T04:34:43Z,2.933528901926795,42.85714285714286,0.0,0.02454063397080848,59.125,0.0,4.93319112059196,4.788000130134813,0.0,0.007600859055039395,106.9375,0.0,0.13332888918516544,24.25,0.0,0.0043931046431049895,54.39453125,0.0,20.06665777837033,4.277591672303663,0.0,0.01093884120171789,88.0390625,0.0,0.13332888918516544,4.800000000000001,0.0,0.005626971912273694,83.56640625,0.0,0.13332888918516544,4.571423491950615,0.0,0.002806938669438793,90.49609375,0.0,33.934715648302436,1.812317803730288,0.0,0.012376236069690502,55.0,0.0,3.8001200080005333,4.800000000000001,0.0,0.010252471053373954,77.52734375,0.0,1.9333244450369975,0.48510641642785574,0.0,0.0024331000000000105,53.7890625,0.0,3.2,4.631575764717647,0.0,0.004323461492679773,144.4140625,0.0,,,,0.004691580066792264,45.0390625,0.0
2026-05-29T04:34:48Z,2.933528901926795,42.85714285714286,0.0,0.02330820389314995,59.01953125,0.0,4.93319112059196,4.788000130134813,0.0,0.007600859055039395,106.9375,0.0,0.13332888918516544,24.25,0.0,0.0034184211596214294,54.39453125,0.0,19.66793794905976,4.283183273100294,0.0,0.01093884120171789,88.0390625,0.0,0.13332888918516544,4.800000000000001,0.0,0.005532970502450632,83.56640625,0.0,0.06666222251849876,4.6285599992380435,0.0,0.002806938669438793,90.49609375,0.0,25.734168945188898,1.9855201876758204,0.0,0.012376236069690497,55.0,0.0,3.8001200080005333,4.800000000000001,0.0,0.010507300454250261,77.52734375,0.0,1.4666933362964147,0.48630933231320617,0.0,0.0036416177343801463,53.90625,0.0,3.2,4.631575764717647,0.0,0.004323461492679773,144.4140625,0.0,,,,0.004618571536771472,45.0390625,0.0
2026-05-29T04:34:53Z,2.4,48.541666666666664,0.0,0.02330820389314995,59.01953125,0.0,4.266835604745522,4.7872887077711255,0.0,0.006396836459303679,106.9375,0.0,0.20002667022269635,24.25,0.0,0.0032588509752021744,54.39453125,0.0,19.469262568342447,4.251106588898358,0.0,0.0075427250000004165,88.0390625,0.0,0.20001778014846422,4.8,0.0,0.005532970502450632,83.56640625,0.0,0.13335111348179757,4.56,0.0,0.0028318554396424794,90.5234375,0.0,23.13557802106574,2.0000046386800276,0.0,0.011728105310530432,55.01171875,0.0,3.266982256300307,4.8,0.0,0.010507300454250261,77.52734375,0.0,1.266800015409304,0.4812500895540369,0.0,0.0036416177343801463,53.90625,0.0,3.0001866915588744,4.636369943904864,0.0,0.0036300903762057097,144.4140625,0.0,,,,0.004618571536771472,45.0390625,0.0
2026-05-29T04:34:58Z,2.4,48.541666666666664,0.0,0.02330820389314995,59.01953125,0.0,4.933991198826511,4.79035109727503,0.0,0.0070382808981537546,106.9921875,0.0,0.20002667022269635,24.25,0.0,0.003934374549275631,54.39453125,0.0,19.469262568342447,4.251106588898358,0.0,0.010530917788801698,88.0546875,0.0,0.2666933362966519,4.8,0.0,0.005659660601104102,83.3046875,0.0,0.13335111348179757,4.56,0.0,0.002900849941383499,90.5234375,0.0,22.93556468684346,1.9934256966322252,0.0,0.011728105310530432,55.01171875,0.0,3.066968922078025,4.8,0.0,0.010110735223791202,76.53515625,0.0,1.266800015409304,0.4812500895540369,0.0,0.0036416177343801463,53.90625,0.0,2.733608919707418,4.644739870938462,0.0,0.0042384897621020375,144.4140625,0.0,,,,0.004558608124683898,45.14453125,0.0
2026-05-29T04:35:03Z,2.4,48.541666666666664,0.0,0.022721615993336178,58.98828125,0.0,4.933991198826511,4.79035109727503,0.0,0.0070382808981537546,106.9921875,0.0,0.20002667022269635,24.25,0.0,0.003934374549275631,54.39453125,0.0,19.067982397653022,4.248468699656412,0.0,0.010530917788801698,88.0546875,0.0,0.2666933362966519,4.8,0.0,0.005659660601104102,83.3046875,0.0,0.2666844468151309,4.600008889086423,0.0,0.002953629435420971,83.30859375,0.0,25.935764700177682,2.1195821625549254,0.0,0.011728105310530432,55.01171875,0.0,3.066968922078025,4.8,0.0,0.009468416461413135,76.53515625,0.0,1.4000977908165533,0.48178594910727185,0.0,0.003646472281170847,53.90625,0.0,2.733608919707418,4.644739870938462,0.0,0.0042384897621020375,144.4140625,0.0,,,,0.00345827975218809,45.14453125,0.0
2026-05-29T04:35:08Z,2.8000000000000003,499.9999999999975,0.0,0.022721615993336178,58.98828125,0.0,5.533506726227735,4.789908141660218,0.0,0.007038280898153756,106.9921875,0.0,0.19999111170366418,42.5,0.0,0.003976486860304219,54.4140625,0.0,18.732724485034332,4.170726271711839,0.0,0.010530917788801698,88.0546875,0.0,0.20000888948152096,4.8,0.0,0.0056309756966085416,83.3125,0.0,0.2,4.466666666666667,0.0,0.0029536294354209716,83.30859375,0.0,29.466777907259754,2.164010688203544,0.0,0.008384777642458777,55.0,0.0,3.666635571851714,4.8,0.0,0.009468416461413135,76.53515625,0.0,1.1999733351109927,0.48266129032258065,0.0,0.003667700740346006,53.91015625,0.0,3.2666266811850075,4.63999388406571,0.0,0.004145171102661287,144.4140625,0.0,,,,0.0038374791723809736,45.14453125,0.0
2026-05-29T04:35:13Z,2.8000000000000003,499.9999999999975,0.0,0.022721615993336178,58.98828125,0.0,5.399986690074015,4.785981145363799,0.0,0.007250581996895814,107.17578125,0.0,0.19999111170366418,42.5,0.0,0.0036818654604385856,54.4140625,0.0,18.732724485034332,4.170726271711839,0.0,0.008550480308907493,88.0546875,0.0,0.2,4.8,0.0,0.0056309756966085416,83.3125,0.0,0.2,4.466666666666667,0.0,0.0029536294354209716,83.30859375,0.0,29.933475687111745,2.0674033643151817,0.0,0.009273698714471115,55.0,0.0,4.133333351703704,4.8,0.0,0.009468416461413135,76.53515625,0.0,1.1999733351109927,0.48266129032258065,0.0,0.0036550710568185817,53.91015625,0.0,3.79974668355443,4.605483297686388,0.0,0.004145171102661287,144.4140625,0.0,,,,0.004580842911877854,45.5390625,0.0
2026-05-29T04:35:18Z,2.8000000000000003,499.9999999999975,0.0,0.020877320639239298,58.98828125,0.0,5.399986690074015,4.785981145363799,0.0,0.007250581996895814,107.17578125,0.0,0.19999111170366418,42.499999999999986,0.0,0.0036818654604385856,54.4140625,0.0,18.20054686135117,4.114412623205473,0.0,0.010285789793082454,88.10546875,0.0,0.2,4.8,0.0,0.0056309756966085416,83.3125,0.0,0.26668000088894817,4.5333274071440215,0.0,0.0019489999999997565,83.30859375,0.0,29.39922229244099,2.1883663947808616,0.0,0.00930214418877551,55.0,0.0,4.133333351703704,4.8,0.0,0.00956018129503832,76.53515625,0.0,1.2000622358533137,0.48333315138885363,0.0,0.0036550710568185817,53.91015625,0.0,3.79974668355443,4.605483297686388,0.0,0.004088153327140013,144.4140625,0.0,,,,0.004580842911877854,45.5390625,0.0
2026-05-29T04:35:23Z,2.933724496599547,1024.9999999999966,0.0,0.021474195009383214,59.09375,0.0,4.867128938079803,4.7857821537491905,0.0,0.007250581996895814,107.17578125,0.0,0.2666933362966519,37.499999999999986,0.0,0.0036818654604385856,54.4140625,0.0,15.60206249603643,4.085398397845726,0.0,0.010285789793082454,88.10546875,0.0,0.2666755561481876,4.799999999999999,0.0,0.005233708180615674,84.19140625,0.0,0.3333555570371358,4.640003555713586,0.0,0.003133463541666638,83.97265625,0.0,26.468280205360063,1.93080096790709,0.0,0.008413223116763171,55.0,0.0,3.8003689288936107,4.8242038216560506,0.0,0.009560181295038318,76.53515625,0.0,1.3334933534840894,0.475,0.0,0.0036550710568185817,53.91015625,0.0,3.333404478817739,4.60549098899172,0.0,0.004088153327140013,144.4140625,0.0,,,,0.004580842911877854,45.5390625,0.0
2026-05-29T04:35:28Z,2.933724496599547,1024.9999999999966,0.0,0.021474195009383214,59.09375,0.0,4.867128938079803,4.787293900383185,0.0,0.006636442328500784,107.17578125,0.0,0.2666933362966519,37.499999999999986,0.0,0.0027378871085690093,56.39453125,0.0,15.60206249603643,4.085398397845726,0.0,0.010040509786071714,88.10546875,0.0,0.2000177795557531,4.8,0.0,0.006141848762987391,84.19140625,0.0,0.3333555570371358,4.640003555713586,0.0,0.003133463541666638,83.97265625,0.0,25.53488464565608,1.5029771613808487,0.0,0.010862990732547796,57.6484375,0.0,2.86697336918963,4.825503355704697,0.0,0.009560181295038318,76.53515625,0.0,1.3334933534840894,0.475,0.0,0.0036610364140709367,56.0390625,0.0,2.800373383117749,4.611271438381847,0.0,0.004088153327140013,144.4140625,0.0,,,,0.0036784595868265065,45.5390625,0.0
2026-05-29T04:35:33Z,2.933724496599547,1024.9999999999966,0.0,0.02223842337376009,59.09375,0.0,4.867128938079803,4.788857647402156,0.0,0.0050720946124579724,107.17578125,0.0,0.2666933362966519,37.499999999999986,0.0,0.003090598526245116,56.39453125,0.0,11.733920141051499,4.116867296597205,0.0,0.009498835304822132,90.8671875,0.0,0.2000177795557531,4.8,0.0,0.006141848762987391,84.19140625,0.0,0.1333422228148543,4.600008889086423,0.0,0.003133463541666638,83.97265625,0.0,21.202146907584655,1.549289254838682,0.0,0.010862990732547796,57.6484375,0.0,2.86697336918963,4.825503355704697,0.0,0.009204395329739217,76.59765625,0.0,1.0000488986675953,0.475,0.0,0.003689511417950126,56.0390625,0.0,2.800373383117749,4.611271438381847,0.0,0.004130322364627089,145.20703125,0.0,,,,0.0033017187776389375,45.5390625,0.0
2026-05-29T04:35:38Z,2.2,49.58333333333331,0.20168067226890757,0.018489232881842357,60.11328125,0.0,2.600164456000731,4.788419338863682,0.0,0.004519057751749574,161.125,0.0,0.0,37.499722209876005,0.0,0.0034433099439212227,56.39453125,0.0,7.132857809479369,4.164064518497224,0.0,0.009449546762199928,90.8671875,0.0,0.06667555674089878,4.8,0.0,0.005973048246752484,85.0,0.0,0.0,4.600004444543211,0.0,0.003393808752707548,85.02734375,0.0,11.600568940446973,2.0692849844976635,0.0,0.010862990732547796,57.6484375,0.0,1.1334088939262617,4.827337132968526,0.0,0.009122718191520754,76.59765625,0.0,0.3333111125924938,0.475,0.0,0.003689511417950126,56.0390625,0.0,1.4001733573364745,4.576657698393415,0.0,0.003515312404142447,145.20703125,0.0,,,,0.002924977968451368,45.5390625,0.0
2026-05-29T04:35:43Z,2.2,49.58333333333331,0.20168067226890757,0.018489232881842357,60.11328125,0.0,2.600164456000731,4.783728440458294,0.0,0.004199603997321778,161.125,0.0,0.0,37.499722209876005,0.0,0.0038633650588804237,56.39453125,0.0,7.132857809479369,4.164064518497224,0.0,0.00944954676219993,90.8671875,0.0,0.0,4.8,0.0,0.005989467191726047,85.0,0.0,0.0,4.600004444543211,0.0,0.003393808752707548,85.02734375,0.0,10.46716004652071,1.9227899173525898,0.0,0.008647088939403856,57.66796875,0.0,0.0,4.832478299360467,0.0,0.009122718191520754,76.59765625,0.0,0.3333111125924938,0.475,0.0,0.003689511417950126,56.0390625,0.0,0.06666222251849876,4.630501625680631,0.0,0.004253594648661856,145.20703125,0.0,,,,0.00469308035714313,47.4609375,0.0
2026-05-29T04:35:48Z,2.2,49.58333333333331,0.20168067226890757,0.016813241473060382,60.11328125,0.0,2.600164456000731,4.7850548344891495,0.0,0.012273403925984368,167.0234375,0.0,0.0,37.499722209876005,0.0,0.0038633650588804237,56.39453125,0.0,4.0000667066699265,4.287789555622279,0.0,0.00944954676219993,90.8671875,0.0,0.0,4.8,0.0,0.0059062583527435784,85.0,0.0,0.0,4.679994666192551,0.0,0.003393808752707548,85.02734375,0.0,3.1998977845921384,2.527757096614748,0.0,0.008647088939403856,57.66796875,0.0,0.0,4.832478299360467,0.0,0.009122718191520754,76.59765625,0.0,0.0,0.475,0.0,0.0031488633145386885,55.78515625,0.0,0.06666222251849876,4.630501625680631,0.0,0.00343137480307552,145.20703125,0.0,,,,0.00469308035714313,47.4609375,0.0
2026-05-29T04:35:53Z,1.9334622308153875,24.877928983829996,0.4622641509433962,0.013972083884804396,60.11328125,0.0,4.600582316165435,4.714390734192214,0.0,0.013730829684161894,167.0234375,0.0,0.13335111407462724,24.0,0.0,0.0038633650588804237,56.39453125,0.0,5.334289065218476,4.294036012168689,0.0,0.008225472136943674,90.87109375,0.0,0.0,4.8,0.0,0.0059062583527435784,85.0,0.0,0.0,4.59999555516046,0.0,0.00324687802168438,84.875,0.0,5.867506834700274,2.723876011343671,0.0,0.007826915181870849,57.66796875,0.0,0.46676001867040073,4.842698356376392,0.0,0.007310300166146166,76.59765625,0.0,0.20004000800160032,0.4749999999999999,0.0,0.0031488633145386885,55.78515625,0.0,0.40008001600320064,4.5200111243463175,0.0,0.0035721393034828055,145.171875,0.0,,,,0.00469308035714313,47.4609375,0.0
2026-05-29T04:35:58Z,1.9334622308153875,24.868088525790338,0.4622641509433962,0.015400677312016909,60.28125,0.0,2.067080082683203,4.640938673825964,0.0,0.012782612912782428,167.0234375,0.0,0.13335111407462724,24.0,0.0,0.0036091515112289547,56.4609375,0.0,5.334289065218476,4.294036012168689,0.0,0.006981391304347911,90.87109375,0.0,0.0,4.800000000000001,0.0,0.006183683339696649,85.0,0.0,0.0,4.59999555516046,0.0,0.00324687802168438,84.875,0.0,6.934315742554654,2.718103534587187,0.0,0.0075486779915752995,57.61328125,0.0,1.5335689265247812,4.855883558326399,0.0,0.007374076193200178,77.58984375,0.0,0.20004000800160032,0.4749999999999999,0.0,0.0031488633145386885,55.78515625,0.0,0.9334489072626179,4.641176470588235,0.0,0.0032266348883300444,145.171875,0.0,,,,0.005065390749601109,47.33203125,0.0
2026-05-29T04:36:03Z,1.9334622308153875,24.857142857142854,0.4622641509433962,0.011837698037360579,60.28125,0.0,2.067080082683203,4.614465074609208,0.0,0.010406966666666665,167.0234375,0.0,0.13335111407462724,24.0,0.0,0.0036091515112289547,56.4609375,0.0,9.600733480029339,4.4431753841926955,0.0,0.006981391304347911,90.87109375,0.0,0.0,4.800000000000001,0.0,0.005215370059394652,85.0,0.0,0.06666666666666667,4.666666666666666,0.0,0.0023237995180691016,84.8046875,0.0,15.402333700504602,3.077434539238813,0.0,0.0075486779915752995,57.61328125,0.0,1.5335689265247812,4.855883558326399,0.0,0.007374076193200178,77.58984375,0.0,1.1333733413349336,0.475,0.0,0.0031488633145386885,55.78515625,0.0,0.9334489072626179,4.641176470588235,0.0,0.0032266348883300444,145.171875,0.0,,,,0.005065390749601109,47.33203125,0.0
2026-05-29T04:36:08Z,2.666844456297086,94.99999999999994,0.4803921568627451,0.011837698037360579,60.28125,0.0,4.599848898962292,80.39153356641725,0.0,0.010406966666666665,167.0234375,0.0,0.13333333333333333,23.5,0.0,0.002476109301853179,56.5,0.0,13.533333333333333,4.523753158588979,0.0,0.007996307182153162,90.78125,0.0,0.06666666666666667,4.8,0.0,0.005528413036174798,84.9609375,0.0,0.13333333333333333,4.399991110518478,0.0,0.0025747190799012497,84.8046875,0.0,22.001493532470995,3.2705725633791194,0.0,0.00537261866322178,57.61328125,0.0,2.733475574521047,4.913432835820895,0.0,0.007374076193200178,77.58984375,0.0,1.7333333333333334,0.475,0.0,0.0032091276272799177,54.7265625,0.0,1.8000355579260838,4.599992380299263,0.0,0.0033567529122298305,145.0546875,0.0,,,,0.005065390749601109,47.33203125,0.0
2026-05-29T04:36:13Z,2.666844456297086,94.99999999999994,0.4803921568627451,0.014891401741171529,60.34375,0.0,4.599848898962292,77.07729841265545,0.0,0.039404450261780105,195.06640625,0.0,0.13333333333333333,23.5,0.0,0.003098256399385299,56.5,0.0,13.533333333333333,4.523753158588979,0.0,0.007996307182153162,90.78125,0.0,0.13332888918516544,4.799999999999999,0.0,0.005528413036174798,84.9609375,0.0,0.13333333333333333,4.399991110518478,0.0,0.0030110347419857776,84.8046875,0.0,22.73480463261715,3.452617290542627,0.0,0.007200262624913451,57.5078125,0.0,3.4667866746672003,4.913432835820895,0.0,0.007931668880352566,77.921875,0.0,1.7333333333333334,0.475,0.0,0.0032091276272799177,54.7265625,0.0,2.5332488945181435,4.607411199599662,0.0,0.0033567529122298305,145.0546875,0.0,,,,0.0031712903161046253,47.5078125,0.0
2026-05-29T04:36:18Z,2.666844456297086,94.99999999999994,0.4803921568627451,0.014891401741171529,60.34375,0.0,4.599848898962292,74.26567066901849,0.0,0.039404450261780105,195.06640625,0.0,0.13333333333333333,23.5,0.0,0.0027040376976346244,56.5,0.0,16.867902386984934,4.520231954978425,0.0,0.007821113460182591,90.78125,0.0,0.13332888918516544,4.800000000000001,0.0,0.005528413036174798,84.9609375,0.0,0.13334222340756546,4.39997333037004,0.0,0.0024266765384202823,84.8046875,0.0,25.333453341333865,3.2289473684210526,0.0,0.007200262624913451,57.5078125,0.0,3.4667866746672003,4.913432835820895,0.0,0.007743489082184853,77.921875,0.0,1.4001200240048008,0.475,0.0,0.00326200250554125,54.71875,0.0,2.5332488945181435,4.607411199599662,0.0,0.003058873088412314,145.0546875,0.0,,,,0.003592282273531994,47.5078125,0.0
2026-05-29T04:36:23Z,2.800186679111941,97.91666666666663,0.23423423423423423,0.016767168944656283,60.34375,0.0,5.000831254840558,67.53962656661434,0.0,0.039404450261780105,195.06640625,0.0,0.26670222696359513,23.949998666542207,0.0,0.0034052783735895264,56.52734375,0.0,18.602480330710762,4.479147076295158,0.0,0.008672632218317353,90.78125,0.0,0.13333777925939755,4.8,0.0,0.00553170240259284,84.9609375,0.0,0.20002667022269635,4.666660740082231,0.0,0.0015195750000000174,84.8046875,0.0,26.068324657509358,2.720041123975738,0.0,0.007200262624913451,57.5078125,0.0,3.4003333697821043,4.897438645827545,0.0,0.007743489082184853,77.921875,0.0,1.533577818377384,0.47500000000000003,0.0,0.00326200250554125,54.71875,0.0,2.466742249187655,4.655567051038297,0.0,0.003150886147169047,145.04296875,0.0,,,,0.003915457704983459,47.25390625,0.0
2026-05-29T04:36:28Z,2.800186679111941,97.91666666666663,0.23423423423423423,0.016767168944656283,60.34375,0.0,5.000831254840558,66.10470589449075,0.0,0.037518758991443926,198.36328125,0.0,0.26670222696359513,23.949998666542207,0.0,0.003523158579941187,56.52734375,0.0,18.602480330710762,4.479147076295158,0.0,0.008672632218317355,90.78125,0.0,0.13335111348179757,4.800000000000001,0.0,0.00553170240259284,84.9609375,0.0,0.20002667022269635,4.666660740082231,0.0,0.002643014116295984,85.0703125,0.0,25.601626877657367,2.960046662890688,0.0,0.009633138393146336,57.6015625,0.0,2.9336355899301143,4.874510729300463,0.0,0.008012295313116561,78.4609375,0.0,1.533577818377384,0.47500000000000003,0.0,0.003642936117936363,54.71875,0.0,2.4669955994132553,4.550015463678873,0.0,0.003150886147169047,145.04296875,0.0,,,,0.004954359332867193,47.25390625,0.0
2026-05-29T04:36:33Z,2.800186679111941,97.91666666666663,0.23423423423423423,0.012966331197718447,60.34375,0.0,5.000831254840558,64.80417627721654,0.0,0.037518758991443926,198.36328125,0.0,0.26670222696359513,23.949998666542207,0.0,0.003523158579941187,56.52734375,0.0,16.601244610392495,4.356164175832241,0.0,0.008928019179451737,90.78125,0.0,0.13335111348179757,4.800000000000001,0.0,0.00553170240259284,84.9609375,0.0,0.2666755585187951,4.700003333444448,0.0,0.002643014116295984,85.0703125,0.0,24.536515973981324,2.5324476818435446,0.0,0.009633138393146336,57.6015625,0.0,2.9336355899301143,4.874510729300463,0.0,0.006557441515697839,78.4609375,0.0,1.800066687113067,0.475,0.0,0.003642936117936363,54.71875,0.0,2.4669955994132553,4.550015463678873,0.0,0.0026664414199532175,145.03125,0.0,,,,0.004954359332867193,47.25390625,0.0
2026-05-29T04:36:38Z,2.466831122074805,691.6666666666645,0.008403361344537815,0.014300390532604276,60.34375,0.0,4.533040019554252,54.978909217630395,0.0,0.04156913119243216,198.36328125,0.0,0.13332888918516544,24.25,0.0,0.003925626652168237,59.5703125,0.0,13.866235584294381,4.358486265796497,0.0,0.009866295079054913,90.66015625,0.0,0.13334222340756546,4.8,0.0,0.005522618879638863,84.9609375,0.0,0.19999111170366418,4.7200014222601485,0.0,0.0026732614219776773,85.0703125,0.0,23.134306924765813,2.159965817062238,0.0,0.009633138393146336,57.6015625,0.0,2.866653346074015,4.859373237200327,0.0,0.007489749009696929,78.89453125,0.0,1.39991556118481,0.475,0.0,0.0036484980373813706,54.64453125,0.0,2.6000800284470524,4.639282365215293,0.0,0.002956170184114351,145.03125,0.0,,,,0.004954802470054335,47.37890625,0.0
2026-05-29T04:36:43Z,2.466831122074805,691.6666666666645,0.008403361344537815,0.02140413621192327,60.37109375,0.0,4.533040019554252,53.449777140630424,0.0,0.0330073679827658,199.9140625,0.0,0.13332888918516544,24.25,0.0,0.004162267198304203,59.5703125,0.0,13.866235584294381,4.358486265796497,0.0,0.009866295079054913,90.66015625,0.0,0.1333377780740938,4.8,0.0,0.005589644615999206,84.73828125,0.0,0.19999111170366418,4.7200014222601485,0.0,0.0026732614219776773,85.0703125,0.0,23.667551363283938,2.2606978370583626,0.0,0.010852951190071966,57.6015625,0.0,3.399897784592138,4.852413198659143,0.0,0.00949481698690702,78.89453125,0.0,1.39991556118481,0.475,0.0,0.0036484980373813706,54.64453125,0.0,2.866577783703309,4.589285714285714,0.0,0.0029701351105469176,145.03125,0.0,,,,0.004650757217226605,47.37890625,0.0
2026-05-29T04:36:48Z,2.466831122074805,691.6666666666645,0.008403361344537815,0.02140413621192327,60.37109375,0.0,4.533040019554252,40.7202639199523,0.0,0.016239319895111785,199.9140625,0.0,0.13332888918516544,24.25,0.0,0.0036041302907182664,59.5703125,0.0,16.933591185778923,4.312253899261295,0.0,0.009866295079054913,90.66015625,0.0,0.1333377780740938,4.8,0.0,0.004650006121599893,84.73828125,0.0,0.20000888948152096,4.639999999999999,0.0,0.0026732614219776773,85.0703125,0.0,28.464897895695845,2.040524193718524,0.0,0.008517803079638108,57.6015625,0.0,3.399897784592138,4.852413198659143,0.0,0.00949481698690702,78.89453125,0.0,1.3333600053334518,0.475,0.0,0.003554197751747178,54.64453125,0.0,2.866577783703309,4.589285714285714,0.0,0.0026804063463857844,145.03125,0.0,,,,0.00473587638821832,47.37890625,0.0
2026-05-29T04:36:53Z,3.2002133475565038,73.74999999999977,0.007874015748031496,0.02140413621192327,60.37109375,0.0,7.000906785793543,4.852986049818433,0.0,0.018045886762034516,199.9140625,0.0,0.333364447704079,24.25,0.0,0.004205564168526726,59.546875,0.0,20.468649103432693,4.271921182266009,0.0,0.006518625000001066,90.66015625,0.0,0.2666844456297086,4.8,0.0,0.005790943551333233,84.765625,0.0,0.3333555570371358,4.666669135921358,0.0,0.0027069093887273155,85.0703125,0.0,36.06788926848022,2.060281957653541,0.0,0.007613390480465443,57.6015625,0.0,4.400337822820821,4.8,0.0,0.010076998307316341,79.0625,0.0,2.133537799706272,0.4889705882352941,0.0,0.003727554493153072,54.7890625,0.0,3.200222251855803,4.621546134561031,0.0,0.0017282999999999053,145.03125,0.0,,,,0.00473587638821832,47.37890625,0.0
2026-05-29T04:36:58Z,3.2002133475565038,73.74999999999977,0.007874015748031496,0.023222075407220877,60.4140625,0.0,7.000906785793543,4.8428654629386365,0.0,0.01833529877411554,199.9140625,0.0,0.333364447704079,24.25,0.0,0.004472830696038921,59.546875,0.0,20.468649103432693,4.271921182266009,0.0,0.010333817882017043,90.6015625,0.0,0.40001333422228147,4.800000000000001,0.0,0.005790943551333233,84.765625,0.0,0.3333555570371358,4.666669135921358,0.0,0.0029182835820893726,85.8203125,0.0,36.53486708774501,2.1035864139964757,0.0,0.011880506878480955,57.203125,0.0,4.867315642085612,4.8,0.0,0.010233033856149982,79.0625,0.0,2.133537799706272,0.4889705882352941,0.0,0.003727554493153072,54.7890625,0.0,3.266995592300722,4.603076923076923,0.0,0.0041043506245344655,145.125,0.0,,,,0.004911586661002524,47.37890625,0.0
2026-05-29T04:37:03Z,3.2002133475565038,73.74999999999977,0.007874015748031496,0.023222075407220877,60.4140625,0.0,7.000906785793543,4.838001726330139,0.0,0.017599806123273283,201.734375,0.0,0.333364447704079,24.25,0.0,0.004472830696038921,59.546875,0.0,18.66796016861482,4.218824255505938,0.0,0.010333817882017043,90.6015625,0.0,0.40001333422228147,4.800000000000001,0.0,0.005790943551333233,84.765625,0.0,0.26668000088894817,4.666674074156379,0.0,0.003111292406009814,85.8203125,0.0,36.60483619741872,2.08539325842696,0.0,0.011880506878480955,57.203125,0.0,4.867315642085612,4.8,0.0,0.010233033856149982,79.0625,0.0,2.0668666882988447,0.488768435217187,0.0,0.003727554493153072,54.7890625,0.0,3.266995592300722,4.603076923076923,0.0,0.0041043506245344655,145.125,0.0,,,,0.00491798841767966,47.3359375,0.0
2026-05-29T04:37:08Z,2.533333333333333,37.91666666666661,0.0,0.023222075407220877,60.4140625,0.0,4.666355576294914,4.801824667869514,0.0,0.017599806123273283,201.734375,0.0,0.06666222251849876,24.25,0.0,0.004638012812615547,59.546875,0.0,16.73278670310868,4.231520897750203,0.0,0.009979671816849884,90.6015625,0.0,0.2,4.8,0.0,0.005759075757919553,85.265625,0.0,0.06666666666666667,4.640002844457086,0.0,0.003111292406009814,85.8203125,0.0,29.268489270560167,2.1812178459058735,0.0,0.011880506878480955,57.203125,0.0,3.933537826375428,4.8,0.0,0.008337705435426735,79.0625,0.0,1.1333555605926913,0.49565204088665477,0.0,0.0037281714748369174,54.87109375,0.0,3.0666755691852248,4.605957804194105,0.0,0.0042705010224945595,145.125,0.0,,,,0.00491798841767966,47.3359375,0.0
2026-05-29T04:37:13Z,2.533333333333333,37.91666666666661,0.0,0.01489476173733212,60.5859375,0.0,4.666355576294914,4.800904976647565,0.0,0.010683858867659124,201.734375,0.0,0.06666222251849876,24.25,0.0,0.004180231723572052,59.52734375,0.0,16.73278670310868,4.231520897750203,0.0,0.00963673428798715,90.51953125,0.0,0.0,4.800000000000001,0.0,0.005759075757919553,85.265625,0.0,0.06666666666666667,4.640002844457086,0.0,0.003111292406009814,85.8203125,0.0,28.668062570109676,2.0859564146802265,0.0,0.012682491803279025,57.203125,0.0,3.3331111259249386,4.8,0.0,0.010165667461402619,78.98828125,0.0,1.1333555605926913,0.49565204088665477,0.0,0.0037281714748369174,54.87109375,0.0,2.866662234962943,4.611260058318528,0.0,0.0042705010224945595,145.125,0.0,,,,0.004977404112662617,47.3359375,0.0
2026-05-29T04:37:18Z,2.533333333333333,37.91666666666661,0.0,0.01675722389508839,60.5859375,0.0,4.666355576294914,4.800904976647565,0.0,0.010683858867659124,201.734375,0.0,0.06666222251849876,24.25,0.0,0.004180231723572052,59.52734375,0.0,16.86727574609219,4.275346441144864,0.0,0.00963673428798715,90.51953125,0.0,0.0,4.800000000000001,0.0,0.005759075757919553,85.265625,0.0,0.2666844456297086,4.633330864106078,0.0,0.003111292406009814,85.8203125,0.0,25.46585783170011,2.0130300376188806,0.0,0.012682491803279025,57.203125,0.0,3.3331111259249386,4.8,0.0,0.010165667461402619,78.98828125,0.0,1.4666400017776593,0.4947912940366886,0.0,0.0037658367683429273,54.87109375,0.0,2.866662234962943,4.611260058318528,0.0,0.0042705010224945595,145.125,0.0,,,,0.004023885572024347,47.3359375,0.0
2026-05-29T04:37:23Z,2.8001866791119405,45.99999999999996,0.0,0.018619686052844666,60.5859375,0.0,6.534204560608082,4.784100418410041,0.0,0.00814056626421287,201.734375,0.0,0.8001066808907855,41.249999999999964,0.0,0.003822155620900259,59.52734375,0.0,17.13561808241099,4.291402714932126,0.0,0.010048102882688396,90.51953125,0.0,0.40005334044539276,4.8,0.0,0.003892749999999978,85.265625,0.0,0.6667377860751014,4.688890809422687,0.0,0.003111292406009814,85.8203125,0.0,30.868658066407313,2.05627678630541,0.0,0.012682491803279025,57.203125,0.0,4.000186714671527,4.8,0.0,0.010165667461402619,78.98828125,0.0,2.6002044717073387,0.4930381725794649,0.0,0.0030214092941742046,54.87109375,0.0,2.733604474373946,4.608454473492207,0.0,0.0046618754750875485,145.125,0.0,,,,0.0035953236555857017,47.3359375,0.0
