timestamp,anomaly_score,y_pred,y_true
2026-05-30T12:55:57Z,0.0,0,0
2026-05-30T12:56:02Z,0.0,0,0
2026-05-30T12:56:07Z,0.0,0,0
2026-05-30T12:56:12Z,0.0,0,0
2026-05-30T12:56:17Z,0.0,0,0
2026-05-30T12:56:22Z,0.0,0,0
2026-05-30T12:56:27Z,0.0,0,0
2026-05-30T12:56:32Z,0.0,0,0
2026-05-30T12:56:37Z,0.0,0,0
2026-05-30T12:56:42Z,0.0,0,0
2026-05-30T12:56:47Z,0.0,0,0
2026-05-30T12:56:52Z,0.0,0,0
2026-05-30T12:56:57Z,0.0,0,0
2026-05-30T12:57:02Z,0.0,0,0
2026-05-30T12:57:07Z,0.0,0,0
2026-05-30T12:57:12Z,0.0,0,0
2026-05-30T12:57:17Z,0.0,0,0
2026-05-30T12:57:22Z,0.0,0,0
2026-05-30T12:57:27Z,0.0,0,0
2026-05-30T12:57:32Z,0.0,0,0
2026-05-30T12:57:37Z,0.0,0,0
2026-05-30T12:57:42Z,0.0,0,0
2026-05-30T12:57:47Z,0.0,0,0
2026-05-30T12:57:52Z,0.0,0,0
2026-05-30T12:57:57Z,0.0,0,0
2026-05-30T12:58:02Z,0.0,0,0
2026-05-30T12:58:07Z,0.0,0,0
2026-05-30T12:58:12Z,0.0,0,0
2026-05-30T12:58:17Z,8.949387550354004,0,0
2026-05-30T12:58:22Z,8.945157051086426,0,0
2026-05-30T12:58:27Z,5.6622161865234375,0,0
2026-05-30T12:58:32Z,0.0,0,0
2026-05-30T12:58:37Z,0.0,0,0
2026-05-30T12:58:42Z,0.0,0,0
2026-05-30T12:58:47Z,0.0,0,0
2026-05-30T12:58:52Z,0.0,0,0
2026-05-30T12:58:57Z,0.2714693546295166,0,0
2026-05-30T12:59:02Z,0.0,0,0
2026-05-30T12:59:07Z,0.0,0,0
2026-05-30T12:59:12Z,0.0,0,0
2026-05-30T12:59:17Z,0.0,0,0
2026-05-30T12:59:22Z,0.0,0,0
2026-05-30T12:59:27Z,0.09547838568687439,0,0
2026-05-30T12:59:32Z,0.10954225808382034,0,0
2026-05-30T12:59:37Z,0.12188078463077545,0,0
2026-05-30T12:59:42Z,0.07999284565448761,0,0
2026-05-30T12:59:47Z,0.0,0,0
2026-05-30T12:59:52Z,0.0,0,0
2026-05-30T12:59:57Z,0.0,0,0
2026-05-30T13:00:02Z,0.0,0,0
2026-05-30T13:00:07Z,0.0,0,0
2026-05-30T13:00:12Z,0.0,0,0
2026-05-30T13:00:17Z,0.0,0,0
2026-05-30T13:00:22Z,0.0,0,0
2026-05-30T13:00:27Z,0.0,0,0
2026-05-30T13:00:32Z,0.0,0,0
2026-05-30T13:00:37Z,0.0,0,0
2026-05-30T13:00:42Z,0.0,0,0
2026-05-30T13:00:47Z,0.0,0,0
2026-05-30T13:00:52Z,0.0,0,0
2026-05-30T13:00:57Z,0.0,0,0
2026-05-30T13:01:02Z,0.0,0,1
2026-05-30T13:01:07Z,1.8265280723571777,0,1
2026-05-30T13:01:12Z,1.5126423835754395,0,1
2026-05-30T13:01:17Z,78.92650604248047,1,1
2026-05-30T13:01:22Z,98.33000183105469,1,1
2026-05-30T13:01:27Z,102.17054748535156,1,1
2026-05-30T13:01:32Z,120.33158874511719,1,1
2026-05-30T13:01:37Z,126.45748901367188,1,1
2026-05-30T13:01:42Z,125.86761474609375,1,1
2026-05-30T13:01:47Z,129.31153869628906,1,1
2026-05-30T13:01:52Z,129.3594970703125,1,1
2026-05-30T13:01:57Z,135.03237915039062,1,1
2026-05-30T13:02:02Z,132.77528381347656,1,0
2026-05-30T13:02:07Z,129.30337524414062,1,0
2026-05-30T13:02:12Z,128.5355987548828,1,0
2026-05-30T13:02:17Z,109.87040710449219,1,0
2026-05-30T13:02:22Z,105.99593353271484,1,0
2026-05-30T13:02:27Z,102.11536407470703,1,0
2026-05-30T13:02:32Z,91.6965103149414,1,0
2026-05-30T13:02:37Z,61.76988220214844,0,0
2026-05-30T13:02:42Z,61.552406311035156,0,0
2026-05-30T13:02:47Z,4.882666110992432,0,0
2026-05-30T13:02:52Z,0.0,0,0
2026-05-30T13:02:57Z,0.0,0,0
2026-05-30T13:03:02Z,0.0,0,0
2026-05-30T13:03:07Z,0.0,0,0
2026-05-30T13:03:12Z,0.0,0,0
2026-05-30T13:03:17Z,0.0,0,0
2026-05-30T13:03:22Z,0.0,0,0
2026-05-30T13:03:27Z,0.0,0,0
2026-05-30T13:03:32Z,0.0,0,0
2026-05-30T13:03:37Z,0.0,0,0
2026-05-30T13:03:42Z,0.0,0,0
2026-05-30T13:03:47Z,0.0,0,0
2026-05-30T13:03:52Z,0.0,0,0
2026-05-30T13:03:57Z,0.0,0,0
2026-05-30T13:04:02Z,0.0,0,0
2026-05-30T13:04:07Z,0.0,0,0
2026-05-30T13:04:12Z,0.028729571029543877,0,0
2026-05-30T13:04:17Z,1.015657901763916,0,0
2026-05-30T13:04:22Z,1.1783194541931152,0,0
2026-05-30T13:04:27Z,0.21070049703121185,0,0
2026-05-30T13:04:32Z,0.13255004584789276,0,0
2026-05-30T13:04:37Z,0.0,0,0
2026-05-30T13:04:42Z,0.0,0,0
2026-05-30T13:04:47Z,0.0,0,0
2026-05-30T13:04:52Z,0.0,0,0
2026-05-30T13:04:57Z,0.0,0,0
2026-05-30T13:05:02Z,0.0,0,0
2026-05-30T13:05:07Z,0.0,0,0
2026-05-30T13:05:12Z,0.0,0,0
2026-05-30T13:05:17Z,0.0,0,0
2026-05-30T13:05:22Z,0.0,0,0
2026-05-30T13:05:27Z,0.0,0,0
2026-05-30T13:05:32Z,0.0,0,0
2026-05-30T13:05:37Z,0.0,0,0
2026-05-30T13:05:42Z,0.0,0,0
2026-05-30T13:05:47Z,0.0,0,0
2026-05-30T13:05:52Z,0.0,0,0
2026-05-30T13:05:57Z,0.0,0,0
2026-05-30T13:06:02Z,0.0,0,0
2026-05-30T13:06:07Z,0.0,0,0
2026-05-30T13:06:12Z,0.0,0,0
2026-05-30T13:06:17Z,0.0,0,0
2026-05-30T13:06:22Z,0.0,0,0
2026-05-30T13:06:27Z,0.0,0,0
2026-05-30T13:06:32Z,0.0,0,0
2026-05-30T13:06:37Z,0.0,0,0
2026-05-30T13:06:42Z,0.0,0,0
2026-05-30T13:06:47Z,0.0,0,0
2026-05-30T13:06:52Z,0.0,0,0
2026-05-30T13:06:57Z,0.0,0,0
2026-05-30T13:07:02Z,0.5830724835395813,0,0
2026-05-30T13:07:07Z,0.531522810459137,0,0
2026-05-30T13:07:12Z,0.8424000144004822,0,0
2026-05-30T13:07:17Z,0.2543112337589264,0,0
2026-05-30T13:07:22Z,0.49844038486480713,0,1
2026-05-30T13:07:27Z,0.4801509380340576,0,1
2026-05-30T13:07:32Z,2.2126026153564453,0,1
2026-05-30T13:07:37Z,3.0707030296325684,0,1
2026-05-30T13:07:42Z,974.0267333984375,1,1
2026-05-30T13:07:47Z,953.4669799804688,1,1
2026-05-30T13:07:52Z,916.9951171875,1,1
2026-05-30T13:07:57Z,868.835205078125,1,1
2026-05-30T13:08:02Z,870.8914184570312,1,1
2026-05-30T13:08:07Z,883.8724365234375,1,1
2026-05-30T13:08:12Z,896.8208618164062,1,1
2026-05-30T13:08:17Z,924.9730834960938,1,1
2026-05-30T13:08:22Z,960.4407958984375,1,0
2026-05-30T13:08:27Z,3.8014309406280518,0,0
2026-05-30T13:08:32Z,2.97697377204895,0,0
2026-05-30T13:08:37Z,1.2866376638412476,0,0
2026-05-30T13:08:42Z,1.9116003513336182,0,0
2026-05-30T13:08:47Z,2.406261444091797,0,0
2026-05-30T13:08:52Z,2.4288766384124756,0,0
2026-05-30T13:08:57Z,1.1647840738296509,0,0
2026-05-30T13:09:02Z,0.8450137376785278,0,0
2026-05-30T13:09:07Z,0.7933902144432068,0,0
2026-05-30T13:09:12Z,0.8908483386039734,0,0
2026-05-30T13:09:17Z,1.0744105577468872,0,0
2026-05-30T13:09:22Z,2.1510541439056396,0,0
2026-05-30T13:09:27Z,2.303286552429199,0,0
2026-05-30T13:09:32Z,1.4553782939910889,0,0
2026-05-30T13:09:37Z,1.3294153213500977,0,0
2026-05-30T13:09:42Z,1.2907847166061401,0,0
2026-05-30T13:09:47Z,0.9724166989326477,0,0
2026-05-30T13:09:52Z,0.4692065417766571,0,0
2026-05-30T13:09:57Z,0.33409053087234497,0,0
2026-05-30T13:10:02Z,0.4551922380924225,0,0
2026-05-30T13:10:07Z,0.5721363425254822,0,0
2026-05-30T13:10:12Z,1.1606279611587524,0,0
2026-05-30T13:10:17Z,2.3569836616516113,0,0
2026-05-30T13:10:22Z,3.321550130844116,0,0
2026-05-30T13:10:27Z,3.917940139770508,0,0
2026-05-30T13:10:32Z,3.919896364212036,0,0
2026-05-30T13:10:37Z,3.967451333999634,0,0
2026-05-30T13:10:42Z,4.329707145690918,0,0
2026-05-30T13:10:47Z,4.283505439758301,0,0
2026-05-30T13:10:52Z,4.483935832977295,0,0
2026-05-30T13:10:57Z,4.486436367034912,0,0
2026-05-30T13:11:02Z,5.13110876083374,0,0
2026-05-30T13:11:07Z,5.700771331787109,0,0
2026-05-30T13:11:12Z,5.505060195922852,0,0
2026-05-30T13:11:17Z,3.6871259212493896,0,0
2026-05-30T13:11:22Z,1.4405208826065063,0,0
2026-05-30T13:11:27Z,0.6929363012313843,0,0
2026-05-30T13:11:32Z,0.10636309534311295,0,0
2026-05-30T13:11:37Z,0.0,0,0
2026-05-30T13:11:42Z,0.0,0,0
2026-05-30T13:11:47Z,0.33357688784599304,0,0
2026-05-30T13:11:52Z,0.5775575041770935,0,0
2026-05-30T13:11:57Z,0.0,0,0
2026-05-30T13:12:02Z,0.0,0,0
2026-05-30T13:12:07Z,0.022199926897883415,0,0
2026-05-30T13:12:12Z,0.1298319399356842,0,0
2026-05-30T13:12:17Z,0.20744933187961578,0,0
2026-05-30T13:12:22Z,0.2972545623779297,0,0
2026-05-30T13:12:27Z,0.0,0,0
2026-05-30T13:12:32Z,0.0,0,0
2026-05-30T13:12:37Z,0.08094783127307892,0,0
2026-05-30T13:12:42Z,0.0,0,0
2026-05-30T13:12:47Z,0.0,0,0
2026-05-30T13:12:52Z,0.49582844972610474,0,0
2026-05-30T13:12:57Z,0.7493299245834351,0,0
2026-05-30T13:13:02Z,0.5221615433692932,0,0
2026-05-30T13:13:07Z,0.16785134375095367,0,0
2026-05-30T13:13:12Z,0.19287270307540894,0,0
2026-05-30T13:13:17Z,0.27906087040901184,0,0
2026-05-30T13:13:22Z,0.34343111515045166,0,0
2026-05-30T13:13:27Z,0.4449620246887207,0,0
2026-05-30T13:13:32Z,0.6027849912643433,0,0
2026-05-30T13:13:37Z,0.49538788199424744,0,0
2026-05-30T13:13:42Z,0.4357215464115143,0,0
2026-05-30T13:13:47Z,0.22444841265678406,0,0
2026-05-30T13:13:52Z,0.03162461146712303,0,0
2026-05-30T13:13:57Z,0.0,0,1
2026-05-30T13:14:02Z,0.0,0,1
2026-05-30T13:14:07Z,37.49629211425781,0,1
2026-05-30T13:14:12Z,38.57892608642578,0,1
2026-05-30T13:14:17Z,73.149169921875,1,1
2026-05-30T13:14:22Z,92.85143280029297,1,1
2026-05-30T13:14:27Z,92.65780639648438,1,1
2026-05-30T13:14:32Z,116.38704681396484,1,1
2026-05-30T13:14:37Z,126.48737335205078,1,1
2026-05-30T13:14:42Z,126.95826721191406,1,1
2026-05-30T13:14:47Z,130.85964965820312,1,1
2026-05-30T13:14:52Z,135.16786193847656,1,0
2026-05-30T13:14:57Z,134.82395935058594,1,0
2026-05-30T13:15:02Z,132.1438446044922,1,0
2026-05-30T13:15:07Z,115.1436996459961,1,0
2026-05-30T13:15:12Z,111.14554595947266,1,0
2026-05-30T13:15:17Z,102.01116180419922,1,0
2026-05-30T13:15:22Z,81.46550750732422,1,0
2026-05-30T13:15:27Z,78.47386932373047,1,0
2026-05-30T13:15:32Z,42.99559783935547,0,0
2026-05-30T13:15:37Z,0.0,0,0
2026-05-30T13:15:42Z,0.0,0,0
2026-05-30T13:15:47Z,0.0,0,0
2026-05-30T13:15:52Z,0.0,0,0
2026-05-30T13:15:57Z,0.0,0,0
2026-05-30T13:16:02Z,0.0,0,0
2026-05-30T13:16:07Z,0.0,0,0
2026-05-30T13:16:12Z,0.0,0,0
2026-05-30T13:16:17Z,0.0,0,0
2026-05-30T13:16:22Z,0.0,0,0
2026-05-30T13:16:27Z,0.0,0,0
2026-05-30T13:16:32Z,0.0,0,0
2026-05-30T13:16:37Z,0.0,0,0
2026-05-30T13:16:42Z,0.0,0,0
2026-05-30T13:16:47Z,0.0,0,0
2026-05-30T13:16:52Z,0.0,0,0
2026-05-30T13:16:57Z,0.038462936878204346,0,0
2026-05-30T13:17:02Z,0.0,0,0
2026-05-30T13:17:07Z,0.07863879203796387,0,0
2026-05-30T13:17:12Z,0.0,0,0
2026-05-30T13:17:17Z,0.1196819320321083,0,0
2026-05-30T13:17:22Z,0.058455273509025574,0,0
2026-05-30T13:17:27Z,0.0,0,0
2026-05-30T13:17:32Z,0.0,0,0
2026-05-30T13:17:37Z,0.0,0,0
2026-05-30T13:17:42Z,0.03268066793680191,0,0
2026-05-30T13:17:47Z,0.16045689582824707,0,0
2026-05-30T13:17:52Z,0.1018780991435051,0,0
2026-05-30T13:17:57Z,0.027534864842891693,0,0
2026-05-30T13:18:02Z,0.0,0,0
2026-05-30T13:18:07Z,0.5771021246910095,0,0
2026-05-30T13:18:12Z,0.8036702275276184,0,0
2026-05-30T13:18:17Z,0.5874791145324707,0,0
2026-05-30T13:18:22Z,0.42216113209724426,0,0
2026-05-30T13:18:27Z,1.1348704099655151,0,0
2026-05-30T13:18:32Z,0.35643088817596436,0,0
2026-05-30T13:18:37Z,0.4495556056499481,0,0
2026-05-30T13:18:42Z,0.5073209404945374,0,0
2026-05-30T13:18:47Z,0.3347454071044922,0,0
2026-05-30T13:18:52Z,0.05762409791350365,0,0
2026-05-30T13:18:57Z,0.7702415585517883,0,0
2026-05-30T13:19:02Z,0.9105914831161499,0,0
2026-05-30T13:19:07Z,0.9737122654914856,0,0
2026-05-30T13:19:12Z,0.9511995911598206,0,0
2026-05-30T13:19:17Z,1.2978206872940063,0,0
2026-05-30T13:19:22Z,2.317479372024536,0,1
2026-05-30T13:19:27Z,72.22040557861328,1,1
2026-05-30T13:19:32Z,70.94210052490234,1,1
2026-05-30T13:19:37Z,67.4068374633789,1,1
2026-05-30T13:19:42Z,917.450927734375,1,1
2026-05-30T13:19:47Z,900.0585327148438,1,1
2026-05-30T13:19:52Z,865.4072875976562,1,1
2026-05-30T13:19:57Z,838.9188232421875,1,1
2026-05-30T13:20:02Z,811.5396118164062,1,1
2026-05-30T13:20:07Z,1425.89697265625,1,1
2026-05-30T13:20:12Z,1424.902099609375,1,1
2026-05-30T13:20:17Z,1423.791748046875,1,1
2026-05-30T13:20:22Z,872.7694091796875,1,0
2026-05-30T13:20:27Z,335.4095458984375,1,0
2026-05-30T13:20:32Z,183.07415771484375,1,0
2026-05-30T13:20:37Z,73.95328521728516,1,0
2026-05-30T13:20:42Z,30.949419021606445,0,0
2026-05-30T13:20:47Z,2.139735221862793,0,0
2026-05-30T13:20:52Z,1.9143046140670776,0,0
2026-05-30T13:20:57Z,1.8712166547775269,0,0
2026-05-30T13:21:02Z,2.1233789920806885,0,0
2026-05-30T13:21:07Z,1.383093237876892,0,0
2026-05-30T13:21:12Z,1.0867308378219604,0,0
2026-05-30T13:21:17Z,0.7072165608406067,0,0
2026-05-30T13:21:22Z,0.6556235551834106,0,0
2026-05-30T13:21:27Z,0.9627087712287903,0,0
2026-05-30T13:21:32Z,1.6257749795913696,0,0
2026-05-30T13:21:37Z,2.159642457962036,0,0
2026-05-30T13:21:42Z,1.5496324300765991,0,0
2026-05-30T13:21:47Z,1.0938657522201538,0,0
2026-05-30T13:21:52Z,1.421332597732544,0,0
2026-05-30T13:21:57Z,0.0,0,0
2026-05-30T13:22:02Z,0.01096779853105545,0,0
2026-05-30T13:22:07Z,0.44733598828315735,0,0
2026-05-30T13:22:12Z,0.9395851492881775,0,0
2026-05-30T13:22:17Z,1.6623971462249756,0,0
2026-05-30T13:22:22Z,3.0764031410217285,0,0
2026-05-30T13:22:27Z,2.954545021057129,0,0
2026-05-30T13:22:32Z,2.8810412883758545,0,0
2026-05-30T13:22:37Z,2.659400463104248,0,0
2026-05-30T13:22:42Z,2.4398293495178223,0,0
2026-05-30T13:22:47Z,1.9119991064071655,0,0
2026-05-30T13:22:52Z,1.378787875175476,0,0
2026-05-30T13:22:57Z,1.1574219465255737,0,0
2026-05-30T13:23:02Z,1.054155945777893,0,0
2026-05-30T13:23:07Z,1.1279572248458862,0,0
2026-05-30T13:23:12Z,1.3727136850357056,0,0
2026-05-30T13:23:17Z,1.3679815530776978,0,0
2026-05-30T13:23:22Z,1.2343406677246094,0,0
2026-05-30T13:23:27Z,1.3235276937484741,0,0
2026-05-30T13:23:32Z,1.903416395187378,0,0
2026-05-30T13:23:37Z,2.435995101928711,0,0
2026-05-30T13:23:42Z,3.1792097091674805,0,0
2026-05-30T13:23:47Z,3.844589948654175,0,0
2026-05-30T13:23:52Z,4.35553503036499,0,0
2026-05-30T13:23:57Z,4.733235836029053,0,0
2026-05-30T13:24:02Z,3.4257302284240723,0,0
2026-05-30T13:24:07Z,1.7998274564743042,0,0
2026-05-30T13:24:12Z,0.5189082622528076,0,0
2026-05-30T13:24:17Z,0.2332734763622284,0,0
2026-05-30T13:24:22Z,0.07885757088661194,0,0
2026-05-30T13:24:27Z,0.08158295601606369,0,0
2026-05-30T13:24:32Z,0.05084144324064255,0,0
2026-05-30T13:24:37Z,0.0,0,0
2026-05-30T13:24:42Z,0.05958232283592224,0,1
2026-05-30T13:24:47Z,0.0,0,1
2026-05-30T13:24:52Z,43.45926284790039,0,1
2026-05-30T13:24:57Z,44.626277923583984,0,1
2026-05-30T13:25:02Z,77.04637908935547,1,1
2026-05-30T13:25:07Z,95.2276611328125,1,1
2026-05-30T13:25:12Z,100.65892028808594,1,1
2026-05-30T13:25:17Z,112.89545440673828,1,1
2026-05-30T13:25:22Z,131.77406311035156,1,1
2026-05-30T13:25:27Z,131.69004821777344,1,1
2026-05-30T13:25:32Z,131.42404174804688,1,1
2026-05-30T13:25:37Z,131.0394744873047,1,0
2026-05-30T13:25:42Z,130.51600646972656,1,0
2026-05-30T13:25:47Z,128.2388916015625,1,0
2026-05-30T13:25:52Z,109.2835922241211,1,0
2026-05-30T13:25:57Z,109.64988708496094,1,0
2026-05-30T13:26:02Z,99.35570526123047,1,0
2026-05-30T13:26:07Z,71.5970687866211,1,0
2026-05-30T13:26:12Z,71.72427368164062,1,0
2026-05-30T13:26:17Z,44.738590240478516,0,0
2026-05-30T13:26:22Z,0.410139799118042,0,0
2026-05-30T13:26:27Z,0.0,0,0
2026-05-30T13:26:32Z,0.0,0,0
2026-05-30T13:26:37Z,0.0,0,0
2026-05-30T13:26:42Z,0.0,0,0
2026-05-30T13:26:47Z,0.0,0,0
2026-05-30T13:26:52Z,0.0,0,0
2026-05-30T13:26:57Z,0.0,0,0
2026-05-30T13:27:02Z,0.0,0,0
2026-05-30T13:27:07Z,0.0,0,0
2026-05-30T13:27:12Z,0.0,0,0
2026-05-30T13:27:17Z,0.0,0,0
2026-05-30T13:27:22Z,0.0,0,0
2026-05-30T13:27:27Z,0.0,0,0
2026-05-30T13:27:32Z,0.0,0,0
2026-05-30T13:27:37Z,0.0,0,0
2026-05-30T13:27:42Z,0.004308364354074001,0,0
2026-05-30T13:27:47Z,0.0,0,0
2026-05-30T13:27:52Z,0.0,0,0
2026-05-30T13:27:57Z,0.0,0,0
2026-05-30T13:28:02Z,0.0,0,0
2026-05-30T13:28:07Z,0.0,0,0
2026-05-30T13:28:12Z,0.0,0,0
2026-05-30T13:28:17Z,0.0,0,0
2026-05-30T13:28:22Z,0.0,0,0
2026-05-30T13:28:27Z,0.0,0,0
2026-05-30T13:28:32Z,0.0,0,0
2026-05-30T13:28:37Z,0.18820947408676147,0,0
2026-05-30T13:28:42Z,0.4088742733001709,0,0
2026-05-30T13:28:47Z,0.0,0,0
2026-05-30T13:28:52Z,0.01379673182964325,0,0
2026-05-30T13:28:57Z,0.316502183675766,0,0
2026-05-30T13:29:02Z,0.007516792975366116,0,0
2026-05-30T13:29:07Z,0.0,0,0
2026-05-30T13:29:12Z,0.0,0,0
2026-05-30T13:29:17Z,0.054796524345874786,0,0
2026-05-30T13:29:22Z,0.05209403485059738,0,0
2026-05-30T13:29:27Z,0.10525193065404892,0,0
2026-05-30T13:29:32Z,0.21544839441776276,0,0
2026-05-30T13:29:37Z,0.0070605152286589146,0,0
2026-05-30T13:29:42Z,0.08719655871391296,0,0
2026-05-30T13:29:47Z,0.10396534949541092,0,0
2026-05-30T13:29:52Z,0.0,0,0
2026-05-30T13:29:57Z,0.0,0,0
2026-05-30T13:30:02Z,0.0,0,0
2026-05-30T13:30:07Z,0.0,0,0
2026-05-30T13:30:12Z,0.0,0,0
2026-05-30T13:30:17Z,0.0,0,0
2026-05-30T13:30:22Z,0.0,0,0
2026-05-30T13:30:27Z,0.07076667249202728,0,0
2026-05-30T13:30:32Z,0.0,0,0
2026-05-30T13:30:37Z,0.0,0,0
2026-05-30T13:30:42Z,0.0,0,0
2026-05-30T13:30:47Z,0.0,0,0
2026-05-30T13:30:52Z,0.0,0,0
2026-05-30T13:30:57Z,0.0,0,0
2026-05-30T13:31:02Z,0.1839117854833603,0,1
2026-05-30T13:31:07Z,0.7829778790473938,0,1
2026-05-30T13:31:12Z,1007.1357421875,1,1
2026-05-30T13:31:17Z,1000.6309204101562,1,1
2026-05-30T13:31:22Z,983.87451171875,1,1
2026-05-30T13:31:27Z,974.2684936523438,1,1
2026-05-30T13:31:32Z,959.2092895507812,1,1
2026-05-30T13:31:37Z,940.9393310546875,1,1
2026-05-30T13:31:42Z,916.7179565429688,1,1
2026-05-30T13:31:47Z,906.0525512695312,1,1
2026-05-30T13:31:52Z,864.415283203125,1,1
2026-05-30T13:31:57Z,856.5816650390625,1,1
2026-05-30T13:32:02Z,898.7754516601562,1,0
2026-05-30T13:32:07Z,913.3543090820312,1,0
2026-05-30T13:32:12Z,5.359039783477783,0,0
2026-05-30T13:32:17Z,6.576526641845703,0,0
2026-05-30T13:32:22Z,6.800334930419922,0,0
2026-05-30T13:32:27Z,6.643653392791748,0,0
2026-05-30T13:32:32Z,5.028194427490234,0,0
2026-05-30T13:32:37Z,2.378422737121582,0,0
2026-05-30T13:32:42Z,1.8890208005905151,0,0
2026-05-30T13:32:47Z,1.6116819381713867,0,0
2026-05-30T13:32:52Z,1.3515880107879639,0,0
2026-05-30T13:32:57Z,1.3710229396820068,0,0
2026-05-30T13:33:02Z,1.2592027187347412,0,0
2026-05-30T13:33:07Z,1.0567928552627563,0,0
2026-05-30T13:33:12Z,0.8552139401435852,0,0
2026-05-30T13:33:17Z,0.6592762470245361,0,0
2026-05-30T13:33:22Z,0.6673141121864319,0,0
2026-05-30T13:33:27Z,0.6284298896789551,0,0
2026-05-30T13:33:32Z,0.6520464420318604,0,0
2026-05-30T13:33:37Z,0.7960097193717957,0,0
2026-05-30T13:33:42Z,0.9343118071556091,0,0
2026-05-30T13:33:47Z,0.5392740368843079,0,0
2026-05-30T13:33:52Z,0.1311781108379364,0,0
2026-05-30T13:33:57Z,0.0,0,0
2026-05-30T13:34:02Z,0.41766273975372314,0,0
2026-05-30T13:34:07Z,0.3423393666744232,0,0
2026-05-30T13:34:12Z,0.6018797159194946,0,0
2026-05-30T13:34:17Z,0.5310559272766113,0,0
2026-05-30T13:34:22Z,0.7130627036094666,0,0
2026-05-30T13:34:27Z,0.7079038023948669,0,0
2026-05-30T13:34:32Z,0.6937634944915771,0,0
2026-05-30T13:34:37Z,0.4884626865386963,0,0
2026-05-30T13:34:42Z,0.3247649073600769,0,0
2026-05-30T13:34:47Z,0.40484991669654846,0,0
2026-05-30T13:34:52Z,0.26168838143348694,0,0
2026-05-30T13:34:57Z,0.381156861782074,0,0
2026-05-30T13:35:02Z,0.13168297708034515,0,0
2026-05-30T13:35:07Z,0.0,0,0
2026-05-30T13:35:12Z,0.0,0,0
2026-05-30T13:35:17Z,0.0,0,0
2026-05-30T13:35:22Z,0.0,0,0
2026-05-30T13:35:27Z,0.0,0,0
2026-05-30T13:35:32Z,0.0,0,0
2026-05-30T13:35:37Z,0.00466162757948041,0,0
2026-05-30T13:35:42Z,0.3353060781955719,0,0
2026-05-30T13:35:47Z,0.061175163835287094,0,0
2026-05-30T13:35:52Z,0.0,0,0
2026-05-30T13:35:57Z,0.0,0,0
2026-05-30T13:36:02Z,0.0,0,0
2026-05-30T13:36:07Z,0.0,0,0
2026-05-30T13:36:12Z,0.0,0,0
2026-05-30T13:36:17Z,0.0,0,0
2026-05-30T13:36:22Z,0.0,0,0
2026-05-30T13:36:27Z,0.0,0,0
2026-05-30T13:36:32Z,0.0,0,0
2026-05-30T13:36:37Z,0.0,0,0
2026-05-30T13:36:42Z,0.0,0,1
2026-05-30T13:36:47Z,0.0034788232296705246,0,1
2026-05-30T13:36:52Z,61.78474807739258,0,1
2026-05-30T13:36:57Z,63.64854431152344,0,1
2026-05-30T13:37:02Z,87.25672912597656,1,1
2026-05-30T13:37:07Z,100.6821060180664,1,1
2026-05-30T13:37:12Z,100.40959167480469,1,1
2026-05-30T13:37:17Z,110.36461639404297,1,1
2026-05-30T13:37:22Z,120.11766052246094,1,1
2026-05-30T13:37:27Z,128.80352783203125,1,1
2026-05-30T13:37:32Z,130.89068603515625,1,1
2026-05-30T13:37:37Z,131.6564178466797,1,1
2026-05-30T13:37:42Z,130.18238830566406,1,0
2026-05-30T13:37:47Z,129.14981079101562,1,0
2026-05-30T13:37:52Z,113.73368835449219,1,0
2026-05-30T13:37:57Z,109.61216735839844,1,0
2026-05-30T13:38:02Z,104.25424194335938,1,0
2026-05-30T13:38:07Z,87.38493347167969,1,0
2026-05-30T13:38:12Z,86.29302978515625,1,0
2026-05-30T13:38:17Z,61.1666374206543,0,0
2026-05-30T13:38:22Z,9.228795051574707,0,0
2026-05-30T13:38:27Z,9.388784408569336,0,0
2026-05-30T13:38:32Z,0.9374777674674988,0,0
2026-05-30T13:38:37Z,1.641305923461914,0,0
2026-05-30T13:38:42Z,1.0637874603271484,0,0
2026-05-30T13:38:47Z,0.8300889730453491,0,0
2026-05-30T13:38:52Z,0.41746509075164795,0,0
2026-05-30T13:38:57Z,0.6073299050331116,0,0
2026-05-30T13:39:02Z,0.7366824150085449,0,0
2026-05-30T13:39:07Z,0.6521973013877869,0,0
2026-05-30T13:39:12Z,0.7553436160087585,0,0
2026-05-30T13:39:17Z,0.7600951790809631,0,0
2026-05-30T13:39:22Z,0.9862460494041443,0,0
2026-05-30T13:39:27Z,0.6979631781578064,0,0
2026-05-30T13:39:32Z,0.9132204055786133,0,0
2026-05-30T13:39:37Z,0.8373986482620239,0,0
2026-05-30T13:39:42Z,0.5823380351066589,0,0
2026-05-30T13:39:47Z,1.1708660125732422,0,0
2026-05-30T13:39:52Z,1.0175977945327759,0,0
2026-05-30T13:39:57Z,0.6453932523727417,0,0
2026-05-30T13:40:02Z,0.5023958086967468,0,0
2026-05-30T13:40:07Z,0.6275918483734131,0,0
2026-05-30T13:40:12Z,0.41175395250320435,0,0
2026-05-30T13:40:17Z,0.7257243394851685,0,0
2026-05-30T13:40:22Z,1.7514652013778687,0,0
2026-05-30T13:40:27Z,1.847078800201416,0,0
2026-05-30T13:40:32Z,1.1061756610870361,0,0
2026-05-30T13:40:37Z,1.3042335510253906,0,0
2026-05-30T13:40:42Z,0.0,0,0
2026-05-30T13:40:47Z,0.0,0,0
2026-05-30T13:40:52Z,0.0,0,0
2026-05-30T13:40:57Z,0.0,0,0
2026-05-30T13:41:02Z,0.0,0,0
2026-05-30T13:41:07Z,0.0,0,0
2026-05-30T13:41:12Z,0.0,0,0
2026-05-30T13:41:17Z,0.0,0,0
2026-05-30T13:41:22Z,0.0,0,0
2026-05-30T13:41:27Z,0.0,0,0
2026-05-30T13:41:32Z,0.0,0,0
2026-05-30T13:41:37Z,0.0,0,0
2026-05-30T13:41:42Z,0.0,0,0
2026-05-30T13:41:47Z,0.0,0,0
2026-05-30T13:41:52Z,0.0,0,0
2026-05-30T13:41:57Z,0.0,0,0
2026-05-30T13:42:02Z,0.0,0,0
2026-05-30T13:42:07Z,0.0,0,0
2026-05-30T13:42:12Z,0.0,0,0
2026-05-30T13:42:17Z,0.0,0,0
2026-05-30T13:42:22Z,0.0,0,0
2026-05-30T13:42:27Z,0.0,0,0
2026-05-30T13:42:32Z,0.0,0,0
2026-05-30T13:42:37Z,0.0,0,0
2026-05-30T13:42:42Z,0.3986189663410187,0,0
2026-05-30T13:42:47Z,0.020025046542286873,0,0
2026-05-30T13:42:52Z,0.0,0,0
2026-05-30T13:42:57Z,0.1593484729528427,0,0
2026-05-30T13:43:02Z,0.0,0,1
2026-05-30T13:43:07Z,0.0,0,1
2026-05-30T13:43:12Z,446.2478942871094,1,1
2026-05-30T13:43:17Z,440.82623291015625,1,1
2026-05-30T13:43:22Z,425.3616027832031,1,1
2026-05-30T13:43:27Z,988.2891845703125,1,1
2026-05-30T13:43:32Z,971.8555908203125,1,1
2026-05-30T13:43:37Z,950.9535522460938,1,1
2026-05-30T13:43:42Z,942.7855834960938,1,1
2026-05-30T13:43:47Z,933.7432861328125,1,1
2026-05-30T13:43:52Z,954.3991088867188,1,1
2026-05-30T13:43:57Z,917.6723022460938,1,1
2026-05-30T13:44:02Z,921.6051025390625,1,0
2026-05-30T13:44:07Z,912.74951171875,1,0
2026-05-30T13:44:12Z,3.860438823699951,0,0
2026-05-30T13:44:17Z,9.553726196289062,0,0
2026-05-30T13:44:22Z,14.688665390014648,0,0
2026-05-30T13:44:27Z,17.16316795349121,0,0
2026-05-30T13:44:32Z,12.421384811401367,0,0
2026-05-30T13:44:37Z,5.757014274597168,0,0
2026-05-30T13:44:42Z,4.020272254943848,0,0
2026-05-30T13:44:47Z,2.824913263320923,0,0
2026-05-30T13:44:52Z,1.6923372745513916,0,0
2026-05-30T13:44:57Z,1.2680331468582153,0,0
2026-05-30T13:45:02Z,0.28666192293167114,0,0
2026-05-30T13:45:07Z,0.5872423648834229,0,0
2026-05-30T13:45:12Z,0.0,0,0
2026-05-30T13:45:17Z,0.0,0,0
2026-05-30T13:45:22Z,0.0,0,0
2026-05-30T13:45:27Z,0.012878425419330597,0,0
2026-05-30T13:45:32Z,0.35788553953170776,0,0
2026-05-30T13:45:37Z,1.824602723121643,0,0
2026-05-30T13:45:42Z,3.260890483856201,0,0
2026-05-30T13:45:47Z,4.040574550628662,0,0
2026-05-30T13:45:52Z,5.398725509643555,0,0
2026-05-30T13:45:57Z,7.169381618499756,0,0
2026-05-30T13:46:02Z,6.0661845207214355,0,0
2026-05-30T13:46:07Z,4.648261547088623,0,0
2026-05-30T13:46:12Z,3.7560791969299316,0,0
2026-05-30T13:46:17Z,3.6146950721740723,0,0
2026-05-30T13:46:22Z,3.2663867473602295,0,0
2026-05-30T13:46:27Z,2.8388919830322266,0,0
2026-05-30T13:46:32Z,2.538386106491089,0,0
2026-05-30T13:46:37Z,2.8685545921325684,0,0
2026-05-30T13:46:42Z,2.6434247493743896,0,0
2026-05-30T13:46:47Z,1.3517035245895386,0,0
2026-05-30T13:46:52Z,0.24103465676307678,0,0
2026-05-30T13:46:57Z,0.0,0,0
2026-05-30T13:47:02Z,0.0,0,0
2026-05-30T13:47:07Z,0.0,0,0
2026-05-30T13:47:12Z,0.0,0,0
2026-05-30T13:47:17Z,0.0,0,0
2026-05-30T13:47:22Z,0.0,0,0
2026-05-30T13:47:27Z,0.0,0,0
2026-05-30T13:47:32Z,0.0,0,0
2026-05-30T13:47:37Z,0.0,0,0
2026-05-30T13:47:42Z,0.38513076305389404,0,0
2026-05-30T13:47:47Z,0.3722769021987915,0,0
2026-05-30T13:47:52Z,0.7305818200111389,0,0
2026-05-30T13:47:57Z,0.5310748815536499,0,0
2026-05-30T13:48:02Z,0.6103798151016235,0,0
2026-05-30T13:48:07Z,0.2679314613342285,0,0
2026-05-30T13:48:12Z,0.5856266617774963,0,0
2026-05-30T13:48:17Z,0.4513801038265228,0,1
2026-05-30T13:48:22Z,9.097044944763184,0,1
2026-05-30T13:48:27Z,9.064485549926758,0,1
2026-05-30T13:48:32Z,72.52493286132812,1,1
2026-05-30T13:48:37Z,97.11149597167969,1,1
2026-05-30T13:48:42Z,96.43011474609375,1,1
2026-05-30T13:48:47Z,118.23743438720703,1,1
2026-05-30T13:48:52Z,121.01522064208984,1,1
2026-05-30T13:48:57Z,120.66867065429688,1,1
2026-05-30T13:49:02Z,133.82656860351562,1,1
2026-05-30T13:49:07Z,134.04251098632812,1,1
2026-05-30T13:49:12Z,133.70423889160156,1,1
2026-05-30T13:49:17Z,130.54934692382812,1,0
2026-05-30T13:49:22Z,106.05854797363281,1,0
2026-05-30T13:49:27Z,111.90338134765625,1,0
2026-05-30T13:49:32Z,103.4406509399414,1,0
2026-05-30T13:49:37Z,95.416015625,1,0
2026-05-30T13:49:42Z,87.48072052001953,1,0
2026-05-30T13:49:47Z,66.19317626953125,1,0
2026-05-30T13:49:52Z,20.64207649230957,0,0
2026-05-30T13:49:57Z,20.577974319458008,0,0
2026-05-30T13:50:02Z,0.0,0,0
2026-05-30T13:50:07Z,0.0,0,0
2026-05-30T13:50:12Z,0.0,0,0
2026-05-30T13:50:17Z,0.0,0,0
2026-05-30T13:50:22Z,0.0,0,0
2026-05-30T13:50:27Z,0.0,0,0
2026-05-30T13:50:32Z,6.634359836578369,0,0
2026-05-30T13:50:37Z,6.079471111297607,0,0
2026-05-30T13:50:42Z,5.946023464202881,0,0
2026-05-30T13:50:47Z,0.17806461453437805,0,0
2026-05-30T13:50:52Z,0.5959814190864563,0,0
2026-05-30T13:50:57Z,0.4012247622013092,0,0
2026-05-30T13:51:02Z,0.0,0,0
2026-05-30T13:51:07Z,0.0,0,0
2026-05-30T13:51:12Z,0.0,0,0
2026-05-30T13:51:17Z,0.0,0,0
2026-05-30T13:51:22Z,0.0,0,0
2026-05-30T13:51:27Z,0.0,0,0
2026-05-30T13:51:32Z,0.7594010829925537,0,0
2026-05-30T13:51:37Z,1.7011914253234863,0,0
2026-05-30T13:51:42Z,2.2749481201171875,0,0
2026-05-30T13:51:47Z,2.039304733276367,0,0
2026-05-30T13:51:52Z,1.9796379804611206,0,0
2026-05-30T13:51:57Z,1.5458778142929077,0,0
2026-05-30T13:52:02Z,0.7558700442314148,0,0
2026-05-30T13:52:07Z,0.09313885867595673,0,0
2026-05-30T13:52:12Z,0.0,0,0
2026-05-30T13:52:17Z,0.0,0,0
2026-05-30T13:52:22Z,0.0,0,0
2026-05-30T13:52:27Z,0.1426832675933838,0,0
2026-05-30T13:52:32Z,0.0,0,0
2026-05-30T13:52:37Z,0.014454447664320469,0,0
2026-05-30T13:52:42Z,0.0,0,0
2026-05-30T13:52:47Z,0.01658928208053112,0,0
2026-05-30T13:52:52Z,0.23340840637683868,0,0
2026-05-30T13:52:57Z,0.4501248896121979,0,0
2026-05-30T13:53:02Z,0.3179217278957367,0,0
2026-05-30T13:53:07Z,0.2931995093822479,0,0
2026-05-30T13:53:12Z,0.3998996317386627,0,0
2026-05-30T13:53:17Z,0.0,0,0
2026-05-30T13:53:22Z,0.0,0,0
2026-05-30T13:53:27Z,0.0,0,0
2026-05-30T13:53:32Z,0.0,0,0
2026-05-30T13:53:37Z,0.0,0,0
2026-05-30T13:53:42Z,0.0,0,0
2026-05-30T13:53:47Z,0.0,0,1
2026-05-30T13:53:52Z,0.3063923716545105,0,1
2026-05-30T13:53:57Z,586.2062377929688,1,1
2026-05-30T13:54:02Z,574.1170043945312,1,1
2026-05-30T13:54:07Z,554.6924438476562,1,1
2026-05-30T13:54:12Z,948.0126953125,1,1
2026-05-30T13:54:17Z,940.849609375,1,1
2026-05-30T13:54:22Z,928.508544921875,1,1
2026-05-30T13:54:27Z,899.6348876953125,1,1
2026-05-30T13:54:32Z,888.5956420898438,1,1
2026-05-30T13:54:37Z,900.5509033203125,1,1
2026-05-30T13:54:42Z,937.9307250976562,1,1
2026-05-30T13:54:47Z,960.4312744140625,1,0
2026-05-30T13:54:52Z,970.7680053710938,1,0
2026-05-30T13:54:57Z,2.5859529972076416,0,0
2026-05-30T13:55:02Z,3.1152234077453613,0,0
2026-05-30T13:55:07Z,1.5613688230514526,0,0
2026-05-30T13:55:12Z,0.6798909306526184,0,0
2026-05-30T13:55:17Z,1.2965337038040161,0,0
2026-05-30T13:55:22Z,1.37631356716156,0,0
2026-05-30T13:55:27Z,2.0773589611053467,0,0
2026-05-30T13:55:32Z,2.3845577239990234,0,0
2026-05-30T13:55:37Z,2.209167957305908,0,0
2026-05-30T13:55:42Z,2.3593251705169678,0,0
2026-05-30T13:55:47Z,1.7784452438354492,0,0
2026-05-30T13:55:52Z,1.3008126020431519,0,0
2026-05-30T13:55:57Z,0.9578244686126709,0,0
2026-05-30T13:56:02Z,1.2859119176864624,0,0
2026-05-30T13:56:07Z,1.1558223962783813,0,0
2026-05-30T13:56:12Z,0.8788977265357971,0,0
2026-05-30T13:56:17Z,0.8522593975067139,0,0
2026-05-30T13:56:22Z,0.7384868860244751,0,0
2026-05-30T13:56:27Z,0.6939421892166138,0,0
2026-05-30T13:56:32Z,0.28880590200424194,0,0
2026-05-30T13:56:37Z,1.373361349105835,0,0
2026-05-30T13:56:42Z,0.3799136281013489,0,0
2026-05-30T13:56:47Z,0.6868076920509338,0,0
2026-05-30T13:56:52Z,0.9127453565597534,0,0
2026-05-30T13:56:57Z,1.1517252922058105,0,0
2026-05-30T13:57:02Z,0.978256344795227,0,0
2026-05-30T13:57:07Z,1.1015558242797852,0,0
2026-05-30T13:57:12Z,1.0825608968734741,0,0
2026-05-30T13:57:17Z,0.9360985159873962,0,0
2026-05-30T13:57:22Z,0.7786628007888794,0,0
2026-05-30T13:57:27Z,0.7171770334243774,0,0
2026-05-30T13:57:32Z,0.818840742111206,0,0
2026-05-30T13:57:37Z,0.8529502153396606,0,0
2026-05-30T13:57:42Z,1.1859383583068848,0,0
2026-05-30T13:57:47Z,1.980931282043457,0,0
2026-05-30T13:57:52Z,2.9674489498138428,0,0
2026-05-30T13:57:57Z,4.0275092124938965,0,0
2026-05-30T13:58:02Z,4.89727258682251,0,0
2026-05-30T13:58:07Z,5.271081447601318,0,0
2026-05-30T13:58:12Z,5.385917663574219,0,0
2026-05-30T13:58:17Z,3.245716094970703,0,0
2026-05-30T13:58:22Z,1.9051389694213867,0,0
2026-05-30T13:58:27Z,1.3814456462860107,0,0
2026-05-30T13:58:32Z,1.1057136058807373,0,0
2026-05-30T13:58:37Z,0.4487694799900055,0,0
2026-05-30T13:58:42Z,0.09065286815166473,0,0
2026-05-30T13:58:47Z,0.5640977025032043,0,0
2026-05-30T13:58:52Z,0.6107152700424194,0,0
2026-05-30T13:58:57Z,0.7237932682037354,0,0
2026-05-30T13:59:02Z,0.3229122757911682,0,0
2026-05-30T13:59:07Z,0.6199063658714294,0,0
2026-05-30T13:59:12Z,0.10553311556577682,0,0
2026-05-30T13:59:17Z,0.039869677275419235,0,0
2026-05-30T13:59:22Z,0.0,0,0
2026-05-30T13:59:27Z,0.4287866950035095,0,0
2026-05-30T13:59:32Z,0.314209520816803,0,0
2026-05-30T13:59:37Z,0.0,0,0
2026-05-30T13:59:42Z,0.0,0,0
2026-05-30T13:59:47Z,0.0,0,0
2026-05-30T13:59:52Z,0.0,0,0
2026-05-30T13:59:57Z,0.0,0,0
2026-05-30T14:00:02Z,0.3769850730895996,0,0
2026-05-30T14:00:07Z,0.0,0,0
2026-05-30T14:00:12Z,0.0,0,0
2026-05-30T14:00:17Z,0.0,0,0
2026-05-30T14:00:22Z,0.0,0,0
2026-05-30T14:00:27Z,0.0,0,0
2026-05-30T14:00:32Z,0.0,0,0
2026-05-30T14:00:37Z,0.0,0,0
2026-05-30T14:00:42Z,0.0,0,0
2026-05-30T14:00:47Z,0.0,0,1
2026-05-30T14:00:52Z,0.0,0,1
2026-05-30T14:00:57Z,0.6338111758232117,0,1
2026-05-30T14:01:02Z,11.939408302307129,0,1
2026-05-30T14:01:07Z,57.363895416259766,0,1
2026-05-30T14:01:12Z,63.348907470703125,0,1
2026-05-30T14:01:17Z,87.8809814453125,1,1
2026-05-30T14:01:22Z,104.28369140625,1,1
2026-05-30T14:01:27Z,106.60302734375,1,1
2026-05-30T14:01:32Z,118.80471801757812,1,1
2026-05-30T14:01:37Z,124.24284362792969,1,1
2026-05-30T14:01:42Z,131.19859313964844,1,1
2026-05-30T14:01:47Z,129.76214599609375,1,0
2026-05-30T14:01:52Z,121.61910247802734,1,0
2026-05-30T14:01:57Z,118.76166534423828,1,0
2026-05-30T14:02:02Z,112.74918365478516,1,0
2026-05-30T14:02:07Z,80.23690795898438,1,0
2026-05-30T14:02:12Z,78.87491607666016,1,0
2026-05-30T14:02:17Z,44.33479309082031,0,0
2026-05-30T14:02:22Z,19.732242584228516,0,0
2026-05-30T14:02:27Z,19.702360153198242,0,0
2026-05-30T14:02:32Z,0.0,0,0
2026-05-30T14:02:37Z,0.19163572788238525,0,0
2026-05-30T14:02:42Z,0.034328434616327286,0,0
2026-05-30T14:02:47Z,0.1279417872428894,0,0
2026-05-30T14:02:52Z,0.2212318331003189,0,0
2026-05-30T14:02:57Z,0.0,0,0
2026-05-30T14:03:02Z,0.06213103607296944,0,0
2026-05-30T14:03:07Z,0.0,0,0
2026-05-30T14:03:12Z,0.0,0,0
2026-05-30T14:03:17Z,0.0,0,0
2026-05-30T14:03:22Z,0.0,0,0
2026-05-30T14:03:27Z,0.0,0,0
2026-05-30T14:03:32Z,0.0,0,0
2026-05-30T14:03:37Z,0.0,0,0
2026-05-30T14:03:42Z,0.0,0,0
2026-05-30T14:03:47Z,0.0,0,0
2026-05-30T14:03:52Z,0.0,0,0
2026-05-30T14:03:57Z,0.0,0,0
2026-05-30T14:04:02Z,0.0,0,0
2026-05-30T14:04:07Z,0.3248271644115448,0,0
2026-05-30T14:04:12Z,0.7372945547103882,0,0
2026-05-30T14:04:17Z,0.0,0,0
2026-05-30T14:04:22Z,0.0,0,0
2026-05-30T14:04:27Z,0.0,0,0
2026-05-30T14:04:32Z,0.0,0,0
2026-05-30T14:04:37Z,0.0,0,0
2026-05-30T14:04:42Z,0.0,0,0
2026-05-30T14:04:47Z,0.0,0,0
2026-05-30T14:04:52Z,0.0,0,0
2026-05-30T14:04:57Z,0.0,0,0
2026-05-30T14:05:02Z,0.0,0,0
2026-05-30T14:05:07Z,0.0,0,0
2026-05-30T14:05:12Z,0.0,0,0
2026-05-30T14:05:17Z,0.0,0,0
2026-05-30T14:05:22Z,0.0022156641352921724,0,0
2026-05-30T14:05:27Z,1.2144230604171753,0,0
2026-05-30T14:05:32Z,1.074427604675293,0,0
2026-05-30T14:05:37Z,1.1101951599121094,0,0
2026-05-30T14:05:42Z,1.1361850500106812,0,0
2026-05-30T14:05:47Z,0.9320963621139526,0,0
2026-05-30T14:05:52Z,1.1281709671020508,0,0
2026-05-30T14:05:57Z,0.9455082416534424,0,0
2026-05-30T14:06:02Z,0.5870530009269714,0,0
2026-05-30T14:06:07Z,0.7875799536705017,0,0
2026-05-30T14:06:12Z,1.3909553289413452,0,0
2026-05-30T14:06:17Z,0.5793644189834595,0,0
2026-05-30T14:06:22Z,1.3799655437469482,0,0
2026-05-30T14:06:27Z,1.4773287773132324,0,0
2026-05-30T14:06:32Z,0.7967932820320129,0,0
2026-05-30T14:06:37Z,1.0045055150985718,0,0
2026-05-30T14:06:42Z,1.162528157234192,0,0
2026-05-30T14:06:47Z,0.4301068186759949,0,0
2026-05-30T14:06:52Z,0.48262158036231995,0,0
2026-05-30T14:06:57Z,0.34527459740638733,0,0
2026-05-30T14:07:02Z,1.5278207063674927,0,0
2026-05-30T14:07:07Z,1.3248666524887085,0,0
2026-05-30T14:07:12Z,0.5188456773757935,0,0
2026-05-30T14:07:17Z,0.6502186059951782,0,0
2026-05-30T14:07:22Z,1.0362471342086792,0,1
2026-05-30T14:07:27Z,500.1308288574219,1,1
2026-05-30T14:07:32Z,480.0963134765625,1,1
2026-05-30T14:07:37Z,454.7330627441406,1,1
2026-05-30T14:07:42Z,942.422607421875,1,1
2026-05-30T14:07:47Z,900.838134765625,1,1
2026-05-30T14:07:52Z,861.8203125,1,1
2026-05-30T14:07:57Z,821.6932373046875,1,1
2026-05-30T14:08:02Z,821.5682983398438,1,1
2026-05-30T14:08:07Z,802.6515502929688,1,1
2026-05-30T14:08:12Z,827.7228393554688,1,1
2026-05-30T14:08:17Z,858.0543212890625,1,0
2026-05-30T14:08:22Z,908.6273803710938,1,0
2026-05-30T14:08:27Z,4.642899513244629,0,0
2026-05-30T14:08:32Z,3.723299980163574,0,0
2026-05-30T14:08:37Z,4.155020236968994,0,0
2026-05-30T14:08:42Z,4.995926856994629,0,0
2026-05-30T14:08:47Z,4.991178035736084,0,0
2026-05-30T14:08:52Z,4.111989498138428,0,0
2026-05-30T14:08:57Z,4.553991317749023,0,0
2026-05-30T14:09:02Z,3.152467727661133,0,0
2026-05-30T14:09:07Z,2.256974220275879,0,0
2026-05-30T14:09:12Z,1.8797093629837036,0,0
2026-05-30T14:09:17Z,1.5009557008743286,0,0
2026-05-30T14:09:22Z,1.1731994152069092,0,0
2026-05-30T14:09:27Z,1.244510531425476,0,0
2026-05-30T14:09:32Z,1.1555945873260498,0,0
2026-05-30T14:09:37Z,1.7554292678833008,0,0
2026-05-30T14:09:42Z,1.9864990711212158,0,0
2026-05-30T14:09:47Z,2.081465244293213,0,0
2026-05-30T14:09:52Z,1.4289652109146118,0,0
2026-05-30T14:09:57Z,1.1827772855758667,0,0
2026-05-30T14:10:02Z,1.8577724695205688,0,0
2026-05-30T14:10:07Z,2.1369848251342773,0,0
2026-05-30T14:10:12Z,2.6081748008728027,0,0
2026-05-30T14:10:17Z,3.2367029190063477,0,0
2026-05-30T14:10:22Z,3.023617744445801,0,0
2026-05-30T14:10:27Z,2.6168501377105713,0,0
2026-05-30T14:10:32Z,1.800363302230835,0,0
2026-05-30T14:10:37Z,1.0526788234710693,0,0
2026-05-30T14:10:42Z,0.8256773948669434,0,0
2026-05-30T14:10:47Z,0.639495313167572,0,0
2026-05-30T14:10:52Z,0.5624319314956665,0,0
2026-05-30T14:10:57Z,0.8215708136558533,0,0
2026-05-30T14:11:02Z,1.1774202585220337,0,0
2026-05-30T14:11:07Z,2.070006847381592,0,0
2026-05-30T14:11:12Z,2.173279285430908,0,0
2026-05-30T14:11:17Z,2.3120453357696533,0,0
2026-05-30T14:11:22Z,2.0156569480895996,0,0
2026-05-30T14:11:27Z,1.353324294090271,0,0
2026-05-30T14:11:32Z,0.7794991135597229,0,0
2026-05-30T14:11:37Z,0.24775731563568115,0,0
2026-05-30T14:11:42Z,0.10410437732934952,0,0
2026-05-30T14:11:47Z,0.0,0,0
2026-05-30T14:11:52Z,0.0,0,0
2026-05-30T14:11:57Z,0.0,0,0
2026-05-30T14:12:02Z,0.0,0,0
2026-05-30T14:12:07Z,0.0,0,0
2026-05-30T14:12:12Z,0.0,0,0
2026-05-30T14:12:17Z,0.0,0,0
2026-05-30T14:12:22Z,0.5554742813110352,0,0
2026-05-30T14:12:27Z,1.0315446853637695,0,0
2026-05-30T14:12:32Z,0.07154202461242676,0,0
2026-05-30T14:12:37Z,0.0,0,0
2026-05-30T14:12:42Z,0.0,0,0
2026-05-30T14:12:47Z,0.0,0,0
2026-05-30T14:12:52Z,0.0,0,0
2026-05-30T14:12:57Z,0.010064715519547462,0,0
2026-05-30T14:13:02Z,0.5023776888847351,0,0
2026-05-30T14:13:07Z,0.5786881446838379,0,0
2026-05-30T14:13:12Z,0.8577447533607483,0,0
2026-05-30T14:13:17Z,0.4344836473464966,0,0
2026-05-30T14:13:22Z,0.06310367584228516,0,0
2026-05-30T14:13:27Z,0.0,0,0
2026-05-30T14:13:32Z,0.8099099397659302,0,0
2026-05-30T14:13:37Z,0.13454236090183258,0,0
2026-05-30T14:13:42Z,0.0,0,0
2026-05-30T14:13:47Z,0.5719698667526245,0,0
2026-05-30T14:13:52Z,0.36781564354896545,0,0
2026-05-30T14:13:57Z,0.0,0,0
2026-05-30T14:14:02Z,0.0,0,0
2026-05-30T14:14:07Z,0.0,0,1
2026-05-30T14:14:12Z,0.0,0,1
2026-05-30T14:14:17Z,0.0,0,1
2026-05-30T14:14:22Z,33.543052673339844,0,1
2026-05-30T14:14:27Z,33.58647918701172,0,1
2026-05-30T14:14:32Z,60.38459777832031,0,1
2026-05-30T14:14:37Z,84.09564971923828,1,1
2026-05-30T14:14:42Z,83.8629379272461,1,1
2026-05-30T14:14:47Z,111.23165130615234,1,1
2026-05-30T14:14:52Z,110.34407043457031,1,1
2026-05-30T14:14:57Z,116.78057861328125,1,1
2026-05-30T14:15:02Z,117.68973541259766,1,1
2026-05-30T14:15:07Z,118.13028717041016,1,0
2026-05-30T14:15:12Z,110.93389892578125,1,0
2026-05-30T14:15:17Z,104.39607238769531,1,0
2026-05-30T14:15:22Z,96.78154754638672,1,0
2026-05-30T14:15:27Z,86.83389282226562,1,0
2026-05-30T14:15:32Z,76.73417663574219,1,0
2026-05-30T14:15:37Z,61.26704025268555,0,0
2026-05-30T14:15:42Z,61.08527755737305,0,0
2026-05-30T14:15:47Z,31.765966415405273,0,0
2026-05-30T14:15:52Z,0.0,0,0
2026-05-30T14:15:57Z,0.0,0,0
2026-05-30T14:16:02Z,0.46843647956848145,0,0
2026-05-30T14:16:07Z,0.6431037783622742,0,0
2026-05-30T14:16:12Z,0.09081970900297165,0,0
2026-05-30T14:16:17Z,0.0,0,0
2026-05-30T14:16:22Z,0.0,0,0
2026-05-30T14:16:27Z,0.05127975344657898,0,0
2026-05-30T14:16:32Z,0.17705318331718445,0,0
2026-05-30T14:16:37Z,0.0,0,0
2026-05-30T14:16:42Z,0.0,0,0
2026-05-30T14:16:47Z,0.0,0,0
2026-05-30T14:16:52Z,0.0,0,0
2026-05-30T14:16:57Z,0.0,0,0
2026-05-30T14:17:02Z,0.0,0,0
2026-05-30T14:17:07Z,0.0,0,0
2026-05-30T14:17:12Z,0.0,0,0
2026-05-30T14:17:17Z,0.0,0,0
2026-05-30T14:17:22Z,0.0,0,0
2026-05-30T14:17:27Z,0.0,0,0
2026-05-30T14:17:32Z,0.0,0,0
2026-05-30T14:17:37Z,0.0,0,0
2026-05-30T14:17:42Z,0.0,0,0
2026-05-30T14:17:47Z,0.0,0,0
2026-05-30T14:17:52Z,0.0,0,0
2026-05-30T14:17:57Z,0.0,0,0
2026-05-30T14:18:02Z,0.0,0,0
2026-05-30T14:18:07Z,0.0,0,0
2026-05-30T14:18:12Z,0.0,0,0
2026-05-30T14:18:17Z,0.0,0,0
2026-05-30T14:18:22Z,0.0,0,0
2026-05-30T14:18:27Z,0.0,0,0
2026-05-30T14:18:32Z,0.0,0,0
2026-05-30T14:18:37Z,0.0,0,0
2026-05-30T14:18:42Z,0.0,0,0
2026-05-30T14:18:47Z,0.0,0,0
2026-05-30T14:18:52Z,0.0,0,0
2026-05-30T14:18:57Z,0.0,0,0
2026-05-30T14:19:02Z,0.0,0,0
2026-05-30T14:19:07Z,0.0,0,0
2026-05-30T14:19:12Z,0.0,0,0
2026-05-30T14:19:17Z,0.0,0,0
2026-05-30T14:19:22Z,0.0,0,0
2026-05-30T14:19:27Z,0.0,0,0
2026-05-30T14:19:32Z,0.0,0,0
2026-05-30T14:19:37Z,0.0,0,0
2026-05-30T14:19:42Z,0.0,0,0
2026-05-30T14:19:47Z,0.0,0,0
2026-05-30T14:19:52Z,0.0,0,1
2026-05-30T14:19:57Z,0.0,0,1
2026-05-30T14:20:02Z,0.7992169857025146,0,1
2026-05-30T14:20:07Z,1.7458388805389404,0,1
2026-05-30T14:20:12Z,1000.318359375,1,1
2026-05-30T14:20:17Z,982.2477416992188,1,1
2026-05-30T14:20:22Z,966.9126586914062,1,1
2026-05-30T14:20:27Z,953.2719116210938,1,1
2026-05-30T14:20:32Z,935.7318725585938,1,1
2026-05-30T14:20:37Z,920.2444458007812,1,1
2026-05-30T14:20:42Z,916.2544555664062,1,1
2026-05-30T14:20:47Z,938.6973266601562,1,1
2026-05-30T14:20:52Z,973.8626708984375,1,0
2026-05-30T14:20:57Z,2.7848570346832275,0,0
2026-05-30T14:21:02Z,3.314908266067505,0,0
2026-05-30T14:21:07Z,1.5198249816894531,0,0
2026-05-30T14:21:12Z,3.62428617477417,0,0
2026-05-30T14:21:17Z,3.3590025901794434,0,0
2026-05-30T14:21:22Z,2.813109874725342,0,0
2026-05-30T14:21:27Z,0.6079545617103577,0,0
2026-05-30T14:21:32Z,0.5502780079841614,0,0
2026-05-30T14:21:37Z,0.3939751088619232,0,0
2026-05-30T14:21:42Z,0.0723506286740303,0,0
2026-05-30T14:21:47Z,0.3997579514980316,0,0
2026-05-30T14:21:52Z,0.45157086849212646,0,0
2026-05-30T14:21:57Z,0.5489639639854431,0,0
2026-05-30T14:22:02Z,1.6568903923034668,0,0
2026-05-30T14:22:07Z,1.9452589750289917,0,0
2026-05-30T14:22:12Z,3.446829319000244,0,0
2026-05-30T14:22:17Z,2.942901611328125,0,0
2026-05-30T14:22:22Z,2.8419151306152344,0,0
2026-05-30T14:22:27Z,2.950573205947876,0,0
2026-05-30T14:22:32Z,2.0041472911834717,0,0
2026-05-30T14:22:37Z,2.419405221939087,0,0
2026-05-30T14:22:42Z,1.395491600036621,0,0
2026-05-30T14:22:47Z,1.4692832231521606,0,0
2026-05-30T14:22:52Z,1.9228203296661377,0,0
2026-05-30T14:22:57Z,2.468596935272217,0,0
2026-05-30T14:23:02Z,1.6423251628875732,0,0
2026-05-30T14:23:07Z,0.9930124878883362,0,0
2026-05-30T14:23:12Z,1.829740047454834,0,0
2026-05-30T14:23:17Z,2.9524707794189453,0,0
2026-05-30T14:23:22Z,3.692901134490967,0,0
2026-05-30T14:23:27Z,4.529766082763672,0,0
2026-05-30T14:23:32Z,4.852271556854248,0,0
2026-05-30T14:23:37Z,5.5286641120910645,0,0
2026-05-30T14:23:42Z,5.492888927459717,0,0
2026-05-30T14:23:47Z,6.060016632080078,0,0
2026-05-30T14:23:52Z,5.784206867218018,0,0
2026-05-30T14:23:57Z,7.4685959815979,0,0
2026-05-30T14:24:02Z,2.518744468688965,0,0
2026-05-30T14:24:07Z,1.5577603578567505,0,0
2026-05-30T14:24:12Z,0.6335075497627258,0,0
2026-05-30T14:24:17Z,0.6747359037399292,0,0
2026-05-30T14:24:22Z,0.9189431071281433,0,0
2026-05-30T14:24:27Z,0.054737117141485214,0,0
2026-05-30T14:24:32Z,0.11696331948041916,0,0
2026-05-30T14:24:37Z,0.013611990958452225,0,0
2026-05-30T14:24:42Z,0.003424425143748522,0,0
2026-05-30T14:24:47Z,0.4802778363227844,0,0
2026-05-30T14:24:52Z,0.45612749457359314,0,0
2026-05-30T14:24:57Z,1.6114892959594727,0,0
2026-05-30T14:25:02Z,1.0361886024475098,0,0
2026-05-30T14:25:07Z,0.6372450590133667,0,0
2026-05-30T14:25:12Z,0.22972288727760315,0,0
2026-05-30T14:25:17Z,0.0,0,0
2026-05-30T14:25:22Z,0.0,0,0
2026-05-30T14:25:27Z,0.0,0,0
2026-05-30T14:25:32Z,0.0,0,0
2026-05-30T14:25:37Z,0.0,0,0
2026-05-30T14:25:42Z,0.0,0,0
2026-05-30T14:25:47Z,0.0,0,0
2026-05-30T14:25:52Z,0.0,0,0
2026-05-30T14:25:57Z,0.0,0,0
2026-05-30T14:26:02Z,0.0,0,0
2026-05-30T14:26:07Z,0.0,0,0
2026-05-30T14:26:12Z,0.0,0,0
2026-05-30T14:26:17Z,0.34391239285469055,0,0
2026-05-30T14:26:22Z,0.5784051418304443,0,0
2026-05-30T14:26:27Z,0.5730153918266296,0,0
2026-05-30T14:26:32Z,0.23658892512321472,0,0
2026-05-30T14:26:37Z,0.0,0,0
2026-05-30T14:26:42Z,0.0,0,0
2026-05-30T14:26:47Z,0.0,0,1
2026-05-30T14:26:52Z,0.0,0,1
2026-05-30T14:26:57Z,0.9895792603492737,0,1
2026-05-30T14:27:02Z,49.06588363647461,0,1
2026-05-30T14:27:07Z,77.85128021240234,1,1
2026-05-30T14:27:12Z,79.7505111694336,1,1
2026-05-30T14:27:17Z,103.77399444580078,1,1
2026-05-30T14:27:22Z,130.320556640625,1,1
2026-05-30T14:27:27Z,130.17164611816406,1,1
2026-05-30T14:27:32Z,133.8140106201172,1,1
2026-05-30T14:27:37Z,135.33071899414062,1,1
2026-05-30T14:27:42Z,134.53561401367188,1,1
2026-05-30T14:27:47Z,132.5897674560547,1,0
2026-05-30T14:27:52Z,126.28388214111328,1,0
2026-05-30T14:27:57Z,114.03330993652344,1,0
2026-05-30T14:28:02Z,115.18679809570312,1,0
2026-05-30T14:28:07Z,90.19241333007812,1,0
2026-05-30T14:28:12Z,90.12811279296875,1,0
2026-05-30T14:28:17Z,71.05183410644531,1,0
2026-05-30T14:28:22Z,41.5508918762207,0,0
2026-05-30T14:28:27Z,41.32917022705078,0,0
2026-05-30T14:28:32Z,0.0,0,0
2026-05-30T14:28:37Z,0.0,0,0
2026-05-30T14:28:42Z,0.0,0,0
2026-05-30T14:28:47Z,0.029131252318620682,0,0
2026-05-30T14:28:52Z,0.23365242779254913,0,0
2026-05-30T14:28:57Z,0.0,0,0
2026-05-30T14:29:02Z,0.05278928205370903,0,0
2026-05-30T14:29:07Z,0.0,0,0
2026-05-30T14:29:12Z,0.23688805103302002,0,0
2026-05-30T14:29:17Z,0.0,0,0
2026-05-30T14:29:22Z,0.5933232307434082,0,0
2026-05-30T14:29:27Z,0.5512244701385498,0,0
2026-05-30T14:29:32Z,0.6240317225456238,0,0
2026-05-30T14:29:37Z,0.6101263165473938,0,0
2026-05-30T14:29:42Z,0.4034898281097412,0,0
2026-05-30T14:29:47Z,0.03163391724228859,0,0
2026-05-30T14:29:52Z,0.0,0,0
2026-05-30T14:29:57Z,0.0,0,0
2026-05-30T14:30:02Z,0.20114952325820923,0,0
2026-05-30T14:30:07Z,0.9259130358695984,0,0
2026-05-30T14:30:12Z,0.5635913610458374,0,0
2026-05-30T14:30:17Z,0.0,0,0
2026-05-30T14:30:22Z,0.0,0,0
2026-05-30T14:30:27Z,0.0,0,0
2026-05-30T14:30:32Z,0.0,0,0
2026-05-30T14:30:37Z,0.0,0,0
2026-05-30T14:30:42Z,0.0,0,0
2026-05-30T14:30:47Z,0.0,0,0
2026-05-30T14:30:52Z,0.0,0,0
2026-05-30T14:30:57Z,0.0,0,0
2026-05-30T14:31:02Z,0.0,0,0
2026-05-30T14:31:07Z,0.0,0,0
2026-05-30T14:31:12Z,0.0,0,0
2026-05-30T14:31:17Z,0.0,0,0
2026-05-30T14:31:22Z,0.0,0,0
2026-05-30T14:31:27Z,0.0,0,0
2026-05-30T14:31:32Z,0.0,0,0
2026-05-30T14:31:37Z,0.0,0,0
2026-05-30T14:31:42Z,0.0,0,0
2026-05-30T14:31:47Z,0.0,0,0
2026-05-30T14:31:52Z,0.0,0,0
2026-05-30T14:31:57Z,0.0,0,0
2026-05-30T14:32:02Z,0.0,0,0
2026-05-30T14:32:07Z,0.0,0,0
2026-05-30T14:32:12Z,0.0,0,0
2026-05-30T14:32:17Z,0.0,0,0
2026-05-30T14:32:22Z,0.0,0,0
2026-05-30T14:32:27Z,0.0,0,0
2026-05-30T14:32:32Z,0.0,0,0
2026-05-30T14:32:37Z,0.0,0,0
2026-05-30T14:32:42Z,0.0,0,0
2026-05-30T14:32:47Z,0.0,0,0
2026-05-30T14:32:52Z,0.0,0,0
2026-05-30T14:32:57Z,0.0,0,0
2026-05-30T14:33:02Z,0.0,0,1
2026-05-30T14:33:07Z,0.35464319586753845,0,1
2026-05-30T14:33:12Z,740.2648315429688,1,1
2026-05-30T14:33:17Z,729.1182250976562,1,1
2026-05-30T14:33:22Z,712.3715209960938,1,1
2026-05-30T14:33:27Z,973.1500244140625,1,1
2026-05-30T14:33:32Z,955.5781860351562,1,1
2026-05-30T14:33:37Z,946.1376953125,1,1
2026-05-30T14:33:42Z,919.0372924804688,1,1
2026-05-30T14:33:47Z,1608.5211181640625,1,1
2026-05-30T14:33:52Z,1604.94775390625,1,1
2026-05-30T14:33:57Z,916.273193359375,1,1
2026-05-30T14:34:02Z,928.880126953125,1,0
2026-05-30T14:34:07Z,901.5342407226562,1,0
2026-05-30T14:34:12Z,10.997441291809082,0,0
2026-05-30T14:34:17Z,7.924587249755859,0,0
2026-05-30T14:34:22Z,4.947243690490723,0,0
2026-05-30T14:34:27Z,3.1428699493408203,0,0
2026-05-30T14:34:32Z,4.51469612121582,0,0
2026-05-30T14:34:37Z,2.481504201889038,0,0
2026-05-30T14:34:42Z,2.9373538494110107,0,0
2026-05-30T14:34:47Z,2.285240650177002,0,0
2026-05-30T14:34:52Z,2.212409496307373,0,0
2026-05-30T14:34:57Z,2.2381911277770996,0,0
2026-05-30T14:35:02Z,1.8737866878509521,0,0
2026-05-30T14:35:07Z,1.8604545593261719,0,0
2026-05-30T14:35:12Z,1.8523517847061157,0,0
2026-05-30T14:35:17Z,1.7053959369659424,0,0
2026-05-30T14:35:22Z,1.901167631149292,0,0
2026-05-30T14:35:27Z,2.1485817432403564,0,0
2026-05-30T14:35:32Z,2.6024329662323,0,0
2026-05-30T14:35:37Z,3.0855696201324463,0,0
2026-05-30T14:35:42Z,2.775115966796875,0,0
2026-05-30T14:35:47Z,2.1823809146881104,0,0
2026-05-30T14:35:52Z,1.6838109493255615,0,0
2026-05-30T14:35:57Z,1.638805627822876,0,0
2026-05-30T14:36:02Z,1.383402705192566,0,0
2026-05-30T14:36:07Z,1.7295101881027222,0,0
2026-05-30T14:36:12Z,2.1995577812194824,0,0
2026-05-30T14:36:17Z,2.7034008502960205,0,0
2026-05-30T14:36:22Z,3.0862276554107666,0,0
2026-05-30T14:36:27Z,3.1479835510253906,0,0
2026-05-30T14:36:32Z,2.8695831298828125,0,0
2026-05-30T14:36:37Z,2.6559739112854004,0,0
2026-05-30T14:36:42Z,3.0172815322875977,0,0
2026-05-30T14:36:47Z,3.3404428958892822,0,0
2026-05-30T14:36:52Z,3.23807954788208,0,0
2026-05-30T14:36:57Z,3.046337842941284,0,0
2026-05-30T14:37:02Z,3.6819918155670166,0,0
2026-05-30T14:37:07Z,3.848484516143799,0,0
2026-05-30T14:37:12Z,3.805490255355835,0,0
2026-05-30T14:37:17Z,2.9690778255462646,0,0
2026-05-30T14:37:22Z,3.0013089179992676,0,0
2026-05-30T14:37:27Z,3.3037683963775635,0,0
2026-05-30T14:37:32Z,2.1964190006256104,0,0
2026-05-30T14:37:37Z,1.6399239301681519,0,0
2026-05-30T14:37:42Z,1.5091285705566406,0,0
2026-05-30T14:37:47Z,2.2339537143707275,0,0
2026-05-30T14:37:52Z,2.380504608154297,0,0
2026-05-30T14:37:57Z,1.62037193775177,0,0
2026-05-30T14:38:02Z,0.5829998850822449,0,0
2026-05-30T14:38:07Z,0.7829875946044922,0,0
2026-05-30T14:38:12Z,0.9141906499862671,0,0
2026-05-30T14:38:17Z,0.7240025401115417,0,0
2026-05-30T14:38:22Z,0.9798040390014648,0,0
2026-05-30T14:38:27Z,1.803855538368225,0,0
2026-05-30T14:38:32Z,2.6212472915649414,0,0
2026-05-30T14:38:37Z,2.4737861156463623,0,0
2026-05-30T14:38:42Z,1.469706416130066,0,0
2026-05-30T14:38:47Z,0.8592186570167542,0,0
2026-05-30T14:38:52Z,0.941074550151825,0,0
2026-05-30T14:38:57Z,1.8508683443069458,0,0
2026-05-30T14:39:02Z,0.5545372366905212,0,0
2026-05-30T14:39:07Z,1.1924277544021606,0,0
2026-05-30T14:39:12Z,1.5854718685150146,0,0
2026-05-30T14:39:17Z,1.023154854774475,0,0
2026-05-30T14:39:22Z,0.9558687806129456,0,0
2026-05-30T14:39:27Z,1.008118748664856,0,0
2026-05-30T14:39:32Z,1.1747915744781494,0,0
2026-05-30T14:39:37Z,1.0796544551849365,0,0
2026-05-30T14:39:42Z,0.6409571170806885,0,0
2026-05-30T14:39:47Z,0.333644300699234,0,0
2026-05-30T14:39:52Z,0.35855168104171753,0,0
2026-05-30T14:39:57Z,0.7337319850921631,0,1
2026-05-30T14:40:02Z,0.5103756785392761,0,1
2026-05-30T14:40:07Z,2.7108733654022217,0,1
2026-05-30T14:40:12Z,2.583165168762207,0,1
2026-05-30T14:40:17Z,34.94059371948242,0,1
2026-05-30T14:40:22Z,70.36638641357422,1,1
2026-05-30T14:40:27Z,70.35594177246094,1,1
2026-05-30T14:40:32Z,83.96060943603516,1,1
2026-05-30T14:40:37Z,93.67652893066406,1,1
2026-05-30T14:40:42Z,106.28038024902344,1,1
2026-05-30T14:40:47Z,112.70170593261719,1,1
2026-05-30T14:40:52Z,109.41179656982422,1,1
2026-05-30T14:40:57Z,115.29141998291016,1,0
2026-05-30T14:41:02Z,110.12045288085938,1,0
2026-05-30T14:41:07Z,103.40288543701172,1,0
2026-05-30T14:41:12Z,100.5879898071289,1,0
2026-05-30T14:41:17Z,82.72872924804688,1,0
2026-05-30T14:41:22Z,66.33818817138672,1,0
2026-05-30T14:41:27Z,66.27867889404297,1,0
2026-05-30T14:41:32Z,39.06865692138672,0,0
2026-05-30T14:41:37Z,0.0,0,0
2026-05-30T14:41:42Z,0.0,0,0
2026-05-30T14:41:47Z,0.0,0,0
2026-05-30T14:41:52Z,0.6927068829536438,0,0
2026-05-30T14:41:57Z,0.26127690076828003,0,0
2026-05-30T14:42:02Z,0.4617495834827423,0,0
2026-05-30T14:42:07Z,0.6518605351448059,0,0
2026-05-30T14:42:12Z,0.0,0,0
2026-05-30T14:42:17Z,0.0,0,0
2026-05-30T14:42:22Z,0.0,0,0
2026-05-30T14:42:27Z,0.0,0,0
2026-05-30T14:42:32Z,0.0,0,0
2026-05-30T14:42:37Z,0.0,0,0
2026-05-30T14:42:42Z,0.435640424489975,0,0
2026-05-30T14:42:47Z,0.648365318775177,0,0
2026-05-30T14:42:52Z,0.5957974791526794,0,0
2026-05-30T14:42:57Z,0.06995837390422821,0,0
2026-05-30T14:43:02Z,0.0,0,0
2026-05-30T14:43:07Z,0.09388584643602371,0,0
2026-05-30T14:43:12Z,0.2037903070449829,0,0
2026-05-30T14:43:17Z,0.0021555498242378235,0,0
2026-05-30T14:43:22Z,0.0,0,0
2026-05-30T14:43:27Z,0.025841644033789635,0,0
2026-05-30T14:43:32Z,0.16240406036376953,0,0
2026-05-30T14:43:37Z,0.0717017650604248,0,0
2026-05-30T14:43:42Z,0.17027875781059265,0,0
2026-05-30T14:43:47Z,0.18368317186832428,0,0
2026-05-30T14:43:52Z,0.15373940765857697,0,0
2026-05-30T14:43:57Z,0.33649304509162903,0,0
2026-05-30T14:44:02Z,0.16371217370033264,0,0
2026-05-30T14:44:07Z,0.08083080500364304,0,0
2026-05-30T14:44:12Z,0.0,0,0
2026-05-30T14:44:17Z,0.0,0,0
2026-05-30T14:44:22Z,0.0,0,0
2026-05-30T14:44:27Z,0.0,0,0
2026-05-30T14:44:32Z,0.0,0,0
2026-05-30T14:44:37Z,0.0,0,0
2026-05-30T14:44:42Z,0.0,0,0
2026-05-30T14:44:47Z,0.0,0,0
2026-05-30T14:44:52Z,0.0,0,0
2026-05-30T14:44:57Z,0.0,0,0
2026-05-30T14:45:02Z,0.0,0,0
2026-05-30T14:45:07Z,0.0,0,0
2026-05-30T14:45:12Z,0.0,0,1
2026-05-30T14:45:17Z,0.2710304260253906,0,1
2026-05-30T14:45:22Z,1.427692174911499,0,1
2026-05-30T14:45:27Z,992.01123046875,1,1
2026-05-30T14:45:32Z,973.2907104492188,1,1
2026-05-30T14:45:37Z,961.9676513671875,1,1
2026-05-30T14:45:42Z,934.40185546875,1,1
2026-05-30T14:45:47Z,1593.89892578125,1,1
2026-05-30T14:45:52Z,1540.230712890625,1,1
2026-05-30T14:45:57Z,1474.7542724609375,1,1
2026-05-30T14:46:02Z,789.6376342773438,1,1
2026-05-30T14:46:07Z,797.4664916992188,1,1
2026-05-30T14:46:12Z,342.1744384765625,1,0
2026-05-30T14:46:17Z,406.4646911621094,1,0
2026-05-30T14:46:22Z,446.8798828125,1,0
2026-05-30T14:46:27Z,2.885814666748047,0,0
2026-05-30T14:46:32Z,2.932434320449829,0,0
2026-05-30T14:46:37Z,3.15858793258667,0,0
2026-05-30T14:46:42Z,3.7135162353515625,0,0
2026-05-30T14:46:47Z,2.7618727684020996,0,0
2026-05-30T14:46:52Z,1.3641117811203003,0,0
2026-05-30T14:46:57Z,1.5335875749588013,0,0
2026-05-30T14:47:02Z,1.4088444709777832,0,0
2026-05-30T14:47:07Z,1.412441611289978,0,0
2026-05-30T14:47:12Z,1.2299023866653442,0,0
2026-05-30T14:47:17Z,1.494622826576233,0,0
2026-05-30T14:47:22Z,1.8090980052947998,0,0
2026-05-30T14:47:27Z,2.2535488605499268,0,0
2026-05-30T14:47:32Z,2.7157819271087646,0,0
2026-05-30T14:47:37Z,4.348988056182861,0,0
2026-05-30T14:47:42Z,6.284030437469482,0,0
2026-05-30T14:47:47Z,7.235191822052002,0,0
2026-05-30T14:47:52Z,7.029295921325684,0,0
2026-05-30T14:47:57Z,7.388322830200195,0,0
2026-05-30T14:48:02Z,5.283133506774902,0,0
2026-05-30T14:48:07Z,3.2302794456481934,0,0
2026-05-30T14:48:12Z,2.560418128967285,0,0
2026-05-30T14:48:17Z,2.9604644775390625,0,0
2026-05-30T14:48:22Z,3.6164157390594482,0,0
2026-05-30T14:48:27Z,4.216920852661133,0,0
2026-05-30T14:48:32Z,4.045897960662842,0,0
2026-05-30T14:48:37Z,4.079398155212402,0,0
2026-05-30T14:48:42Z,3.941072463989258,0,0
2026-05-30T14:48:47Z,3.073411464691162,0,0
2026-05-30T14:48:52Z,1.749782919883728,0,0
2026-05-30T14:48:57Z,0.6912521719932556,0,0
2026-05-30T14:49:02Z,0.4871010482311249,0,0
2026-05-30T14:49:07Z,0.41356757283210754,0,0
2026-05-30T14:49:12Z,0.0,0,0
2026-05-30T14:49:17Z,0.0,0,0
2026-05-30T14:49:22Z,0.0,0,0
2026-05-30T14:49:27Z,0.0,0,0
2026-05-30T14:49:32Z,0.0,0,0
2026-05-30T14:49:37Z,0.0,0,0
2026-05-30T14:49:42Z,0.0,0,0
2026-05-30T14:49:47Z,0.0,0,0
2026-05-30T14:49:52Z,0.2649622857570648,0,0
2026-05-30T14:49:57Z,0.18863148987293243,0,0
2026-05-30T14:50:02Z,0.33589932322502136,0,0
2026-05-30T14:50:07Z,0.19759178161621094,0,0
2026-05-30T14:50:12Z,0.38449323177337646,0,0
2026-05-30T14:50:17Z,0.19184991717338562,0,0
2026-05-30T14:50:22Z,0.14982658624649048,0,0
2026-05-30T14:50:27Z,0.26318174600601196,0,0
2026-05-30T14:50:32Z,0.20603659749031067,0,0
2026-05-30T14:50:37Z,0.05980352684855461,0,0
2026-05-30T14:50:42Z,0.09882427006959915,0,0
2026-05-30T14:50:47Z,0.6783369183540344,0,0
2026-05-30T14:50:52Z,0.8880431056022644,0,0
2026-05-30T14:50:57Z,0.0,0,0
2026-05-30T14:51:02Z,0.0,0,0
2026-05-30T14:51:07Z,0.0,0,0
2026-05-30T14:51:12Z,0.0,0,0
2026-05-30T14:51:17Z,0.0,0,0
2026-05-30T14:51:22Z,0.0,0,0
2026-05-30T14:51:27Z,0.031652431935071945,0,1
2026-05-30T14:51:32Z,0.0878959447145462,0,1
2026-05-30T14:51:37Z,36.558738708496094,0,1
2026-05-30T14:51:42Z,36.52809524536133,0,1
2026-05-30T14:51:47Z,75.29457092285156,1,1
2026-05-30T14:51:52Z,89.4400634765625,1,1
2026-05-30T14:51:57Z,100.42401885986328,1,1
2026-05-30T14:52:02Z,111.99085998535156,1,1
2026-05-30T14:52:07Z,133.6898193359375,1,1
2026-05-30T14:52:12Z,135.06443786621094,1,1
2026-05-30T14:52:17Z,135.58206176757812,1,1
2026-05-30T14:52:22Z,134.1495361328125,1,1
2026-05-30T14:52:27Z,132.9302978515625,1,0
2026-05-30T14:52:32Z,129.9540252685547,1,0
2026-05-30T14:52:37Z,110.62987518310547,1,0
2026-05-30T14:52:42Z,106.19461059570312,1,0
2026-05-30T14:52:47Z,96.47405242919922,1,0
2026-05-30T14:52:52Z,73.95458221435547,1,0
2026-05-30T14:52:57Z,68.27444458007812,1,0
2026-05-30T14:53:02Z,17.563295364379883,0,0
2026-05-30T14:53:07Z,1.1773165464401245,0,0
2026-05-30T14:53:12Z,1.1667879819869995,0,0
2026-05-30T14:53:17Z,0.0,0,0
2026-05-30T14:53:22Z,0.0,0,0
2026-05-30T14:53:27Z,0.0,0,0
2026-05-30T14:53:32Z,0.3874645233154297,0,0
2026-05-30T14:53:37Z,1.136644959449768,0,0
2026-05-30T14:53:42Z,1.5911972522735596,0,0
2026-05-30T14:53:47Z,1.8178526163101196,0,0
2026-05-30T14:53:52Z,2.2034409046173096,0,0
2026-05-30T14:53:57Z,2.119490146636963,0,0
2026-05-30T14:54:02Z,2.193758964538574,0,0
2026-05-30T14:54:07Z,2.329791784286499,0,0
2026-05-30T14:54:12Z,2.4772090911865234,0,0
2026-05-30T14:54:17Z,2.7578041553497314,0,0
2026-05-30T14:54:22Z,2.412705898284912,0,0
2026-05-30T14:54:27Z,2.0518300533294678,0,0
2026-05-30T14:54:32Z,1.6687030792236328,0,0
2026-05-30T14:54:37Z,1.4781913757324219,0,0
2026-05-30T14:54:42Z,1.1478543281555176,0,0
2026-05-30T14:54:47Z,0.8751869201660156,0,0
2026-05-30T14:54:52Z,0.534313440322876,0,0
2026-05-30T14:54:57Z,0.6423454880714417,0,0
2026-05-30T14:55:02Z,0.36688753962516785,0,0
2026-05-30T14:55:07Z,0.1511165052652359,0,0
2026-05-30T14:55:12Z,0.31278175115585327,0,0
2026-05-30T14:55:17Z,0.7984750866889954,0,0
2026-05-30T14:55:22Z,1.195618987083435,0,0
2026-05-30T14:55:27Z,1.3872379064559937,0,0
2026-05-30T14:55:32Z,1.2224122285842896,0,0
2026-05-30T14:55:37Z,1.454410433769226,0,0
2026-05-30T14:55:42Z,1.0475971698760986,0,0
2026-05-30T14:55:47Z,1.1402145624160767,0,0
2026-05-30T14:55:52Z,1.631176233291626,0,0
2026-05-30T14:55:57Z,1.064346194267273,0,0
2026-05-30T14:56:02Z,0.8988499641418457,0,0
2026-05-30T14:56:07Z,0.6800819635391235,0,1
2026-05-30T14:56:12Z,0.38715067505836487,0,1
2026-05-30T14:56:17Z,2.255411148071289,0,1
2026-05-30T14:56:22Z,2.9498541355133057,0,1
2026-05-30T14:56:27Z,978.8909301757812,1,1
2026-05-30T14:56:32Z,950.4517211914062,1,1
2026-05-30T14:56:37Z,918.3999633789062,1,1
2026-05-30T14:56:42Z,873.5103149414062,1,1
2026-05-30T14:56:47Z,828.662353515625,1,1
2026-05-30T14:56:52Z,829.8348388671875,1,1
2026-05-30T14:56:57Z,844.453369140625,1,1
2026-05-30T14:57:02Z,877.191162109375,1,1
2026-05-30T14:57:07Z,903.3272705078125,1,0
2026-05-30T14:57:12Z,2.7386226654052734,0,0
2026-05-30T14:57:17Z,2.4275827407836914,0,0
2026-05-30T14:57:22Z,2.4727978706359863,0,0
2026-05-30T14:57:27Z,8.41647720336914,0,0
2026-05-30T14:57:32Z,5.867346286773682,0,0
2026-05-30T14:57:37Z,4.845943450927734,0,0
2026-05-30T14:57:42Z,5.257083415985107,0,0
2026-05-30T14:57:47Z,5.253122806549072,0,0
2026-05-30T14:57:52Z,4.160839080810547,0,0
2026-05-30T14:57:57Z,3.963585615158081,0,0
2026-05-30T14:58:02Z,3.302504062652588,0,0
2026-05-30T15:02:13Z,2.9785373210906982,0,0
2026-05-30T15:02:18Z,1.955805778503418,0,0
2026-05-30T15:02:23Z,0.6458806395530701,0,0
2026-05-30T15:02:28Z,0.27798083424568176,0,0
2026-05-30T15:02:33Z,0.0,0,0
2026-05-30T15:02:38Z,0.0,0,0
2026-05-30T15:02:43Z,0.0,0,0
2026-05-30T15:02:48Z,0.0,0,0
2026-05-30T15:02:53Z,0.0,0,0
2026-05-30T15:02:58Z,0.0,0,0
2026-05-30T15:03:03Z,0.0,0,0
2026-05-30T15:03:08Z,0.0,0,0
2026-05-30T15:03:13Z,0.0,0,0
2026-05-30T15:03:18Z,0.0,0,0
2026-05-30T15:03:23Z,0.0,0,0
2026-05-30T15:03:28Z,0.0,0,0
2026-05-30T15:03:33Z,0.0,0,0
2026-05-30T15:03:38Z,0.0,0,0
2026-05-30T15:03:43Z,0.0,0,0
2026-05-30T15:03:48Z,0.0,0,0
2026-05-30T15:03:53Z,0.0,0,0
2026-05-30T15:03:58Z,0.0,0,0
2026-05-30T15:04:03Z,0.0,0,0
2026-05-30T15:04:08Z,0.0,0,0
2026-05-30T15:04:13Z,0.0,0,0
2026-05-30T15:04:18Z,0.0,0,0
2026-05-30T15:04:23Z,0.0,0,0
2026-05-30T15:04:28Z,0.0,0,0
2026-05-30T15:04:33Z,0.0,0,0
2026-05-30T15:04:38Z,0.0,0,0
2026-05-30T15:04:43Z,0.0,0,0
2026-05-30T15:04:48Z,0.0,0,0
2026-05-30T15:04:53Z,0.0,0,0
2026-05-30T15:04:58Z,0.0,0,0
2026-05-30T15:05:03Z,0.0,0,0
2026-05-30T15:05:08Z,0.0,0,0
2026-05-30T15:05:13Z,0.0,0,0
2026-05-30T15:05:18Z,0.04863651096820831,0,0
2026-05-30T15:05:23Z,0.3157218396663666,0,0
2026-05-30T15:05:28Z,0.44841834902763367,0,0
2026-05-30T15:05:33Z,0.22799372673034668,0,0
2026-05-30T15:05:38Z,0.660322904586792,0,0
2026-05-30T15:05:43Z,0.12735095620155334,0,0
2026-05-30T15:05:48Z,0.3426932394504547,0,0
2026-05-30T15:05:53Z,0.445437490940094,0,0
2026-05-30T15:05:58Z,0.677617073059082,0,0
2026-05-30T15:06:03Z,0.7052376866340637,0,0
2026-05-30T15:06:08Z,0.93474280834198,0,0
2026-05-30T15:06:13Z,1.1417418718338013,0,0
2026-05-30T15:06:18Z,0.7339732646942139,0,0
2026-05-30T15:06:23Z,0.5126380324363708,0,0
2026-05-30T15:06:28Z,0.0,0,0
2026-05-30T15:06:33Z,0.0,0,0
2026-05-30T15:06:38Z,0.0,0,0
2026-05-30T15:06:43Z,0.0,0,0
2026-05-30T15:06:48Z,0.0,0,0
2026-05-30T15:06:53Z,0.5477173924446106,0,0
2026-05-30T15:06:58Z,0.0,0,0
2026-05-30T15:07:03Z,0.870020866394043,0,0
2026-05-30T15:07:08Z,0.6081171631813049,0,0
2026-05-30T15:07:13Z,0.5950575470924377,0,0
2026-05-30T15:07:18Z,0.5200395584106445,0,1
2026-05-30T15:07:23Z,0.7502422332763672,0,1
2026-05-30T15:07:28Z,1.8664278984069824,0,1
2026-05-30T15:07:33Z,3.3725197315216064,0,1
2026-05-30T15:07:38Z,62.07329177856445,0,1
2026-05-30T15:07:43Z,61.698463439941406,0,1
2026-05-30T15:07:48Z,92.51365661621094,1,1
2026-05-30T15:07:53Z,107.59782409667969,1,1
2026-05-30T15:07:58Z,115.96549224853516,1,1
2026-05-30T15:08:03Z,120.36886596679688,1,1
2026-05-30T15:08:08Z,131.06405639648438,1,1
2026-05-30T15:08:13Z,130.05685424804688,1,1
2026-05-30T15:08:18Z,131.11729431152344,1,0
2026-05-30T15:08:23Z,119.09840393066406,1,0
2026-05-30T15:08:28Z,117.00308227539062,1,0
2026-05-30T15:08:33Z,110.26875305175781,1,0
2026-05-30T15:08:38Z,90.42466735839844,1,0
2026-05-30T15:08:43Z,91.11262512207031,1,0
2026-05-30T15:08:48Z,81.66309356689453,1,0
2026-05-30T15:08:53Z,59.3094367980957,0,0
2026-05-30T15:08:58Z,59.1801872253418,0,0
2026-05-30T15:09:03Z,1.6057751178741455,0,0
2026-05-30T15:09:08Z,2.216784954071045,0,0
2026-05-30T15:09:13Z,1.403773307800293,0,0
2026-05-30T15:09:18Z,1.2774176597595215,0,0
2026-05-30T15:09:23Z,1.3022295236587524,0,0
2026-05-30T15:09:28Z,1.9787808656692505,0,0
2026-05-30T15:09:33Z,1.9610837697982788,0,0
2026-05-30T15:09:38Z,1.5982271432876587,0,0
2026-05-30T15:09:43Z,1.187456488609314,0,0
2026-05-30T15:09:48Z,1.552638053894043,0,0
2026-05-30T15:09:53Z,1.3908851146697998,0,0
2026-05-30T15:09:58Z,0.8289371728897095,0,0
2026-05-30T15:10:03Z,1.4324126243591309,0,0
2026-05-30T15:10:08Z,1.3367793560028076,0,0
2026-05-30T15:10:13Z,3.2136144638061523,0,0
2026-05-30T15:10:18Z,0.7227318286895752,0,0
2026-05-30T15:10:23Z,0.7061788439750671,0,0
2026-05-30T15:10:28Z,0.5655010938644409,0,0
2026-05-30T15:10:33Z,1.2999449968338013,0,0
2026-05-30T15:10:38Z,2.025270462036133,0,0
2026-05-30T15:10:43Z,2.035872220993042,0,0
2026-05-30T15:10:48Z,1.7738295793533325,0,0
2026-05-30T15:10:53Z,0.6220250129699707,0,0
2026-05-30T15:10:58Z,0.5875510573387146,0,0
2026-05-30T15:11:03Z,0.6473472118377686,0,0
2026-05-30T15:11:08Z,0.576960563659668,0,0
2026-05-30T15:11:13Z,0.5650365352630615,0,0
2026-05-30T15:11:18Z,0.555023729801178,0,0
2026-05-30T15:11:23Z,0.4014294445514679,0,0
2026-05-30T15:11:28Z,0.4830220639705658,0,0
2026-05-30T15:11:33Z,0.6690332889556885,0,0
2026-05-30T15:11:38Z,0.5710069537162781,0,0
2026-05-30T15:11:43Z,0.6179484724998474,0,0
2026-05-30T15:11:48Z,0.46222296357154846,0,0
2026-05-30T15:11:53Z,0.9380966424942017,0,0
2026-05-30T15:11:58Z,0.054727692157030106,0,0
2026-05-30T15:12:03Z,0.11877454817295074,0,0
2026-05-30T15:12:08Z,0.09792192280292511,0,0
2026-05-30T15:12:13Z,0.07143841683864594,0,0
2026-05-30T15:12:18Z,0.28037506341934204,0,0
2026-05-30T15:12:23Z,0.5613053441047668,0,0
2026-05-30T15:12:28Z,0.8340577483177185,0,0
2026-05-30T15:12:33Z,0.6797099113464355,0,0
2026-05-30T15:12:38Z,0.5420920848846436,0,0
2026-05-30T15:12:43Z,0.3162574768066406,0,0
2026-05-30T15:12:48Z,0.052457295358181,0,0
2026-05-30T15:12:53Z,0.1251368522644043,0,0
2026-05-30T15:12:58Z,0.10143368691205978,0,0
2026-05-30T15:13:03Z,0.0,0,0
2026-05-30T15:13:08Z,0.0,0,0
2026-05-30T15:13:13Z,0.0,0,0
2026-05-30T15:13:18Z,0.0,0,1
2026-05-30T15:13:23Z,184.28860473632812,1,1
2026-05-30T15:13:28Z,175.34457397460938,1,1
2026-05-30T15:13:33Z,159.7509002685547,1,1
2026-05-30T15:13:38Z,976.6219482421875,1,1
2026-05-30T15:13:43Z,947.4959106445312,1,1
2026-05-30T15:13:48Z,919.3263549804688,1,1
2026-05-30T15:13:53Z,898.5816650390625,1,1
2026-05-30T15:13:58Z,845.423095703125,1,1
2026-05-30T15:14:03Z,844.54833984375,1,1
2026-05-30T15:14:08Z,838.8678588867188,1,1
2026-05-30T15:14:13Z,858.4048461914062,1,1
2026-05-30T15:14:18Z,880.095947265625,1,0
2026-05-30T15:14:23Z,1.86102294921875,0,0
2026-05-30T15:14:28Z,2.1169724464416504,0,0
2026-05-30T15:14:33Z,2.547999858856201,0,0
2026-05-30T15:14:38Z,12.244316101074219,0,0
2026-05-30T15:14:43Z,10.170467376708984,0,0
2026-05-30T15:14:48Z,6.744964599609375,0,0
2026-05-30T15:14:53Z,7.577942371368408,0,0
2026-05-30T15:14:58Z,7.9079694747924805,0,0
2026-05-30T15:15:03Z,7.901172161102295,0,0
2026-05-30T15:15:08Z,7.054771423339844,0,0
2026-05-30T15:15:13Z,5.894575119018555,0,0
2026-05-30T15:15:18Z,4.0925188064575195,0,0
2026-05-30T15:15:23Z,3.5564050674438477,0,0
2026-05-30T15:15:28Z,1.9491444826126099,0,0
2026-05-30T15:15:33Z,1.388253927230835,0,0
2026-05-30T15:15:38Z,0.7200749516487122,0,0
2026-05-30T15:15:43Z,0.6290056109428406,0,0
2026-05-30T15:15:48Z,0.10186536610126495,0,0
2026-05-30T15:15:53Z,0.0,0,0
2026-05-30T15:15:58Z,0.026673730462789536,0,0
2026-05-30T15:16:03Z,0.2379656732082367,0,0
2026-05-30T15:16:08Z,1.0867118835449219,0,0
2026-05-30T15:16:13Z,0.0,0,0
2026-05-30T15:16:18Z,0.649222195148468,0,0
2026-05-30T15:16:23Z,1.968037486076355,0,0
2026-05-30T15:16:28Z,3.6192920207977295,0,0
2026-05-30T15:16:33Z,4.576047420501709,0,0
2026-05-30T15:16:38Z,5.530937671661377,0,0
2026-05-30T15:16:43Z,6.879775047302246,0,0
2026-05-30T15:16:48Z,6.266424179077148,0,0
2026-05-30T15:16:53Z,5.683687686920166,0,0
2026-05-30T15:16:58Z,4.6004557609558105,0,0
2026-05-30T15:17:03Z,4.333218097686768,0,0
2026-05-30T15:17:08Z,3.1780998706817627,0,0
2026-05-30T15:17:13Z,1.719024658203125,0,0
2026-05-30T15:17:18Z,0.9716606140136719,0,0
2026-05-30T15:17:23Z,0.46193838119506836,0,0
2026-05-30T15:17:28Z,0.19456303119659424,0,0
2026-05-30T15:17:33Z,0.03116724081337452,0,0
2026-05-30T15:17:38Z,0.08289201557636261,0,0
2026-05-30T15:17:43Z,0.0,0,0
2026-05-30T15:17:48Z,0.0,0,0
2026-05-30T15:17:53Z,0.0,0,0
2026-05-30T15:17:58Z,0.0,0,0
2026-05-30T15:18:03Z,0.0,0,0
2026-05-30T15:18:08Z,0.0,0,0
2026-05-30T15:18:13Z,0.0,0,0
2026-05-30T15:18:18Z,0.7917959094047546,0,0
2026-05-30T15:18:23Z,0.535309910774231,0,0
2026-05-30T15:18:28Z,0.0,0,0
2026-05-30T15:18:33Z,0.0,0,0
2026-05-30T15:18:38Z,0.0,0,1
2026-05-30T15:18:43Z,0.0,0,1
2026-05-30T15:18:48Z,36.488155364990234,0,1
2026-05-30T15:18:53Z,80.55517578125,1,1
2026-05-30T15:18:58Z,80.91146850585938,1,1
2026-05-30T15:19:03Z,101.00395202636719,1,1
2026-05-30T15:19:08Z,121.87245178222656,1,1
2026-05-30T15:19:13Z,121.12906646728516,1,1
2026-05-30T15:19:18Z,123.8777847290039,1,1
2026-05-30T15:19:23Z,128.3690948486328,1,1
2026-05-30T15:19:28Z,134.07203674316406,1,1
2026-05-30T15:19:33Z,135.7598419189453,1,1
2026-05-30T15:19:38Z,135.36404418945312,1,0
2026-05-30T15:19:43Z,134.1481170654297,1,0
2026-05-30T15:19:48Z,124.54705047607422,1,0
2026-05-30T15:19:53Z,109.6313247680664,1,0
2026-05-30T15:19:58Z,107.81195831298828,1,0
2026-05-30T15:20:03Z,102.04997253417969,1,0
2026-05-30T15:20:08Z,91.8702621459961,1,0
2026-05-30T15:20:13Z,92.18647003173828,1,0
2026-05-30T15:20:18Z,71.64607238769531,1,0
2026-05-30T15:20:23Z,0.9245484471321106,0,0
2026-05-30T15:20:28Z,0.26731225848197937,0,0
2026-05-30T15:20:33Z,0.08166370540857315,0,0
2026-05-30T15:20:38Z,0.23760941624641418,0,0
2026-05-30T15:20:43Z,0.11307068914175034,0,0
2026-05-30T15:20:48Z,0.0,0,0
2026-05-30T15:20:53Z,0.0,0,0
2026-05-30T15:20:58Z,0.0,0,0
2026-05-30T15:21:03Z,0.26056528091430664,0,0
2026-05-30T15:21:08Z,0.5606223344802856,0,0
2026-05-30T15:21:13Z,0.0,0,0
2026-05-30T15:21:18Z,0.0,0,0
2026-05-30T15:21:23Z,0.0,0,0
2026-05-30T15:21:28Z,0.0,0,0
2026-05-30T15:21:33Z,0.0,0,0
2026-05-30T15:21:38Z,0.0,0,0
2026-05-30T15:21:43Z,0.30893945693969727,0,0
2026-05-30T15:21:48Z,0.33506932854652405,0,0
2026-05-30T15:21:53Z,0.47838225960731506,0,0
2026-05-30T15:21:58Z,1.0870405435562134,0,0
2026-05-30T15:22:03Z,1.2210333347320557,0,0
2026-05-30T15:22:08Z,1.0952527523040771,0,0
2026-05-30T15:22:13Z,1.019078254699707,0,0
2026-05-30T15:22:18Z,0.8330144882202148,0,0
2026-05-30T15:22:23Z,0.9145761728286743,0,0
2026-05-30T15:22:28Z,0.5650266408920288,0,0
2026-05-30T15:22:33Z,0.6053524613380432,0,0
2026-05-30T15:22:38Z,0.6301946640014648,0,0
2026-05-30T15:22:43Z,2.1318395137786865,0,0
2026-05-30T15:22:48Z,0.3238074779510498,0,0
2026-05-30T15:22:53Z,0.6576787233352661,0,0
2026-05-30T15:22:58Z,0.7246320843696594,0,0
2026-05-30T15:23:03Z,2.058748960494995,0,0
2026-05-30T15:23:08Z,1.7076830863952637,0,0
2026-05-30T15:23:13Z,1.0876398086547852,0,0
2026-05-30T15:23:18Z,1.0312771797180176,0,0
2026-05-30T15:23:23Z,1.0308773517608643,0,0
2026-05-30T15:23:28Z,0.25963813066482544,0,0
2026-05-30T15:23:33Z,0.4280458688735962,0,0
2026-05-30T15:23:38Z,0.6770009398460388,0,0
2026-05-30T15:23:43Z,0.988571286201477,0,0
2026-05-30T15:23:48Z,1.0874439477920532,0,0
2026-05-30T15:23:53Z,0.6299405694007874,0,0
2026-05-30T15:23:58Z,0.1717272847890854,0,0
2026-05-30T15:24:03Z,0.10370789468288422,0,0
2026-05-30T15:24:08Z,0.0,0,0
2026-05-30T15:24:13Z,0.0,0,0
2026-05-30T15:24:18Z,0.0,0,0
2026-05-30T15:24:23Z,0.0,0,0
2026-05-30T15:24:28Z,0.0,0,0
2026-05-30T15:24:33Z,0.15109983086585999,0,0
2026-05-30T15:24:38Z,0.16869491338729858,0,0
2026-05-30T15:24:43Z,0.1601526141166687,0,0
2026-05-30T15:24:48Z,1.4096540212631226,0,0
2026-05-30T15:24:53Z,1.8431892395019531,0,0
2026-05-30T15:24:58Z,1.529096245765686,0,0
2026-05-30T15:25:03Z,0.11684922128915787,0,0
2026-05-30T15:25:08Z,65.18894958496094,0,1
2026-05-30T15:25:13Z,64.53199768066406,0,1
2026-05-30T15:25:18Z,59.27668380737305,0,1
2026-05-30T15:25:23Z,995.298828125,1,1
2026-05-30T15:25:28Z,971.9425048828125,1,1
2026-05-30T15:25:33Z,950.2520751953125,1,1
2026-05-30T15:25:38Z,924.6316528320312,1,1
2026-05-30T15:25:43Z,894.5115356445312,1,1
2026-05-30T15:25:48Z,869.546875,1,1
2026-05-30T15:25:53Z,880.2750854492188,1,1
2026-05-30T15:25:58Z,896.3896484375,1,1
2026-05-30T15:26:03Z,908.9535522460938,1,1
2026-05-30T15:26:08Z,3.4338269233703613,0,0
2026-05-30T15:26:13Z,2.9159741401672363,0,0
2026-05-30T15:26:18Z,2.7693018913269043,0,0
2026-05-30T15:26:23Z,8.118135452270508,0,0
2026-05-30T15:26:28Z,6.40627908706665,0,0
2026-05-30T15:26:33Z,4.639654636383057,0,0
2026-05-30T15:26:38Z,4.304337024688721,0,0
2026-05-30T15:26:43Z,4.519529342651367,0,0
2026-05-30T15:26:48Z,3.710890293121338,0,0
2026-05-30T15:26:53Z,3.403118848800659,0,0
2026-05-30T15:26:58Z,3.2644121646881104,0,0
2026-05-30T15:27:03Z,3.324651002883911,0,0
2026-05-30T15:27:08Z,3.7578392028808594,0,0
2026-05-30T15:27:13Z,4.005710124969482,0,0
2026-05-30T15:27:18Z,4.283655166625977,0,0
2026-05-30T15:27:23Z,4.548947334289551,0,0
2026-05-30T15:27:28Z,4.896878719329834,0,0
2026-05-30T15:27:33Z,4.738883972167969,0,0
2026-05-30T15:27:38Z,5.631948947906494,0,0
2026-05-30T15:27:43Z,5.738582134246826,0,0
2026-05-30T15:27:48Z,6.415966987609863,0,0
2026-05-30T15:27:53Z,0.667076587677002,0,0
2026-05-30T15:27:58Z,1.0275282859802246,0,0
2026-05-30T15:28:03Z,0.8287956714630127,0,0
2026-05-30T15:28:08Z,1.6398881673812866,0,0
2026-05-30T15:28:13Z,0.9719651341438293,0,0
2026-05-30T15:28:18Z,0.7730684876441956,0,0
2026-05-30T15:28:23Z,0.6016941070556641,0,0
2026-05-30T15:28:28Z,0.6631413102149963,0,0
2026-05-30T15:28:33Z,0.6377760767936707,0,0
2026-05-30T15:28:38Z,2.5631332397460938,0,0
2026-05-30T15:28:43Z,3.1664834022521973,0,0
2026-05-30T15:28:48Z,2.7811262607574463,0,0
2026-05-30T15:28:53Z,2.848022699356079,0,0
2026-05-30T15:28:58Z,2.091783285140991,0,0
2026-05-30T15:29:03Z,2.1694517135620117,0,0
2026-05-30T15:29:08Z,2.004943370819092,0,0
2026-05-30T15:29:13Z,2.073751926422119,0,0
2026-05-30T15:29:18Z,1.8621808290481567,0,0
2026-05-30T15:29:23Z,1.8095099925994873,0,0
2026-05-30T15:29:28Z,1.1929078102111816,0,0
2026-05-30T15:29:33Z,1.0110366344451904,0,0
2026-05-30T15:29:38Z,0.2726540267467499,0,0
2026-05-30T15:29:43Z,0.3303510248661041,0,0
2026-05-30T15:29:48Z,0.18054044246673584,0,0
2026-05-30T15:29:53Z,0.36980772018432617,0,0
2026-05-30T15:29:58Z,0.2751200795173645,0,0
2026-05-30T15:30:03Z,0.3634456694126129,0,0
2026-05-30T15:30:08Z,0.1662641167640686,0,0
2026-05-30T15:30:13Z,0.022277826443314552,0,0
2026-05-30T15:30:18Z,0.5692415237426758,0,0
2026-05-30T15:30:23Z,0.7517794966697693,0,0
2026-05-30T15:30:28Z,0.03206155076622963,0,0
2026-05-30T15:30:33Z,0.0,0,0
2026-05-30T15:30:38Z,0.1545453667640686,0,0
2026-05-30T15:30:43Z,0.0,0,0
2026-05-30T15:30:48Z,0.0,0,0
2026-05-30T15:30:53Z,0.0,0,0
2026-05-30T15:30:58Z,0.0,0,0
2026-05-30T15:31:03Z,0.0,0,0
2026-05-30T15:31:08Z,0.0,0,1
2026-05-30T15:31:13Z,0.0,0,1
2026-05-30T15:31:18Z,13.13647174835205,0,1
2026-05-30T15:31:23Z,64.76629638671875,0,1
2026-05-30T15:31:28Z,64.35169219970703,0,1
2026-05-30T15:31:33Z,88.67613983154297,1,1
2026-05-30T15:31:38Z,110.5084457397461,1,1
2026-05-30T15:31:43Z,109.90740203857422,1,1
2026-05-30T15:31:48Z,116.49358367919922,1,1
2026-05-30T15:31:53Z,134.4364013671875,1,1
2026-05-30T15:31:58Z,134.05491638183594,1,1
2026-05-30T15:32:03Z,136.8059539794922,1,1
2026-05-30T15:32:08Z,135.41419982910156,1,0
2026-05-30T15:32:13Z,137.6033477783203,1,0
2026-05-30T15:32:18Z,131.76016235351562,1,0
2026-05-30T15:32:23Z,115.7558822631836,1,0
2026-05-30T15:32:28Z,106.69525909423828,1,0
2026-05-30T15:32:33Z,98.89659118652344,1,0
2026-05-30T15:32:38Z,74.93561553955078,1,0
2026-05-30T15:32:43Z,74.74695587158203,1,0
2026-05-30T15:32:48Z,19.616897583007812,0,0
2026-05-30T15:32:53Z,0.0,0,0
2026-05-30T15:32:58Z,0.0,0,0
2026-05-30T15:33:03Z,0.0,0,0
2026-05-30T15:33:08Z,0.0,0,0
2026-05-30T15:33:13Z,0.0,0,0
2026-05-30T15:33:18Z,0.0,0,0
2026-05-30T15:33:23Z,0.0,0,0
2026-05-30T15:33:28Z,0.0,0,0
2026-05-30T15:33:33Z,0.0,0,0
2026-05-30T15:33:38Z,0.0,0,0
2026-05-30T15:33:43Z,0.0,0,0
2026-05-30T15:33:48Z,0.0,0,0
2026-05-30T15:33:53Z,1.7166146039962769,0,0
2026-05-30T15:33:58Z,0.5547495484352112,0,0
2026-05-30T15:34:03Z,0.5718600749969482,0,0
2026-05-30T15:34:08Z,0.14794358611106873,0,0
2026-05-30T15:34:13Z,0.2507724165916443,0,0
2026-05-30T15:34:18Z,0.24668091535568237,0,0
2026-05-30T15:34:23Z,0.30717217922210693,0,0
2026-05-30T15:34:28Z,0.6785702705383301,0,0
2026-05-30T15:34:33Z,0.7678981423377991,0,0
2026-05-30T15:34:38Z,0.7304865717887878,0,0
2026-05-30T15:34:43Z,0.218072772026062,0,0
2026-05-30T15:34:48Z,0.16191305220127106,0,0
2026-05-30T15:34:53Z,0.0,0,0
2026-05-30T15:34:58Z,0.0,0,0
2026-05-30T15:35:03Z,0.0,0,0
2026-05-30T15:35:08Z,0.0,0,0
2026-05-30T15:35:13Z,0.0,0,0
2026-05-30T15:35:18Z,0.0,0,0
2026-05-30T15:35:23Z,0.0,0,0
2026-05-30T15:35:28Z,0.0,0,0
2026-05-30T15:35:33Z,0.010797904804348946,0,0
2026-05-30T15:35:38Z,0.0,0,0
2026-05-30T15:35:43Z,0.0,0,0
2026-05-30T15:35:48Z,0.0,0,0
2026-05-30T15:35:53Z,0.035893477499485016,0,0
2026-05-30T15:35:58Z,0.6910143494606018,0,0
2026-05-30T15:36:03Z,0.0,0,0
2026-05-30T15:36:08Z,0.0,0,0
2026-05-30T15:36:13Z,0.14039838314056396,0,0
2026-05-30T15:36:18Z,0.19012437760829926,0,0
2026-05-30T15:36:23Z,0.8637741208076477,0,0
2026-05-30T15:36:28Z,0.35904091596603394,0,0
2026-05-30T15:36:33Z,0.6777659058570862,0,0
2026-05-30T15:36:38Z,0.520085871219635,0,0
2026-05-30T15:36:43Z,0.7355785369873047,0,1
2026-05-30T15:36:48Z,1.3316545486450195,0,1
2026-05-30T15:36:53Z,996.653076171875,1,1
2026-05-30T15:36:58Z,975.941162109375,1,1
2026-05-30T15:37:03Z,960.5078125,1,1
2026-05-30T15:37:08Z,936.2060546875,1,1
2026-05-30T15:37:13Z,901.6820068359375,1,1
2026-05-30T15:37:18Z,879.9452514648438,1,1
2026-05-30T15:37:23Z,887.8060302734375,1,1
2026-05-30T15:37:28Z,896.1663208007812,1,1
2026-05-30T15:37:33Z,911.4866333007812,1,1
2026-05-30T15:37:38Z,665.680908203125,1,1
2026-05-30T15:37:43Z,691.0441284179688,1,0
2026-05-30T15:37:48Z,696.3404541015625,1,0
2026-05-30T15:37:53Z,3.5143654346466064,0,0
2026-05-30T15:37:58Z,4.3108744621276855,0,0
2026-05-30T15:38:03Z,3.1757607460021973,0,0
2026-05-30T15:38:08Z,2.671867847442627,0,0
2026-05-30T15:38:13Z,1.5697871446609497,0,0
2026-05-30T15:38:18Z,1.0351847410202026,0,0
2026-05-30T15:38:23Z,1.6192657947540283,0,0
2026-05-30T15:38:28Z,1.8940597772598267,0,0
2026-05-30T15:38:33Z,1.2680071592330933,0,0
2026-05-30T15:38:38Z,1.1988691091537476,0,0
2026-05-30T15:38:43Z,1.812998652458191,0,0
2026-05-30T15:38:48Z,1.2664388418197632,0,0
2026-05-30T15:38:53Z,0.8449209928512573,0,0
2026-05-30T15:38:58Z,1.1060987710952759,0,0
2026-05-30T15:39:03Z,1.4855715036392212,0,0
2026-05-30T15:39:08Z,2.922630548477173,0,0
2026-05-30T15:39:13Z,5.019890308380127,0,0
2026-05-30T15:39:18Z,3.6368408203125,0,0
2026-05-30T15:39:23Z,3.6201846599578857,0,0
2026-05-30T15:39:28Z,4.25856351852417,0,0
2026-05-30T15:39:33Z,5.479909420013428,0,0
2026-05-30T15:39:38Z,7.011737823486328,0,0
2026-05-30T15:39:43Z,6.615100860595703,0,0
2026-05-30T15:39:48Z,4.395917892456055,0,0
2026-05-30T15:39:53Z,3.9520657062530518,0,0
2026-05-30T15:39:58Z,2.7769036293029785,0,0
2026-05-30T15:40:03Z,2.065800189971924,0,0
2026-05-30T15:40:08Z,1.7924479246139526,0,0
2026-05-30T15:40:13Z,2.317122459411621,0,0
2026-05-30T15:40:18Z,2.560807466506958,0,0
2026-05-30T15:40:23Z,2.8814895153045654,0,0
2026-05-30T15:40:28Z,2.7965691089630127,0,0
2026-05-30T15:40:33Z,3.1953036785125732,0,0
2026-05-30T15:40:38Z,2.9328126907348633,0,0
2026-05-30T15:40:43Z,2.5442090034484863,0,0
2026-05-30T15:40:48Z,2.082244396209717,0,0
2026-05-30T15:40:53Z,2.256589889526367,0,0
2026-05-30T15:40:58Z,1.9515612125396729,0,0
2026-05-30T15:41:03Z,1.702852487564087,0,0
2026-05-30T15:41:08Z,1.0371748208999634,0,0
2026-05-30T15:41:13Z,0.5297284126281738,0,0
2026-05-30T15:41:18Z,0.2672838866710663,0,0
2026-05-30T15:41:23Z,0.0,0,0
2026-05-30T15:41:28Z,0.1438758820295334,0,0
2026-05-30T15:41:33Z,0.0,0,0
2026-05-30T15:41:38Z,0.0,0,0
2026-05-30T15:41:43Z,0.0,0,0
2026-05-30T15:41:48Z,0.0,0,0
2026-05-30T15:41:53Z,0.0,0,0
2026-05-30T15:41:58Z,0.0,0,0
2026-05-30T15:42:03Z,0.0,0,0
2026-05-30T15:42:08Z,0.0,0,0
2026-05-30T15:42:13Z,0.0,0,0
2026-05-30T15:42:18Z,0.0,0,0
2026-05-30T15:42:23Z,0.0,0,0
2026-05-30T15:42:28Z,0.0,0,0
2026-05-30T15:42:33Z,0.0,0,0
2026-05-30T15:42:38Z,0.03578197583556175,0,0
2026-05-30T15:42:43Z,0.24957817792892456,0,1
2026-05-30T15:42:48Z,0.21607637405395508,0,1
2026-05-30T15:42:53Z,39.42981719970703,0,1
2026-05-30T15:42:58Z,41.23268508911133,0,1
2026-05-30T15:43:03Z,82.56559753417969,1,1
2026-05-30T15:43:08Z,106.0556640625,1,1
2026-05-30T15:43:13Z,114.30709075927734,1,1
2026-05-30T15:43:18Z,123.23301696777344,1,1
2026-05-30T15:43:23Z,131.3656768798828,1,1
2026-05-30T15:43:28Z,135.35018920898438,1,1
2026-05-30T15:43:33Z,135.41070556640625,1,1
2026-05-30T15:43:38Z,134.65728759765625,1,0
2026-05-30T15:43:43Z,129.91917419433594,1,0
2026-05-30T15:43:48Z,127.57687377929688,1,0
2026-05-30T15:43:53Z,119.07459259033203,1,0
2026-05-30T15:43:58Z,116.26927947998047,1,0
2026-05-30T15:44:03Z,91.45189666748047,1,0
2026-05-30T15:44:08Z,60.1222038269043,0,0
2026-05-30T15:44:13Z,59.06330871582031,0,0
2026-05-30T15:44:18Z,36.90937042236328,0,0
2026-05-30T15:44:23Z,0.0,0,0
2026-05-30T15:44:28Z,0.0,0,0
2026-05-30T15:44:33Z,0.0,0,0
2026-05-30T15:44:38Z,0.06764086335897446,0,0
2026-05-30T15:44:43Z,0.0,0,0
2026-05-30T15:44:48Z,1.2048290967941284,0,0
2026-05-30T15:44:53Z,1.246377944946289,0,0
2026-05-30T15:44:58Z,1.0467126369476318,0,0
2026-05-30T15:45:03Z,0.0,0,0
2026-05-30T15:45:08Z,0.0,0,0
2026-05-30T15:45:13Z,0.0,0,0
2026-05-30T15:45:18Z,0.0,0,0
2026-05-30T15:45:23Z,0.0,0,0
2026-05-30T15:45:28Z,0.0,0,0
2026-05-30T15:45:33Z,0.0,0,0
2026-05-30T15:45:38Z,0.0,0,0
2026-05-30T15:45:43Z,0.3635560870170593,0,0
2026-05-30T15:45:48Z,0.0,0,0
2026-05-30T15:45:53Z,0.060595396906137466,0,0
2026-05-30T15:45:58Z,0.14909854531288147,0,0
2026-05-30T15:46:03Z,0.43623051047325134,0,0
2026-05-30T15:46:08Z,0.7942141890525818,0,0
2026-05-30T15:46:13Z,0.8596174716949463,0,0
2026-05-30T15:46:18Z,1.0080803632736206,0,0
2026-05-30T15:46:23Z,1.2120064496994019,0,0
2026-05-30T15:46:28Z,1.3515946865081787,0,0
2026-05-30T15:46:33Z,0.9291472434997559,0,0
2026-05-30T15:46:38Z,0.568748414516449,0,0
2026-05-30T15:46:43Z,0.23624007403850555,0,0
2026-05-30T15:46:48Z,0.07409254461526871,0,0
2026-05-30T15:46:53Z,0.0,0,0
2026-05-30T15:46:58Z,0.0,0,0
2026-05-30T15:47:03Z,0.23241588473320007,0,0
2026-05-30T15:47:08Z,0.488099068403244,0,0
2026-05-30T15:47:13Z,0.38933876156806946,0,0
2026-05-30T15:47:18Z,0.4190734624862671,0,0
2026-05-30T15:47:23Z,0.4100421965122223,0,0
2026-05-30T15:47:28Z,0.45617786049842834,0,0
2026-05-30T15:47:33Z,5.023298740386963,0,0
2026-05-30T15:47:38Z,5.053786754608154,0,0
2026-05-30T15:47:43Z,5.059598445892334,0,0
2026-05-30T15:47:48Z,0.3444848358631134,0,0
2026-05-30T15:47:53Z,0.28734421730041504,0,0
2026-05-30T15:47:58Z,0.24639415740966797,0,0
2026-05-30T15:48:03Z,0.23126764595508575,0,0
2026-05-30T15:48:08Z,0.37030625343322754,0,0
2026-05-30T15:48:13Z,0.5143015384674072,0,0
2026-05-30T15:48:18Z,0.32417869567871094,0,0
2026-05-30T15:48:23Z,0.03759364038705826,0,0
2026-05-30T15:48:28Z,0.0,0,0
2026-05-30T15:48:33Z,0.0,0,0
2026-05-30T15:48:38Z,0.0,0,0
2026-05-30T15:48:43Z,0.0,0,1
2026-05-30T15:48:48Z,0.3882478177547455,0,1
2026-05-30T15:48:53Z,1034.6170654296875,1,1
2026-05-30T15:48:58Z,1009.754638671875,1,1
2026-05-30T15:49:03Z,983.91064453125,1,1
2026-05-30T15:49:08Z,949.2266235351562,1,1
2026-05-30T15:49:13Z,894.794189453125,1,1
2026-05-30T15:49:18Z,856.5831298828125,1,1
2026-05-30T15:49:23Z,827.3325805664062,1,1
2026-05-30T15:49:28Z,835.3161010742188,1,1
2026-05-30T15:49:33Z,858.904541015625,1,1
2026-05-30T15:49:38Z,278.6685485839844,1,1
2026-05-30T15:49:43Z,317.71881103515625,1,0
2026-05-30T15:49:48Z,316.19903564453125,1,0
2026-05-30T15:49:53Z,8.202033996582031,0,0
2026-05-30T15:49:58Z,8.395007133483887,0,0
2026-05-30T15:50:03Z,7.497742652893066,0,0
2026-05-30T15:50:08Z,7.054297924041748,0,0
2026-05-30T15:50:13Z,4.941416263580322,0,0
2026-05-30T15:50:18Z,2.907501459121704,0,0
2026-05-30T15:50:23Z,1.5075936317443848,0,0
2026-05-30T15:50:28Z,0.9014710187911987,0,0
2026-05-30T15:50:33Z,0.6136395335197449,0,0
2026-05-30T15:50:38Z,0.6067149639129639,0,0
2026-05-30T15:50:43Z,0.6846998929977417,0,0
2026-05-30T15:50:48Z,0.9107656478881836,0,0
2026-05-30T15:50:53Z,0.9209107756614685,0,0
2026-05-30T15:50:58Z,0.400285005569458,0,0
2026-05-30T15:51:03Z,1.0020102262496948,0,0
2026-05-30T15:51:08Z,0.7557443976402283,0,0
2026-05-30T15:51:13Z,0.7536068558692932,0,0
2026-05-30T15:51:18Z,0.5009576678276062,0,0
2026-05-30T15:51:23Z,0.7158628702163696,0,0
2026-05-30T15:51:28Z,0.5086508393287659,0,0
2026-05-30T15:51:33Z,1.0392848253250122,0,0
2026-05-30T15:51:38Z,1.0425564050674438,0,0
2026-05-30T15:51:43Z,1.44399094581604,0,0
2026-05-30T15:51:48Z,1.4461156129837036,0,0
2026-05-30T15:51:53Z,1.742247223854065,0,0
2026-05-30T15:51:58Z,1.5216317176818848,0,0
2026-05-30T15:52:03Z,1.2571771144866943,0,0
2026-05-30T15:52:08Z,0.8599974513053894,0,0
2026-05-30T15:52:13Z,0.8364050388336182,0,0
2026-05-30T15:52:18Z,0.8059924840927124,0,0
2026-05-30T15:52:23Z,2.0131893157958984,0,0
2026-05-30T15:52:28Z,1.641571283340454,0,0
2026-05-30T15:52:33Z,1.0061721801757812,0,0
2026-05-30T15:52:38Z,0.3997192084789276,0,0
2026-05-30T15:52:43Z,0.6396821141242981,0,0
2026-05-30T15:52:48Z,0.0,0,0
2026-05-30T15:52:53Z,0.0,0,0
2026-05-30T15:52:58Z,0.413164347410202,0,0
2026-05-30T15:53:03Z,0.2629852592945099,0,0
2026-05-30T15:53:08Z,1.001611590385437,0,0
2026-05-30T15:53:13Z,1.6331111192703247,0,0
2026-05-30T15:53:18Z,1.489408254623413,0,0
2026-05-30T15:53:23Z,1.9183071851730347,0,0
2026-05-30T15:53:28Z,2.109555959701538,0,0
2026-05-30T15:53:33Z,1.715417504310608,0,0
2026-05-30T15:53:38Z,1.5674525499343872,0,0
2026-05-30T15:53:43Z,1.0347213745117188,0,0
2026-05-30T15:53:48Z,0.7165840268135071,0,0
2026-05-30T15:53:53Z,0.3733932375907898,0,0
2026-05-30T15:53:58Z,0.2557777464389801,0,0
2026-05-30T15:54:03Z,0.3326435387134552,0,0
2026-05-30T15:54:08Z,0.04701774939894676,0,0
2026-05-30T15:54:13Z,0.10362706333398819,0,0
2026-05-30T15:54:18Z,0.8865576386451721,0,0
2026-05-30T15:54:23Z,0.019993554800748825,0,0
2026-05-30T15:54:28Z,0.013540617190301418,0,0
2026-05-30T15:54:33Z,0.0,0,0
2026-05-30T15:54:38Z,0.0,0,0
2026-05-30T15:54:43Z,0.10510077327489853,0,0
2026-05-30T15:54:48Z,0.0,0,1
2026-05-30T15:54:53Z,0.0628269836306572,0,1
2026-05-30T15:54:58Z,0.10871536284685135,0,1
2026-05-30T15:55:03Z,75.92102813720703,1,1
2026-05-30T15:55:08Z,96.99603271484375,1,1
2026-05-30T15:55:13Z,104.31050872802734,1,1
2026-05-30T15:55:18Z,107.42469787597656,1,1
2026-05-30T15:55:23Z,112.12725830078125,1,1
2026-05-30T15:55:28Z,126.3155746459961,1,1
2026-05-30T15:55:33Z,129.10906982421875,1,1
2026-05-30T15:55:38Z,123.30077362060547,1,1
2026-05-30T15:55:43Z,131.32452392578125,1,1
2026-05-30T15:55:48Z,129.6024627685547,1,0
2026-05-30T15:55:53Z,123.9211196899414,1,0
2026-05-30T15:55:58Z,122.92638397216797,1,0
2026-05-30T15:56:03Z,117.16584777832031,1,0
2026-05-30T15:56:08Z,91.7644271850586,1,0
2026-05-30T15:56:13Z,85.47301483154297,1,0
2026-05-30T15:56:18Z,72.6907958984375,1,0
2026-05-30T15:56:23Z,55.7982177734375,0,0
2026-05-30T15:56:28Z,55.495079040527344,0,0
2026-05-30T15:56:33Z,0.0,0,0
2026-05-30T15:56:38Z,0.0,0,0
2026-05-30T15:56:43Z,0.0,0,0
2026-05-30T15:56:48Z,0.27704504132270813,0,0
2026-05-30T15:56:53Z,0.0049377139657735825,0,0
2026-05-30T15:56:58Z,0.0,0,0
2026-05-30T15:57:03Z,0.0,0,0
2026-05-30T15:57:08Z,0.09754380583763123,0,0
2026-05-30T15:57:13Z,0.03682469576597214,0,0
2026-05-30T15:57:18Z,0.20242753624916077,0,0
2026-05-30T15:57:23Z,0.25723299384117126,0,0
2026-05-30T15:57:28Z,0.16448739171028137,0,0
2026-05-30T15:57:33Z,0.13573192059993744,0,0
2026-05-30T15:57:38Z,0.42623522877693176,0,0
2026-05-30T15:57:43Z,0.22634665668010712,0,0
2026-05-30T15:57:48Z,0.0,0,0
2026-05-30T15:57:53Z,0.057091329246759415,0,0
2026-05-30T15:57:58Z,0.32688868045806885,0,0
2026-05-30T15:58:03Z,0.20552590489387512,0,0
2026-05-30T15:58:08Z,0.43758735060691833,0,0
2026-05-30T15:58:13Z,0.761796236038208,0,0
2026-05-30T15:58:18Z,1.1741931438446045,0,0
2026-05-30T15:58:23Z,1.3408123254776,0,0
2026-05-30T15:58:28Z,0.31816622614860535,0,0
2026-05-30T15:58:33Z,0.32580384612083435,0,0
2026-05-30T15:58:38Z,0.2658533751964569,0,0
2026-05-30T15:58:43Z,0.19383886456489563,0,0
2026-05-30T15:58:48Z,0.04922546446323395,0,0
2026-05-30T15:58:53Z,0.09659215062856674,0,0
2026-05-30T15:58:58Z,0.2827601432800293,0,0
2026-05-30T15:59:03Z,0.6842957139015198,0,0
2026-05-30T15:59:08Z,0.49500375986099243,0,0
2026-05-30T15:59:13Z,0.0,0,0
2026-05-30T15:59:18Z,0.0,0,0
2026-05-30T15:59:23Z,0.0,0,0
2026-05-30T15:59:28Z,0.0,0,0
2026-05-30T15:59:33Z,0.0,0,0
2026-05-30T15:59:38Z,0.0,0,0
2026-05-30T15:59:43Z,0.0,0,0
2026-05-30T15:59:48Z,0.758194625377655,0,0
2026-05-30T15:59:53Z,1.3671462535858154,0,0
2026-05-30T15:59:58Z,1.1928870677947998,0,0
2026-05-30T16:00:03Z,1.5067397356033325,0,0
2026-05-30T16:00:08Z,0.2834113538265228,0,0
2026-05-30T16:00:13Z,0.0,0,1
2026-05-30T16:00:18Z,0.0,0,1
2026-05-30T16:00:23Z,863.2952880859375,1,1
2026-05-30T16:00:28Z,856.3286743164062,1,1
2026-05-30T16:00:33Z,842.7964477539062,1,1
2026-05-30T16:00:38Z,1015.0953979492188,1,1
2026-05-30T16:00:43Z,957.48876953125,1,1
2026-05-30T16:00:48Z,925.168212890625,1,1
2026-05-30T16:00:53Z,917.9278564453125,1,1
2026-05-30T16:00:58Z,923.5518798828125,1,1
2026-05-30T16:01:03Z,905.4152221679688,1,1
2026-05-30T16:01:08Z,915.7943115234375,1,1
2026-05-30T16:01:13Z,944.41748046875,1,0
2026-05-30T16:01:18Z,962.448486328125,1,0
2026-05-30T16:01:23Z,3.5697741508483887,0,0
2026-05-30T16:01:28Z,5.703743934631348,0,0
2026-05-30T16:01:33Z,8.665409088134766,0,0
2026-05-30T16:01:38Z,13.493264198303223,0,0
2026-05-30T16:01:43Z,13.427937507629395,0,0
2026-05-30T16:01:48Z,5.859489440917969,0,0
2026-05-30T16:01:53Z,3.2933521270751953,0,0
2026-05-30T16:01:58Z,1.2413166761398315,0,0
2026-05-30T16:02:03Z,0.8785402774810791,0,0
2026-05-30T16:02:08Z,0.5319214463233948,0,0
2026-05-30T16:02:13Z,0.5464444160461426,0,0
2026-05-30T16:02:18Z,0.9004759788513184,0,0
2026-05-30T16:02:23Z,1.6038720607757568,0,0
2026-05-30T16:02:28Z,2.600353479385376,0,0
2026-05-30T16:02:33Z,2.68572998046875,0,0
2026-05-30T16:02:38Z,2.9820964336395264,0,0
2026-05-30T16:02:43Z,2.3203346729278564,0,0
2026-05-30T16:02:48Z,1.890773057937622,0,0
2026-05-30T16:02:53Z,1.7235909700393677,0,0
2026-05-30T16:02:58Z,1.482102394104004,0,0
2026-05-30T16:03:03Z,1.5518125295639038,0,0
2026-05-30T16:03:08Z,2.153651237487793,0,0
2026-05-30T16:03:13Z,2.9368512630462646,0,0
2026-05-30T16:03:18Z,3.3146286010742188,0,0
2026-05-30T16:03:23Z,4.073356628417969,0,0
2026-05-30T16:03:28Z,3.866055965423584,0,0
2026-05-30T16:03:33Z,3.086191177368164,0,0
2026-05-30T16:03:38Z,2.5962131023406982,0,0
2026-05-30T16:03:43Z,1.5905559062957764,0,0
2026-05-30T16:03:48Z,0.6283589601516724,0,0
2026-05-30T16:03:53Z,0.4441458284854889,0,0
2026-05-30T16:03:58Z,0.3944964110851288,0,0
2026-05-30T16:04:03Z,1.190338373184204,0,0
2026-05-30T16:04:08Z,0.5276356935501099,0,0
2026-05-30T16:04:13Z,0.2826893925666809,0,0
2026-05-30T16:04:18Z,0.0,0,0
2026-05-30T16:04:23Z,0.0,0,0
2026-05-30T16:04:28Z,0.0,0,0
2026-05-30T16:04:33Z,0.44462060928344727,0,0
2026-05-30T16:04:38Z,1.1188989877700806,0,0
2026-05-30T16:04:43Z,1.823550820350647,0,0
2026-05-30T16:04:48Z,1.550176978111267,0,0
2026-05-30T16:04:53Z,0.8077493906021118,0,0
2026-05-30T16:04:58Z,0.07290375232696533,0,0
2026-05-30T16:05:03Z,0.0,0,0
2026-05-30T16:05:08Z,0.0,0,0
2026-05-30T16:05:13Z,0.0,0,0
2026-05-30T16:05:18Z,0.0,0,0
2026-05-30T16:05:23Z,0.0,0,0
2026-05-30T16:05:28Z,0.0,0,0
2026-05-30T16:05:33Z,0.0,0,0
2026-05-30T16:05:38Z,0.0,0,0
2026-05-30T16:05:43Z,0.0,0,0
2026-05-30T16:05:48Z,0.0,0,0
2026-05-30T16:05:53Z,0.0,0,0
2026-05-30T16:05:58Z,0.0,0,0
2026-05-30T16:06:03Z,0.0,0,0
2026-05-30T16:06:08Z,0.018115486949682236,0,0
2026-05-30T16:06:13Z,0.19667741656303406,0,0
2026-05-30T16:06:18Z,0.20287078619003296,0,0
2026-05-30T16:06:23Z,0.29293251037597656,0,0
2026-05-30T16:06:28Z,0.30494067072868347,0,0
2026-05-30T16:06:33Z,0.5322466492652893,0,0
2026-05-30T16:06:38Z,0.6532362699508667,0,0
2026-05-30T16:06:43Z,0.7433747053146362,0,0
2026-05-30T16:06:48Z,0.8104895949363708,0,1
2026-05-30T16:06:53Z,33.256988525390625,0,1
2026-05-30T16:06:58Z,34.50331115722656,0,1
2026-05-30T16:07:03Z,59.425575256347656,0,1
2026-05-30T16:07:08Z,68.04656219482422,1,1
2026-05-30T16:07:13Z,74.4466323852539,1,1
2026-05-30T16:07:18Z,83.50985717773438,1,1
2026-05-30T16:07:23Z,112.31658935546875,1,1
2026-05-30T16:07:28Z,112.25164794921875,1,1
2026-05-30T16:07:33Z,129.1743927001953,1,1
2026-05-30T16:07:38Z,130.80821228027344,1,1
2026-05-30T16:07:43Z,129.98684692382812,1,0
2026-05-30T16:07:48Z,129.23609924316406,1,0
2026-05-30T16:07:53Z,119.77571105957031,1,0
2026-05-30T16:07:58Z,119.37555694580078,1,0
2026-05-30T16:08:03Z,106.91754913330078,1,0
2026-05-30T16:08:08Z,88.73868560791016,1,0
2026-05-30T16:08:13Z,84.02490234375,1,0
2026-05-30T16:08:18Z,55.087745666503906,0,0
2026-05-30T16:08:23Z,0.20020030438899994,0,0
2026-05-30T16:08:28Z,1.1307319402694702,0,0
2026-05-30T16:08:33Z,0.5024427771568298,0,0
2026-05-30T16:08:38Z,1.4808725118637085,0,0
2026-05-30T16:08:43Z,0.8464930653572083,0,0
2026-05-30T16:08:48Z,0.9444653987884521,0,0
2026-05-30T16:08:53Z,1.4509155750274658,0,0
2026-05-30T16:08:58Z,1.0552418231964111,0,0
2026-05-30T16:09:03Z,1.0590169429779053,0,0
2026-05-30T16:09:08Z,1.071657419204712,0,0
2026-05-30T16:09:13Z,1.7460248470306396,0,0
2026-05-30T16:09:18Z,1.187299132347107,0,0
2026-05-30T16:09:23Z,1.0926291942596436,0,0
2026-05-30T16:09:28Z,1.0508016347885132,0,0
2026-05-30T16:09:33Z,0.9219624996185303,0,0
2026-05-30T16:09:38Z,1.2453176975250244,0,0
2026-05-30T16:09:43Z,1.1568431854248047,0,0
2026-05-30T16:09:48Z,0.9693434834480286,0,0
2026-05-30T16:09:53Z,0.7339027523994446,0,0
2026-05-30T16:09:58Z,0.6561786532402039,0,0
2026-05-30T16:10:03Z,0.5107767581939697,0,0
2026-05-30T16:10:08Z,0.1741064041852951,0,0
2026-05-30T16:10:13Z,0.2561706006526947,0,0
2026-05-30T16:10:18Z,0.09143157303333282,0,0
2026-05-30T16:10:23Z,0.5014594197273254,0,0
2026-05-30T16:10:28Z,0.2617051303386688,0,0
2026-05-30T16:10:33Z,0.9755371809005737,0,0
2026-05-30T16:10:38Z,0.44422483444213867,0,0
2026-05-30T16:10:43Z,0.6223992705345154,0,0
2026-05-30T16:10:48Z,0.7389889359474182,0,0
2026-05-30T16:10:53Z,0.8832088708877563,0,0
2026-05-30T16:10:58Z,0.9361225962638855,0,0
2026-05-30T16:11:03Z,0.8412827849388123,0,0
2026-05-30T16:11:08Z,0.8793290257453918,0,0
2026-05-30T16:11:13Z,0.1654857099056244,0,0
2026-05-30T16:11:18Z,0.6686843633651733,0,0
2026-05-30T16:11:23Z,1.1190098524093628,0,0
2026-05-30T16:11:28Z,0.8356193900108337,0,0
2026-05-30T16:11:33Z,0.6282881498336792,0,0
2026-05-30T16:11:38Z,0.5495849251747131,0,0
2026-05-30T16:11:43Z,0.544462263584137,0,0
2026-05-30T16:11:48Z,0.2820294499397278,0,0
2026-05-30T16:11:53Z,0.7789357900619507,0,0
2026-05-30T16:11:58Z,0.11706824600696564,0,0
2026-05-30T16:12:03Z,0.3334988057613373,0,0
2026-05-30T16:12:08Z,0.10878551006317139,0,0
2026-05-30T16:12:13Z,0.1962750405073166,0,0
2026-05-30T16:12:18Z,0.0,0,0
2026-05-30T16:12:23Z,0.0,0,0
2026-05-30T16:12:28Z,0.09217581152915955,0,0
2026-05-30T16:12:33Z,1.3563297986984253,0,0
2026-05-30T16:12:38Z,2.0386087894439697,0,0
2026-05-30T16:12:43Z,1.340507984161377,0,0
2026-05-30T16:12:48Z,0.0,0,0
2026-05-30T16:12:53Z,0.0,0,0
2026-05-30T16:12:58Z,0.08045309782028198,0,1
2026-05-30T16:13:03Z,0.0,0,1
2026-05-30T16:13:08Z,506.9291076660156,1,1
2026-05-30T16:13:13Z,493.72503662109375,1,1
2026-05-30T16:13:18Z,468.2825927734375,1,1
2026-05-30T16:13:23Z,988.3759155273438,1,1
2026-05-30T16:13:28Z,950.19384765625,1,1
2026-05-30T16:13:33Z,925.4063110351562,1,1
2026-05-30T16:13:38Z,927.097900390625,1,1
2026-05-30T16:13:43Z,909.1489868164062,1,1
2026-05-30T16:13:48Z,917.6443481445312,1,1
2026-05-30T16:13:53Z,676.139892578125,1,1
2026-05-30T16:13:58Z,697.7314453125,1,0
2026-05-30T16:14:03Z,707.9786376953125,1,0
2026-05-30T16:14:08Z,2.9864604473114014,0,0
2026-05-30T16:14:13Z,3.141103982925415,0,0
2026-05-30T16:14:18Z,2.9090077877044678,0,0
2026-05-30T16:14:23Z,1.7548319101333618,0,0
2026-05-30T16:14:28Z,0.9693286418914795,0,0
2026-05-30T16:14:33Z,0.5343824625015259,0,0
2026-05-30T16:14:38Z,0.41479358077049255,0,0
2026-05-30T16:14:43Z,0.4140385389328003,0,0
2026-05-30T16:14:48Z,0.4516017436981201,0,0
2026-05-30T16:14:53Z,0.49130162596702576,0,0
2026-05-30T16:14:58Z,0.45407727360725403,0,0
2026-05-30T16:15:03Z,0.5783506631851196,0,0
2026-05-30T16:15:08Z,0.8122672438621521,0,0
2026-05-30T16:15:13Z,1.0546278953552246,0,0
2026-05-30T16:15:18Z,0.9988477230072021,0,0
2026-05-30T16:15:23Z,0.7223426103591919,0,0
2026-05-30T16:15:28Z,0.7039629220962524,0,0
2026-05-30T16:15:33Z,0.9423041939735413,0,0
2026-05-30T16:15:38Z,1.203844428062439,0,0
2026-05-30T16:15:43Z,0.9853874444961548,0,0
2026-05-30T16:15:48Z,0.8137344121932983,0,0
2026-05-30T16:15:53Z,0.9132635593414307,0,0
2026-05-30T16:15:58Z,1.225244402885437,0,0
2026-05-30T16:16:03Z,1.5581638813018799,0,0
2026-05-30T16:16:08Z,2.0995936393737793,0,0
2026-05-30T16:16:13Z,2.4557547569274902,0,0
2026-05-30T16:16:18Z,2.450092077255249,0,0
2026-05-30T16:16:23Z,2.2565665245056152,0,0
2026-05-30T16:16:28Z,2.3373327255249023,0,0
2026-05-30T16:16:33Z,0.9752932190895081,0,0
2026-05-30T16:16:38Z,0.040999460965394974,0,0
2026-05-30T16:16:43Z,0.1297682374715805,0,0
2026-05-30T16:16:48Z,0.0,0,0
2026-05-30T16:16:53Z,0.0,0,0
2026-05-30T16:16:58Z,0.40353620052337646,0,0
2026-05-30T16:17:03Z,1.2409385442733765,0,0
2026-05-30T16:17:08Z,2.8300328254699707,0,0
2026-05-30T16:17:13Z,4.186875820159912,0,0
2026-05-30T16:17:18Z,4.092146396636963,0,0
2026-05-30T16:17:23Z,4.519554615020752,0,0
2026-05-30T16:17:28Z,5.09947395324707,0,0
2026-05-30T16:17:33Z,4.4885969161987305,0,0
2026-05-30T16:17:38Z,3.5579581260681152,0,0
2026-05-30T16:17:43Z,2.7529914379119873,0,0
2026-05-30T16:17:48Z,2.3412363529205322,0,0
2026-05-30T16:17:53Z,1.8974125385284424,0,0
2026-05-30T16:17:58Z,1.2267794609069824,0,0
2026-05-30T16:18:03Z,0.9729488492012024,0,0
2026-05-30T16:18:08Z,0.783503532409668,0,1
2026-05-30T16:18:13Z,0.5938889384269714,0,1
2026-05-30T16:18:18Z,61.772613525390625,0,1
2026-05-30T16:18:23Z,88.89464569091797,1,1
2026-05-30T16:18:28Z,90.00389099121094,1,1
2026-05-30T16:18:33Z,108.45073699951172,1,1
2026-05-30T16:18:38Z,114.43270111083984,1,1
2026-05-30T16:18:43Z,127.57537078857422,1,1
2026-05-30T16:18:48Z,131.792724609375,1,1
2026-05-30T16:18:53Z,137.77561950683594,1,1
2026-05-30T16:18:58Z,137.74188232421875,1,1
2026-05-30T16:19:03Z,135.75498962402344,1,1
2026-05-30T16:19:08Z,131.8733673095703,1,0
2026-05-30T16:19:13Z,130.59933471679688,1,0
2026-05-30T16:19:18Z,124.50624084472656,1,0
2026-05-30T16:19:23Z,97.87092590332031,1,0
2026-05-30T16:19:28Z,98.22140502929688,1,0
2026-05-30T16:19:33Z,78.97077941894531,1,0
2026-05-30T16:19:38Z,52.49518585205078,0,0
2026-05-30T16:19:43Z,53.19095230102539,0,0
2026-05-30T16:19:48Z,0.0,0,0
2026-05-30T16:19:53Z,0.0,0,0
2026-05-30T16:19:58Z,0.0,0,0
2026-05-30T16:20:03Z,0.0,0,0
2026-05-30T16:20:08Z,0.0,0,0
2026-05-30T16:20:13Z,0.2167367935180664,0,0
2026-05-30T16:20:18Z,0.4714299142360687,0,0
2026-05-30T16:20:23Z,0.880143404006958,0,0
2026-05-30T16:20:28Z,1.2071301937103271,0,0
2026-05-30T16:20:33Z,1.21940279006958,0,0
2026-05-30T16:20:38Z,1.398798942565918,0,0
2026-05-30T16:20:43Z,0.9607845544815063,0,0
2026-05-30T16:20:48Z,1.0452009439468384,0,0
2026-05-30T16:20:53Z,0.8788489103317261,0,0
2026-05-30T16:20:58Z,0.9376406073570251,0,0
2026-05-30T16:21:03Z,716.8369750976562,1,0
2026-05-30T16:21:08Z,716.265380859375,1,0
2026-05-30T16:21:13Z,715.6424560546875,1,0
2026-05-30T16:21:18Z,715.1010131835938,1,0
2026-05-30T16:21:23Z,713.1522216796875,1,0
2026-05-30T16:21:28Z,711.2066040039062,1,0
2026-05-30T16:21:33Z,711.4015502929688,1,0
2026-05-30T16:21:38Z,711.2230834960938,1,0
2026-05-30T16:21:43Z,7.164184093475342,0,0
2026-05-30T16:21:48Z,3.9145638942718506,0,0
2026-05-30T16:21:53Z,3.289316177368164,0,0
2026-05-30T16:21:58Z,2.1123340129852295,0,0
2026-05-30T16:22:03Z,1.0935819149017334,0,0
2026-05-30T16:22:08Z,0.44045913219451904,0,0
2026-05-30T16:22:13Z,0.31144607067108154,0,0
2026-05-30T16:22:18Z,0.5419909954071045,0,0
2026-05-30T16:22:23Z,0.4700707495212555,0,0
2026-05-30T16:22:28Z,0.0,0,0
2026-05-30T16:22:33Z,0.40799370408058167,0,0
2026-05-30T16:22:38Z,0.13016444444656372,0,0
2026-05-30T16:22:43Z,0.0,0,0
2026-05-30T16:22:48Z,0.15108616650104523,0,0
2026-05-30T16:22:53Z,0.011855789460241795,0,0
2026-05-30T16:22:58Z,0.19837896525859833,0,0
2026-05-30T16:23:03Z,0.8548617959022522,0,0
2026-05-30T16:23:08Z,0.6820179224014282,0,0
2026-05-30T16:23:13Z,0.8430476188659668,0,0
2026-05-30T16:23:18Z,0.44332173466682434,0,0
2026-05-30T16:23:23Z,0.7397907972335815,0,0
2026-05-30T16:23:28Z,0.7412582635879517,0,0
2026-05-30T16:23:33Z,0.7079180479049683,0,0
2026-05-30T16:23:38Z,0.0,0,1
2026-05-30T16:23:43Z,0.0,0,1
2026-05-30T16:23:48Z,0.4367024898529053,0,1
2026-05-30T16:23:53Z,1031.5048828125,1,1
2026-05-30T16:23:58Z,989.114501953125,1,1
2026-05-30T16:24:03Z,971.8351440429688,1,1
2026-05-30T16:24:08Z,966.57177734375,1,1
2026-05-30T16:24:13Z,957.6444702148438,1,1
2026-05-30T16:24:18Z,961.23046875,1,1
2026-05-30T16:24:23Z,532.6192016601562,1,1
2026-05-30T16:24:28Z,542.5221557617188,1,1
2026-05-30T16:24:33Z,554.1658935546875,1,1
2026-05-30T16:24:38Z,2.1592094898223877,0,0
2026-05-30T16:24:43Z,2.512448787689209,0,0
2026-05-30T16:24:48Z,1.9616254568099976,0,0
2026-05-30T16:24:53Z,2.067110538482666,0,0
2026-05-30T16:24:58Z,2.2629709243774414,0,0
2026-05-30T16:25:03Z,1.8195345401763916,0,0
2026-05-30T16:25:08Z,1.7276897430419922,0,0
2026-05-30T16:25:13Z,1.8233577013015747,0,0
2026-05-30T16:25:18Z,0.397554486989975,0,0
2026-05-30T16:25:23Z,1.0400333404541016,0,0
2026-05-30T16:25:28Z,1.0081870555877686,0,0
2026-05-30T16:25:33Z,0.7421440482139587,0,0
2026-05-30T16:25:38Z,0.7814515829086304,0,0
2026-05-30T16:25:43Z,0.8821156620979309,0,0
2026-05-30T16:25:48Z,1.7087132930755615,0,0
2026-05-30T16:25:53Z,3.3451004028320312,0,0
2026-05-30T16:25:58Z,5.063324928283691,0,0
2026-05-30T16:26:03Z,3.7864151000976562,0,0
2026-05-30T16:26:08Z,3.1113030910491943,0,0
2026-05-30T16:26:13Z,2.843327522277832,0,0
2026-05-30T16:26:18Z,2.2838022708892822,0,0
2026-05-30T16:26:23Z,1.6604704856872559,0,0
2026-05-30T16:26:28Z,1.1568703651428223,0,0
2026-05-30T16:26:33Z,1.3764160871505737,0,0
2026-05-30T16:26:38Z,2.5704870223999023,0,0
2026-05-30T16:26:43Z,4.159185409545898,0,0
2026-05-30T16:26:48Z,3.9998083114624023,0,0
2026-05-30T16:26:53Z,3.6306047439575195,0,0
2026-05-30T16:26:58Z,3.4203062057495117,0,0
2026-05-30T16:27:03Z,1.8857975006103516,0,0
2026-05-30T16:27:08Z,0.7490426301956177,0,0
2026-05-30T16:27:13Z,0.43517497181892395,0,0
2026-05-30T16:27:18Z,0.3229147791862488,0,0
2026-05-30T16:27:23Z,0.5626155734062195,0,0
2026-05-30T16:27:28Z,1.2267224788665771,0,0
2026-05-30T16:27:33Z,1.9184101819992065,0,0
2026-05-30T16:27:38Z,2.6174280643463135,0,0
2026-05-30T16:27:43Z,2.8836910724639893,0,0
2026-05-30T16:27:48Z,2.9183239936828613,0,0
2026-05-30T16:27:53Z,3.383561372756958,0,0
2026-05-30T16:27:58Z,3.781830310821533,0,0
2026-05-30T16:28:03Z,715.649658203125,1,0
2026-05-30T16:28:08Z,715.08935546875,1,0
2026-05-30T16:28:13Z,9.847820281982422,0,0
2026-05-30T16:28:18Z,7.923379421234131,0,0
2026-05-30T16:28:23Z,7.2588300704956055,0,0
2026-05-30T16:28:28Z,5.455777645111084,0,0
2026-05-30T16:28:33Z,3.3284873962402344,0,0
2026-05-30T16:28:38Z,2.4339816570281982,0,0
2026-05-30T16:28:43Z,1.9106391668319702,0,0
2026-05-30T16:28:48Z,1.274134874343872,0,0
2026-05-30T16:28:53Z,0.8152973651885986,0,0
2026-05-30T16:28:58Z,0.5760183930397034,0,0
2026-05-30T16:29:03Z,0.737354040145874,0,0
2026-05-30T16:29:08Z,0.5190436840057373,0,0
2026-05-30T16:29:13Z,0.2862391173839569,0,0
2026-05-30T16:29:18Z,0.006886843126267195,0,0
2026-05-30T16:29:23Z,0.0,0,0
2026-05-30T16:29:28Z,0.014085022732615471,0,0
2026-05-30T16:29:33Z,0.0,0,0
2026-05-30T16:29:38Z,0.0,0,0
2026-05-30T16:29:43Z,0.0,0,0
2026-05-30T16:29:48Z,0.0,0,0
2026-05-30T16:29:53Z,0.0,0,0
2026-05-30T16:29:58Z,0.0,0,0
2026-05-30T16:30:03Z,0.0,0,0
2026-05-30T16:30:08Z,0.132883682847023,0,0
2026-05-30T16:30:13Z,0.0724424347281456,0,0
2026-05-30T16:30:18Z,0.0,0,0
2026-05-30T16:30:23Z,0.0,0,0
2026-05-30T16:30:28Z,0.0,0,0
2026-05-30T16:30:33Z,0.030657252296805382,0,1
2026-05-30T16:30:38Z,0.0,0,1
2026-05-30T16:30:43Z,0.0,0,1
2026-05-30T16:30:48Z,77.91722106933594,1,1
2026-05-30T16:30:53Z,100.91395568847656,1,1
2026-05-30T16:30:58Z,100.77015686035156,1,1
2026-05-30T16:31:03Z,120.16522216796875,1,1
2026-05-30T16:31:08Z,138.01800537109375,1,1
2026-05-30T16:31:13Z,137.35421752929688,1,1
2026-05-30T16:31:18Z,140.21966552734375,1,1
2026-05-30T16:31:23Z,140.45037841796875,1,1
2026-05-30T16:31:28Z,140.32138061523438,1,0
2026-05-30T16:31:33Z,136.661865234375,1,0
2026-05-30T16:31:38Z,122.1217041015625,1,0
2026-05-30T16:31:43Z,122.0654067993164,1,0
2026-05-30T16:31:48Z,107.11856079101562,1,0
2026-05-30T16:31:53Z,86.63578796386719,1,0
2026-05-30T16:31:58Z,86.57898712158203,1,0
2026-05-30T16:32:03Z,59.22332763671875,0,0
2026-05-30T16:32:08Z,3.2608702182769775,0,0
2026-05-30T16:32:13Z,3.298431158065796,0,0
2026-05-30T16:32:18Z,0.0,0,0
2026-05-30T16:32:23Z,0.0,0,0
2026-05-30T16:32:28Z,0.0,0,0
2026-05-30T16:32:33Z,0.0,0,0
2026-05-30T16:32:38Z,0.0,0,0
2026-05-30T16:32:43Z,0.0,0,0
2026-05-30T16:32:48Z,0.0,0,0
2026-05-30T16:32:53Z,0.0,0,0
2026-05-30T16:32:58Z,0.0,0,0
2026-05-30T16:33:03Z,0.0,0,0
2026-05-30T16:33:08Z,0.0,0,0
2026-05-30T16:33:13Z,0.0,0,0
2026-05-30T16:33:18Z,0.0,0,0
2026-05-30T16:33:23Z,0.0,0,0
2026-05-30T16:33:28Z,0.0,0,0
2026-05-30T16:33:33Z,0.0,0,0
2026-05-30T16:33:38Z,0.0,0,0
2026-05-30T16:33:43Z,0.0,0,0
2026-05-30T16:33:48Z,0.0,0,0
2026-05-30T16:33:53Z,0.0,0,0
2026-05-30T16:33:58Z,0.0,0,0
2026-05-30T16:34:03Z,0.0,0,0
2026-05-30T16:34:08Z,0.0,0,0
2026-05-30T16:34:13Z,0.0,0,0
2026-05-30T16:34:18Z,0.0,0,0
2026-05-30T16:34:23Z,0.0,0,0
2026-05-30T16:34:28Z,0.0,0,0
2026-05-30T16:34:33Z,0.0,0,0
2026-05-30T16:34:38Z,0.0,0,0
2026-05-30T16:34:43Z,0.0,0,0
2026-05-30T16:34:48Z,0.0,0,0
2026-05-30T16:34:53Z,0.0,0,0
2026-05-30T16:34:58Z,0.0,0,0
2026-05-30T16:35:03Z,0.20115406811237335,0,0
2026-05-30T16:35:08Z,0.34735363721847534,0,0
2026-05-30T16:35:13Z,0.5807008147239685,0,0
2026-05-30T16:35:18Z,0.6167414784431458,0,0
2026-05-30T16:35:23Z,0.0,0,0
2026-05-30T16:35:28Z,0.05873436480760574,0,1
2026-05-30T16:35:33Z,0.35587120056152344,0,1
2026-05-30T16:35:38Z,995.3463745117188,1,1
2026-05-30T16:35:43Z,981.8872680664062,1,1
2026-05-30T16:35:48Z,957.3611450195312,1,1
2026-05-30T16:35:53Z,936.9296264648438,1,1
2026-05-30T16:35:58Z,897.179931640625,1,1
2026-05-30T16:36:03Z,860.1624145507812,1,1
2026-05-30T16:36:08Z,874.9761352539062,1,1
2026-05-30T16:36:13Z,888.7171020507812,1,1
2026-05-30T16:36:18Z,888.8463745117188,1,1
2026-05-30T16:36:23Z,97.56414794921875,1,0
2026-05-30T16:36:28Z,111.5090103149414,1,0
2026-05-30T16:36:33Z,128.29849243164062,1,0
2026-05-30T16:36:38Z,3.7251315116882324,0,0
2026-05-30T16:36:43Z,3.0212676525115967,0,0
2026-05-30T16:36:48Z,3.8117198944091797,0,0
2026-05-30T16:36:53Z,4.940186500549316,0,0
2026-05-30T16:36:58Z,5.223367214202881,0,0
2026-05-30T16:37:03Z,3.3397090435028076,0,0
2026-05-30T16:37:08Z,2.189154863357544,0,0
2026-05-30T16:37:13Z,1.4084957838058472,0,0
2026-05-30T16:37:18Z,0.6361070871353149,0,0
2026-05-30T16:37:23Z,0.7240022420883179,0,0
2026-05-30T16:37:28Z,0.07549260556697845,0,0
2026-05-30T16:37:33Z,0.12400532513856888,0,0
2026-05-30T16:37:38Z,0.3427673578262329,0,0
2026-05-30T16:37:43Z,0.5200756788253784,0,0
2026-05-30T16:37:48Z,0.3513960838317871,0,0
2026-05-30T16:37:53Z,0.5790685415267944,0,0
2026-05-30T16:37:58Z,0.7748270034790039,0,0
2026-05-30T16:38:03Z,1.1475411653518677,0,0
2026-05-30T16:38:08Z,1.3014867305755615,0,0
2026-05-30T16:38:13Z,1.410704493522644,0,0
2026-05-30T16:38:18Z,1.4213640689849854,0,0
2026-05-30T16:38:23Z,1.209635615348816,0,0
2026-05-30T16:38:28Z,0.9676022529602051,0,0
2026-05-30T16:38:33Z,0.6817582249641418,0,0
2026-05-30T16:38:38Z,0.6502106785774231,0,0
2026-05-30T16:38:43Z,0.5926660299301147,0,0
2026-05-30T16:38:48Z,0.7377809882164001,0,0
2026-05-30T16:38:53Z,1.230543851852417,0,0
2026-05-30T16:38:58Z,1.0696189403533936,0,0
2026-05-30T16:39:03Z,1.0405923128128052,0,0
2026-05-30T16:39:08Z,1.158845067024231,0,0
2026-05-30T16:39:13Z,1.4740310907363892,0,0
2026-05-30T16:39:18Z,1.3336952924728394,0,0
2026-05-30T16:39:23Z,1.307341456413269,0,0
2026-05-30T16:39:28Z,1.095780372619629,0,0
2026-05-30T16:39:33Z,0.983360230922699,0,0
2026-05-30T16:39:38Z,1.031964898109436,0,0
2026-05-30T16:39:43Z,0.8622293472290039,0,0
2026-05-30T16:39:48Z,1.472179651260376,0,0
2026-05-30T16:39:53Z,2.3331243991851807,0,0
2026-05-30T16:39:58Z,2.1690995693206787,0,0
2026-05-30T16:40:03Z,1.5020071268081665,0,0
2026-05-30T16:40:08Z,1.3506888151168823,0,0
2026-05-30T16:40:13Z,1.1154170036315918,0,0
2026-05-30T16:40:18Z,0.6927517056465149,0,0
2026-05-30T16:40:23Z,0.5164387822151184,0,0
2026-05-30T16:40:28Z,0.253096342086792,0,0
2026-05-30T16:40:33Z,1.2563550472259521,0,0
2026-05-30T16:40:38Z,1.8062316179275513,0,0
2026-05-30T16:40:43Z,1.4853861331939697,0,0
2026-05-30T16:40:48Z,0.19960613548755646,0,0
2026-05-30T16:40:53Z,0.4430093467235565,0,1
2026-05-30T16:40:58Z,0.3926790952682495,0,1
2026-05-30T16:41:03Z,14.021151542663574,0,1
2026-05-30T16:41:08Z,75.00440216064453,1,1
2026-05-30T16:41:13Z,76.67825317382812,1,1
2026-05-30T16:41:18Z,99.88493347167969,1,1
2026-05-30T16:41:23Z,115.5410385131836,1,1
2026-05-30T16:41:28Z,114.96623992919922,1,1
2026-05-30T16:41:33Z,125.68846130371094,1,1
2026-05-30T16:41:38Z,136.64657592773438,1,1
2026-05-30T16:41:43Z,137.80584716796875,1,1
2026-05-30T16:41:48Z,134.63551330566406,1,1
2026-05-30T16:41:53Z,124.78424072265625,1,0
2026-05-30T16:41:58Z,121.97962188720703,1,0
2026-05-30T16:42:03Z,116.02296447753906,1,0
2026-05-30T16:42:08Z,101.51519012451172,1,0
2026-05-30T16:42:13Z,86.52540588378906,1,0
2026-05-30T16:42:18Z,51.80287551879883,0,0
2026-05-30T16:42:23Z,18.152835845947266,0,0
2026-05-30T16:42:28Z,17.84172821044922,0,0
2026-05-30T16:42:33Z,0.9876777529716492,0,0
2026-05-30T16:42:38Z,1.370560646057129,0,0
2026-05-30T16:42:43Z,1.9990839958190918,0,0
2026-05-30T16:42:48Z,1.745568037033081,0,0
2026-05-30T16:42:53Z,1.5446710586547852,0,0
2026-05-30T16:42:58Z,1.1153994798660278,0,0
2026-05-30T16:43:03Z,0.8159618973731995,0,0
2026-05-30T16:43:08Z,0.6014689803123474,0,0
2026-05-30T16:43:13Z,0.3338216245174408,0,0
2026-05-30T16:43:18Z,0.44419002532958984,0,0
2026-05-30T16:43:23Z,0.35338616371154785,0,0
2026-05-30T16:43:28Z,0.160856693983078,0,0
2026-05-30T16:43:33Z,0.0,0,0
2026-05-30T16:43:38Z,0.0,0,0
2026-05-30T16:43:43Z,0.0,0,0
2026-05-30T16:43:48Z,0.0,0,0
2026-05-30T16:43:53Z,0.0,0,0
2026-05-30T16:43:58Z,0.0,0,0
2026-05-30T16:44:03Z,0.01247573271393776,0,0
2026-05-30T16:44:08Z,0.18018880486488342,0,0
2026-05-30T16:44:13Z,0.13958607614040375,0,0
2026-05-30T16:44:18Z,0.0,0,0
2026-05-30T16:44:23Z,0.0,0,0
2026-05-30T16:44:28Z,0.0,0,0
2026-05-30T16:44:33Z,0.0,0,0
2026-05-30T16:44:38Z,0.0,0,0
2026-05-30T16:44:43Z,0.0,0,0
2026-05-30T16:44:48Z,0.42062869668006897,0,0
2026-05-30T16:44:53Z,0.9722041487693787,0,0
2026-05-30T16:44:58Z,1.1827263832092285,0,0
2026-05-30T16:45:03Z,0.7781914472579956,0,0
2026-05-30T16:45:08Z,0.37282058596611023,0,0
2026-05-30T16:45:13Z,0.2443545162677765,0,0
2026-05-30T16:45:18Z,0.0,0,0
2026-05-30T16:45:23Z,0.0,0,0
2026-05-30T16:45:28Z,0.1795634627342224,0,1
2026-05-30T16:45:33Z,0.5346803665161133,0,1
2026-05-30T16:45:38Z,1031.8150634765625,1,1
2026-05-30T16:45:43Z,1011.5270385742188,1,1
2026-05-30T16:45:48Z,991.4780883789062,1,1
2026-05-30T16:45:53Z,977.1000366210938,1,1
2026-05-30T16:45:58Z,938.1343994140625,1,1
2026-05-30T16:46:03Z,900.7190551757812,1,1
2026-05-30T16:46:08Z,910.3031616210938,1,1
2026-05-30T16:46:13Z,938.87255859375,1,1
2026-05-30T16:46:18Z,939.2174072265625,1,1
2026-05-30T16:46:23Z,219.04595947265625,1,1
2026-05-30T16:46:28Z,223.3555145263672,1,0
2026-05-30T16:46:33Z,233.92062377929688,1,0
2026-05-30T16:46:38Z,3.2161545753479004,0,0
2026-05-30T16:46:43Z,2.0728983879089355,0,0
2026-05-30T16:46:48Z,1.3066234588623047,0,0
2026-05-30T16:46:53Z,1.5385847091674805,0,0
2026-05-30T16:46:58Z,1.560481309890747,0,0
2026-05-30T16:47:03Z,1.1205822229385376,0,0
2026-05-30T16:47:08Z,1.877620816230774,0,0
2026-05-30T16:47:13Z,0.7920539379119873,0,0
2026-05-30T16:47:18Z,0.47540396451950073,0,0
2026-05-30T16:47:23Z,0.9280461072921753,0,0
2026-05-30T16:47:28Z,1.5320616960525513,0,0
2026-05-30T16:47:33Z,1.7348029613494873,0,0
2026-05-30T16:47:38Z,1.6276248693466187,0,0
2026-05-30T16:47:43Z,1.3464657068252563,0,0
2026-05-30T16:47:48Z,1.6323164701461792,0,0
2026-05-30T16:47:53Z,0.9832693934440613,0,0
2026-05-30T16:47:58Z,0.18949878215789795,0,0
2026-05-30T16:48:03Z,0.0,0,0
2026-05-30T16:48:08Z,0.0,0,0
2026-05-30T16:48:13Z,0.06397317349910736,0,0
2026-05-30T16:48:18Z,0.6148928999900818,0,0
2026-05-30T16:48:23Z,1.455182671546936,0,0
2026-05-30T16:48:28Z,2.0439069271087646,0,0
2026-05-30T16:48:33Z,1.539568305015564,0,0
2026-05-30T16:48:38Z,0.97957444190979,0,0
2026-05-30T16:48:43Z,0.7044864296913147,0,0
2026-05-30T16:48:48Z,0.7363397479057312,0,0
2026-05-30T16:48:53Z,0.9246470928192139,0,0
2026-05-30T16:48:58Z,0.7196614742279053,0,0
2026-05-30T16:49:03Z,0.6815769076347351,0,0
2026-05-30T16:49:08Z,0.8713203072547913,0,0
2026-05-30T16:49:13Z,0.7867100834846497,0,0
2026-05-30T16:49:18Z,0.6897754669189453,0,0
2026-05-30T16:49:23Z,0.6084754467010498,0,0
2026-05-30T16:49:28Z,0.8700500726699829,0,0
2026-05-30T16:49:33Z,0.9041645526885986,0,0
2026-05-30T16:49:38Z,0.9337045550346375,0,0
2026-05-30T16:49:43Z,0.8723661303520203,0,0
2026-05-30T16:49:48Z,1.261804461479187,0,0
2026-05-30T16:49:53Z,0.8128145933151245,0,0
2026-05-30T16:49:58Z,0.04867399111390114,0,0
2026-05-30T16:50:03Z,0.0,0,0
2026-05-30T16:50:08Z,0.0,0,0
2026-05-30T16:50:13Z,0.0,0,0
2026-05-30T16:50:18Z,0.0,0,0
2026-05-30T16:50:23Z,0.0,0,0
2026-05-30T16:50:28Z,0.4537663757801056,0,0
2026-05-30T16:50:33Z,0.5170494318008423,0,0
2026-05-30T16:50:38Z,0.5671466588973999,0,0
2026-05-30T16:50:43Z,0.0,0,0
2026-05-30T16:50:48Z,0.0,0,0
2026-05-30T16:50:53Z,0.0,0,0
2026-05-30T16:50:58Z,0.0,0,0
2026-05-30T16:51:03Z,0.0,0,0
2026-05-30T16:51:08Z,0.0,0,0
2026-05-30T16:51:13Z,0.4810928404331207,0,0
2026-05-30T16:51:18Z,0.5338571071624756,0,0
2026-05-30T16:51:23Z,0.3335726261138916,0,0
2026-05-30T16:51:28Z,0.40817296504974365,0,0
2026-05-30T16:51:33Z,0.38439711928367615,0,0
2026-05-30T16:51:38Z,0.4388841986656189,0,0
2026-05-30T16:51:43Z,0.3313266932964325,0,0
2026-05-30T16:51:48Z,0.028331361711025238,0,0
2026-05-30T16:51:53Z,0.0,0,0
2026-05-30T16:51:58Z,0.5237119197845459,0,0
2026-05-30T16:52:03Z,0.0,0,1
2026-05-30T16:52:08Z,63.084197998046875,0,1
2026-05-30T16:52:13Z,63.168643951416016,0,1
2026-05-30T16:52:18Z,100.32141876220703,1,1
2026-05-30T16:52:23Z,112.64476776123047,1,1
2026-05-30T16:52:28Z,115.75582122802734,1,1
2026-05-30T16:52:33Z,126.2235336303711,1,1
2026-05-30T16:52:38Z,128.530517578125,1,1
2026-05-30T16:52:43Z,140.41799926757812,1,1
2026-05-30T16:52:48Z,141.57794189453125,1,1
2026-05-30T16:52:53Z,141.0520782470703,1,1
2026-05-30T16:52:58Z,140.42857360839844,1,1
2026-05-30T16:53:03Z,130.10267639160156,1,0
2026-05-30T16:53:08Z,120.3141860961914,1,0
2026-05-30T16:53:13Z,120.47493743896484,1,0
2026-05-30T16:53:18Z,96.6349868774414,1,0
2026-05-30T16:53:23Z,80.92530822753906,1,0
2026-05-30T16:53:28Z,80.1379165649414,1,0
2026-05-30T16:53:33Z,44.71484375,0,0
2026-05-30T16:53:38Z,0.0,0,0
2026-05-30T16:53:43Z,0.0,0,0
2026-05-30T16:53:48Z,0.6105490326881409,0,0
2026-05-30T16:53:53Z,0.0,0,0
2026-05-30T16:53:58Z,0.40372011065483093,0,0
2026-05-30T16:54:03Z,0.31636324524879456,0,0
2026-05-30T16:54:08Z,0.0,0,0
2026-05-30T16:54:13Z,0.0,0,0
2026-05-30T16:54:18Z,0.032801348716020584,0,0
2026-05-30T16:54:23Z,0.06810673326253891,0,0
2026-05-30T16:54:28Z,0.0,0,0
2026-05-30T16:54:33Z,0.30658289790153503,0,0
2026-05-30T16:54:38Z,0.5879549384117126,0,0
2026-05-30T16:54:43Z,0.4072232246398926,0,0
2026-05-30T16:54:48Z,0.0,0,0
2026-05-30T16:54:53Z,0.0,0,0
2026-05-30T16:54:58Z,0.0,0,0
2026-05-30T16:55:03Z,0.0,0,0
2026-05-30T16:55:08Z,0.0,0,0
2026-05-30T16:55:13Z,0.24358926713466644,0,0
2026-05-30T16:55:18Z,0.5808544158935547,0,0
2026-05-30T16:55:23Z,0.2212037742137909,0,0
2026-05-30T16:55:28Z,0.27989208698272705,0,0
2026-05-30T16:55:33Z,0.3379444181919098,0,0
2026-05-30T16:55:38Z,0.2907906472682953,0,0
2026-05-30T16:55:43Z,0.06951915472745895,0,0
2026-05-30T16:55:48Z,0.14881624281406403,0,0
2026-05-30T16:55:53Z,0.224399134516716,0,0
2026-05-30T16:55:58Z,0.043060459196567535,0,0
2026-05-30T16:56:03Z,0.12358767539262772,0,0
2026-05-30T16:56:08Z,0.18920688331127167,0,0
2026-05-30T16:56:13Z,0.2088664472103119,0,0
2026-05-30T16:56:18Z,0.23970457911491394,0,0
2026-05-30T16:56:23Z,1.9813499450683594,0,0
2026-05-30T16:56:28Z,1.8956338167190552,0,0
2026-05-30T16:56:33Z,2.2626278400421143,0,0
2026-05-30T16:56:38Z,2.309962272644043,0,0
2026-05-30T16:56:43Z,1.7793464660644531,0,0
2026-05-30T16:56:48Z,1.0478299856185913,0,0
2026-05-30T16:56:53Z,0.3687569200992584,0,0
2026-05-30T16:56:58Z,0.2943236529827118,0,1
2026-05-30T16:57:03Z,0.87249755859375,0,1
2026-05-30T16:57:08Z,1001.224365234375,1,1
2026-05-30T16:57:13Z,982.4246215820312,1,1
2026-05-30T16:57:18Z,964.3161010742188,1,1
2026-05-30T16:57:23Z,929.63037109375,1,1
2026-05-30T16:57:28Z,848.7229614257812,1,1
2026-05-30T16:57:33Z,855.4774780273438,1,1
2026-05-30T16:57:38Z,853.7200317382812,1,1
2026-05-30T16:57:43Z,848.6923828125,1,1
2026-05-30T16:57:48Z,867.5306396484375,1,1
2026-05-30T16:57:53Z,296.5469970703125,1,1
2026-05-30T16:57:58Z,333.7522277832031,1,0
2026-05-30T16:58:03Z,354.2247009277344,1,0
2026-05-30T16:58:08Z,2.5049173831939697,0,0
2026-05-30T16:58:13Z,1.602173924446106,0,0
2026-05-30T16:58:18Z,1.4625427722930908,0,0
2026-05-30T16:58:23Z,1.8221620321273804,0,0
2026-05-30T16:58:28Z,1.4166325330734253,0,0
2026-05-30T16:58:33Z,1.3255059719085693,0,0
2026-05-30T16:58:38Z,1.7595328092575073,0,0
2026-05-30T16:58:43Z,2.5232503414154053,0,0
2026-05-30T16:58:48Z,2.704634189605713,0,0
2026-05-30T16:58:53Z,2.8910982608795166,0,0
