timestamp,is_anomaly,incident_id,phase
2026-05-29T05:24:14Z,0,,normal
2026-05-29T05:24:19Z,0,,normal
2026-05-29T05:24:24Z,0,,normal
2026-05-29T05:24:29Z,0,,normal
2026-05-29T05:24:34Z,0,,normal
2026-05-29T05:24:39Z,0,,normal
2026-05-29T05:24:44Z,0,,normal
2026-05-29T05:24:49Z,0,,normal
2026-05-29T05:24:54Z,0,,normal
2026-05-29T05:24:59Z,0,,normal
2026-05-29T05:25:04Z,0,,normal
2026-05-29T05:25:09Z,0,,normal
2026-05-29T05:25:14Z,0,,normal
2026-05-29T05:25:19Z,0,,normal
2026-05-29T05:25:24Z,0,,normal
2026-05-29T05:25:29Z,0,,normal
2026-05-29T05:25:34Z,0,,normal
2026-05-29T05:25:39Z,0,,normal
2026-05-29T05:25:44Z,0,,normal
2026-05-29T05:25:49Z,0,,normal
2026-05-29T05:25:54Z,0,,normal
2026-05-29T05:25:59Z,0,,normal
2026-05-29T05:26:04Z,0,,normal
2026-05-29T05:26:09Z,0,,normal
2026-05-29T05:26:14Z,0,,normal
2026-05-29T05:26:19Z,0,,normal
2026-05-29T05:26:24Z,0,,normal
2026-05-29T05:26:29Z,0,,normal
2026-05-29T05:26:34Z,0,,normal
2026-05-29T05:26:39Z,0,,normal
2026-05-29T05:26:44Z,0,,normal
2026-05-29T05:26:49Z,0,,normal
2026-05-29T05:26:54Z,0,,normal
2026-05-29T05:26:59Z,0,,normal
2026-05-29T05:27:04Z,0,,normal
2026-05-29T05:27:09Z,0,,normal
2026-05-29T05:27:14Z,0,,normal
2026-05-29T05:27:19Z,0,,normal
2026-05-29T05:27:24Z,0,,normal
2026-05-29T05:27:29Z,0,,normal
2026-05-29T05:27:34Z,0,,normal
2026-05-29T05:27:39Z,0,,normal
2026-05-29T05:27:44Z,0,,normal
2026-05-29T05:27:49Z,0,,normal
2026-05-29T05:27:54Z,0,,normal
2026-05-29T05:27:59Z,0,,normal
2026-05-29T05:28:04Z,0,,normal
2026-05-29T05:28:09Z,0,,normal
2026-05-29T05:28:14Z,0,,normal
2026-05-29T05:28:19Z,0,,normal
2026-05-29T05:28:24Z,0,,normal
2026-05-29T05:28:29Z,0,,normal
2026-05-29T05:28:34Z,0,,normal
2026-05-29T05:28:39Z,0,,normal
2026-05-29T05:28:44Z,0,,normal
2026-05-29T05:28:49Z,0,,normal
2026-05-29T05:28:54Z,0,,normal
2026-05-29T05:28:59Z,0,,normal
2026-05-29T05:29:04Z,0,,normal
2026-05-29T05:29:09Z,0,,normal
2026-05-29T05:29:14Z,0,,normal
2026-05-29T05:29:19Z,1,online_boutique_rca_1/INC-001,fault_effect
2026-05-29T05:29:24Z,1,online_boutique_rca_1/INC-001,fault_effect
2026-05-29T05:29:29Z,1,online_boutique_rca_1/INC-001,fault_effect
2026-05-29T05:29:34Z,1,online_boutique_rca_1/INC-001,fault_effect
2026-05-29T05:29:39Z,1,online_boutique_rca_1/INC-001,fault_effect
2026-05-29T05:29:44Z,1,online_boutique_rca_1/INC-001,fault_effect
2026-05-29T05:29:49Z,1,online_boutique_rca_1/INC-001,fault_effect
2026-05-29T05:29:54Z,1,online_boutique_rca_1/INC-001,fault_effect
2026-05-29T05:29:59Z,1,online_boutique_rca_1/INC-001,fault_effect
2026-05-29T05:30:04Z,1,online_boutique_rca_1/INC-001,fault_effect
2026-05-29T05:30:09Z,1,online_boutique_rca_1/INC-001,fault_effect
2026-05-29T05:30:14Z,1,online_boutique_rca_1/INC-001,fault_effect
2026-05-29T05:30:19Z,0,,normal
2026-05-29T05:30:24Z,0,,normal
2026-05-29T05:30:29Z,0,,normal
2026-05-29T05:30:34Z,0,,normal
2026-05-29T05:30:39Z,0,,normal
2026-05-29T05:30:44Z,0,,normal
2026-05-29T05:30:49Z,0,,normal
2026-05-29T05:30:54Z,0,,normal
2026-05-29T05:30:59Z,0,,normal
2026-05-29T05:31:04Z,0,,normal
2026-05-29T05:31:09Z,0,,normal
2026-05-29T05:31:14Z,0,,normal
2026-05-29T05:31:19Z,0,,normal
2026-05-29T05:31:24Z,0,,normal
2026-05-29T05:31:29Z,0,,normal
2026-05-29T05:31:34Z,0,,normal
2026-05-29T05:31:39Z,0,,normal
2026-05-29T05:31:44Z,0,,normal
2026-05-29T05:31:49Z,0,,normal
2026-05-29T05:31:54Z,0,,normal
2026-05-29T05:31:59Z,0,,normal
2026-05-29T05:32:04Z,0,,normal
2026-05-29T05:32:09Z,0,,normal
2026-05-29T05:32:14Z,0,,normal
2026-05-29T05:32:19Z,0,,normal
2026-05-29T05:32:24Z,0,,normal
2026-05-29T05:32:29Z,0,,normal
2026-05-29T05:32:34Z,0,,normal
2026-05-29T05:32:39Z,0,,normal
2026-05-29T05:32:44Z,0,,normal
2026-05-29T05:32:49Z,0,,normal
2026-05-29T05:32:54Z,0,,normal
2026-05-29T05:32:59Z,0,,normal
2026-05-29T05:33:04Z,0,,normal
2026-05-29T05:33:09Z,0,,normal
2026-05-29T05:33:14Z,0,,normal
2026-05-29T05:33:19Z,0,,normal
2026-05-29T05:33:24Z,0,,normal
2026-05-29T05:33:29Z,0,,normal
2026-05-29T05:33:34Z,0,,normal
2026-05-29T05:33:39Z,0,,normal
2026-05-29T05:33:44Z,0,,normal
2026-05-29T05:33:49Z,0,,normal
2026-05-29T05:33:54Z,0,,normal
2026-05-29T05:33:59Z,1,online_boutique_rca_1/INC-002,fault_effect
2026-05-29T05:34:04Z,1,online_boutique_rca_1/INC-002,fault_effect
2026-05-29T05:34:09Z,1,online_boutique_rca_1/INC-002,fault_effect
2026-05-29T05:34:14Z,1,online_boutique_rca_1/INC-002,fault_effect
2026-05-29T05:34:19Z,1,online_boutique_rca_1/INC-002,fault_effect
2026-05-29T05:34:24Z,1,online_boutique_rca_1/INC-002,fault_effect
2026-05-29T05:34:29Z,1,online_boutique_rca_1/INC-002,fault_effect
2026-05-29T05:34:34Z,1,online_boutique_rca_1/INC-002,fault_effect
2026-05-29T05:34:39Z,1,online_boutique_rca_1/INC-002,fault_effect
2026-05-29T05:34:44Z,1,online_boutique_rca_1/INC-002,fault_effect
2026-05-29T05:34:49Z,1,online_boutique_rca_1/INC-002,fault_effect
2026-05-29T05:34:54Z,1,online_boutique_rca_1/INC-002,fault_effect
2026-05-29T05:34:59Z,0,,normal
2026-05-29T05:35:04Z,0,,normal
2026-05-29T05:35:09Z,0,,normal
2026-05-29T05:35:14Z,0,,normal
2026-05-29T05:35:19Z,0,,normal
2026-05-29T05:35:24Z,0,,normal
2026-05-29T05:35:29Z,0,,normal
2026-05-29T05:35:34Z,0,,normal
2026-05-29T05:35:39Z,0,,normal
2026-05-29T05:35:44Z,0,,normal
2026-05-29T05:35:49Z,0,,normal
2026-05-29T05:35:54Z,0,,normal
2026-05-29T05:35:59Z,0,,normal
2026-05-29T05:36:04Z,0,,normal
2026-05-29T05:36:09Z,0,,normal
2026-05-29T05:36:14Z,0,,normal
2026-05-29T05:36:19Z,0,,normal
2026-05-29T05:36:24Z,0,,normal
2026-05-29T05:36:29Z,0,,normal
2026-05-29T05:36:34Z,0,,normal
2026-05-29T05:36:39Z,0,,normal
2026-05-29T05:36:44Z,0,,normal
2026-05-29T05:36:49Z,0,,normal
2026-05-29T05:36:54Z,0,,normal
2026-05-29T05:36:59Z,0,,normal
2026-05-29T05:37:04Z,0,,normal
2026-05-29T05:37:09Z,0,,normal
2026-05-29T05:37:14Z,0,,normal
2026-05-29T05:37:19Z,0,,normal
2026-05-29T05:37:24Z,0,,normal
2026-05-29T05:37:29Z,0,,normal
2026-05-29T05:37:34Z,0,,normal
2026-05-29T05:37:39Z,0,,normal
2026-05-29T05:37:44Z,0,,normal
2026-05-29T05:37:49Z,0,,normal
2026-05-29T05:37:54Z,0,,normal
2026-05-29T05:37:59Z,0,,normal
2026-05-29T05:38:04Z,0,,normal
2026-05-29T05:38:09Z,0,,normal
2026-05-29T05:38:14Z,0,,normal
2026-05-29T05:38:19Z,0,,normal
2026-05-29T05:38:24Z,0,,normal
2026-05-29T05:38:29Z,0,,normal
2026-05-29T05:38:34Z,0,,normal
2026-05-29T05:38:39Z,0,,normal
2026-05-29T05:38:44Z,0,,normal
2026-05-29T05:38:49Z,0,,normal
2026-05-29T05:38:54Z,0,,normal
2026-05-29T05:38:59Z,0,,normal
2026-05-29T05:39:04Z,0,,normal
2026-05-29T05:39:09Z,0,,normal
2026-05-29T05:39:14Z,0,,normal
2026-05-29T05:39:19Z,0,,normal
2026-05-29T05:39:24Z,0,,normal
2026-05-29T05:39:29Z,0,,normal
2026-05-29T05:39:34Z,0,,normal
2026-05-29T05:39:39Z,0,,normal
2026-05-29T05:39:44Z,0,,normal
2026-05-29T05:39:49Z,0,,normal
2026-05-29T05:39:54Z,0,,normal
2026-05-29T05:39:59Z,0,,normal
2026-05-29T05:40:04Z,0,,normal
2026-05-29T05:40:09Z,0,,normal
2026-05-29T05:40:14Z,0,,normal
2026-05-29T05:40:19Z,0,,normal
2026-05-29T05:40:24Z,0,,normal
2026-05-29T05:40:29Z,0,,normal
2026-05-29T05:40:34Z,0,,normal
2026-05-29T05:40:39Z,0,,normal
2026-05-29T05:40:44Z,0,,normal
2026-05-29T05:40:49Z,0,,normal
2026-05-29T05:40:54Z,0,,normal
2026-05-29T05:40:59Z,0,,normal
2026-05-29T05:41:04Z,0,,normal
2026-05-29T05:41:09Z,0,,normal
2026-05-29T05:41:14Z,0,,normal
2026-05-29T05:41:19Z,0,,normal
2026-05-29T05:41:24Z,0,,normal
2026-05-29T05:41:29Z,0,,normal
2026-05-29T05:41:34Z,0,,normal
2026-05-29T05:41:39Z,0,,normal
2026-05-29T05:41:44Z,0,,normal
2026-05-29T05:41:49Z,0,,normal
2026-05-29T05:41:54Z,0,,normal
2026-05-29T05:41:59Z,0,,normal
2026-05-29T05:42:04Z,1,online_boutique_rca_1/INC-003,fault_effect
2026-05-29T05:42:09Z,1,online_boutique_rca_1/INC-003,fault_effect
2026-05-29T05:42:14Z,1,online_boutique_rca_1/INC-003,fault_effect
2026-05-29T05:42:19Z,1,online_boutique_rca_1/INC-003,fault_effect
2026-05-29T05:42:24Z,1,online_boutique_rca_1/INC-003,fault_effect
2026-05-29T05:42:29Z,1,online_boutique_rca_1/INC-003,fault_effect
2026-05-29T05:42:34Z,1,online_boutique_rca_1/INC-003,fault_effect
2026-05-29T05:42:39Z,1,online_boutique_rca_1/INC-003,fault_effect
2026-05-29T05:42:44Z,1,online_boutique_rca_1/INC-003,fault_effect
2026-05-29T05:42:49Z,1,online_boutique_rca_1/INC-003,fault_effect
2026-05-29T05:42:54Z,1,online_boutique_rca_1/INC-003,fault_effect
2026-05-29T05:42:59Z,1,online_boutique_rca_1/INC-003,fault_effect
2026-05-29T05:43:04Z,0,,normal
2026-05-29T05:43:09Z,0,,normal
2026-05-29T05:43:14Z,0,,normal
2026-05-29T05:43:19Z,0,,normal
2026-05-29T05:43:24Z,0,,normal
2026-05-29T05:43:29Z,0,,normal
2026-05-29T05:43:34Z,0,,normal
2026-05-29T05:43:39Z,0,,normal
2026-05-29T05:43:44Z,0,,normal
2026-05-29T05:43:49Z,0,,normal
2026-05-29T05:43:54Z,0,,normal
2026-05-29T05:43:59Z,0,,normal
2026-05-29T05:44:04Z,0,,normal
2026-05-29T05:44:09Z,0,,normal
2026-05-29T05:44:14Z,0,,normal
2026-05-29T05:44:19Z,0,,normal
2026-05-29T05:44:24Z,0,,normal
2026-05-29T05:44:29Z,0,,normal
2026-05-29T05:44:34Z,0,,normal
2026-05-29T05:44:39Z,0,,normal
2026-05-29T05:44:44Z,0,,normal
2026-05-29T05:44:49Z,0,,normal
2026-05-29T05:44:54Z,0,,normal
2026-05-29T05:44:59Z,0,,normal
2026-05-29T05:45:04Z,0,,normal
2026-05-29T05:45:09Z,0,,normal
2026-05-29T05:45:14Z,0,,normal
2026-05-29T05:45:19Z,0,,normal
2026-05-29T05:45:24Z,0,,normal
2026-05-29T05:45:29Z,0,,normal
2026-05-29T05:45:34Z,0,,normal
2026-05-29T05:45:39Z,0,,normal
2026-05-29T05:45:44Z,0,,normal
2026-05-29T05:45:49Z,0,,normal
2026-05-29T05:45:54Z,0,,normal
2026-05-29T05:45:59Z,0,,normal
2026-05-29T05:46:04Z,0,,normal
2026-05-29T05:46:09Z,0,,normal
2026-05-29T05:46:14Z,0,,normal
2026-05-29T05:46:19Z,0,,normal
2026-05-29T05:46:24Z,0,,normal
2026-05-29T05:46:29Z,0,,normal
2026-05-29T05:46:34Z,0,,normal
2026-05-29T05:46:39Z,0,,normal
2026-05-29T05:46:44Z,0,,normal
2026-05-29T05:46:49Z,0,,normal
2026-05-29T05:46:54Z,0,,normal
2026-05-29T05:46:59Z,1,online_boutique_rca_1/INC-004,fault_effect
2026-05-29T05:47:04Z,1,online_boutique_rca_1/INC-004,fault_effect
2026-05-29T05:47:09Z,1,online_boutique_rca_1/INC-004,fault_effect
2026-05-29T05:47:14Z,1,online_boutique_rca_1/INC-004,fault_effect
2026-05-29T05:47:19Z,1,online_boutique_rca_1/INC-004,fault_effect
2026-05-29T05:47:24Z,1,online_boutique_rca_1/INC-004,fault_effect
2026-05-29T05:47:29Z,1,online_boutique_rca_1/INC-004,fault_effect
2026-05-29T05:47:34Z,1,online_boutique_rca_1/INC-004,fault_effect
2026-05-29T05:47:39Z,1,online_boutique_rca_1/INC-004,fault_effect
2026-05-29T05:47:44Z,1,online_boutique_rca_1/INC-004,fault_effect
2026-05-29T05:47:49Z,1,online_boutique_rca_1/INC-004,fault_effect
2026-05-29T05:47:54Z,1,online_boutique_rca_1/INC-004,fault_effect
2026-05-29T05:47:59Z,0,,normal
2026-05-29T05:48:04Z,0,,normal
2026-05-29T05:48:09Z,0,,normal
2026-05-29T05:48:14Z,0,,normal
2026-05-29T05:48:19Z,0,,normal
2026-05-29T05:48:24Z,0,,normal
2026-05-29T05:48:29Z,0,,normal
2026-05-29T05:48:34Z,0,,normal
2026-05-29T05:48:39Z,0,,normal
2026-05-29T05:48:44Z,0,,normal
2026-05-29T05:48:49Z,0,,normal
2026-05-29T05:48:54Z,0,,normal
2026-05-29T05:48:59Z,0,,normal
2026-05-29T05:49:04Z,0,,normal
2026-05-29T05:49:09Z,0,,normal
2026-05-29T05:49:14Z,0,,normal
2026-05-29T05:49:19Z,0,,normal
2026-05-29T05:49:24Z,0,,normal
2026-05-29T05:49:29Z,0,,normal
2026-05-29T05:49:34Z,0,,normal
2026-05-29T05:49:39Z,0,,normal
2026-05-29T05:49:44Z,0,,normal
2026-05-29T05:49:49Z,0,,normal
2026-05-29T05:49:54Z,0,,normal
2026-05-29T05:49:59Z,0,,normal
2026-05-29T05:50:04Z,0,,normal
2026-05-29T05:50:09Z,0,,normal
2026-05-29T05:50:14Z,0,,normal
2026-05-29T05:50:19Z,0,,normal
2026-05-29T05:50:24Z,0,,normal
2026-05-29T05:50:29Z,0,,normal
2026-05-29T05:50:34Z,0,,normal
2026-05-29T05:50:39Z,0,,normal
2026-05-29T05:50:44Z,0,,normal
2026-05-29T05:50:49Z,0,,normal
2026-05-29T05:50:54Z,0,,normal
2026-05-29T05:50:59Z,0,,normal
2026-05-29T05:51:04Z,0,,normal
2026-05-29T05:51:09Z,0,,normal
2026-05-29T05:51:14Z,0,,normal
2026-05-29T05:51:19Z,0,,normal
2026-05-29T05:51:24Z,0,,normal
2026-05-29T05:51:29Z,0,,normal
2026-05-29T05:51:34Z,0,,normal
2026-05-29T05:51:39Z,0,,normal
2026-05-29T05:51:44Z,0,,normal
2026-05-29T05:51:49Z,0,,normal
2026-05-29T05:51:54Z,0,,normal
2026-05-29T05:51:59Z,0,,normal
2026-05-29T05:52:04Z,0,,normal
2026-05-29T05:52:09Z,0,,normal
2026-05-29T05:52:14Z,0,,normal
2026-05-29T05:52:19Z,0,,normal
2026-05-29T05:52:24Z,0,,normal
2026-05-29T05:52:29Z,0,,normal
2026-05-29T05:52:34Z,0,,normal
2026-05-29T05:52:39Z,0,,normal
2026-05-29T05:52:44Z,0,,normal
2026-05-29T05:52:49Z,0,,normal
2026-05-29T05:52:54Z,0,,normal
2026-05-29T05:52:59Z,0,,normal
2026-05-29T05:53:04Z,0,,normal
2026-05-29T05:53:09Z,0,,normal
2026-05-29T05:53:14Z,0,,normal
2026-05-29T05:53:19Z,0,,normal
2026-05-29T05:53:24Z,0,,normal
2026-05-29T05:53:29Z,0,,normal
2026-05-29T05:53:34Z,0,,normal
2026-05-29T05:53:39Z,0,,normal
2026-05-29T05:53:44Z,0,,normal
2026-05-29T05:53:49Z,0,,normal
2026-05-29T05:53:54Z,0,,normal
2026-05-29T05:53:59Z,0,,normal
2026-05-29T05:54:04Z,0,,normal
2026-05-29T05:54:09Z,0,,normal
2026-05-29T05:54:14Z,0,,normal
2026-05-29T05:54:19Z,0,,normal
2026-05-29T05:54:24Z,0,,normal
2026-05-29T05:54:29Z,0,,normal
2026-05-29T05:54:34Z,0,,normal
2026-05-29T05:54:39Z,0,,normal
2026-05-29T05:54:44Z,0,,normal
2026-05-29T05:54:49Z,0,,normal
2026-05-29T05:54:54Z,0,,normal
2026-05-29T05:54:59Z,0,,normal
2026-05-29T05:55:04Z,1,online_boutique_rca_1/INC-005,fault_effect
2026-05-29T05:55:09Z,1,online_boutique_rca_1/INC-005,fault_effect
2026-05-29T05:55:14Z,1,online_boutique_rca_1/INC-005,fault_effect
2026-05-29T05:55:19Z,1,online_boutique_rca_1/INC-005,fault_effect
2026-05-29T05:55:24Z,1,online_boutique_rca_1/INC-005,fault_effect
2026-05-29T05:55:29Z,1,online_boutique_rca_1/INC-005,fault_effect
2026-05-29T05:55:34Z,1,online_boutique_rca_1/INC-005,fault_effect
2026-05-29T05:55:39Z,1,online_boutique_rca_1/INC-005,fault_effect
2026-05-29T05:55:44Z,1,online_boutique_rca_1/INC-005,fault_effect
2026-05-29T05:55:49Z,1,online_boutique_rca_1/INC-005,fault_effect
2026-05-29T05:55:54Z,1,online_boutique_rca_1/INC-005,fault_effect
2026-05-29T05:55:59Z,0,,normal
2026-05-29T05:56:04Z,0,,normal
2026-05-29T05:56:09Z,0,,normal
2026-05-29T05:56:14Z,0,,normal
2026-05-29T05:56:19Z,0,,normal
2026-05-29T05:56:24Z,0,,normal
2026-05-29T05:56:29Z,0,,normal
2026-05-29T05:56:34Z,0,,normal
2026-05-29T05:56:39Z,0,,normal
2026-05-29T05:56:44Z,0,,normal
2026-05-29T05:56:49Z,0,,normal
2026-05-29T05:56:54Z,0,,normal
2026-05-29T05:56:59Z,0,,normal
2026-05-29T05:57:04Z,0,,normal
2026-05-29T05:57:09Z,0,,normal
2026-05-29T05:57:14Z,0,,normal
2026-05-29T05:57:19Z,0,,normal
2026-05-29T05:57:24Z,0,,normal
2026-05-29T05:57:29Z,0,,normal
2026-05-29T05:57:34Z,0,,normal
2026-05-29T05:57:39Z,0,,normal
2026-05-29T05:57:44Z,0,,normal
2026-05-29T05:57:49Z,0,,normal
2026-05-29T05:57:54Z,0,,normal
2026-05-29T05:57:59Z,0,,normal
2026-05-29T05:58:04Z,0,,normal
2026-05-29T05:58:09Z,0,,normal
2026-05-29T05:58:14Z,0,,normal
2026-05-29T05:58:19Z,0,,normal
2026-05-29T05:58:24Z,0,,normal
2026-05-29T05:58:29Z,0,,normal
2026-05-29T05:58:34Z,0,,normal
2026-05-29T05:58:39Z,0,,normal
2026-05-29T05:58:44Z,0,,normal
2026-05-29T05:58:49Z,0,,normal
2026-05-29T05:58:54Z,0,,normal
2026-05-29T05:58:59Z,0,,normal
2026-05-29T05:59:04Z,0,,normal
2026-05-29T05:59:09Z,0,,normal
2026-05-29T05:59:14Z,0,,normal
2026-05-29T05:59:19Z,0,,normal
2026-05-29T05:59:24Z,0,,normal
2026-05-29T05:59:29Z,0,,normal
2026-05-29T05:59:34Z,0,,normal
2026-05-29T05:59:39Z,0,,normal
2026-05-29T05:59:44Z,0,,normal
2026-05-29T05:59:49Z,0,,normal
2026-05-29T05:59:54Z,0,,normal
2026-05-29T05:59:59Z,0,,normal
2026-05-29T06:00:04Z,0,,normal
2026-05-29T06:00:09Z,0,,normal
2026-05-29T06:00:14Z,0,,normal
2026-05-29T06:00:19Z,1,online_boutique_rca_1/INC-006,fault_effect
2026-05-29T06:00:24Z,1,online_boutique_rca_1/INC-006,fault_effect
2026-05-29T06:00:29Z,1,online_boutique_rca_1/INC-006,fault_effect
2026-05-29T06:00:34Z,1,online_boutique_rca_1/INC-006,fault_effect
2026-05-29T06:00:39Z,1,online_boutique_rca_1/INC-006,fault_effect
2026-05-29T06:00:44Z,1,online_boutique_rca_1/INC-006,fault_effect
2026-05-29T06:00:49Z,1,online_boutique_rca_1/INC-006,fault_effect
2026-05-29T06:00:54Z,1,online_boutique_rca_1/INC-006,fault_effect
2026-05-29T06:00:59Z,1,online_boutique_rca_1/INC-006,fault_effect
2026-05-29T06:01:04Z,1,online_boutique_rca_1/INC-006,fault_effect
2026-05-29T06:01:09Z,1,online_boutique_rca_1/INC-006,fault_effect
2026-05-29T06:01:14Z,1,online_boutique_rca_1/INC-006,fault_effect
2026-05-29T06:01:19Z,0,,normal
2026-05-29T06:01:24Z,0,,normal
2026-05-29T06:01:29Z,0,,normal
2026-05-29T06:01:34Z,0,,normal
2026-05-29T06:01:39Z,0,,normal
2026-05-29T06:01:44Z,0,,normal
2026-05-29T06:01:49Z,0,,normal
2026-05-29T06:01:54Z,0,,normal
2026-05-29T06:01:59Z,0,,normal
2026-05-29T06:02:04Z,0,,normal
2026-05-29T06:02:09Z,0,,normal
2026-05-29T06:02:14Z,0,,normal
2026-05-29T06:02:19Z,0,,normal
2026-05-29T06:02:24Z,0,,normal
2026-05-29T06:02:29Z,0,,normal
2026-05-29T06:02:34Z,0,,normal
2026-05-29T06:02:39Z,0,,normal
2026-05-29T06:02:44Z,0,,normal
2026-05-29T06:02:49Z,0,,normal
2026-05-29T06:02:54Z,0,,normal
2026-05-29T06:02:59Z,0,,normal
2026-05-29T06:03:04Z,0,,normal
2026-05-29T06:03:09Z,0,,normal
2026-05-29T06:03:14Z,0,,normal
2026-05-29T06:03:19Z,0,,normal
2026-05-29T06:03:24Z,0,,normal
2026-05-29T06:03:29Z,0,,normal
2026-05-29T06:03:34Z,0,,normal
2026-05-29T06:03:39Z,0,,normal
2026-05-29T06:03:44Z,0,,normal
2026-05-29T06:03:49Z,0,,normal
2026-05-29T06:03:54Z,0,,normal
2026-05-29T06:03:59Z,0,,normal
2026-05-29T06:04:04Z,0,,normal
2026-05-29T06:04:09Z,0,,normal
2026-05-29T06:04:14Z,0,,normal
2026-05-29T06:04:19Z,0,,normal
2026-05-29T06:04:24Z,0,,normal
2026-05-29T06:04:29Z,0,,normal
2026-05-29T06:04:34Z,0,,normal
2026-05-29T06:04:39Z,0,,normal
2026-05-29T06:04:44Z,0,,normal
2026-05-29T06:04:49Z,0,,normal
2026-05-29T06:04:54Z,0,,normal
2026-05-29T06:04:59Z,0,,normal
2026-05-29T06:05:04Z,0,,normal
2026-05-29T06:05:09Z,0,,normal
2026-05-29T06:05:14Z,0,,normal
2026-05-29T06:05:19Z,0,,normal
2026-05-29T06:05:24Z,0,,normal
2026-05-29T06:05:29Z,0,,normal
2026-05-29T06:05:34Z,0,,normal
2026-05-29T06:05:39Z,0,,normal
2026-05-29T06:05:44Z,0,,normal
2026-05-29T06:05:49Z,0,,normal
2026-05-29T06:05:54Z,0,,normal
2026-05-29T06:05:59Z,0,,normal
2026-05-29T06:06:04Z,0,,normal
2026-05-29T06:06:09Z,0,,normal
2026-05-29T06:06:14Z,0,,normal
2026-05-29T06:06:19Z,0,,normal
2026-05-29T06:06:24Z,0,,normal
2026-05-29T06:06:29Z,0,,normal
2026-05-29T06:06:34Z,0,,normal
2026-05-29T06:06:39Z,0,,normal
2026-05-29T06:06:44Z,0,,normal
2026-05-29T06:06:49Z,0,,normal
2026-05-29T06:06:54Z,0,,normal
2026-05-29T06:06:59Z,0,,normal
2026-05-29T06:07:04Z,0,,normal
2026-05-29T06:07:09Z,0,,normal
2026-05-29T06:07:14Z,0,,normal
2026-05-29T06:07:19Z,0,,normal
2026-05-29T06:07:24Z,0,,normal
2026-05-29T06:07:29Z,0,,normal
2026-05-29T06:07:34Z,0,,normal
2026-05-29T06:07:39Z,0,,normal
2026-05-29T06:07:44Z,0,,normal
2026-05-29T06:07:49Z,1,online_boutique_rca_1/INC-007,fault_effect
2026-05-29T06:07:54Z,1,online_boutique_rca_1/INC-007,fault_effect
2026-05-29T06:07:59Z,1,online_boutique_rca_1/INC-007,fault_effect
2026-05-29T06:08:04Z,1,online_boutique_rca_1/INC-007,fault_effect
2026-05-29T06:08:09Z,1,online_boutique_rca_1/INC-007,fault_effect
2026-05-29T06:08:14Z,1,online_boutique_rca_1/INC-007,fault_effect
2026-05-29T06:08:19Z,1,online_boutique_rca_1/INC-007,fault_effect
2026-05-29T06:08:24Z,1,online_boutique_rca_1/INC-007,fault_effect
2026-05-29T06:08:29Z,1,online_boutique_rca_1/INC-007,fault_effect
2026-05-29T06:08:34Z,1,online_boutique_rca_1/INC-007,fault_effect
2026-05-29T06:08:39Z,1,online_boutique_rca_1/INC-007,fault_effect
2026-05-29T06:08:44Z,1,online_boutique_rca_1/INC-007,fault_effect
2026-05-29T06:08:49Z,0,,normal
2026-05-29T06:08:54Z,0,,normal
2026-05-29T06:08:59Z,0,,normal
2026-05-29T06:09:04Z,0,,normal
2026-05-29T06:09:09Z,0,,normal
2026-05-29T06:09:14Z,0,,normal
2026-05-29T06:09:19Z,0,,normal
2026-05-29T06:09:24Z,0,,normal
2026-05-29T06:09:29Z,0,,normal
2026-05-29T06:09:34Z,0,,normal
2026-05-29T06:09:39Z,0,,normal
2026-05-29T06:09:44Z,0,,normal
2026-05-29T06:09:49Z,0,,normal
2026-05-29T06:09:54Z,0,,normal
2026-05-29T06:09:59Z,0,,normal
2026-05-29T06:10:04Z,0,,normal
2026-05-29T06:10:09Z,0,,normal
2026-05-29T06:10:14Z,0,,normal
2026-05-29T06:10:19Z,0,,normal
2026-05-29T06:10:24Z,0,,normal
2026-05-29T06:10:29Z,0,,normal
2026-05-29T06:10:34Z,0,,normal
2026-05-29T06:10:39Z,0,,normal
2026-05-29T06:10:44Z,0,,normal
2026-05-29T06:10:49Z,0,,normal
2026-05-29T06:10:54Z,0,,normal
2026-05-29T06:10:59Z,0,,normal
2026-05-29T06:11:04Z,0,,normal
2026-05-29T06:11:09Z,0,,normal
2026-05-29T06:11:14Z,0,,normal
2026-05-29T06:11:19Z,0,,normal
2026-05-29T06:11:24Z,0,,normal
2026-05-29T06:11:29Z,0,,normal
2026-05-29T06:11:34Z,0,,normal
2026-05-29T06:11:39Z,0,,normal
2026-05-29T06:11:44Z,0,,normal
2026-05-29T06:11:49Z,0,,normal
2026-05-29T06:11:54Z,0,,normal
2026-05-29T06:11:59Z,0,,normal
2026-05-29T06:12:04Z,0,,normal
2026-05-29T06:12:09Z,0,,normal
2026-05-29T06:12:14Z,0,,normal
2026-05-29T06:12:19Z,0,,normal
2026-05-29T06:12:24Z,0,,normal
2026-05-29T06:12:29Z,1,online_boutique_rca_1/INC-008,fault_effect
2026-05-29T06:12:34Z,1,online_boutique_rca_1/INC-008,fault_effect
2026-05-29T06:12:39Z,1,online_boutique_rca_1/INC-008,fault_effect
2026-05-29T06:12:44Z,1,online_boutique_rca_1/INC-008,fault_effect
2026-05-29T06:12:49Z,1,online_boutique_rca_1/INC-008,fault_effect
2026-05-29T06:12:54Z,1,online_boutique_rca_1/INC-008,fault_effect
2026-05-29T06:12:59Z,1,online_boutique_rca_1/INC-008,fault_effect
2026-05-29T06:13:04Z,1,online_boutique_rca_1/INC-008,fault_effect
2026-05-29T06:13:09Z,1,online_boutique_rca_1/INC-008,fault_effect
2026-05-29T06:13:14Z,1,online_boutique_rca_1/INC-008,fault_effect
2026-05-29T06:13:19Z,1,online_boutique_rca_1/INC-008,fault_effect
2026-05-29T06:13:24Z,1,online_boutique_rca_1/INC-008,fault_effect
2026-05-29T06:13:29Z,0,,normal
2026-05-29T06:13:34Z,0,,normal
2026-05-29T06:13:39Z,0,,normal
2026-05-29T06:13:44Z,0,,normal
2026-05-29T06:13:49Z,0,,normal
2026-05-29T06:13:54Z,0,,normal
2026-05-29T06:13:59Z,0,,normal
2026-05-29T06:14:04Z,0,,normal
2026-05-29T06:14:09Z,0,,normal
2026-05-29T06:14:14Z,0,,normal
2026-05-29T06:14:19Z,0,,normal
2026-05-29T06:14:24Z,0,,normal
2026-05-29T06:14:29Z,0,,normal
2026-05-29T06:14:34Z,0,,normal
2026-05-29T06:14:39Z,0,,normal
2026-05-29T06:14:44Z,0,,normal
2026-05-29T06:14:49Z,0,,normal
2026-05-29T06:14:54Z,0,,normal
2026-05-29T06:14:59Z,0,,normal
2026-05-29T06:15:04Z,0,,normal
2026-05-29T06:15:09Z,0,,normal
2026-05-29T06:15:14Z,0,,normal
2026-05-29T06:15:19Z,0,,normal
2026-05-29T06:15:24Z,0,,normal
2026-05-29T06:15:29Z,0,,normal
2026-05-29T06:15:34Z,0,,normal
2026-05-29T06:15:39Z,0,,normal
2026-05-29T06:15:44Z,0,,normal
2026-05-29T06:15:49Z,0,,normal
2026-05-29T06:15:54Z,0,,normal
2026-05-29T06:15:59Z,0,,normal
2026-05-29T06:16:04Z,0,,normal
2026-05-29T06:16:09Z,0,,normal
2026-05-29T06:16:14Z,0,,normal
2026-05-29T06:16:19Z,0,,normal
2026-05-29T06:16:24Z,0,,normal
2026-05-29T06:16:29Z,0,,normal
2026-05-29T06:16:34Z,0,,normal
2026-05-29T06:16:39Z,0,,normal
2026-05-29T06:16:44Z,0,,normal
2026-05-29T06:16:49Z,0,,normal
2026-05-29T06:16:54Z,0,,normal
2026-05-29T06:16:59Z,0,,normal
2026-05-29T06:17:04Z,0,,normal
2026-05-29T06:17:09Z,0,,normal
2026-05-29T06:17:14Z,0,,normal
2026-05-29T06:17:19Z,0,,normal
2026-05-29T06:17:24Z,0,,normal
2026-05-29T06:17:29Z,0,,normal
2026-05-29T06:17:34Z,0,,normal
2026-05-29T06:17:39Z,0,,normal
2026-05-29T06:17:44Z,0,,normal
2026-05-29T06:17:49Z,0,,normal
2026-05-29T06:17:54Z,0,,normal
2026-05-29T06:17:59Z,0,,normal
2026-05-29T06:18:04Z,0,,normal
2026-05-29T06:18:09Z,0,,normal
2026-05-29T06:18:14Z,0,,normal
2026-05-29T06:18:19Z,0,,normal
2026-05-29T06:18:24Z,0,,normal
2026-05-29T06:18:29Z,0,,normal
2026-05-29T06:18:34Z,0,,normal
2026-05-29T06:18:39Z,0,,normal
2026-05-29T06:18:44Z,0,,normal
2026-05-29T06:18:49Z,0,,normal
2026-05-29T06:18:54Z,0,,normal
2026-05-29T06:18:59Z,0,,normal
2026-05-29T06:19:04Z,0,,normal
2026-05-29T06:19:09Z,0,,normal
2026-05-29T06:19:14Z,0,,normal
2026-05-29T06:19:19Z,0,,normal
2026-05-29T06:19:24Z,0,,normal
2026-05-29T06:19:29Z,0,,normal
2026-05-29T06:19:34Z,0,,normal
2026-05-29T06:19:39Z,0,,normal
2026-05-29T06:19:44Z,0,,normal
2026-05-29T06:19:49Z,0,,normal
2026-05-29T06:19:54Z,0,,normal
2026-05-29T06:19:59Z,1,online_boutique_rca_1/INC-009,fault_effect
2026-05-29T06:20:04Z,1,online_boutique_rca_1/INC-009,fault_effect
2026-05-29T06:20:09Z,1,online_boutique_rca_1/INC-009,fault_effect
2026-05-29T06:20:14Z,1,online_boutique_rca_1/INC-009,fault_effect
2026-05-29T06:20:19Z,1,online_boutique_rca_1/INC-009,fault_effect
2026-05-29T06:20:24Z,1,online_boutique_rca_1/INC-009,fault_effect
2026-05-29T06:20:29Z,1,online_boutique_rca_1/INC-009,fault_effect
2026-05-29T06:20:34Z,1,online_boutique_rca_1/INC-009,fault_effect
2026-05-29T06:20:39Z,1,online_boutique_rca_1/INC-009,fault_effect
2026-05-29T06:20:44Z,1,online_boutique_rca_1/INC-009,fault_effect
2026-05-29T06:20:49Z,1,online_boutique_rca_1/INC-009,fault_effect
2026-05-29T06:20:54Z,1,online_boutique_rca_1/INC-009,fault_effect
2026-05-29T06:20:59Z,0,,normal
2026-05-29T06:21:04Z,0,,normal
2026-05-29T06:21:09Z,0,,normal
2026-05-29T06:21:14Z,0,,normal
2026-05-29T06:21:19Z,0,,normal
2026-05-29T06:21:24Z,0,,normal
2026-05-29T06:21:29Z,0,,normal
2026-05-29T06:21:34Z,0,,normal
2026-05-29T06:21:39Z,0,,normal
2026-05-29T06:21:44Z,0,,normal
2026-05-29T06:21:49Z,0,,normal
2026-05-29T06:21:54Z,0,,normal
2026-05-29T06:21:59Z,0,,normal
2026-05-29T06:22:04Z,0,,normal
2026-05-29T06:22:09Z,0,,normal
2026-05-29T06:22:14Z,0,,normal
2026-05-29T06:22:19Z,0,,normal
2026-05-29T06:22:24Z,0,,normal
2026-05-29T06:22:29Z,0,,normal
2026-05-29T06:22:34Z,0,,normal
2026-05-29T06:22:39Z,0,,normal
2026-05-29T06:22:44Z,0,,normal
2026-05-29T06:22:49Z,0,,normal
2026-05-29T06:22:54Z,0,,normal
2026-05-29T06:22:59Z,0,,normal
2026-05-29T06:23:04Z,0,,normal
2026-05-29T06:23:09Z,0,,normal
2026-05-29T06:23:14Z,0,,normal
2026-05-29T06:23:19Z,0,,normal
2026-05-29T06:23:24Z,0,,normal
2026-05-29T06:23:29Z,0,,normal
2026-05-29T06:23:34Z,0,,normal
2026-05-29T06:23:39Z,0,,normal
2026-05-29T06:23:44Z,0,,normal
2026-05-29T06:23:49Z,0,,normal
2026-05-29T06:23:54Z,0,,normal
2026-05-29T06:23:59Z,0,,normal
2026-05-29T06:24:04Z,0,,normal
2026-05-29T06:24:09Z,0,,normal
2026-05-29T06:24:14Z,0,,normal
2026-05-29T06:24:19Z,0,,normal
2026-05-29T06:24:24Z,0,,normal
2026-05-29T06:24:29Z,0,,normal
2026-05-29T06:24:34Z,0,,normal
2026-05-29T06:24:39Z,0,,normal
2026-05-29T06:24:44Z,0,,normal
2026-05-29T06:24:49Z,1,online_boutique_rca_1/INC-010,fault_effect
2026-05-29T06:24:54Z,1,online_boutique_rca_1/INC-010,fault_effect
2026-05-29T06:24:59Z,1,online_boutique_rca_1/INC-010,fault_effect
2026-05-29T06:25:04Z,1,online_boutique_rca_1/INC-010,fault_effect
2026-05-29T06:25:09Z,1,online_boutique_rca_1/INC-010,fault_effect
2026-05-29T06:25:14Z,1,online_boutique_rca_1/INC-010,fault_effect
2026-05-29T06:25:19Z,1,online_boutique_rca_1/INC-010,fault_effect
2026-05-29T06:25:24Z,1,online_boutique_rca_1/INC-010,fault_effect
2026-05-29T06:25:29Z,1,online_boutique_rca_1/INC-010,fault_effect
2026-05-29T06:25:34Z,1,online_boutique_rca_1/INC-010,fault_effect
2026-05-29T06:25:39Z,1,online_boutique_rca_1/INC-010,fault_effect
2026-05-29T06:25:44Z,1,online_boutique_rca_1/INC-010,fault_effect
2026-05-29T06:25:49Z,0,,normal
2026-05-29T06:25:54Z,0,,normal
2026-05-29T06:25:59Z,0,,normal
2026-05-29T06:26:04Z,0,,normal
2026-05-29T06:26:09Z,0,,normal
2026-05-29T06:26:14Z,0,,normal
2026-05-29T06:26:19Z,0,,normal
2026-05-29T06:26:24Z,0,,normal
2026-05-29T06:26:29Z,0,,normal
2026-05-29T06:26:34Z,0,,normal
2026-05-29T06:26:39Z,0,,normal
2026-05-29T06:26:44Z,0,,normal
2026-05-29T06:26:49Z,0,,normal
2026-05-29T06:26:54Z,0,,normal
2026-05-29T06:26:59Z,0,,normal
2026-05-29T06:27:04Z,0,,normal
2026-05-29T06:27:09Z,0,,normal
2026-05-29T06:27:14Z,0,,normal
2026-05-29T06:27:19Z,0,,normal
2026-05-29T06:27:24Z,0,,normal
2026-05-29T06:27:29Z,0,,normal
2026-05-29T06:27:34Z,0,,normal
2026-05-29T06:27:39Z,0,,normal
2026-05-29T06:27:44Z,0,,normal
2026-05-29T06:27:49Z,0,,normal
2026-05-29T06:27:54Z,0,,normal
2026-05-29T06:27:59Z,0,,normal
2026-05-29T06:28:04Z,0,,normal
2026-05-29T06:28:09Z,0,,normal
2026-05-29T06:28:14Z,0,,normal
2026-05-29T06:28:19Z,0,,normal
2026-05-29T06:28:24Z,0,,normal
2026-05-29T06:28:29Z,0,,normal
2026-05-29T06:28:34Z,0,,normal
2026-05-29T06:28:39Z,0,,normal
2026-05-29T06:28:44Z,0,,normal
2026-05-29T06:28:49Z,0,,normal
2026-05-29T06:28:54Z,0,,normal
2026-05-29T06:28:59Z,0,,normal
2026-05-29T06:29:04Z,0,,normal
2026-05-29T06:29:09Z,0,,normal
2026-05-29T06:29:14Z,0,,normal
2026-05-29T06:29:19Z,0,,normal
2026-05-29T06:29:24Z,0,,normal
2026-05-29T06:29:29Z,0,,normal
2026-05-29T06:29:34Z,0,,normal
2026-05-29T06:29:39Z,0,,normal
2026-05-29T06:29:44Z,0,,normal
2026-05-29T06:29:49Z,0,,normal
2026-05-29T06:29:54Z,0,,normal
2026-05-29T06:29:59Z,0,,normal
2026-05-29T06:30:04Z,0,,normal
2026-05-29T06:30:09Z,0,,normal
2026-05-29T06:30:14Z,0,,normal
2026-05-29T06:30:19Z,0,,normal
2026-05-29T06:30:24Z,0,,normal
2026-05-29T06:30:29Z,0,,normal
2026-05-29T06:30:34Z,0,,normal
2026-05-29T06:30:39Z,0,,normal
2026-05-29T06:30:44Z,0,,normal
2026-05-29T06:30:49Z,0,,normal
2026-05-29T06:30:54Z,0,,normal
2026-05-29T06:30:59Z,0,,normal
2026-05-29T06:31:04Z,0,,normal
2026-05-29T06:31:09Z,0,,normal
2026-05-29T06:31:14Z,0,,normal
2026-05-29T06:31:19Z,0,,normal
2026-05-29T06:31:24Z,0,,normal
2026-05-29T06:31:29Z,0,,normal
2026-05-29T06:31:34Z,0,,normal
2026-05-29T06:31:39Z,0,,normal
2026-05-29T06:31:44Z,0,,normal
2026-05-29T06:31:49Z,0,,normal
2026-05-29T06:31:54Z,1,online_boutique_rca_1/INC-011,fault_effect
2026-05-29T06:31:59Z,1,online_boutique_rca_1/INC-011,fault_effect
2026-05-29T06:32:04Z,1,online_boutique_rca_1/INC-011,fault_effect
2026-05-29T06:32:09Z,1,online_boutique_rca_1/INC-011,fault_effect
2026-05-29T06:32:14Z,1,online_boutique_rca_1/INC-011,fault_effect
2026-05-29T06:32:19Z,1,online_boutique_rca_1/INC-011,fault_effect
2026-05-29T06:32:24Z,1,online_boutique_rca_1/INC-011,fault_effect
2026-05-29T06:32:29Z,1,online_boutique_rca_1/INC-011,fault_effect
2026-05-29T06:32:34Z,1,online_boutique_rca_1/INC-011,fault_effect
2026-05-29T06:32:39Z,1,online_boutique_rca_1/INC-011,fault_effect
2026-05-29T06:32:44Z,1,online_boutique_rca_1/INC-011,fault_effect
2026-05-29T06:32:49Z,1,online_boutique_rca_1/INC-011,fault_effect
2026-05-29T06:32:54Z,0,,normal
2026-05-29T06:32:59Z,0,,normal
2026-05-29T06:33:04Z,0,,normal
2026-05-29T06:33:09Z,0,,normal
2026-05-29T06:33:14Z,0,,normal
2026-05-29T06:33:19Z,0,,normal
2026-05-29T06:33:24Z,0,,normal
2026-05-29T06:33:29Z,0,,normal
2026-05-29T06:33:34Z,0,,normal
2026-05-29T06:33:39Z,0,,normal
2026-05-29T06:33:44Z,0,,normal
2026-05-29T06:33:49Z,0,,normal
2026-05-29T06:33:54Z,0,,normal
2026-05-29T06:33:59Z,0,,normal
2026-05-29T06:34:04Z,0,,normal
2026-05-29T06:34:09Z,0,,normal
2026-05-29T06:34:14Z,0,,normal
2026-05-29T06:34:19Z,0,,normal
2026-05-29T06:34:24Z,0,,normal
2026-05-29T06:34:29Z,0,,normal
2026-05-29T06:34:34Z,0,,normal
2026-05-29T06:34:39Z,0,,normal
2026-05-29T06:34:44Z,0,,normal
2026-05-29T06:34:49Z,0,,normal
2026-05-29T06:34:54Z,0,,normal
2026-05-29T06:34:59Z,0,,normal
2026-05-29T06:35:04Z,0,,normal
2026-05-29T06:35:09Z,0,,normal
2026-05-29T06:35:14Z,0,,normal
2026-05-29T06:35:19Z,0,,normal
2026-05-29T06:35:24Z,0,,normal
2026-05-29T06:35:29Z,0,,normal
2026-05-29T06:35:34Z,0,,normal
2026-05-29T06:35:39Z,0,,normal
2026-05-29T06:35:44Z,0,,normal
2026-05-29T06:35:49Z,0,,normal
2026-05-29T06:35:54Z,0,,normal
2026-05-29T06:35:59Z,0,,normal
2026-05-29T06:36:04Z,0,,normal
2026-05-29T06:36:09Z,0,,normal
2026-05-29T06:36:14Z,0,,normal
2026-05-29T06:36:19Z,0,,normal
2026-05-29T06:36:24Z,0,,normal
2026-05-29T06:36:29Z,1,online_boutique_rca_1/INC-012,fault_effect
2026-05-29T06:36:34Z,1,online_boutique_rca_1/INC-012,fault_effect
2026-05-29T06:36:39Z,1,online_boutique_rca_1/INC-012,fault_effect
2026-05-29T06:36:44Z,1,online_boutique_rca_1/INC-012,fault_effect
2026-05-29T06:36:49Z,1,online_boutique_rca_1/INC-012,fault_effect
2026-05-29T06:36:54Z,1,online_boutique_rca_1/INC-012,fault_effect
2026-05-29T06:36:59Z,1,online_boutique_rca_1/INC-012,fault_effect
2026-05-29T06:37:04Z,1,online_boutique_rca_1/INC-012,fault_effect
2026-05-29T06:37:09Z,1,online_boutique_rca_1/INC-012,fault_effect
2026-05-29T06:37:14Z,1,online_boutique_rca_1/INC-012,fault_effect
2026-05-29T06:37:19Z,1,online_boutique_rca_1/INC-012,fault_effect
2026-05-29T06:37:24Z,1,online_boutique_rca_1/INC-012,fault_effect
2026-05-29T06:37:29Z,0,,normal
2026-05-29T06:37:34Z,0,,normal
2026-05-29T06:37:39Z,0,,normal
2026-05-29T06:37:44Z,0,,normal
2026-05-29T06:37:49Z,0,,normal
2026-05-29T06:37:54Z,0,,normal
2026-05-29T06:37:59Z,0,,normal
2026-05-29T06:38:04Z,0,,normal
2026-05-29T06:38:09Z,0,,normal
2026-05-29T06:38:14Z,0,,normal
2026-05-29T06:38:19Z,0,,normal
2026-05-29T06:38:24Z,0,,normal
2026-05-29T06:38:29Z,0,,normal
2026-05-29T06:38:34Z,0,,normal
2026-05-29T06:38:39Z,0,,normal
2026-05-29T06:38:44Z,0,,normal
2026-05-29T06:38:49Z,0,,normal
2026-05-29T06:38:54Z,0,,normal
2026-05-29T06:38:59Z,0,,normal
2026-05-29T06:39:04Z,0,,normal
2026-05-29T06:39:09Z,0,,normal
2026-05-29T06:39:14Z,0,,normal
2026-05-29T06:39:19Z,0,,normal
2026-05-29T06:39:24Z,0,,normal
2026-05-29T06:39:29Z,0,,normal
2026-05-29T06:39:34Z,0,,normal
2026-05-29T06:39:39Z,0,,normal
2026-05-29T06:39:44Z,0,,normal
2026-05-29T06:39:49Z,0,,normal
2026-05-29T06:39:54Z,0,,normal
2026-05-29T06:39:59Z,0,,normal
2026-05-29T06:40:04Z,0,,normal
2026-05-29T06:40:09Z,0,,normal
2026-05-29T06:40:14Z,0,,normal
2026-05-29T06:40:19Z,0,,normal
2026-05-29T06:40:24Z,0,,normal
2026-05-29T06:40:29Z,0,,normal
2026-05-29T06:40:34Z,0,,normal
2026-05-29T06:40:39Z,0,,normal
2026-05-29T06:40:44Z,0,,normal
2026-05-29T06:40:49Z,0,,normal
2026-05-29T06:40:54Z,0,,normal
2026-05-29T06:40:59Z,0,,normal
2026-05-29T06:41:04Z,0,,normal
2026-05-29T06:41:09Z,0,,normal
2026-05-29T06:41:14Z,0,,normal
2026-05-29T06:41:19Z,0,,normal
2026-05-29T06:41:24Z,0,,normal
2026-05-29T06:41:29Z,0,,normal
2026-05-29T06:41:34Z,0,,normal
2026-05-29T06:41:39Z,0,,normal
2026-05-29T06:41:44Z,0,,normal
2026-05-29T06:41:49Z,0,,normal
2026-05-29T06:41:54Z,0,,normal
2026-05-29T06:41:59Z,0,,normal
2026-05-29T06:42:04Z,0,,normal
2026-05-29T06:42:09Z,0,,normal
2026-05-29T06:42:14Z,0,,normal
2026-05-29T06:42:19Z,0,,normal
2026-05-29T06:42:24Z,0,,normal
2026-05-29T06:42:29Z,0,,normal
2026-05-29T06:42:34Z,0,,normal
2026-05-29T06:42:39Z,0,,normal
2026-05-29T06:42:44Z,0,,normal
2026-05-29T06:42:49Z,0,,normal
2026-05-29T06:42:54Z,0,,normal
2026-05-29T06:42:59Z,0,,normal
2026-05-29T06:43:04Z,0,,normal
2026-05-29T06:43:09Z,0,,normal
2026-05-29T06:43:14Z,0,,normal
2026-05-29T06:43:19Z,0,,normal
2026-05-29T06:43:24Z,0,,normal
2026-05-29T06:43:29Z,0,,normal
2026-05-29T06:43:34Z,0,,normal
2026-05-29T06:43:39Z,0,,normal
2026-05-29T06:43:44Z,0,,normal
2026-05-29T06:43:49Z,0,,normal
2026-05-29T06:43:54Z,0,,normal
2026-05-29T06:43:59Z,0,,normal
2026-05-29T06:44:04Z,0,,normal
2026-05-29T06:44:09Z,0,,normal
2026-05-29T06:44:14Z,1,online_boutique_rca_1/INC-013,fault_effect
2026-05-29T06:44:19Z,1,online_boutique_rca_1/INC-013,fault_effect
2026-05-29T06:44:24Z,1,online_boutique_rca_1/INC-013,fault_effect
2026-05-29T06:44:29Z,1,online_boutique_rca_1/INC-013,fault_effect
2026-05-29T06:44:34Z,1,online_boutique_rca_1/INC-013,fault_effect
2026-05-29T06:44:39Z,1,online_boutique_rca_1/INC-013,fault_effect
2026-05-29T06:44:44Z,1,online_boutique_rca_1/INC-013,fault_effect
2026-05-29T06:44:49Z,1,online_boutique_rca_1/INC-013,fault_effect
2026-05-29T06:44:54Z,1,online_boutique_rca_1/INC-013,fault_effect
2026-05-29T06:44:59Z,1,online_boutique_rca_1/INC-013,fault_effect
2026-05-29T06:45:04Z,1,online_boutique_rca_1/INC-013,fault_effect
2026-05-29T06:45:09Z,1,online_boutique_rca_1/INC-013,fault_effect
2026-05-29T06:45:14Z,0,,normal
2026-05-29T06:45:19Z,0,,normal
2026-05-29T06:45:24Z,0,,normal
2026-05-29T06:45:29Z,0,,normal
2026-05-29T06:45:34Z,0,,normal
2026-05-29T06:45:39Z,0,,normal
2026-05-29T06:45:44Z,0,,normal
2026-05-29T06:45:49Z,0,,normal
2026-05-29T06:45:54Z,0,,normal
2026-05-29T06:45:59Z,0,,normal
2026-05-29T06:46:04Z,0,,normal
2026-05-29T06:46:09Z,0,,normal
2026-05-29T06:46:14Z,0,,normal
2026-05-29T06:46:19Z,0,,normal
2026-05-29T06:46:24Z,0,,normal
2026-05-29T06:46:29Z,0,,normal
2026-05-29T06:46:34Z,0,,normal
2026-05-29T06:46:39Z,0,,normal
2026-05-29T06:46:44Z,0,,normal
2026-05-29T06:46:49Z,0,,normal
2026-05-29T06:46:54Z,0,,normal
2026-05-29T06:46:59Z,0,,normal
2026-05-29T06:47:04Z,0,,normal
2026-05-29T06:47:09Z,0,,normal
2026-05-29T06:47:14Z,0,,normal
2026-05-29T06:47:19Z,0,,normal
2026-05-29T06:47:24Z,0,,normal
2026-05-29T06:47:29Z,0,,normal
2026-05-29T06:47:34Z,0,,normal
2026-05-29T06:47:39Z,0,,normal
2026-05-29T06:47:44Z,0,,normal
2026-05-29T06:47:49Z,0,,normal
2026-05-29T06:47:54Z,0,,normal
2026-05-29T06:47:59Z,0,,normal
2026-05-29T06:48:04Z,0,,normal
2026-05-29T06:48:09Z,0,,normal
2026-05-29T06:48:14Z,0,,normal
2026-05-29T06:48:19Z,0,,normal
2026-05-29T06:48:24Z,0,,normal
2026-05-29T06:48:29Z,0,,normal
2026-05-29T06:48:34Z,0,,normal
2026-05-29T06:48:39Z,0,,normal
2026-05-29T06:48:44Z,0,,normal
2026-05-29T06:48:49Z,0,,normal
2026-05-29T06:48:54Z,0,,normal
2026-05-29T06:48:59Z,0,,normal
2026-05-29T06:49:04Z,0,,normal
2026-05-29T06:49:09Z,0,,normal
2026-05-29T06:49:14Z,0,,normal
2026-05-29T06:49:19Z,0,,normal
2026-05-29T06:49:24Z,0,,normal
2026-05-29T06:49:29Z,0,,normal
2026-05-29T06:49:34Z,0,,normal
2026-05-29T06:49:39Z,0,,normal
2026-05-29T06:49:44Z,1,online_boutique_rca_1/INC-014,fault_effect
2026-05-29T06:49:49Z,1,online_boutique_rca_1/INC-014,fault_effect
2026-05-29T06:49:54Z,1,online_boutique_rca_1/INC-014,fault_effect
2026-05-29T06:49:59Z,1,online_boutique_rca_1/INC-014,fault_effect
2026-05-29T06:50:04Z,1,online_boutique_rca_1/INC-014,fault_effect
2026-05-29T06:50:09Z,1,online_boutique_rca_1/INC-014,fault_effect
2026-05-29T06:50:14Z,1,online_boutique_rca_1/INC-014,fault_effect
2026-05-29T06:50:19Z,1,online_boutique_rca_1/INC-014,fault_effect
2026-05-29T06:50:24Z,1,online_boutique_rca_1/INC-014,fault_effect
2026-05-29T06:50:29Z,1,online_boutique_rca_1/INC-014,fault_effect
2026-05-29T06:50:34Z,1,online_boutique_rca_1/INC-014,fault_effect
2026-05-29T06:50:39Z,0,,normal
2026-05-29T06:50:44Z,0,,normal
2026-05-29T06:50:49Z,0,,normal
2026-05-29T06:50:54Z,0,,normal
2026-05-29T06:50:59Z,0,,normal
2026-05-29T06:51:04Z,0,,normal
2026-05-29T06:51:09Z,0,,normal
2026-05-29T06:51:14Z,0,,normal
2026-05-29T06:51:19Z,0,,normal
2026-05-29T06:51:24Z,0,,normal
2026-05-29T06:51:29Z,0,,normal
2026-05-29T06:51:34Z,0,,normal
2026-05-29T06:51:39Z,0,,normal
2026-05-29T06:51:44Z,0,,normal
2026-05-29T06:51:49Z,0,,normal
2026-05-29T06:51:54Z,0,,normal
2026-05-29T06:51:59Z,0,,normal
2026-05-29T06:52:04Z,0,,normal
2026-05-29T06:52:09Z,0,,normal
2026-05-29T06:52:14Z,0,,normal
2026-05-29T06:52:19Z,0,,normal
2026-05-29T06:52:24Z,0,,normal
2026-05-29T06:52:29Z,0,,normal
2026-05-29T06:52:34Z,0,,normal
2026-05-29T06:52:39Z,0,,normal
2026-05-29T06:52:44Z,0,,normal
2026-05-29T06:52:49Z,0,,normal
2026-05-29T06:52:54Z,0,,normal
2026-05-29T06:52:59Z,0,,normal
2026-05-29T06:53:04Z,0,,normal
2026-05-29T06:53:09Z,0,,normal
2026-05-29T06:53:14Z,0,,normal
2026-05-29T06:53:19Z,0,,normal
2026-05-29T06:53:24Z,0,,normal
2026-05-29T06:53:29Z,0,,normal
2026-05-29T06:53:34Z,0,,normal
2026-05-29T06:53:39Z,0,,normal
2026-05-29T06:53:44Z,0,,normal
2026-05-29T06:53:49Z,0,,normal
2026-05-29T06:53:54Z,0,,normal
2026-05-29T06:53:59Z,0,,normal
2026-05-29T06:54:04Z,0,,normal
2026-05-29T06:54:09Z,0,,normal
2026-05-29T06:54:14Z,0,,normal
2026-05-29T06:54:19Z,0,,normal
2026-05-29T06:54:24Z,0,,normal
2026-05-29T06:54:29Z,0,,normal
2026-05-29T06:54:34Z,0,,normal
2026-05-29T06:54:39Z,0,,normal
2026-05-29T06:54:44Z,0,,normal
2026-05-29T06:54:49Z,0,,normal
2026-05-29T06:54:54Z,0,,normal
2026-05-29T06:54:59Z,0,,normal
2026-05-29T06:55:04Z,0,,normal
2026-05-29T06:55:09Z,0,,normal
2026-05-29T06:55:14Z,0,,normal
2026-05-29T06:55:19Z,0,,normal
2026-05-29T06:55:24Z,0,,normal
2026-05-29T06:55:29Z,0,,normal
2026-05-29T06:55:34Z,0,,normal
2026-05-29T06:55:39Z,0,,normal
2026-05-29T06:55:44Z,0,,normal
2026-05-29T06:55:49Z,0,,normal
2026-05-29T06:55:54Z,0,,normal
2026-05-29T06:55:59Z,0,,normal
2026-05-29T06:56:04Z,0,,normal
2026-05-29T06:56:09Z,0,,normal
2026-05-29T06:56:14Z,0,,normal
2026-05-29T06:56:19Z,0,,normal
2026-05-29T06:56:24Z,0,,normal
2026-05-29T06:56:29Z,0,,normal
2026-05-29T06:56:34Z,0,,normal
2026-05-29T06:56:39Z,0,,normal
2026-05-29T06:56:44Z,0,,normal
2026-05-29T06:56:49Z,0,,normal
2026-05-29T06:56:54Z,1,online_boutique_rca_1/INC-015,fault_effect
2026-05-29T06:56:59Z,1,online_boutique_rca_1/INC-015,fault_effect
2026-05-29T06:57:04Z,1,online_boutique_rca_1/INC-015,fault_effect
2026-05-29T06:57:09Z,1,online_boutique_rca_1/INC-015,fault_effect
2026-05-29T06:57:14Z,1,online_boutique_rca_1/INC-015,fault_effect
2026-05-29T06:57:19Z,1,online_boutique_rca_1/INC-015,fault_effect
2026-05-29T06:57:24Z,1,online_boutique_rca_1/INC-015,fault_effect
2026-05-29T06:57:29Z,1,online_boutique_rca_1/INC-015,fault_effect
2026-05-29T06:57:34Z,1,online_boutique_rca_1/INC-015,fault_effect
2026-05-29T06:57:39Z,1,online_boutique_rca_1/INC-015,fault_effect
2026-05-29T06:57:44Z,1,online_boutique_rca_1/INC-015,fault_effect
2026-05-29T06:57:49Z,1,online_boutique_rca_1/INC-015,fault_effect
2026-05-29T06:57:54Z,0,,normal
2026-05-29T06:57:59Z,0,,normal
2026-05-29T06:58:04Z,0,,normal
2026-05-29T06:58:09Z,0,,normal
2026-05-29T06:58:14Z,0,,normal
2026-05-29T06:58:19Z,0,,normal
2026-05-29T06:58:24Z,0,,normal
2026-05-29T06:58:29Z,0,,normal
2026-05-29T06:58:34Z,0,,normal
2026-05-29T06:58:39Z,0,,normal
2026-05-29T06:58:44Z,0,,normal
2026-05-29T06:58:49Z,0,,normal
2026-05-29T06:58:54Z,0,,normal
2026-05-29T06:58:59Z,0,,normal
2026-05-29T06:59:04Z,0,,normal
2026-05-29T06:59:09Z,0,,normal
2026-05-29T06:59:14Z,0,,normal
2026-05-29T06:59:19Z,0,,normal
2026-05-29T06:59:24Z,0,,normal
2026-05-29T06:59:29Z,0,,normal
2026-05-29T06:59:34Z,0,,normal
2026-05-29T06:59:39Z,0,,normal
2026-05-29T06:59:44Z,0,,normal
2026-05-29T06:59:49Z,0,,normal
2026-05-29T06:59:54Z,0,,normal
2026-05-29T06:59:59Z,0,,normal
2026-05-29T07:00:04Z,0,,normal
2026-05-29T07:00:09Z,0,,normal
2026-05-29T07:00:14Z,0,,normal
2026-05-29T07:00:19Z,0,,normal
2026-05-29T07:00:24Z,0,,normal
2026-05-29T07:00:29Z,0,,normal
2026-05-29T07:00:34Z,0,,normal
2026-05-29T07:00:39Z,0,,normal
2026-05-29T07:00:44Z,0,,normal
2026-05-29T07:00:49Z,0,,normal
2026-05-29T07:00:54Z,0,,normal
2026-05-29T07:00:59Z,0,,normal
2026-05-29T07:01:04Z,0,,normal
2026-05-29T07:01:09Z,0,,normal
2026-05-29T07:01:14Z,0,,normal
2026-05-29T07:01:19Z,0,,normal
2026-05-29T07:01:24Z,0,,normal
2026-05-29T07:01:29Z,0,,normal
2026-05-29T07:01:34Z,0,,normal
2026-05-29T07:01:39Z,0,,normal
2026-05-29T07:01:44Z,0,,normal
2026-05-29T07:01:49Z,0,,normal
2026-05-29T07:01:54Z,0,,normal
2026-05-29T07:01:59Z,0,,normal
2026-05-29T07:02:04Z,0,,normal
2026-05-29T07:02:09Z,0,,normal
2026-05-29T07:02:14Z,0,,normal
2026-05-29T07:02:19Z,1,online_boutique_rca_1/INC-016,fault_effect
2026-05-29T07:02:24Z,1,online_boutique_rca_1/INC-016,fault_effect
2026-05-29T07:02:29Z,1,online_boutique_rca_1/INC-016,fault_effect
2026-05-29T07:02:34Z,1,online_boutique_rca_1/INC-016,fault_effect
2026-05-29T07:02:39Z,1,online_boutique_rca_1/INC-016,fault_effect
2026-05-29T07:02:44Z,1,online_boutique_rca_1/INC-016,fault_effect
2026-05-29T07:02:49Z,1,online_boutique_rca_1/INC-016,fault_effect
2026-05-29T07:02:54Z,1,online_boutique_rca_1/INC-016,fault_effect
2026-05-29T07:02:59Z,1,online_boutique_rca_1/INC-016,fault_effect
2026-05-29T07:03:04Z,1,online_boutique_rca_1/INC-016,fault_effect
2026-05-29T07:03:09Z,1,online_boutique_rca_1/INC-016,fault_effect
2026-05-29T07:03:14Z,1,online_boutique_rca_1/INC-016,fault_effect
2026-05-29T07:03:19Z,0,,normal
2026-05-29T07:03:24Z,0,,normal
2026-05-29T07:03:29Z,0,,normal
2026-05-29T07:03:34Z,0,,normal
2026-05-29T07:03:39Z,0,,normal
2026-05-29T07:03:44Z,0,,normal
2026-05-29T07:03:49Z,0,,normal
2026-05-29T07:03:54Z,0,,normal
2026-05-29T07:03:59Z,0,,normal
2026-05-29T07:04:04Z,0,,normal
2026-05-29T07:04:09Z,0,,normal
2026-05-29T07:04:14Z,0,,normal
2026-05-29T07:04:19Z,0,,normal
2026-05-29T07:04:24Z,0,,normal
2026-05-29T07:04:29Z,0,,normal
2026-05-29T07:04:34Z,0,,normal
2026-05-29T07:04:39Z,0,,normal
2026-05-29T07:04:44Z,0,,normal
2026-05-29T07:04:49Z,0,,normal
2026-05-29T07:04:54Z,0,,normal
2026-05-29T07:04:59Z,0,,normal
2026-05-29T07:05:04Z,0,,normal
2026-05-29T07:05:09Z,0,,normal
2026-05-29T07:05:14Z,0,,normal
2026-05-29T07:05:19Z,0,,normal
2026-05-29T07:05:24Z,0,,normal
2026-05-29T07:05:29Z,0,,normal
2026-05-29T07:05:34Z,0,,normal
2026-05-29T07:05:39Z,0,,normal
2026-05-29T07:05:44Z,0,,normal
2026-05-29T07:05:49Z,0,,normal
2026-05-29T07:05:54Z,0,,normal
2026-05-29T07:05:59Z,0,,normal
2026-05-29T07:06:04Z,0,,normal
2026-05-29T07:06:09Z,0,,normal
2026-05-29T07:06:14Z,0,,normal
2026-05-29T07:06:19Z,0,,normal
2026-05-29T07:06:24Z,0,,normal
2026-05-29T07:06:29Z,0,,normal
2026-05-29T07:06:34Z,0,,normal
2026-05-29T07:06:39Z,0,,normal
2026-05-29T07:06:44Z,0,,normal
2026-05-29T07:06:49Z,0,,normal
2026-05-29T07:06:54Z,0,,normal
2026-05-29T07:06:59Z,0,,normal
2026-05-29T07:07:04Z,0,,normal
2026-05-29T07:07:09Z,0,,normal
2026-05-29T07:07:14Z,0,,normal
2026-05-29T07:07:19Z,0,,normal
2026-05-29T07:07:24Z,0,,normal
2026-05-29T07:07:29Z,0,,normal
2026-05-29T07:07:34Z,0,,normal
2026-05-29T07:07:39Z,0,,normal
2026-05-29T07:07:44Z,0,,normal
2026-05-29T07:07:49Z,0,,normal
2026-05-29T07:07:54Z,0,,normal
2026-05-29T07:07:59Z,0,,normal
2026-05-29T07:08:04Z,0,,normal
2026-05-29T07:08:09Z,0,,normal
2026-05-29T07:08:14Z,0,,normal
2026-05-29T07:08:19Z,0,,normal
2026-05-29T07:08:24Z,0,,normal
2026-05-29T07:08:29Z,0,,normal
2026-05-29T07:08:34Z,0,,normal
2026-05-29T07:08:39Z,0,,normal
2026-05-29T07:08:44Z,0,,normal
2026-05-29T07:08:49Z,0,,normal
2026-05-29T07:08:54Z,0,,normal
2026-05-29T07:08:59Z,0,,normal
2026-05-29T07:09:04Z,0,,normal
2026-05-29T07:09:09Z,0,,normal
2026-05-29T07:09:14Z,0,,normal
2026-05-29T07:09:19Z,0,,normal
2026-05-29T07:09:24Z,0,,normal
2026-05-29T07:09:29Z,0,,normal
2026-05-29T07:09:34Z,0,,normal
2026-05-29T07:09:39Z,0,,normal
2026-05-29T07:09:44Z,0,,normal
2026-05-29T07:09:49Z,1,online_boutique_rca_1/INC-017,fault_effect
2026-05-29T07:09:54Z,1,online_boutique_rca_1/INC-017,fault_effect
2026-05-29T07:09:59Z,1,online_boutique_rca_1/INC-017,fault_effect
2026-05-29T07:10:04Z,1,online_boutique_rca_1/INC-017,fault_effect
2026-05-29T07:10:09Z,1,online_boutique_rca_1/INC-017,fault_effect
2026-05-29T07:10:14Z,1,online_boutique_rca_1/INC-017,fault_effect
2026-05-29T07:10:19Z,1,online_boutique_rca_1/INC-017,fault_effect
2026-05-29T07:10:24Z,1,online_boutique_rca_1/INC-017,fault_effect
2026-05-29T07:10:29Z,1,online_boutique_rca_1/INC-017,fault_effect
2026-05-29T07:10:34Z,1,online_boutique_rca_1/INC-017,fault_effect
2026-05-29T07:10:39Z,1,online_boutique_rca_1/INC-017,fault_effect
2026-05-29T07:10:44Z,1,online_boutique_rca_1/INC-017,fault_effect
2026-05-29T07:10:49Z,0,,normal
2026-05-29T07:10:54Z,0,,normal
2026-05-29T07:10:59Z,0,,normal
2026-05-29T07:11:04Z,0,,normal
2026-05-29T07:11:09Z,0,,normal
2026-05-29T07:11:14Z,0,,normal
2026-05-29T07:11:19Z,0,,normal
2026-05-29T07:11:24Z,0,,normal
2026-05-29T07:11:29Z,0,,normal
2026-05-29T07:11:34Z,0,,normal
2026-05-29T07:11:39Z,0,,normal
2026-05-29T07:11:44Z,0,,normal
2026-05-29T07:11:49Z,0,,normal
2026-05-29T07:11:54Z,0,,normal
2026-05-29T07:11:59Z,0,,normal
2026-05-29T07:12:04Z,0,,normal
2026-05-29T07:12:09Z,0,,normal
2026-05-29T07:12:14Z,0,,normal
2026-05-29T07:12:19Z,0,,normal
2026-05-29T07:12:24Z,0,,normal
2026-05-29T07:12:29Z,0,,normal
2026-05-29T07:12:34Z,0,,normal
2026-05-29T07:12:39Z,0,,normal
2026-05-29T07:12:44Z,0,,normal
2026-05-29T07:12:49Z,0,,normal
2026-05-29T07:12:54Z,0,,normal
2026-05-29T07:12:59Z,0,,normal
2026-05-29T07:13:04Z,0,,normal
2026-05-29T07:13:09Z,0,,normal
2026-05-29T07:13:14Z,0,,normal
2026-05-29T07:13:19Z,0,,normal
2026-05-29T07:13:24Z,0,,normal
2026-05-29T07:13:29Z,0,,normal
2026-05-29T07:13:34Z,0,,normal
2026-05-29T07:13:39Z,0,,normal
2026-05-29T07:13:44Z,0,,normal
2026-05-29T07:13:49Z,0,,normal
2026-05-29T07:13:54Z,0,,normal
2026-05-29T07:13:59Z,0,,normal
2026-05-29T07:14:04Z,0,,normal
2026-05-29T07:14:09Z,0,,normal
2026-05-29T07:14:14Z,0,,normal
2026-05-29T07:14:19Z,0,,normal
2026-05-29T07:14:24Z,0,,normal
2026-05-29T07:14:29Z,1,online_boutique_rca_1/INC-018,fault_effect
2026-05-29T07:14:34Z,1,online_boutique_rca_1/INC-018,fault_effect
2026-05-29T07:14:39Z,1,online_boutique_rca_1/INC-018,fault_effect
2026-05-29T07:14:44Z,1,online_boutique_rca_1/INC-018,fault_effect
2026-05-29T07:14:49Z,1,online_boutique_rca_1/INC-018,fault_effect
2026-05-29T07:14:54Z,1,online_boutique_rca_1/INC-018,fault_effect
2026-05-29T07:14:59Z,1,online_boutique_rca_1/INC-018,fault_effect
2026-05-29T07:15:04Z,1,online_boutique_rca_1/INC-018,fault_effect
2026-05-29T07:15:09Z,1,online_boutique_rca_1/INC-018,fault_effect
2026-05-29T07:15:14Z,1,online_boutique_rca_1/INC-018,fault_effect
2026-05-29T07:15:19Z,1,online_boutique_rca_1/INC-018,fault_effect
2026-05-29T07:15:24Z,1,online_boutique_rca_1/INC-018,fault_effect
2026-05-29T07:15:29Z,0,,normal
2026-05-29T07:15:34Z,0,,normal
2026-05-29T07:15:39Z,0,,normal
2026-05-29T07:15:44Z,0,,normal
2026-05-29T07:15:49Z,0,,normal
2026-05-29T07:15:54Z,0,,normal
2026-05-29T07:15:59Z,0,,normal
2026-05-29T07:16:04Z,0,,normal
2026-05-29T07:16:09Z,0,,normal
2026-05-29T07:16:14Z,0,,normal
2026-05-29T07:16:19Z,0,,normal
2026-05-29T07:16:24Z,0,,normal
2026-05-29T07:16:29Z,0,,normal
2026-05-29T07:16:34Z,0,,normal
2026-05-29T07:16:39Z,0,,normal
2026-05-29T07:16:44Z,0,,normal
2026-05-29T07:16:49Z,0,,normal
2026-05-29T07:16:54Z,0,,normal
2026-05-29T07:16:59Z,0,,normal
2026-05-29T07:17:04Z,0,,normal
2026-05-29T07:17:09Z,0,,normal
2026-05-29T07:17:14Z,0,,normal
2026-05-29T07:17:19Z,0,,normal
2026-05-29T07:17:24Z,0,,normal
2026-05-29T07:17:29Z,0,,normal
2026-05-29T07:17:34Z,0,,normal
2026-05-29T07:17:39Z,0,,normal
2026-05-29T07:17:44Z,0,,normal
2026-05-29T07:17:49Z,0,,normal
2026-05-29T07:17:54Z,0,,normal
2026-05-29T07:17:59Z,0,,normal
2026-05-29T07:18:04Z,0,,normal
2026-05-29T07:18:09Z,0,,normal
2026-05-29T07:18:14Z,0,,normal
2026-05-29T07:18:19Z,0,,normal
2026-05-29T07:18:24Z,0,,normal
2026-05-29T07:18:29Z,0,,normal
2026-05-29T07:18:34Z,0,,normal
2026-05-29T07:18:39Z,0,,normal
2026-05-29T07:18:44Z,0,,normal
2026-05-29T07:18:49Z,0,,normal
2026-05-29T07:18:54Z,0,,normal
2026-05-29T07:18:59Z,0,,normal
2026-05-29T07:19:04Z,0,,normal
2026-05-29T07:19:09Z,0,,normal
2026-05-29T07:19:14Z,0,,normal
2026-05-29T07:19:19Z,0,,normal
2026-05-29T07:19:24Z,0,,normal
2026-05-29T07:19:29Z,0,,normal
2026-05-29T07:19:34Z,0,,normal
2026-05-29T07:19:39Z,0,,normal
2026-05-29T07:19:44Z,0,,normal
2026-05-29T07:19:49Z,0,,normal
2026-05-29T07:19:54Z,0,,normal
2026-05-29T07:19:59Z,0,,normal
2026-05-29T07:20:04Z,0,,normal
2026-05-29T07:20:09Z,0,,normal
2026-05-29T07:20:14Z,0,,normal
2026-05-29T07:20:19Z,0,,normal
2026-05-29T07:20:24Z,0,,normal
2026-05-29T07:20:29Z,0,,normal
2026-05-29T07:20:34Z,0,,normal
2026-05-29T07:20:39Z,0,,normal
2026-05-29T07:20:44Z,0,,normal
2026-05-29T07:20:49Z,0,,normal
2026-05-29T07:20:54Z,0,,normal
2026-05-29T07:20:59Z,0,,normal
2026-05-29T07:21:04Z,0,,normal
2026-05-29T07:21:09Z,0,,normal
2026-05-29T07:21:14Z,0,,normal
2026-05-29T07:21:19Z,0,,normal
2026-05-29T07:21:24Z,0,,normal
2026-05-29T07:21:29Z,0,,normal
2026-05-29T07:21:34Z,0,,normal
2026-05-29T07:21:39Z,0,,normal
2026-05-29T07:21:44Z,0,,normal
2026-05-29T07:21:49Z,0,,normal
2026-05-29T07:21:54Z,0,,normal
2026-05-29T07:21:59Z,0,,normal
2026-05-29T07:22:04Z,0,,normal
2026-05-29T07:22:09Z,0,,normal
2026-05-29T07:22:14Z,0,,normal
2026-05-29T07:22:19Z,0,,normal
2026-05-29T07:22:24Z,0,,normal
2026-05-29T07:22:29Z,1,online_boutique_rca_1/INC-019,fault_effect
2026-05-29T07:22:34Z,1,online_boutique_rca_1/INC-019,fault_effect
2026-05-29T07:22:39Z,1,online_boutique_rca_1/INC-019,fault_effect
2026-05-29T07:22:44Z,1,online_boutique_rca_1/INC-019,fault_effect
2026-05-29T07:22:49Z,1,online_boutique_rca_1/INC-019,fault_effect
2026-05-29T07:22:54Z,1,online_boutique_rca_1/INC-019,fault_effect
2026-05-29T07:22:59Z,1,online_boutique_rca_1/INC-019,fault_effect
2026-05-29T07:23:04Z,1,online_boutique_rca_1/INC-019,fault_effect
2026-05-29T07:23:09Z,1,online_boutique_rca_1/INC-019,fault_effect
2026-05-29T07:23:14Z,1,online_boutique_rca_1/INC-019,fault_effect
2026-05-29T07:23:19Z,1,online_boutique_rca_1/INC-019,fault_effect
2026-05-29T07:23:24Z,0,,normal
2026-05-29T07:23:29Z,0,,normal
2026-05-29T07:23:34Z,0,,normal
2026-05-29T07:23:39Z,0,,normal
2026-05-29T07:23:44Z,0,,normal
2026-05-29T07:23:49Z,0,,normal
2026-05-29T07:23:54Z,0,,normal
2026-05-29T07:23:59Z,0,,normal
2026-05-29T07:24:04Z,0,,normal
2026-05-29T07:24:09Z,0,,normal
2026-05-29T07:24:14Z,0,,normal
2026-05-29T07:24:19Z,0,,normal
2026-05-29T07:24:24Z,0,,normal
2026-05-29T07:24:29Z,0,,normal
2026-05-29T07:24:34Z,0,,normal
2026-05-29T07:24:39Z,0,,normal
2026-05-29T07:24:44Z,0,,normal
2026-05-29T07:24:49Z,0,,normal
2026-05-29T07:24:54Z,0,,normal
2026-05-29T07:24:59Z,0,,normal
2026-05-29T07:25:04Z,0,,normal
2026-05-29T07:25:09Z,0,,normal
2026-05-29T07:25:14Z,0,,normal
2026-05-29T07:25:19Z,0,,normal
2026-05-29T07:25:24Z,0,,normal
2026-05-29T07:25:29Z,0,,normal
2026-05-29T07:25:34Z,0,,normal
2026-05-29T07:25:39Z,0,,normal
2026-05-29T07:25:44Z,0,,normal
2026-05-29T07:25:49Z,0,,normal
2026-05-29T07:25:54Z,0,,normal
2026-05-29T07:25:59Z,0,,normal
2026-05-29T07:26:04Z,0,,normal
2026-05-29T07:26:09Z,0,,normal
2026-05-29T07:26:14Z,0,,normal
2026-05-29T07:26:19Z,0,,normal
2026-05-29T07:26:24Z,0,,normal
2026-05-29T07:26:29Z,0,,normal
2026-05-29T07:26:34Z,0,,normal
2026-05-29T07:26:39Z,0,,normal
2026-05-29T07:26:44Z,0,,normal
2026-05-29T07:26:49Z,0,,normal
2026-05-29T07:26:54Z,0,,normal
2026-05-29T07:26:59Z,0,,normal
2026-05-29T07:27:04Z,0,,normal
2026-05-29T07:27:09Z,1,online_boutique_rca_1/INC-020,fault_effect
2026-05-29T07:27:14Z,1,online_boutique_rca_1/INC-020,fault_effect
2026-05-29T07:27:19Z,1,online_boutique_rca_1/INC-020,fault_effect
2026-05-29T07:27:24Z,1,online_boutique_rca_1/INC-020,fault_effect
2026-05-29T07:27:29Z,1,online_boutique_rca_1/INC-020,fault_effect
2026-05-29T07:27:34Z,1,online_boutique_rca_1/INC-020,fault_effect
2026-05-29T07:27:39Z,1,online_boutique_rca_1/INC-020,fault_effect
2026-05-29T07:27:44Z,1,online_boutique_rca_1/INC-020,fault_effect
2026-05-29T07:27:49Z,1,online_boutique_rca_1/INC-020,fault_effect
2026-05-29T07:27:54Z,1,online_boutique_rca_1/INC-020,fault_effect
2026-05-29T07:27:59Z,1,online_boutique_rca_1/INC-020,fault_effect
2026-05-29T07:28:04Z,0,,normal
2026-05-29T07:28:09Z,0,,normal
2026-05-29T07:28:14Z,0,,normal
2026-05-29T07:28:19Z,0,,normal
2026-05-29T07:28:24Z,0,,normal
2026-05-29T07:28:29Z,0,,normal
2026-05-29T07:28:34Z,0,,normal
2026-05-29T07:28:39Z,0,,normal
2026-05-29T07:28:44Z,0,,normal
2026-05-29T07:28:49Z,0,,normal
2026-05-29T07:28:54Z,0,,normal
2026-05-29T07:28:59Z,0,,normal
2026-05-29T07:29:04Z,0,,normal
2026-05-29T09:43:52Z,0,,normal
2026-05-29T09:43:57Z,0,,normal
2026-05-29T09:44:02Z,0,,normal
2026-05-29T09:44:07Z,0,,normal
2026-05-29T09:44:12Z,0,,normal
2026-05-29T09:44:17Z,0,,normal
2026-05-29T09:44:22Z,0,,normal
2026-05-29T09:44:27Z,0,,normal
2026-05-29T09:44:32Z,0,,normal
2026-05-29T09:44:37Z,0,,normal
2026-05-29T09:44:42Z,0,,normal
2026-05-29T09:44:47Z,0,,normal
2026-05-29T09:44:52Z,0,,normal
2026-05-29T09:44:57Z,0,,normal
2026-05-29T09:45:02Z,0,,normal
2026-05-29T09:45:07Z,0,,normal
2026-05-29T09:45:12Z,0,,normal
2026-05-29T09:45:17Z,0,,normal
2026-05-29T09:45:22Z,0,,normal
2026-05-29T09:45:27Z,0,,normal
2026-05-29T09:45:32Z,0,,normal
2026-05-29T09:45:37Z,0,,normal
2026-05-29T09:45:42Z,0,,normal
2026-05-29T09:45:47Z,0,,normal
2026-05-29T09:45:52Z,0,,normal
2026-05-29T09:45:57Z,0,,normal
2026-05-29T09:46:02Z,0,,normal
2026-05-29T09:46:07Z,0,,normal
2026-05-29T09:46:12Z,0,,normal
2026-05-29T09:46:17Z,0,,normal
2026-05-29T09:46:22Z,0,,normal
2026-05-29T09:46:27Z,0,,normal
2026-05-29T09:46:32Z,0,,normal
2026-05-29T09:46:37Z,0,,normal
2026-05-29T09:46:42Z,0,,normal
2026-05-29T09:46:47Z,0,,normal
2026-05-29T09:46:52Z,0,,normal
2026-05-29T09:46:57Z,0,,normal
2026-05-29T09:47:02Z,0,,normal
2026-05-29T09:47:07Z,0,,normal
2026-05-29T09:47:12Z,0,,normal
2026-05-29T09:47:17Z,0,,normal
2026-05-29T09:47:22Z,0,,normal
2026-05-29T09:47:27Z,0,,normal
2026-05-29T09:47:32Z,0,,normal
2026-05-29T09:47:37Z,0,,normal
2026-05-29T09:47:42Z,0,,normal
2026-05-29T09:47:47Z,0,,normal
2026-05-29T09:47:52Z,0,,normal
2026-05-29T09:47:57Z,0,,normal
2026-05-29T09:48:02Z,0,,normal
2026-05-29T09:48:07Z,0,,normal
2026-05-29T09:48:12Z,0,,normal
2026-05-29T09:48:17Z,0,,normal
2026-05-29T09:48:22Z,0,,normal
2026-05-29T09:48:27Z,0,,normal
2026-05-29T09:48:32Z,0,,normal
2026-05-29T09:48:37Z,0,,normal
2026-05-29T09:48:42Z,0,,normal
2026-05-29T09:48:47Z,0,,normal
2026-05-29T09:48:52Z,0,,normal
2026-05-29T09:48:57Z,1,online_boutique_rca_2/INC-001,fault_effect
2026-05-29T09:49:02Z,1,online_boutique_rca_2/INC-001,fault_effect
2026-05-29T09:49:07Z,1,online_boutique_rca_2/INC-001,fault_effect
2026-05-29T09:49:12Z,1,online_boutique_rca_2/INC-001,fault_effect
2026-05-29T09:49:17Z,1,online_boutique_rca_2/INC-001,fault_effect
2026-05-29T09:49:22Z,1,online_boutique_rca_2/INC-001,fault_effect
2026-05-29T09:49:27Z,1,online_boutique_rca_2/INC-001,fault_effect
2026-05-29T09:49:32Z,1,online_boutique_rca_2/INC-001,fault_effect
2026-05-29T09:49:37Z,1,online_boutique_rca_2/INC-001,fault_effect
2026-05-29T09:49:42Z,1,online_boutique_rca_2/INC-001,fault_effect
2026-05-29T09:49:47Z,1,online_boutique_rca_2/INC-001,fault_effect
2026-05-29T09:49:52Z,1,online_boutique_rca_2/INC-001,fault_effect
2026-05-29T09:49:57Z,0,,normal
2026-05-29T09:50:02Z,0,,normal
2026-05-29T09:50:07Z,0,,normal
2026-05-29T09:50:12Z,0,,normal
2026-05-29T09:50:17Z,0,,normal
2026-05-29T09:50:22Z,0,,normal
2026-05-29T09:50:27Z,0,,normal
2026-05-29T09:50:32Z,0,,normal
2026-05-29T09:50:37Z,0,,normal
2026-05-29T09:50:42Z,0,,normal
2026-05-29T09:50:47Z,0,,normal
2026-05-29T09:50:52Z,0,,normal
2026-05-29T09:50:57Z,0,,normal
2026-05-29T09:51:02Z,0,,normal
2026-05-29T09:51:07Z,0,,normal
2026-05-29T09:51:12Z,0,,normal
2026-05-29T09:51:17Z,0,,normal
2026-05-29T09:51:22Z,0,,normal
2026-05-29T09:51:27Z,0,,normal
2026-05-29T09:51:32Z,0,,normal
2026-05-29T09:51:37Z,0,,normal
2026-05-29T09:51:42Z,0,,normal
2026-05-29T09:51:47Z,0,,normal
2026-05-29T09:51:52Z,0,,normal
2026-05-29T09:51:57Z,0,,normal
2026-05-29T09:52:02Z,0,,normal
2026-05-29T09:52:07Z,0,,normal
2026-05-29T09:52:12Z,0,,normal
2026-05-29T09:52:17Z,0,,normal
2026-05-29T09:52:22Z,0,,normal
2026-05-29T09:52:27Z,0,,normal
2026-05-29T09:52:32Z,0,,normal
2026-05-29T09:52:37Z,0,,normal
2026-05-29T09:52:42Z,0,,normal
2026-05-29T09:52:47Z,0,,normal
2026-05-29T09:52:52Z,0,,normal
2026-05-29T09:52:57Z,0,,normal
2026-05-29T09:53:02Z,0,,normal
2026-05-29T09:53:07Z,0,,normal
2026-05-29T09:53:12Z,0,,normal
2026-05-29T09:53:17Z,0,,normal
2026-05-29T09:53:22Z,0,,normal
2026-05-29T09:53:27Z,0,,normal
2026-05-29T09:53:32Z,1,online_boutique_rca_2/INC-002,fault_effect
2026-05-29T09:53:37Z,1,online_boutique_rca_2/INC-002,fault_effect
2026-05-29T09:53:42Z,1,online_boutique_rca_2/INC-002,fault_effect
2026-05-29T09:53:47Z,1,online_boutique_rca_2/INC-002,fault_effect
2026-05-29T09:53:52Z,1,online_boutique_rca_2/INC-002,fault_effect
2026-05-29T09:53:57Z,1,online_boutique_rca_2/INC-002,fault_effect
2026-05-29T09:54:02Z,1,online_boutique_rca_2/INC-002,fault_effect
2026-05-29T09:54:07Z,1,online_boutique_rca_2/INC-002,fault_effect
2026-05-29T09:54:12Z,1,online_boutique_rca_2/INC-002,fault_effect
2026-05-29T09:54:17Z,1,online_boutique_rca_2/INC-002,fault_effect
2026-05-29T09:54:22Z,1,online_boutique_rca_2/INC-002,fault_effect
2026-05-29T09:54:27Z,1,online_boutique_rca_2/INC-002,fault_effect
2026-05-29T09:54:32Z,0,,normal
2026-05-29T09:54:37Z,0,,normal
2026-05-29T09:54:42Z,0,,normal
2026-05-29T09:54:47Z,0,,normal
2026-05-29T09:54:52Z,0,,normal
2026-05-29T09:54:57Z,0,,normal
2026-05-29T09:55:02Z,0,,normal
2026-05-29T09:55:07Z,0,,normal
2026-05-29T09:55:12Z,0,,normal
2026-05-29T09:55:17Z,0,,normal
2026-05-29T09:55:22Z,0,,normal
2026-05-29T09:55:27Z,0,,normal
2026-05-29T09:55:32Z,0,,normal
2026-05-29T09:55:37Z,0,,normal
2026-05-29T09:55:42Z,0,,normal
2026-05-29T09:55:47Z,0,,normal
2026-05-29T09:55:52Z,0,,normal
2026-05-29T09:55:57Z,0,,normal
2026-05-29T09:56:02Z,0,,normal
2026-05-29T09:56:07Z,0,,normal
2026-05-29T09:56:12Z,0,,normal
2026-05-29T09:56:17Z,0,,normal
2026-05-29T09:56:22Z,0,,normal
2026-05-29T09:56:27Z,0,,normal
2026-05-29T09:56:32Z,0,,normal
2026-05-29T09:56:37Z,0,,normal
2026-05-29T09:56:42Z,0,,normal
2026-05-29T09:56:47Z,0,,normal
2026-05-29T09:56:52Z,0,,normal
2026-05-29T09:56:57Z,0,,normal
2026-05-29T09:57:02Z,0,,normal
2026-05-29T09:57:07Z,0,,normal
2026-05-29T09:57:12Z,0,,normal
2026-05-29T09:57:17Z,0,,normal
2026-05-29T09:57:22Z,0,,normal
2026-05-29T09:57:27Z,0,,normal
2026-05-29T09:57:32Z,0,,normal
2026-05-29T09:57:37Z,0,,normal
2026-05-29T09:57:42Z,0,,normal
2026-05-29T09:57:47Z,0,,normal
2026-05-29T09:57:52Z,0,,normal
2026-05-29T09:57:57Z,0,,normal
2026-05-29T09:58:02Z,0,,normal
2026-05-29T09:58:07Z,0,,normal
2026-05-29T09:58:12Z,0,,normal
2026-05-29T09:58:17Z,0,,normal
2026-05-29T09:58:22Z,0,,normal
2026-05-29T09:58:27Z,0,,normal
2026-05-29T09:58:32Z,0,,normal
2026-05-29T09:58:37Z,0,,normal
2026-05-29T09:58:42Z,0,,normal
2026-05-29T09:58:47Z,0,,normal
2026-05-29T09:58:52Z,0,,normal
2026-05-29T09:58:57Z,0,,normal
2026-05-29T09:59:02Z,0,,normal
2026-05-29T09:59:07Z,0,,normal
2026-05-29T09:59:12Z,0,,normal
2026-05-29T09:59:17Z,0,,normal
2026-05-29T09:59:22Z,0,,normal
2026-05-29T09:59:27Z,0,,normal
2026-05-29T09:59:32Z,0,,normal
2026-05-29T09:59:37Z,0,,normal
2026-05-29T09:59:42Z,0,,normal
2026-05-29T09:59:47Z,0,,normal
2026-05-29T09:59:52Z,0,,normal
2026-05-29T09:59:57Z,0,,normal
2026-05-29T10:00:02Z,0,,normal
2026-05-29T10:00:07Z,0,,normal
2026-05-29T10:00:12Z,0,,normal
2026-05-29T10:00:17Z,0,,normal
2026-05-29T10:00:22Z,0,,normal
2026-05-29T10:00:27Z,0,,normal
2026-05-29T10:00:32Z,0,,normal
2026-05-29T10:00:37Z,0,,normal
2026-05-29T10:00:42Z,0,,normal
2026-05-29T10:00:47Z,1,online_boutique_rca_2/INC-003,fault_effect
2026-05-29T10:00:52Z,1,online_boutique_rca_2/INC-003,fault_effect
2026-05-29T10:00:57Z,1,online_boutique_rca_2/INC-003,fault_effect
2026-05-29T10:01:02Z,1,online_boutique_rca_2/INC-003,fault_effect
2026-05-29T10:01:07Z,1,online_boutique_rca_2/INC-003,fault_effect
2026-05-29T10:01:12Z,1,online_boutique_rca_2/INC-003,fault_effect
2026-05-29T10:01:17Z,1,online_boutique_rca_2/INC-003,fault_effect
2026-05-29T10:01:22Z,1,online_boutique_rca_2/INC-003,fault_effect
2026-05-29T10:01:27Z,1,online_boutique_rca_2/INC-003,fault_effect
2026-05-29T10:01:32Z,1,online_boutique_rca_2/INC-003,fault_effect
2026-05-29T10:01:37Z,1,online_boutique_rca_2/INC-003,fault_effect
2026-05-29T10:01:42Z,1,online_boutique_rca_2/INC-003,fault_effect
2026-05-29T10:01:47Z,0,,normal
2026-05-29T10:01:52Z,0,,normal
2026-05-29T10:01:57Z,0,,normal
2026-05-29T10:02:02Z,0,,normal
2026-05-29T10:02:07Z,0,,normal
2026-05-29T10:02:12Z,0,,normal
2026-05-29T10:02:17Z,0,,normal
2026-05-29T10:02:22Z,0,,normal
2026-05-29T10:02:27Z,0,,normal
2026-05-29T10:02:32Z,0,,normal
2026-05-29T10:02:37Z,0,,normal
2026-05-29T10:02:42Z,0,,normal
2026-05-29T10:02:47Z,0,,normal
2026-05-29T10:02:52Z,0,,normal
2026-05-29T10:02:57Z,0,,normal
2026-05-29T10:03:02Z,0,,normal
2026-05-29T10:03:07Z,0,,normal
2026-05-29T10:03:12Z,0,,normal
2026-05-29T10:03:17Z,0,,normal
2026-05-29T10:03:22Z,0,,normal
2026-05-29T10:03:27Z,0,,normal
2026-05-29T10:03:32Z,0,,normal
2026-05-29T10:03:37Z,0,,normal
2026-05-29T10:03:42Z,0,,normal
2026-05-29T10:03:47Z,0,,normal
2026-05-29T10:03:52Z,0,,normal
2026-05-29T10:03:57Z,0,,normal
2026-05-29T10:04:02Z,0,,normal
2026-05-29T10:04:07Z,0,,normal
2026-05-29T10:04:12Z,0,,normal
2026-05-29T10:04:17Z,0,,normal
2026-05-29T10:04:22Z,0,,normal
2026-05-29T10:04:27Z,0,,normal
2026-05-29T10:04:32Z,0,,normal
2026-05-29T10:04:37Z,0,,normal
2026-05-29T10:04:42Z,0,,normal
2026-05-29T10:04:47Z,0,,normal
2026-05-29T10:04:52Z,0,,normal
2026-05-29T10:04:57Z,0,,normal
2026-05-29T10:05:02Z,0,,normal
2026-05-29T10:05:07Z,0,,normal
2026-05-29T10:05:12Z,0,,normal
2026-05-29T10:05:17Z,0,,normal
2026-05-29T10:05:22Z,0,,normal
2026-05-29T10:05:27Z,0,,normal
2026-05-29T10:05:32Z,0,,normal
2026-05-29T10:05:37Z,0,,normal
2026-05-29T10:05:42Z,0,,normal
2026-05-29T10:05:47Z,0,,normal
2026-05-29T10:05:52Z,0,,normal
2026-05-29T10:05:57Z,0,,normal
2026-05-29T10:06:02Z,0,,normal
2026-05-29T10:06:07Z,0,,normal
2026-05-29T10:06:12Z,0,,normal
2026-05-29T10:06:17Z,1,online_boutique_rca_2/INC-004,fault_effect
2026-05-29T10:06:22Z,1,online_boutique_rca_2/INC-004,fault_effect
2026-05-29T10:06:27Z,1,online_boutique_rca_2/INC-004,fault_effect
2026-05-29T10:06:32Z,1,online_boutique_rca_2/INC-004,fault_effect
2026-05-29T10:06:37Z,1,online_boutique_rca_2/INC-004,fault_effect
2026-05-29T10:06:42Z,1,online_boutique_rca_2/INC-004,fault_effect
2026-05-29T10:06:47Z,1,online_boutique_rca_2/INC-004,fault_effect
2026-05-29T10:06:52Z,1,online_boutique_rca_2/INC-004,fault_effect
2026-05-29T10:06:57Z,1,online_boutique_rca_2/INC-004,fault_effect
2026-05-29T10:07:02Z,1,online_boutique_rca_2/INC-004,fault_effect
2026-05-29T10:07:07Z,1,online_boutique_rca_2/INC-004,fault_effect
2026-05-29T10:07:12Z,0,,normal
2026-05-29T10:07:17Z,0,,normal
2026-05-29T10:07:22Z,0,,normal
2026-05-29T10:07:27Z,0,,normal
2026-05-29T10:07:32Z,0,,normal
2026-05-29T10:07:37Z,0,,normal
2026-05-29T10:07:42Z,0,,normal
2026-05-29T10:07:47Z,0,,normal
2026-05-29T10:07:52Z,0,,normal
2026-05-29T10:07:57Z,0,,normal
2026-05-29T10:08:02Z,0,,normal
2026-05-29T10:08:07Z,0,,normal
2026-05-29T10:08:12Z,0,,normal
2026-05-29T10:08:17Z,0,,normal
2026-05-29T10:08:22Z,0,,normal
2026-05-29T10:08:27Z,0,,normal
2026-05-29T10:08:32Z,0,,normal
2026-05-29T10:08:37Z,0,,normal
2026-05-29T10:08:42Z,0,,normal
2026-05-29T10:08:47Z,0,,normal
2026-05-29T10:08:52Z,0,,normal
2026-05-29T10:08:57Z,0,,normal
2026-05-29T10:09:02Z,0,,normal
2026-05-29T10:09:07Z,0,,normal
2026-05-29T10:09:12Z,0,,normal
2026-05-29T10:09:17Z,0,,normal
2026-05-29T10:09:22Z,0,,normal
2026-05-29T10:09:27Z,0,,normal
2026-05-29T10:09:32Z,0,,normal
2026-05-29T10:09:37Z,0,,normal
2026-05-29T10:09:42Z,0,,normal
2026-05-29T10:09:47Z,0,,normal
2026-05-29T10:09:52Z,0,,normal
2026-05-29T10:09:57Z,0,,normal
2026-05-29T10:10:02Z,0,,normal
2026-05-29T10:10:07Z,0,,normal
2026-05-29T10:10:12Z,0,,normal
2026-05-29T10:10:17Z,0,,normal
2026-05-29T10:10:22Z,0,,normal
2026-05-29T10:10:27Z,0,,normal
2026-05-29T10:10:32Z,0,,normal
2026-05-29T10:10:37Z,0,,normal
2026-05-29T10:10:42Z,0,,normal
2026-05-29T10:10:47Z,0,,normal
2026-05-29T10:10:52Z,0,,normal
2026-05-29T10:10:57Z,0,,normal
2026-05-29T10:11:02Z,0,,normal
2026-05-29T10:11:07Z,0,,normal
2026-05-29T10:11:12Z,0,,normal
2026-05-29T10:11:17Z,0,,normal
2026-05-29T10:11:22Z,0,,normal
2026-05-29T10:11:27Z,0,,normal
2026-05-29T10:11:32Z,0,,normal
2026-05-29T10:11:37Z,0,,normal
2026-05-29T10:11:42Z,0,,normal
2026-05-29T10:11:47Z,0,,normal
2026-05-29T10:11:52Z,0,,normal
2026-05-29T10:11:57Z,0,,normal
2026-05-29T10:12:02Z,0,,normal
2026-05-29T10:12:07Z,0,,normal
2026-05-29T10:12:12Z,0,,normal
2026-05-29T10:12:17Z,0,,normal
2026-05-29T10:12:22Z,0,,normal
2026-05-29T10:12:27Z,0,,normal
2026-05-29T10:12:32Z,0,,normal
2026-05-29T10:12:37Z,0,,normal
2026-05-29T10:12:42Z,0,,normal
2026-05-29T10:12:47Z,0,,normal
2026-05-29T10:12:52Z,0,,normal
2026-05-29T10:12:57Z,0,,normal
2026-05-29T10:13:02Z,0,,normal
2026-05-29T10:13:07Z,0,,normal
2026-05-29T10:13:12Z,0,,normal
2026-05-29T10:13:17Z,0,,normal
2026-05-29T10:13:22Z,1,online_boutique_rca_2/INC-005,fault_effect
2026-05-29T10:13:27Z,1,online_boutique_rca_2/INC-005,fault_effect
2026-05-29T10:13:32Z,1,online_boutique_rca_2/INC-005,fault_effect
2026-05-29T10:13:37Z,1,online_boutique_rca_2/INC-005,fault_effect
2026-05-29T10:13:42Z,1,online_boutique_rca_2/INC-005,fault_effect
2026-05-29T10:13:47Z,1,online_boutique_rca_2/INC-005,fault_effect
2026-05-29T10:13:52Z,1,online_boutique_rca_2/INC-005,fault_effect
2026-05-29T10:13:57Z,1,online_boutique_rca_2/INC-005,fault_effect
2026-05-29T10:14:02Z,1,online_boutique_rca_2/INC-005,fault_effect
2026-05-29T10:14:07Z,1,online_boutique_rca_2/INC-005,fault_effect
2026-05-29T10:14:12Z,1,online_boutique_rca_2/INC-005,fault_effect
2026-05-29T10:14:17Z,1,online_boutique_rca_2/INC-005,fault_effect
2026-05-29T10:14:22Z,0,,normal
2026-05-29T10:14:27Z,0,,normal
2026-05-29T10:14:32Z,0,,normal
2026-05-29T10:14:37Z,0,,normal
2026-05-29T10:14:42Z,0,,normal
2026-05-29T10:14:47Z,0,,normal
2026-05-29T10:14:52Z,0,,normal
2026-05-29T10:14:57Z,0,,normal
2026-05-29T10:15:02Z,0,,normal
2026-05-29T10:15:07Z,0,,normal
2026-05-29T10:15:12Z,0,,normal
2026-05-29T10:15:17Z,0,,normal
2026-05-29T10:15:22Z,0,,normal
2026-05-29T10:15:27Z,0,,normal
2026-05-29T10:15:32Z,0,,normal
2026-05-29T10:15:37Z,0,,normal
2026-05-29T10:15:42Z,0,,normal
2026-05-29T10:15:47Z,0,,normal
2026-05-29T10:15:52Z,0,,normal
2026-05-29T10:15:57Z,0,,normal
2026-05-29T10:16:02Z,0,,normal
2026-05-29T10:16:07Z,0,,normal
2026-05-29T10:16:12Z,0,,normal
2026-05-29T10:16:17Z,0,,normal
2026-05-29T10:16:22Z,0,,normal
2026-05-29T10:16:27Z,0,,normal
2026-05-29T10:16:32Z,0,,normal
2026-05-29T10:16:37Z,0,,normal
2026-05-29T10:16:42Z,0,,normal
2026-05-29T10:16:47Z,0,,normal
2026-05-29T10:16:52Z,0,,normal
2026-05-29T10:16:57Z,0,,normal
2026-05-29T10:17:02Z,0,,normal
2026-05-29T10:17:07Z,0,,normal
2026-05-29T10:17:12Z,0,,normal
2026-05-29T10:17:17Z,0,,normal
2026-05-29T10:17:22Z,0,,normal
2026-05-29T10:17:27Z,0,,normal
2026-05-29T10:17:32Z,0,,normal
2026-05-29T10:17:37Z,0,,normal
2026-05-29T10:17:42Z,0,,normal
2026-05-29T10:17:47Z,0,,normal
2026-05-29T10:17:52Z,0,,normal
2026-05-29T10:17:57Z,0,,normal
2026-05-29T10:18:02Z,0,,normal
2026-05-29T10:18:07Z,0,,normal
2026-05-29T10:18:12Z,1,online_boutique_rca_2/INC-006,fault_effect
2026-05-29T10:18:17Z,1,online_boutique_rca_2/INC-006,fault_effect
2026-05-29T10:18:22Z,1,online_boutique_rca_2/INC-006,fault_effect
2026-05-29T10:18:27Z,1,online_boutique_rca_2/INC-006,fault_effect
2026-05-29T10:18:32Z,1,online_boutique_rca_2/INC-006,fault_effect
2026-05-29T10:18:37Z,1,online_boutique_rca_2/INC-006,fault_effect
2026-05-29T10:18:42Z,1,online_boutique_rca_2/INC-006,fault_effect
2026-05-29T10:18:47Z,1,online_boutique_rca_2/INC-006,fault_effect
2026-05-29T10:18:52Z,1,online_boutique_rca_2/INC-006,fault_effect
2026-05-29T10:18:57Z,1,online_boutique_rca_2/INC-006,fault_effect
2026-05-29T10:19:02Z,1,online_boutique_rca_2/INC-006,fault_effect
2026-05-29T10:19:07Z,1,online_boutique_rca_2/INC-006,fault_effect
2026-05-29T10:19:12Z,0,,normal
2026-05-29T10:19:17Z,0,,normal
2026-05-29T10:19:22Z,0,,normal
2026-05-29T10:19:27Z,0,,normal
2026-05-29T10:19:32Z,0,,normal
2026-05-29T10:19:37Z,0,,normal
2026-05-29T10:19:42Z,0,,normal
2026-05-29T10:19:47Z,0,,normal
2026-05-29T10:19:52Z,0,,normal
2026-05-29T10:19:57Z,0,,normal
2026-05-29T10:20:02Z,0,,normal
2026-05-29T10:20:07Z,0,,normal
2026-05-29T10:20:12Z,0,,normal
2026-05-29T10:20:17Z,0,,normal
2026-05-29T10:20:22Z,0,,normal
2026-05-29T10:20:27Z,0,,normal
2026-05-29T10:20:32Z,0,,normal
2026-05-29T10:20:37Z,0,,normal
2026-05-29T10:20:42Z,0,,normal
2026-05-29T10:20:47Z,0,,normal
2026-05-29T10:20:52Z,0,,normal
2026-05-29T10:20:57Z,0,,normal
2026-05-29T10:21:02Z,0,,normal
2026-05-29T10:21:07Z,0,,normal
2026-05-29T10:21:12Z,0,,normal
2026-05-29T10:21:17Z,0,,normal
2026-05-29T10:21:22Z,0,,normal
2026-05-29T10:21:27Z,0,,normal
2026-05-29T10:21:32Z,0,,normal
2026-05-29T10:21:37Z,0,,normal
2026-05-29T10:21:42Z,0,,normal
2026-05-29T10:21:47Z,0,,normal
2026-05-29T10:21:52Z,0,,normal
2026-05-29T10:21:57Z,0,,normal
2026-05-29T10:22:02Z,0,,normal
2026-05-29T10:22:07Z,0,,normal
2026-05-29T10:22:12Z,0,,normal
2026-05-29T10:22:17Z,0,,normal
2026-05-29T10:22:22Z,0,,normal
2026-05-29T10:22:27Z,0,,normal
2026-05-29T10:22:32Z,0,,normal
2026-05-29T10:22:37Z,0,,normal
2026-05-29T10:22:42Z,0,,normal
2026-05-29T10:22:47Z,0,,normal
2026-05-29T10:22:52Z,0,,normal
2026-05-29T10:22:57Z,0,,normal
2026-05-29T10:23:02Z,0,,normal
2026-05-29T10:23:07Z,0,,normal
2026-05-29T10:23:12Z,0,,normal
2026-05-29T10:23:17Z,0,,normal
2026-05-29T10:23:22Z,0,,normal
2026-05-29T10:23:27Z,0,,normal
2026-05-29T10:23:32Z,0,,normal
2026-05-29T10:23:37Z,0,,normal
2026-05-29T10:23:42Z,0,,normal
2026-05-29T10:23:47Z,0,,normal
2026-05-29T10:23:52Z,0,,normal
2026-05-29T10:23:57Z,0,,normal
2026-05-29T10:24:02Z,0,,normal
2026-05-29T10:24:07Z,0,,normal
2026-05-29T10:24:12Z,0,,normal
2026-05-29T10:24:17Z,0,,normal
2026-05-29T10:24:22Z,0,,normal
2026-05-29T10:24:27Z,0,,normal
2026-05-29T10:24:32Z,0,,normal
2026-05-29T10:24:37Z,0,,normal
2026-05-29T10:24:42Z,0,,normal
2026-05-29T10:24:47Z,0,,normal
2026-05-29T10:24:52Z,0,,normal
2026-05-29T10:24:57Z,0,,normal
2026-05-29T10:25:02Z,0,,normal
2026-05-29T10:25:07Z,0,,normal
2026-05-29T10:25:12Z,0,,normal
2026-05-29T10:25:17Z,0,,normal
2026-05-29T10:25:22Z,0,,normal
2026-05-29T10:25:27Z,0,,normal
2026-05-29T10:25:32Z,0,,normal
2026-05-29T10:25:37Z,0,,normal
2026-05-29T10:25:42Z,0,,normal
2026-05-29T10:25:47Z,0,,normal
2026-05-29T10:25:52Z,0,,normal
2026-05-29T10:25:57Z,0,,normal
2026-05-29T10:26:02Z,0,,normal
2026-05-29T10:26:07Z,0,,normal
2026-05-29T10:26:12Z,0,,normal
2026-05-29T10:26:17Z,1,online_boutique_rca_2/INC-007,fault_effect
2026-05-29T10:26:22Z,1,online_boutique_rca_2/INC-007,fault_effect
2026-05-29T10:26:27Z,1,online_boutique_rca_2/INC-007,fault_effect
2026-05-29T10:26:32Z,1,online_boutique_rca_2/INC-007,fault_effect
2026-05-29T10:26:37Z,1,online_boutique_rca_2/INC-007,fault_effect
2026-05-29T10:26:42Z,1,online_boutique_rca_2/INC-007,fault_effect
2026-05-29T10:26:47Z,1,online_boutique_rca_2/INC-007,fault_effect
2026-05-29T10:26:52Z,1,online_boutique_rca_2/INC-007,fault_effect
2026-05-29T10:26:57Z,1,online_boutique_rca_2/INC-007,fault_effect
2026-05-29T10:27:02Z,1,online_boutique_rca_2/INC-007,fault_effect
2026-05-29T10:27:07Z,1,online_boutique_rca_2/INC-007,fault_effect
2026-05-29T10:27:12Z,1,online_boutique_rca_2/INC-007,fault_effect
2026-05-29T10:27:17Z,0,,normal
2026-05-29T10:27:22Z,0,,normal
2026-05-29T10:27:27Z,0,,normal
2026-05-29T10:27:32Z,0,,normal
2026-05-29T10:27:37Z,0,,normal
2026-05-29T10:27:42Z,0,,normal
2026-05-29T10:27:47Z,0,,normal
2026-05-29T10:27:52Z,0,,normal
2026-05-29T10:27:57Z,0,,normal
2026-05-29T10:28:02Z,0,,normal
2026-05-29T10:28:07Z,0,,normal
2026-05-29T10:28:12Z,0,,normal
2026-05-29T10:28:17Z,0,,normal
2026-05-29T10:28:22Z,0,,normal
2026-05-29T10:28:27Z,0,,normal
2026-05-29T10:28:32Z,0,,normal
2026-05-29T10:28:37Z,0,,normal
2026-05-29T10:28:42Z,0,,normal
2026-05-29T10:28:47Z,0,,normal
2026-05-29T10:28:52Z,0,,normal
2026-05-29T10:28:57Z,0,,normal
2026-05-29T10:29:02Z,0,,normal
2026-05-29T10:29:07Z,0,,normal
2026-05-29T10:29:12Z,0,,normal
2026-05-29T10:29:17Z,0,,normal
2026-05-29T10:29:22Z,0,,normal
2026-05-29T10:29:27Z,0,,normal
2026-05-29T10:29:32Z,0,,normal
2026-05-29T10:29:37Z,0,,normal
2026-05-29T10:29:42Z,0,,normal
2026-05-29T10:29:47Z,0,,normal
2026-05-29T10:29:52Z,0,,normal
2026-05-29T10:29:57Z,0,,normal
2026-05-29T10:30:02Z,0,,normal
2026-05-29T10:30:07Z,0,,normal
2026-05-29T10:30:12Z,0,,normal
2026-05-29T10:30:17Z,0,,normal
2026-05-29T10:30:22Z,0,,normal
2026-05-29T10:30:27Z,0,,normal
2026-05-29T10:30:32Z,0,,normal
2026-05-29T10:30:37Z,0,,normal
2026-05-29T10:30:42Z,0,,normal
2026-05-29T10:30:47Z,0,,normal
2026-05-29T10:30:52Z,0,,normal
2026-05-29T10:30:57Z,1,online_boutique_rca_2/INC-008,fault_effect
2026-05-29T10:31:02Z,1,online_boutique_rca_2/INC-008,fault_effect
2026-05-29T10:31:07Z,1,online_boutique_rca_2/INC-008,fault_effect
2026-05-29T10:31:12Z,1,online_boutique_rca_2/INC-008,fault_effect
2026-05-29T10:31:17Z,1,online_boutique_rca_2/INC-008,fault_effect
2026-05-29T10:31:22Z,1,online_boutique_rca_2/INC-008,fault_effect
2026-05-29T10:31:27Z,1,online_boutique_rca_2/INC-008,fault_effect
2026-05-29T10:31:32Z,1,online_boutique_rca_2/INC-008,fault_effect
2026-05-29T10:31:37Z,1,online_boutique_rca_2/INC-008,fault_effect
2026-05-29T10:31:42Z,1,online_boutique_rca_2/INC-008,fault_effect
2026-05-29T10:31:47Z,1,online_boutique_rca_2/INC-008,fault_effect
2026-05-29T10:31:52Z,1,online_boutique_rca_2/INC-008,fault_effect
2026-05-29T10:31:57Z,0,,normal
2026-05-29T10:32:02Z,0,,normal
2026-05-29T10:32:07Z,0,,normal
2026-05-29T10:32:12Z,0,,normal
2026-05-29T10:32:17Z,0,,normal
2026-05-29T10:32:22Z,0,,normal
2026-05-29T10:32:27Z,0,,normal
2026-05-29T10:32:32Z,0,,normal
2026-05-29T10:32:37Z,0,,normal
2026-05-29T10:32:42Z,0,,normal
2026-05-29T10:32:47Z,0,,normal
2026-05-29T10:32:52Z,0,,normal
2026-05-29T10:32:57Z,0,,normal
2026-05-29T10:33:02Z,0,,normal
2026-05-29T10:33:07Z,0,,normal
2026-05-29T10:33:12Z,0,,normal
2026-05-29T10:33:17Z,0,,normal
2026-05-29T10:33:22Z,0,,normal
2026-05-29T10:33:27Z,0,,normal
2026-05-29T10:33:32Z,0,,normal
2026-05-29T10:33:37Z,0,,normal
2026-05-29T10:33:42Z,0,,normal
2026-05-29T10:33:47Z,0,,normal
2026-05-29T10:33:52Z,0,,normal
2026-05-29T10:33:57Z,0,,normal
2026-05-29T10:34:02Z,0,,normal
2026-05-29T10:34:07Z,0,,normal
2026-05-29T10:34:12Z,0,,normal
2026-05-29T10:34:17Z,0,,normal
2026-05-29T10:34:22Z,0,,normal
2026-05-29T10:34:27Z,0,,normal
2026-05-29T10:34:32Z,0,,normal
2026-05-29T10:34:37Z,0,,normal
2026-05-29T10:34:42Z,0,,normal
2026-05-29T10:34:47Z,0,,normal
2026-05-29T10:34:52Z,0,,normal
2026-05-29T10:34:57Z,0,,normal
2026-05-29T10:35:02Z,0,,normal
2026-05-29T10:35:07Z,0,,normal
2026-05-29T10:35:12Z,0,,normal
2026-05-29T10:35:17Z,0,,normal
2026-05-29T10:35:22Z,0,,normal
2026-05-29T10:35:27Z,0,,normal
2026-05-29T10:35:32Z,0,,normal
2026-05-29T10:35:37Z,0,,normal
2026-05-29T10:35:42Z,0,,normal
2026-05-29T10:35:47Z,0,,normal
2026-05-29T10:35:52Z,0,,normal
2026-05-29T10:35:57Z,0,,normal
2026-05-29T10:36:02Z,0,,normal
2026-05-29T10:36:07Z,0,,normal
2026-05-29T10:36:12Z,0,,normal
2026-05-29T10:36:17Z,0,,normal
2026-05-29T10:36:22Z,0,,normal
2026-05-29T10:36:27Z,0,,normal
2026-05-29T10:36:32Z,0,,normal
2026-05-29T10:36:37Z,0,,normal
2026-05-29T10:36:42Z,0,,normal
2026-05-29T10:36:47Z,0,,normal
2026-05-29T10:36:52Z,0,,normal
2026-05-29T10:36:57Z,0,,normal
2026-05-29T10:37:02Z,0,,normal
2026-05-29T10:37:07Z,0,,normal
2026-05-29T10:37:12Z,0,,normal
2026-05-29T10:37:17Z,0,,normal
2026-05-29T10:37:22Z,0,,normal
2026-05-29T10:37:27Z,0,,normal
2026-05-29T10:37:32Z,0,,normal
2026-05-29T10:37:37Z,0,,normal
2026-05-29T10:37:42Z,0,,normal
2026-05-29T10:37:47Z,0,,normal
2026-05-29T10:37:52Z,0,,normal
2026-05-29T10:37:57Z,0,,normal
2026-05-29T10:38:02Z,0,,normal
2026-05-29T10:38:07Z,0,,normal
2026-05-29T10:38:12Z,0,,normal
2026-05-29T10:38:17Z,0,,normal
2026-05-29T10:38:22Z,0,,normal
2026-05-29T10:38:27Z,0,,normal
2026-05-29T10:38:32Z,0,,normal
2026-05-29T10:38:37Z,0,,normal
2026-05-29T10:38:42Z,0,,normal
2026-05-29T10:38:47Z,0,,normal
2026-05-29T10:38:52Z,1,online_boutique_rca_2/INC-009,fault_effect
2026-05-29T10:38:57Z,1,online_boutique_rca_2/INC-009,fault_effect
2026-05-29T10:39:02Z,1,online_boutique_rca_2/INC-009,fault_effect
2026-05-29T10:39:07Z,1,online_boutique_rca_2/INC-009,fault_effect
2026-05-29T10:39:12Z,1,online_boutique_rca_2/INC-009,fault_effect
2026-05-29T10:39:17Z,1,online_boutique_rca_2/INC-009,fault_effect
2026-05-29T10:39:22Z,1,online_boutique_rca_2/INC-009,fault_effect
2026-05-29T10:39:27Z,1,online_boutique_rca_2/INC-009,fault_effect
2026-05-29T10:39:32Z,1,online_boutique_rca_2/INC-009,fault_effect
2026-05-29T10:39:37Z,1,online_boutique_rca_2/INC-009,fault_effect
2026-05-29T10:39:42Z,1,online_boutique_rca_2/INC-009,fault_effect
2026-05-29T10:39:47Z,0,,normal
2026-05-29T10:39:52Z,0,,normal
2026-05-29T10:39:57Z,0,,normal
2026-05-29T10:40:02Z,0,,normal
2026-05-29T10:40:07Z,0,,normal
2026-05-29T10:40:12Z,0,,normal
2026-05-29T10:40:17Z,0,,normal
2026-05-29T10:40:22Z,0,,normal
2026-05-29T10:40:27Z,0,,normal
2026-05-29T10:40:32Z,0,,normal
2026-05-29T10:40:37Z,0,,normal
2026-05-29T10:40:42Z,0,,normal
2026-05-29T10:40:47Z,0,,normal
2026-05-29T10:40:52Z,0,,normal
2026-05-29T10:40:57Z,0,,normal
2026-05-29T10:41:02Z,0,,normal
2026-05-29T10:41:07Z,0,,normal
2026-05-29T10:41:12Z,0,,normal
2026-05-29T10:41:17Z,0,,normal
2026-05-29T10:41:22Z,0,,normal
2026-05-29T10:41:27Z,0,,normal
2026-05-29T10:41:32Z,0,,normal
2026-05-29T10:41:37Z,0,,normal
2026-05-29T10:41:42Z,0,,normal
2026-05-29T10:41:47Z,0,,normal
2026-05-29T10:41:52Z,0,,normal
2026-05-29T10:41:57Z,0,,normal
2026-05-29T10:42:02Z,0,,normal
2026-05-29T10:42:07Z,0,,normal
2026-05-29T10:42:12Z,0,,normal
2026-05-29T10:42:17Z,0,,normal
2026-05-29T10:42:22Z,0,,normal
2026-05-29T10:42:27Z,0,,normal
2026-05-29T10:42:32Z,0,,normal
2026-05-29T10:42:37Z,0,,normal
2026-05-29T10:42:42Z,0,,normal
2026-05-29T10:42:47Z,0,,normal
2026-05-29T10:42:52Z,0,,normal
2026-05-29T10:42:57Z,0,,normal
2026-05-29T10:43:02Z,0,,normal
2026-05-29T10:43:07Z,0,,normal
2026-05-29T10:43:12Z,0,,normal
2026-05-29T10:43:17Z,0,,normal
2026-05-29T10:43:22Z,0,,normal
2026-05-29T10:43:27Z,0,,normal
2026-05-29T10:43:32Z,0,,normal
2026-05-29T10:43:37Z,0,,normal
2026-05-29T10:43:42Z,0,,normal
2026-05-29T10:43:47Z,0,,normal
2026-05-29T10:43:52Z,0,,normal
2026-05-29T10:43:57Z,0,,normal
2026-05-29T10:44:02Z,0,,normal
2026-05-29T10:44:07Z,1,online_boutique_rca_2/INC-010,fault_effect
2026-05-29T10:44:12Z,1,online_boutique_rca_2/INC-010,fault_effect
2026-05-29T10:44:17Z,1,online_boutique_rca_2/INC-010,fault_effect
2026-05-29T10:44:22Z,1,online_boutique_rca_2/INC-010,fault_effect
2026-05-29T10:44:27Z,1,online_boutique_rca_2/INC-010,fault_effect
2026-05-29T10:44:32Z,1,online_boutique_rca_2/INC-010,fault_effect
2026-05-29T10:44:37Z,1,online_boutique_rca_2/INC-010,fault_effect
2026-05-29T10:44:42Z,1,online_boutique_rca_2/INC-010,fault_effect
2026-05-29T10:44:47Z,1,online_boutique_rca_2/INC-010,fault_effect
2026-05-29T10:44:52Z,1,online_boutique_rca_2/INC-010,fault_effect
2026-05-29T10:44:57Z,1,online_boutique_rca_2/INC-010,fault_effect
2026-05-29T10:45:02Z,1,online_boutique_rca_2/INC-010,fault_effect
2026-05-29T10:45:07Z,0,,normal
2026-05-29T10:45:12Z,0,,normal
2026-05-29T10:45:17Z,0,,normal
2026-05-29T10:45:22Z,0,,normal
2026-05-29T10:45:27Z,0,,normal
2026-05-29T10:45:32Z,0,,normal
2026-05-29T10:45:37Z,0,,normal
2026-05-29T10:45:42Z,0,,normal
2026-05-29T10:45:47Z,0,,normal
2026-05-29T10:45:52Z,0,,normal
2026-05-29T10:45:57Z,0,,normal
2026-05-29T10:46:02Z,0,,normal
2026-05-29T10:46:07Z,0,,normal
2026-05-29T10:46:12Z,0,,normal
2026-05-29T10:46:17Z,0,,normal
2026-05-29T10:46:22Z,0,,normal
2026-05-29T10:46:27Z,0,,normal
2026-05-29T10:46:32Z,0,,normal
2026-05-29T10:46:37Z,0,,normal
2026-05-29T10:46:42Z,0,,normal
2026-05-29T10:46:47Z,0,,normal
2026-05-29T10:46:52Z,0,,normal
2026-05-29T10:46:57Z,0,,normal
2026-05-29T10:47:02Z,0,,normal
2026-05-29T10:47:07Z,0,,normal
2026-05-29T10:47:12Z,0,,normal
2026-05-29T10:47:17Z,0,,normal
2026-05-29T10:47:22Z,0,,normal
2026-05-29T10:47:27Z,0,,normal
2026-05-29T10:47:32Z,0,,normal
2026-05-29T10:47:37Z,0,,normal
2026-05-29T10:47:42Z,0,,normal
2026-05-29T10:47:47Z,0,,normal
2026-05-29T10:47:52Z,0,,normal
2026-05-29T10:47:57Z,0,,normal
2026-05-29T10:48:02Z,0,,normal
2026-05-29T10:48:07Z,0,,normal
2026-05-29T10:48:12Z,0,,normal
2026-05-29T10:48:17Z,0,,normal
2026-05-29T10:48:22Z,0,,normal
2026-05-29T10:48:27Z,0,,normal
2026-05-29T10:48:32Z,0,,normal
2026-05-29T10:48:37Z,0,,normal
2026-05-29T10:48:42Z,0,,normal
2026-05-29T10:48:47Z,0,,normal
2026-05-29T10:48:52Z,0,,normal
2026-05-29T10:48:57Z,0,,normal
2026-05-29T10:49:02Z,0,,normal
2026-05-29T10:49:07Z,0,,normal
2026-05-29T10:49:12Z,0,,normal
2026-05-29T10:49:17Z,0,,normal
2026-05-29T10:49:22Z,0,,normal
2026-05-29T10:49:27Z,0,,normal
2026-05-29T10:49:32Z,0,,normal
2026-05-29T10:49:37Z,0,,normal
2026-05-29T10:49:42Z,0,,normal
2026-05-29T10:49:47Z,0,,normal
2026-05-29T10:49:52Z,0,,normal
2026-05-29T10:49:57Z,0,,normal
2026-05-29T10:50:02Z,0,,normal
2026-05-29T10:50:07Z,0,,normal
2026-05-29T10:50:12Z,0,,normal
2026-05-29T10:50:17Z,0,,normal
2026-05-29T10:50:22Z,0,,normal
2026-05-29T10:50:27Z,0,,normal
2026-05-29T10:50:32Z,0,,normal
2026-05-29T10:50:37Z,0,,normal
2026-05-29T10:50:42Z,0,,normal
2026-05-29T10:50:47Z,0,,normal
2026-05-29T10:50:52Z,0,,normal
2026-05-29T10:50:57Z,0,,normal
2026-05-29T10:51:02Z,0,,normal
2026-05-29T10:51:07Z,0,,normal
2026-05-29T10:51:12Z,0,,normal
2026-05-29T10:51:17Z,0,,normal
2026-05-29T10:51:22Z,0,,normal
2026-05-29T10:51:27Z,0,,normal
2026-05-29T10:51:32Z,0,,normal
2026-05-29T10:51:37Z,0,,normal
2026-05-29T10:51:42Z,0,,normal
2026-05-29T10:51:47Z,1,online_boutique_rca_2/INC-011,fault_effect
2026-05-29T10:51:52Z,1,online_boutique_rca_2/INC-011,fault_effect
2026-05-29T10:51:57Z,1,online_boutique_rca_2/INC-011,fault_effect
2026-05-29T10:52:02Z,1,online_boutique_rca_2/INC-011,fault_effect
2026-05-29T10:52:07Z,1,online_boutique_rca_2/INC-011,fault_effect
2026-05-29T10:52:12Z,1,online_boutique_rca_2/INC-011,fault_effect
2026-05-29T10:52:17Z,1,online_boutique_rca_2/INC-011,fault_effect
2026-05-29T10:52:22Z,1,online_boutique_rca_2/INC-011,fault_effect
2026-05-29T10:52:27Z,1,online_boutique_rca_2/INC-011,fault_effect
2026-05-29T10:52:32Z,1,online_boutique_rca_2/INC-011,fault_effect
2026-05-29T10:52:37Z,1,online_boutique_rca_2/INC-011,fault_effect
2026-05-29T10:52:42Z,0,,normal
2026-05-29T10:52:47Z,0,,normal
2026-05-29T10:52:52Z,0,,normal
2026-05-29T10:52:57Z,0,,normal
2026-05-29T10:53:02Z,0,,normal
2026-05-29T10:53:07Z,0,,normal
2026-05-29T10:53:12Z,0,,normal
2026-05-29T10:53:17Z,0,,normal
2026-05-29T10:53:22Z,0,,normal
2026-05-29T10:53:27Z,0,,normal
2026-05-29T10:53:32Z,0,,normal
2026-05-29T10:53:37Z,0,,normal
2026-05-29T10:53:42Z,0,,normal
2026-05-29T10:53:47Z,0,,normal
2026-05-29T10:53:52Z,0,,normal
2026-05-29T10:53:57Z,0,,normal
2026-05-29T10:54:02Z,0,,normal
2026-05-29T10:54:07Z,0,,normal
2026-05-29T10:54:12Z,0,,normal
2026-05-29T10:54:17Z,0,,normal
2026-05-29T10:54:22Z,0,,normal
2026-05-29T10:54:27Z,0,,normal
2026-05-29T10:54:32Z,0,,normal
2026-05-29T10:54:37Z,0,,normal
2026-05-29T10:54:42Z,0,,normal
2026-05-29T10:54:47Z,0,,normal
2026-05-29T10:54:52Z,0,,normal
2026-05-29T10:54:57Z,0,,normal
2026-05-29T10:55:02Z,0,,normal
2026-05-29T10:55:07Z,0,,normal
2026-05-29T10:55:12Z,0,,normal
2026-05-29T10:55:17Z,0,,normal
2026-05-29T10:55:22Z,0,,normal
2026-05-29T10:55:27Z,0,,normal
2026-05-29T10:55:32Z,0,,normal
2026-05-29T10:55:37Z,0,,normal
2026-05-29T10:55:42Z,0,,normal
2026-05-29T10:55:47Z,0,,normal
2026-05-29T10:55:52Z,0,,normal
2026-05-29T10:55:57Z,0,,normal
2026-05-29T10:56:02Z,0,,normal
2026-05-29T10:56:07Z,0,,normal
2026-05-29T10:56:12Z,0,,normal
2026-05-29T10:56:17Z,0,,normal
2026-05-29T10:56:22Z,0,,normal
2026-05-29T10:56:27Z,0,,normal
2026-05-29T10:56:32Z,0,,normal
2026-05-29T10:56:37Z,0,,normal
2026-05-29T10:56:42Z,0,,normal
2026-05-29T10:56:47Z,0,,normal
2026-05-29T10:56:52Z,0,,normal
2026-05-29T10:56:57Z,1,online_boutique_rca_2/INC-012,fault_effect
2026-05-29T10:57:02Z,1,online_boutique_rca_2/INC-012,fault_effect
2026-05-29T10:57:07Z,1,online_boutique_rca_2/INC-012,fault_effect
2026-05-29T10:57:12Z,1,online_boutique_rca_2/INC-012,fault_effect
2026-05-29T10:57:17Z,1,online_boutique_rca_2/INC-012,fault_effect
2026-05-29T10:57:22Z,1,online_boutique_rca_2/INC-012,fault_effect
2026-05-29T10:57:27Z,1,online_boutique_rca_2/INC-012,fault_effect
2026-05-29T10:57:32Z,1,online_boutique_rca_2/INC-012,fault_effect
2026-05-29T10:57:37Z,1,online_boutique_rca_2/INC-012,fault_effect
2026-05-29T10:57:42Z,1,online_boutique_rca_2/INC-012,fault_effect
2026-05-29T10:57:47Z,1,online_boutique_rca_2/INC-012,fault_effect
2026-05-29T10:57:52Z,0,,normal
2026-05-29T10:57:57Z,0,,normal
2026-05-29T10:58:02Z,0,,normal
2026-05-29T10:58:07Z,0,,normal
2026-05-29T10:58:12Z,0,,normal
2026-05-29T10:58:17Z,0,,normal
2026-05-29T10:58:22Z,0,,normal
2026-05-29T10:58:27Z,0,,normal
2026-05-29T10:58:32Z,0,,normal
2026-05-29T10:58:37Z,0,,normal
2026-05-29T10:58:42Z,0,,normal
2026-05-29T10:58:47Z,0,,normal
2026-05-29T10:58:52Z,0,,normal
2026-05-29T10:58:57Z,0,,normal
2026-05-29T10:59:02Z,0,,normal
2026-05-29T10:59:07Z,0,,normal
2026-05-29T10:59:12Z,0,,normal
2026-05-29T10:59:17Z,0,,normal
2026-05-29T10:59:22Z,0,,normal
2026-05-29T10:59:27Z,0,,normal
2026-05-29T10:59:32Z,0,,normal
2026-05-29T10:59:37Z,0,,normal
2026-05-29T10:59:42Z,0,,normal
2026-05-29T10:59:47Z,0,,normal
2026-05-29T10:59:52Z,0,,normal
2026-05-29T10:59:57Z,0,,normal
2026-05-29T11:00:02Z,0,,normal
2026-05-29T11:00:07Z,0,,normal
2026-05-29T11:00:12Z,0,,normal
2026-05-29T11:00:17Z,0,,normal
2026-05-29T11:00:22Z,0,,normal
2026-05-29T11:00:27Z,0,,normal
2026-05-29T11:00:32Z,0,,normal
2026-05-29T11:00:37Z,0,,normal
2026-05-29T11:00:42Z,0,,normal
2026-05-29T11:00:47Z,0,,normal
2026-05-29T11:00:52Z,0,,normal
2026-05-29T11:00:57Z,0,,normal
2026-05-29T11:01:02Z,0,,normal
2026-05-29T11:01:07Z,0,,normal
2026-05-29T11:01:12Z,0,,normal
2026-05-29T11:01:17Z,0,,normal
2026-05-29T11:01:22Z,0,,normal
2026-05-29T11:01:27Z,0,,normal
2026-05-29T11:01:32Z,0,,normal
2026-05-29T11:01:37Z,0,,normal
2026-05-29T11:01:42Z,0,,normal
2026-05-29T11:01:47Z,0,,normal
2026-05-29T11:01:52Z,0,,normal
2026-05-29T11:01:57Z,0,,normal
2026-05-29T11:02:02Z,0,,normal
2026-05-29T11:02:07Z,0,,normal
2026-05-29T11:02:12Z,0,,normal
2026-05-29T11:02:17Z,0,,normal
2026-05-29T11:02:22Z,0,,normal
2026-05-29T11:02:27Z,0,,normal
2026-05-29T11:02:32Z,0,,normal
2026-05-29T11:02:37Z,0,,normal
2026-05-29T11:02:42Z,0,,normal
2026-05-29T11:02:47Z,0,,normal
2026-05-29T11:02:52Z,0,,normal
2026-05-29T11:02:57Z,0,,normal
2026-05-29T11:03:02Z,0,,normal
2026-05-29T11:03:07Z,0,,normal
2026-05-29T11:03:12Z,0,,normal
2026-05-29T11:03:17Z,0,,normal
2026-05-29T11:03:22Z,0,,normal
2026-05-29T11:03:27Z,0,,normal
2026-05-29T11:03:32Z,0,,normal
2026-05-29T11:03:37Z,0,,normal
2026-05-29T11:03:42Z,0,,normal
2026-05-29T11:03:47Z,0,,normal
2026-05-29T11:03:52Z,0,,normal
2026-05-29T11:03:57Z,0,,normal
2026-05-29T11:04:02Z,0,,normal
2026-05-29T11:04:07Z,0,,normal
2026-05-29T11:04:12Z,0,,normal
2026-05-29T11:04:17Z,1,online_boutique_rca_2/INC-013,fault_effect
2026-05-29T11:04:22Z,1,online_boutique_rca_2/INC-013,fault_effect
2026-05-29T11:04:27Z,1,online_boutique_rca_2/INC-013,fault_effect
2026-05-29T11:04:32Z,1,online_boutique_rca_2/INC-013,fault_effect
2026-05-29T11:04:37Z,1,online_boutique_rca_2/INC-013,fault_effect
2026-05-29T11:04:42Z,1,online_boutique_rca_2/INC-013,fault_effect
2026-05-29T11:04:47Z,1,online_boutique_rca_2/INC-013,fault_effect
2026-05-29T11:04:52Z,1,online_boutique_rca_2/INC-013,fault_effect
2026-05-29T11:04:57Z,1,online_boutique_rca_2/INC-013,fault_effect
2026-05-29T11:05:02Z,1,online_boutique_rca_2/INC-013,fault_effect
2026-05-29T11:05:07Z,1,online_boutique_rca_2/INC-013,fault_effect
2026-05-29T11:05:12Z,1,online_boutique_rca_2/INC-013,fault_effect
2026-05-29T11:05:17Z,0,,normal
2026-05-29T11:05:22Z,0,,normal
2026-05-29T11:05:27Z,0,,normal
2026-05-29T11:05:32Z,0,,normal
2026-05-29T11:05:37Z,0,,normal
2026-05-29T11:05:42Z,0,,normal
2026-05-29T11:05:47Z,0,,normal
2026-05-29T11:05:52Z,0,,normal
2026-05-29T11:05:57Z,0,,normal
2026-05-29T11:06:02Z,0,,normal
2026-05-29T11:06:07Z,0,,normal
2026-05-29T11:06:12Z,0,,normal
2026-05-29T11:06:17Z,0,,normal
2026-05-29T11:06:22Z,0,,normal
2026-05-29T11:06:27Z,0,,normal
2026-05-29T11:06:32Z,0,,normal
2026-05-29T11:06:37Z,0,,normal
2026-05-29T11:06:42Z,0,,normal
2026-05-29T11:06:47Z,0,,normal
2026-05-29T11:06:52Z,0,,normal
2026-05-29T11:06:57Z,0,,normal
2026-05-29T11:07:02Z,0,,normal
2026-05-29T11:07:07Z,0,,normal
2026-05-29T11:07:12Z,0,,normal
2026-05-29T11:07:17Z,0,,normal
2026-05-29T11:07:22Z,0,,normal
2026-05-29T11:07:27Z,0,,normal
2026-05-29T11:07:32Z,0,,normal
2026-05-29T11:07:37Z,0,,normal
2026-05-29T11:07:42Z,0,,normal
2026-05-29T11:07:47Z,0,,normal
2026-05-29T11:07:52Z,0,,normal
2026-05-29T11:07:57Z,0,,normal
2026-05-29T11:08:02Z,0,,normal
2026-05-29T11:08:07Z,0,,normal
2026-05-29T11:08:12Z,0,,normal
2026-05-29T11:08:17Z,0,,normal
2026-05-29T11:08:22Z,0,,normal
2026-05-29T11:08:27Z,0,,normal
2026-05-29T11:08:32Z,0,,normal
2026-05-29T11:08:37Z,0,,normal
2026-05-29T11:08:42Z,0,,normal
2026-05-29T11:08:47Z,0,,normal
2026-05-29T11:08:52Z,0,,normal
2026-05-29T11:08:57Z,1,online_boutique_rca_2/INC-014,fault_effect
2026-05-29T11:09:02Z,1,online_boutique_rca_2/INC-014,fault_effect
2026-05-29T11:09:07Z,1,online_boutique_rca_2/INC-014,fault_effect
2026-05-29T11:09:12Z,1,online_boutique_rca_2/INC-014,fault_effect
2026-05-29T11:09:17Z,1,online_boutique_rca_2/INC-014,fault_effect
2026-05-29T11:09:22Z,1,online_boutique_rca_2/INC-014,fault_effect
2026-05-29T11:09:27Z,1,online_boutique_rca_2/INC-014,fault_effect
2026-05-29T11:09:32Z,1,online_boutique_rca_2/INC-014,fault_effect
2026-05-29T11:09:37Z,1,online_boutique_rca_2/INC-014,fault_effect
2026-05-29T11:09:42Z,1,online_boutique_rca_2/INC-014,fault_effect
2026-05-29T11:09:47Z,1,online_boutique_rca_2/INC-014,fault_effect
2026-05-29T11:09:52Z,1,online_boutique_rca_2/INC-014,fault_effect
2026-05-29T11:09:57Z,0,,normal
2026-05-29T11:10:02Z,0,,normal
2026-05-29T11:10:07Z,0,,normal
2026-05-29T11:10:12Z,0,,normal
2026-05-29T11:10:17Z,0,,normal
2026-05-29T11:10:22Z,0,,normal
2026-05-29T11:10:27Z,0,,normal
2026-05-29T11:10:32Z,0,,normal
2026-05-29T11:10:37Z,0,,normal
2026-05-29T11:10:42Z,0,,normal
2026-05-29T11:10:47Z,0,,normal
2026-05-29T11:10:52Z,0,,normal
2026-05-29T11:10:57Z,0,,normal
2026-05-29T11:11:02Z,0,,normal
2026-05-29T11:11:07Z,0,,normal
2026-05-29T11:11:12Z,0,,normal
2026-05-29T11:11:17Z,0,,normal
2026-05-29T11:11:22Z,0,,normal
2026-05-29T11:11:27Z,0,,normal
2026-05-29T11:11:32Z,0,,normal
2026-05-29T11:11:37Z,0,,normal
2026-05-29T11:11:42Z,0,,normal
2026-05-29T11:11:47Z,0,,normal
2026-05-29T11:11:52Z,0,,normal
2026-05-29T11:11:57Z,0,,normal
2026-05-29T11:12:02Z,0,,normal
2026-05-29T11:12:07Z,0,,normal
2026-05-29T11:12:12Z,0,,normal
2026-05-29T11:12:17Z,0,,normal
2026-05-29T11:12:22Z,0,,normal
2026-05-29T11:12:27Z,0,,normal
2026-05-29T11:12:32Z,0,,normal
2026-05-29T11:12:37Z,0,,normal
2026-05-29T11:12:42Z,0,,normal
2026-05-29T11:12:47Z,0,,normal
2026-05-29T11:12:52Z,0,,normal
2026-05-29T11:12:57Z,0,,normal
2026-05-29T11:13:02Z,0,,normal
2026-05-29T11:13:07Z,0,,normal
2026-05-29T11:13:12Z,0,,normal
2026-05-29T11:13:17Z,0,,normal
2026-05-29T11:13:22Z,0,,normal
2026-05-29T11:13:27Z,0,,normal
2026-05-29T11:13:32Z,0,,normal
2026-05-29T11:13:37Z,0,,normal
2026-05-29T11:13:42Z,0,,normal
2026-05-29T11:13:47Z,0,,normal
2026-05-29T11:13:52Z,0,,normal
2026-05-29T11:13:57Z,0,,normal
2026-05-29T11:14:02Z,0,,normal
2026-05-29T11:14:07Z,0,,normal
2026-05-29T11:14:12Z,0,,normal
2026-05-29T11:14:17Z,0,,normal
2026-05-29T11:14:22Z,0,,normal
2026-05-29T11:14:27Z,0,,normal
2026-05-29T11:14:32Z,0,,normal
2026-05-29T11:14:37Z,0,,normal
2026-05-29T11:14:42Z,0,,normal
2026-05-29T11:14:47Z,0,,normal
2026-05-29T11:14:52Z,0,,normal
2026-05-29T11:14:57Z,0,,normal
2026-05-29T11:15:02Z,0,,normal
2026-05-29T11:15:07Z,0,,normal
2026-05-29T11:15:12Z,0,,normal
2026-05-29T11:15:17Z,0,,normal
2026-05-29T11:15:22Z,0,,normal
2026-05-29T11:15:27Z,0,,normal
2026-05-29T11:15:32Z,0,,normal
2026-05-29T11:15:37Z,0,,normal
2026-05-29T11:15:42Z,0,,normal
2026-05-29T11:15:47Z,0,,normal
2026-05-29T11:15:52Z,0,,normal
2026-05-29T11:15:57Z,0,,normal
2026-05-29T11:16:02Z,0,,normal
2026-05-29T11:16:07Z,0,,normal
2026-05-29T11:16:12Z,0,,normal
2026-05-29T11:16:17Z,0,,normal
2026-05-29T11:16:22Z,0,,normal
2026-05-29T11:16:27Z,0,,normal
2026-05-29T11:16:32Z,0,,normal
2026-05-29T11:16:37Z,0,,normal
2026-05-29T11:16:42Z,1,online_boutique_rca_2/INC-015,fault_effect
2026-05-29T11:16:47Z,1,online_boutique_rca_2/INC-015,fault_effect
2026-05-29T11:16:52Z,1,online_boutique_rca_2/INC-015,fault_effect
2026-05-29T11:16:57Z,1,online_boutique_rca_2/INC-015,fault_effect
2026-05-29T11:17:02Z,1,online_boutique_rca_2/INC-015,fault_effect
2026-05-29T11:17:07Z,1,online_boutique_rca_2/INC-015,fault_effect
2026-05-29T11:17:12Z,1,online_boutique_rca_2/INC-015,fault_effect
2026-05-29T11:17:17Z,1,online_boutique_rca_2/INC-015,fault_effect
2026-05-29T11:17:22Z,1,online_boutique_rca_2/INC-015,fault_effect
2026-05-29T11:17:27Z,1,online_boutique_rca_2/INC-015,fault_effect
2026-05-29T11:17:32Z,1,online_boutique_rca_2/INC-015,fault_effect
2026-05-29T11:17:37Z,1,online_boutique_rca_2/INC-015,fault_effect
2026-05-29T11:17:42Z,0,,normal
2026-05-29T11:17:47Z,0,,normal
2026-05-29T11:17:52Z,0,,normal
2026-05-29T11:17:57Z,0,,normal
2026-05-29T11:18:02Z,0,,normal
2026-05-29T11:18:07Z,0,,normal
2026-05-29T11:18:12Z,0,,normal
2026-05-29T11:18:17Z,0,,normal
2026-05-29T11:18:22Z,0,,normal
2026-05-29T11:18:27Z,0,,normal
2026-05-29T11:18:32Z,0,,normal
2026-05-29T11:18:37Z,0,,normal
2026-05-29T11:18:42Z,0,,normal
2026-05-29T11:18:47Z,0,,normal
2026-05-29T11:18:52Z,0,,normal
2026-05-29T11:18:57Z,0,,normal
2026-05-29T11:19:02Z,0,,normal
2026-05-29T11:19:07Z,0,,normal
2026-05-29T11:19:12Z,0,,normal
2026-05-29T11:19:17Z,0,,normal
2026-05-29T11:19:22Z,0,,normal
2026-05-29T11:19:27Z,0,,normal
2026-05-29T11:19:32Z,0,,normal
2026-05-29T11:19:37Z,0,,normal
2026-05-29T11:19:42Z,0,,normal
2026-05-29T11:19:47Z,0,,normal
2026-05-29T11:19:52Z,0,,normal
2026-05-29T11:19:57Z,0,,normal
2026-05-29T11:20:02Z,0,,normal
2026-05-29T11:20:07Z,0,,normal
2026-05-29T11:20:12Z,0,,normal
2026-05-29T11:20:17Z,0,,normal
2026-05-29T11:20:22Z,0,,normal
2026-05-29T11:20:27Z,0,,normal
2026-05-29T11:20:32Z,0,,normal
2026-05-29T11:20:37Z,0,,normal
2026-05-29T11:20:42Z,0,,normal
2026-05-29T11:20:47Z,0,,normal
2026-05-29T11:20:52Z,0,,normal
2026-05-29T11:20:57Z,0,,normal
2026-05-29T11:21:02Z,0,,normal
2026-05-29T11:21:07Z,0,,normal
2026-05-29T11:21:12Z,0,,normal
2026-05-29T11:21:17Z,0,,normal
2026-05-29T11:21:22Z,0,,normal
2026-05-29T11:21:27Z,0,,normal
2026-05-29T11:21:32Z,0,,normal
2026-05-29T11:21:37Z,0,,normal
2026-05-29T11:21:42Z,1,online_boutique_rca_2/INC-016,fault_effect
2026-05-29T11:21:47Z,1,online_boutique_rca_2/INC-016,fault_effect
2026-05-29T11:21:52Z,1,online_boutique_rca_2/INC-016,fault_effect
2026-05-29T11:21:57Z,1,online_boutique_rca_2/INC-016,fault_effect
2026-05-29T11:22:02Z,1,online_boutique_rca_2/INC-016,fault_effect
2026-05-29T11:22:07Z,1,online_boutique_rca_2/INC-016,fault_effect
2026-05-29T11:22:12Z,1,online_boutique_rca_2/INC-016,fault_effect
2026-05-29T11:22:17Z,1,online_boutique_rca_2/INC-016,fault_effect
2026-05-29T11:22:22Z,1,online_boutique_rca_2/INC-016,fault_effect
2026-05-29T11:22:27Z,1,online_boutique_rca_2/INC-016,fault_effect
2026-05-29T11:22:32Z,1,online_boutique_rca_2/INC-016,fault_effect
2026-05-29T11:22:37Z,0,,normal
2026-05-29T11:22:42Z,0,,normal
2026-05-29T11:22:47Z,0,,normal
2026-05-29T11:22:52Z,0,,normal
2026-05-29T11:22:57Z,0,,normal
2026-05-29T11:23:02Z,0,,normal
2026-05-29T11:23:07Z,0,,normal
2026-05-29T11:23:12Z,0,,normal
2026-05-29T11:23:17Z,0,,normal
2026-05-29T11:23:22Z,0,,normal
2026-05-29T11:23:27Z,0,,normal
2026-05-29T11:23:32Z,0,,normal
2026-05-29T11:23:37Z,0,,normal
2026-05-29T11:23:42Z,0,,normal
2026-05-29T11:23:47Z,0,,normal
2026-05-29T11:23:52Z,0,,normal
2026-05-29T11:23:57Z,0,,normal
2026-05-29T11:24:02Z,0,,normal
2026-05-29T11:24:07Z,0,,normal
2026-05-29T11:24:12Z,0,,normal
2026-05-29T11:24:17Z,0,,normal
2026-05-29T11:24:22Z,0,,normal
2026-05-29T11:24:27Z,0,,normal
2026-05-29T11:24:32Z,0,,normal
2026-05-29T11:24:37Z,0,,normal
2026-05-29T11:24:42Z,0,,normal
2026-05-29T11:24:47Z,0,,normal
2026-05-29T11:24:52Z,0,,normal
2026-05-29T11:24:57Z,0,,normal
2026-05-29T11:25:02Z,0,,normal
2026-05-29T11:25:07Z,0,,normal
2026-05-29T11:25:12Z,0,,normal
2026-05-29T11:25:17Z,0,,normal
2026-05-29T11:25:22Z,0,,normal
2026-05-29T11:25:27Z,0,,normal
2026-05-29T11:25:32Z,0,,normal
2026-05-29T11:25:37Z,0,,normal
2026-05-29T11:25:42Z,0,,normal
2026-05-29T11:25:47Z,0,,normal
2026-05-29T11:25:52Z,0,,normal
2026-05-29T11:25:57Z,0,,normal
2026-05-29T11:26:02Z,0,,normal
2026-05-29T11:26:07Z,0,,normal
2026-05-29T11:26:12Z,0,,normal
2026-05-29T11:26:17Z,0,,normal
2026-05-29T11:26:22Z,0,,normal
2026-05-29T11:26:27Z,0,,normal
2026-05-29T11:26:32Z,0,,normal
2026-05-29T11:26:37Z,0,,normal
2026-05-29T11:26:42Z,0,,normal
2026-05-29T11:26:47Z,0,,normal
2026-05-29T11:26:52Z,0,,normal
2026-05-29T11:26:57Z,0,,normal
2026-05-29T11:27:02Z,0,,normal
2026-05-29T11:27:07Z,0,,normal
2026-05-29T11:27:12Z,0,,normal
2026-05-29T11:27:17Z,0,,normal
2026-05-29T11:27:22Z,0,,normal
2026-05-29T11:27:27Z,0,,normal
2026-05-29T11:27:32Z,0,,normal
2026-05-29T11:27:37Z,0,,normal
2026-05-29T11:27:42Z,0,,normal
2026-05-29T11:27:47Z,0,,normal
2026-05-29T11:27:52Z,0,,normal
2026-05-29T11:27:57Z,0,,normal
2026-05-29T11:28:02Z,0,,normal
2026-05-29T11:28:07Z,0,,normal
2026-05-29T11:28:12Z,0,,normal
2026-05-29T11:28:17Z,0,,normal
2026-05-29T11:28:22Z,0,,normal
2026-05-29T11:28:27Z,0,,normal
2026-05-29T11:28:32Z,0,,normal
2026-05-29T11:28:37Z,0,,normal
2026-05-29T11:28:42Z,0,,normal
2026-05-29T11:28:47Z,0,,normal
2026-05-29T11:28:52Z,0,,normal
2026-05-29T11:28:57Z,0,,normal
2026-05-29T11:29:02Z,0,,normal
2026-05-29T11:29:07Z,0,,normal
2026-05-29T11:29:12Z,0,,normal
2026-05-29T11:29:17Z,0,,normal
2026-05-29T11:29:22Z,0,,normal
2026-05-29T11:29:27Z,0,,normal
2026-05-29T11:29:32Z,0,,normal
2026-05-29T11:29:37Z,1,online_boutique_rca_2/INC-017,fault_effect
2026-05-29T11:29:42Z,1,online_boutique_rca_2/INC-017,fault_effect
2026-05-29T11:29:47Z,1,online_boutique_rca_2/INC-017,fault_effect
2026-05-29T11:29:52Z,1,online_boutique_rca_2/INC-017,fault_effect
2026-05-29T11:29:57Z,1,online_boutique_rca_2/INC-017,fault_effect
2026-05-29T11:30:02Z,1,online_boutique_rca_2/INC-017,fault_effect
2026-05-29T11:30:07Z,1,online_boutique_rca_2/INC-017,fault_effect
2026-05-29T11:30:12Z,1,online_boutique_rca_2/INC-017,fault_effect
2026-05-29T11:30:17Z,1,online_boutique_rca_2/INC-017,fault_effect
2026-05-29T11:30:22Z,1,online_boutique_rca_2/INC-017,fault_effect
2026-05-29T11:30:27Z,1,online_boutique_rca_2/INC-017,fault_effect
2026-05-29T11:30:32Z,0,,normal
2026-05-29T11:30:37Z,0,,normal
2026-05-29T11:30:42Z,0,,normal
2026-05-29T11:30:47Z,0,,normal
2026-05-29T11:30:52Z,0,,normal
2026-05-29T11:30:57Z,0,,normal
2026-05-29T11:31:02Z,0,,normal
2026-05-29T11:31:07Z,0,,normal
2026-05-29T11:31:12Z,0,,normal
2026-05-29T11:31:17Z,0,,normal
2026-05-29T11:31:22Z,0,,normal
2026-05-29T11:31:27Z,0,,normal
2026-05-29T11:31:32Z,0,,normal
2026-05-29T11:31:37Z,0,,normal
2026-05-29T11:31:42Z,0,,normal
2026-05-29T11:31:47Z,0,,normal
2026-05-29T11:31:52Z,0,,normal
2026-05-29T11:31:57Z,0,,normal
2026-05-29T11:32:02Z,0,,normal
2026-05-29T11:32:07Z,0,,normal
2026-05-29T11:32:12Z,0,,normal
2026-05-29T11:32:17Z,0,,normal
2026-05-29T11:32:22Z,0,,normal
2026-05-29T11:32:27Z,0,,normal
2026-05-29T11:32:32Z,0,,normal
2026-05-29T11:32:37Z,0,,normal
2026-05-29T11:32:42Z,0,,normal
2026-05-29T11:32:47Z,0,,normal
2026-05-29T11:32:52Z,0,,normal
2026-05-29T11:32:57Z,0,,normal
2026-05-29T11:33:02Z,0,,normal
2026-05-29T11:33:07Z,0,,normal
2026-05-29T11:33:12Z,0,,normal
2026-05-29T11:33:17Z,0,,normal
2026-05-29T11:33:22Z,0,,normal
2026-05-29T11:33:27Z,0,,normal
2026-05-29T11:33:32Z,0,,normal
2026-05-29T11:33:37Z,0,,normal
2026-05-29T11:33:42Z,0,,normal
2026-05-29T11:33:47Z,0,,normal
2026-05-29T11:33:52Z,0,,normal
2026-05-29T11:33:57Z,0,,normal
2026-05-29T11:34:02Z,0,,normal
2026-05-29T11:34:07Z,0,,normal
2026-05-29T11:34:12Z,0,,normal
2026-05-29T11:34:17Z,1,online_boutique_rca_2/INC-018,fault_effect
2026-05-29T11:34:22Z,1,online_boutique_rca_2/INC-018,fault_effect
2026-05-29T11:34:27Z,1,online_boutique_rca_2/INC-018,fault_effect
2026-05-29T11:34:32Z,1,online_boutique_rca_2/INC-018,fault_effect
2026-05-29T11:34:37Z,1,online_boutique_rca_2/INC-018,fault_effect
2026-05-29T11:34:42Z,1,online_boutique_rca_2/INC-018,fault_effect
2026-05-29T11:34:47Z,1,online_boutique_rca_2/INC-018,fault_effect
2026-05-29T11:34:52Z,1,online_boutique_rca_2/INC-018,fault_effect
2026-05-29T11:34:57Z,1,online_boutique_rca_2/INC-018,fault_effect
2026-05-29T11:35:02Z,1,online_boutique_rca_2/INC-018,fault_effect
2026-05-29T11:35:07Z,1,online_boutique_rca_2/INC-018,fault_effect
2026-05-29T11:35:12Z,0,,normal
2026-05-29T11:35:17Z,0,,normal
2026-05-29T11:35:22Z,0,,normal
2026-05-29T11:35:27Z,0,,normal
2026-05-29T11:35:32Z,0,,normal
2026-05-29T11:35:37Z,0,,normal
2026-05-29T11:35:42Z,0,,normal
2026-05-29T11:35:47Z,0,,normal
2026-05-29T11:35:52Z,0,,normal
2026-05-29T11:35:57Z,0,,normal
2026-05-29T11:36:02Z,0,,normal
2026-05-29T11:36:07Z,0,,normal
2026-05-29T11:36:12Z,0,,normal
2026-05-29T11:36:17Z,0,,normal
2026-05-29T11:36:22Z,0,,normal
2026-05-29T11:36:27Z,0,,normal
2026-05-29T11:36:32Z,0,,normal
2026-05-29T11:36:37Z,0,,normal
2026-05-29T11:36:42Z,0,,normal
2026-05-29T11:36:47Z,0,,normal
2026-05-29T11:36:52Z,0,,normal
2026-05-29T11:36:57Z,0,,normal
2026-05-29T11:37:02Z,0,,normal
2026-05-29T11:37:07Z,0,,normal
2026-05-29T11:37:12Z,0,,normal
2026-05-29T11:37:17Z,0,,normal
2026-05-29T11:37:22Z,0,,normal
2026-05-29T11:37:27Z,0,,normal
2026-05-29T11:37:32Z,0,,normal
2026-05-29T11:37:37Z,0,,normal
2026-05-29T11:37:42Z,0,,normal
2026-05-29T11:37:47Z,0,,normal
2026-05-29T11:37:52Z,0,,normal
2026-05-29T11:37:57Z,0,,normal
2026-05-29T11:38:02Z,0,,normal
2026-05-29T11:38:07Z,0,,normal
2026-05-29T11:38:12Z,0,,normal
2026-05-29T11:38:17Z,0,,normal
2026-05-29T11:38:22Z,0,,normal
2026-05-29T11:38:27Z,0,,normal
2026-05-29T11:38:32Z,0,,normal
2026-05-29T11:38:37Z,0,,normal
2026-05-29T11:38:42Z,0,,normal
2026-05-29T11:38:47Z,0,,normal
2026-05-29T11:38:52Z,0,,normal
2026-05-29T11:38:57Z,0,,normal
2026-05-29T11:39:02Z,0,,normal
2026-05-29T11:39:07Z,0,,normal
2026-05-29T11:39:12Z,0,,normal
2026-05-29T11:39:17Z,0,,normal
2026-05-29T11:39:22Z,0,,normal
2026-05-29T11:39:27Z,0,,normal
2026-05-29T11:39:32Z,0,,normal
2026-05-29T11:39:37Z,0,,normal
2026-05-29T11:39:42Z,0,,normal
2026-05-29T11:39:47Z,0,,normal
2026-05-29T11:39:52Z,0,,normal
2026-05-29T11:39:57Z,0,,normal
2026-05-29T11:40:02Z,0,,normal
2026-05-29T11:40:07Z,0,,normal
2026-05-29T11:40:12Z,0,,normal
2026-05-29T11:40:17Z,0,,normal
2026-05-29T11:40:22Z,0,,normal
2026-05-29T11:40:27Z,0,,normal
2026-05-29T11:40:32Z,0,,normal
2026-05-29T11:40:37Z,0,,normal
2026-05-29T11:40:42Z,0,,normal
2026-05-29T11:40:47Z,0,,normal
2026-05-29T11:40:52Z,0,,normal
2026-05-29T11:40:57Z,0,,normal
2026-05-29T11:41:02Z,0,,normal
2026-05-29T11:41:07Z,0,,normal
2026-05-29T11:41:12Z,0,,normal
2026-05-29T11:41:17Z,0,,normal
2026-05-29T11:41:22Z,0,,normal
2026-05-29T11:41:27Z,0,,normal
2026-05-29T11:41:32Z,0,,normal
2026-05-29T11:41:37Z,0,,normal
2026-05-29T11:41:42Z,0,,normal
2026-05-29T11:41:47Z,1,online_boutique_rca_2/INC-019,fault_effect
2026-05-29T11:41:52Z,1,online_boutique_rca_2/INC-019,fault_effect
2026-05-29T11:41:57Z,1,online_boutique_rca_2/INC-019,fault_effect
2026-05-29T11:42:02Z,1,online_boutique_rca_2/INC-019,fault_effect
2026-05-29T11:42:07Z,1,online_boutique_rca_2/INC-019,fault_effect
2026-05-29T11:42:12Z,1,online_boutique_rca_2/INC-019,fault_effect
2026-05-29T11:42:17Z,1,online_boutique_rca_2/INC-019,fault_effect
2026-05-29T11:42:22Z,1,online_boutique_rca_2/INC-019,fault_effect
2026-05-29T11:42:27Z,1,online_boutique_rca_2/INC-019,fault_effect
2026-05-29T11:42:32Z,1,online_boutique_rca_2/INC-019,fault_effect
2026-05-29T11:42:37Z,1,online_boutique_rca_2/INC-019,fault_effect
2026-05-29T11:42:42Z,1,online_boutique_rca_2/INC-019,fault_effect
2026-05-29T11:42:47Z,0,,normal
2026-05-29T11:42:52Z,0,,normal
2026-05-29T11:42:57Z,0,,normal
2026-05-29T11:43:02Z,0,,normal
2026-05-29T11:43:07Z,0,,normal
2026-05-29T11:43:12Z,0,,normal
2026-05-29T11:43:17Z,0,,normal
2026-05-29T11:43:22Z,0,,normal
2026-05-29T11:43:27Z,0,,normal
2026-05-29T11:43:32Z,0,,normal
2026-05-29T11:43:37Z,0,,normal
2026-05-29T11:43:42Z,0,,normal
2026-05-29T11:43:47Z,0,,normal
2026-05-29T11:43:52Z,0,,normal
2026-05-29T11:43:57Z,0,,normal
2026-05-29T11:44:02Z,0,,normal
2026-05-29T11:44:07Z,0,,normal
2026-05-29T11:44:12Z,0,,normal
2026-05-29T11:44:17Z,0,,normal
2026-05-29T11:44:22Z,0,,normal
2026-05-29T11:44:27Z,0,,normal
2026-05-29T11:44:32Z,0,,normal
2026-05-29T11:44:37Z,0,,normal
2026-05-29T11:44:42Z,0,,normal
2026-05-29T11:44:47Z,0,,normal
2026-05-29T11:44:52Z,0,,normal
2026-05-29T11:44:57Z,0,,normal
2026-05-29T11:45:02Z,0,,normal
2026-05-29T11:45:07Z,0,,normal
2026-05-29T11:45:12Z,0,,normal
2026-05-29T11:45:17Z,0,,normal
2026-05-29T11:45:22Z,0,,normal
2026-05-29T11:45:27Z,0,,normal
2026-05-29T11:45:32Z,0,,normal
2026-05-29T11:45:37Z,0,,normal
2026-05-29T11:45:42Z,0,,normal
2026-05-29T11:45:47Z,0,,normal
2026-05-29T11:45:52Z,0,,normal
2026-05-29T11:45:57Z,0,,normal
2026-05-29T11:46:02Z,0,,normal
2026-05-29T11:46:07Z,0,,normal
2026-05-29T11:46:12Z,0,,normal
2026-05-29T11:46:17Z,0,,normal
2026-05-29T11:46:22Z,0,,normal
2026-05-29T11:46:27Z,0,,normal
2026-05-29T11:46:32Z,0,,normal
2026-05-29T11:46:37Z,0,,normal
2026-05-29T11:46:42Z,0,,normal
2026-05-29T11:46:47Z,0,,normal
2026-05-29T11:46:52Z,0,,normal
2026-05-29T11:46:57Z,1,online_boutique_rca_2/INC-020,fault_effect
2026-05-29T11:47:02Z,1,online_boutique_rca_2/INC-020,fault_effect
2026-05-29T11:47:07Z,1,online_boutique_rca_2/INC-020,fault_effect
2026-05-29T11:47:12Z,1,online_boutique_rca_2/INC-020,fault_effect
2026-05-29T11:47:17Z,1,online_boutique_rca_2/INC-020,fault_effect
2026-05-29T11:47:22Z,1,online_boutique_rca_2/INC-020,fault_effect
2026-05-29T11:47:27Z,1,online_boutique_rca_2/INC-020,fault_effect
2026-05-29T11:47:32Z,1,online_boutique_rca_2/INC-020,fault_effect
2026-05-29T11:47:37Z,1,online_boutique_rca_2/INC-020,fault_effect
2026-05-29T11:47:42Z,1,online_boutique_rca_2/INC-020,fault_effect
2026-05-29T11:47:47Z,1,online_boutique_rca_2/INC-020,fault_effect
2026-05-29T11:47:52Z,0,,normal
2026-05-29T11:47:57Z,0,,normal
2026-05-29T11:48:02Z,0,,normal
2026-05-29T11:48:07Z,0,,normal
2026-05-29T11:48:12Z,0,,normal
2026-05-29T11:48:17Z,0,,normal
2026-05-29T11:48:22Z,0,,normal
2026-05-29T11:48:27Z,0,,normal
2026-05-29T11:48:32Z,0,,normal
2026-05-29T11:48:37Z,0,,normal
2026-05-29T11:48:42Z,0,,normal
2026-05-29T11:48:47Z,0,,normal
2026-05-29T11:48:52Z,0,,normal
2026-05-29T13:25:08Z,0,,normal
2026-05-29T13:25:13Z,0,,normal
2026-05-29T13:25:18Z,0,,normal
2026-05-29T13:25:23Z,0,,normal
2026-05-29T13:25:28Z,0,,normal
2026-05-29T13:25:33Z,0,,normal
2026-05-29T13:25:38Z,0,,normal
2026-05-29T13:25:43Z,0,,normal
2026-05-29T13:25:48Z,0,,normal
2026-05-29T13:25:53Z,0,,normal
2026-05-29T13:25:58Z,0,,normal
2026-05-29T13:26:03Z,0,,normal
2026-05-29T13:26:08Z,0,,normal
2026-05-29T13:26:13Z,0,,normal
2026-05-29T13:26:18Z,0,,normal
2026-05-29T13:26:23Z,0,,normal
2026-05-29T13:26:28Z,0,,normal
2026-05-29T13:26:33Z,0,,normal
2026-05-29T13:26:38Z,0,,normal
2026-05-29T13:26:43Z,0,,normal
2026-05-29T13:26:48Z,0,,normal
2026-05-29T13:26:53Z,0,,normal
2026-05-29T13:26:58Z,0,,normal
2026-05-29T13:27:03Z,0,,normal
2026-05-29T13:27:08Z,0,,normal
2026-05-29T13:27:13Z,0,,normal
2026-05-29T13:27:18Z,0,,normal
2026-05-29T13:27:23Z,0,,normal
2026-05-29T13:27:28Z,0,,normal
2026-05-29T13:27:33Z,0,,normal
2026-05-29T13:27:38Z,0,,normal
2026-05-29T13:27:43Z,0,,normal
2026-05-29T13:27:48Z,0,,normal
2026-05-29T13:27:53Z,0,,normal
2026-05-29T13:27:58Z,0,,normal
2026-05-29T13:28:03Z,0,,normal
2026-05-29T13:28:08Z,0,,normal
2026-05-29T13:28:13Z,0,,normal
2026-05-29T13:28:18Z,0,,normal
2026-05-29T13:28:23Z,0,,normal
2026-05-29T13:28:28Z,0,,normal
2026-05-29T13:28:33Z,0,,normal
2026-05-29T13:28:38Z,0,,normal
2026-05-29T13:28:43Z,0,,normal
2026-05-29T13:28:48Z,0,,normal
2026-05-29T13:28:53Z,0,,normal
2026-05-29T13:28:58Z,0,,normal
2026-05-29T13:29:03Z,0,,normal
2026-05-29T13:29:08Z,0,,normal
2026-05-29T13:29:13Z,0,,normal
2026-05-29T13:29:18Z,0,,normal
2026-05-29T13:29:23Z,0,,normal
2026-05-29T13:29:28Z,0,,normal
2026-05-29T13:29:33Z,0,,normal
2026-05-29T13:29:38Z,0,,normal
2026-05-29T13:29:43Z,0,,normal
2026-05-29T13:29:48Z,0,,normal
2026-05-29T13:29:53Z,0,,normal
2026-05-29T13:29:58Z,0,,normal
2026-05-29T13:30:03Z,0,,normal
2026-05-29T13:30:08Z,0,,normal
2026-05-29T13:30:13Z,0,,normal
2026-05-29T13:30:18Z,1,online_boutique_rca_3/INC-001,fault_effect
2026-05-29T13:30:23Z,1,online_boutique_rca_3/INC-001,fault_effect
2026-05-29T13:30:28Z,1,online_boutique_rca_3/INC-001,fault_effect
2026-05-29T13:30:33Z,1,online_boutique_rca_3/INC-001,fault_effect
2026-05-29T13:30:38Z,1,online_boutique_rca_3/INC-001,fault_effect
2026-05-29T13:30:43Z,1,online_boutique_rca_3/INC-001,fault_effect
2026-05-29T13:30:48Z,1,online_boutique_rca_3/INC-001,fault_effect
2026-05-29T13:30:53Z,1,online_boutique_rca_3/INC-001,fault_effect
2026-05-29T13:30:58Z,1,online_boutique_rca_3/INC-001,fault_effect
2026-05-29T13:31:03Z,1,online_boutique_rca_3/INC-001,fault_effect
2026-05-29T13:31:08Z,1,online_boutique_rca_3/INC-001,fault_effect
2026-05-29T13:31:13Z,0,,normal
2026-05-29T13:31:18Z,0,,normal
2026-05-29T13:31:23Z,0,,normal
2026-05-29T13:31:28Z,0,,normal
2026-05-29T13:31:33Z,0,,normal
2026-05-29T13:31:38Z,0,,normal
2026-05-29T13:31:43Z,0,,normal
2026-05-29T13:31:48Z,0,,normal
2026-05-29T13:31:53Z,0,,normal
2026-05-29T13:31:58Z,0,,normal
2026-05-29T13:32:03Z,0,,normal
2026-05-29T13:32:08Z,0,,normal
2026-05-29T13:32:13Z,0,,normal
2026-05-29T13:32:18Z,0,,normal
2026-05-29T13:32:23Z,0,,normal
2026-05-29T13:32:28Z,0,,normal
2026-05-29T13:32:33Z,0,,normal
2026-05-29T13:32:38Z,0,,normal
2026-05-29T13:32:43Z,0,,normal
2026-05-29T13:32:48Z,0,,normal
2026-05-29T13:32:53Z,0,,normal
2026-05-29T13:32:58Z,0,,normal
2026-05-29T13:33:03Z,0,,normal
2026-05-29T13:33:08Z,0,,normal
2026-05-29T13:33:13Z,0,,normal
2026-05-29T13:33:18Z,0,,normal
2026-05-29T13:33:23Z,0,,normal
2026-05-29T13:33:28Z,0,,normal
2026-05-29T13:33:33Z,0,,normal
2026-05-29T13:33:38Z,0,,normal
2026-05-29T13:33:43Z,0,,normal
2026-05-29T13:33:48Z,0,,normal
2026-05-29T13:33:53Z,0,,normal
2026-05-29T13:33:58Z,0,,normal
2026-05-29T13:34:03Z,0,,normal
2026-05-29T13:34:08Z,0,,normal
2026-05-29T13:34:13Z,0,,normal
2026-05-29T13:34:18Z,0,,normal
2026-05-29T13:34:23Z,0,,normal
2026-05-29T13:34:28Z,0,,normal
2026-05-29T13:34:33Z,0,,normal
2026-05-29T13:34:38Z,0,,normal
2026-05-29T13:34:43Z,0,,normal
2026-05-29T13:34:48Z,0,,normal
2026-05-29T13:34:53Z,0,,normal
2026-05-29T13:34:58Z,0,,normal
2026-05-29T13:35:03Z,0,,normal
2026-05-29T13:35:08Z,0,,normal
2026-05-29T13:35:13Z,0,,normal
2026-05-29T13:35:18Z,0,,normal
2026-05-29T13:35:23Z,0,,normal
2026-05-29T13:35:28Z,0,,normal
2026-05-29T13:35:33Z,0,,normal
2026-05-29T13:35:38Z,0,,normal
2026-05-29T13:35:43Z,0,,normal
2026-05-29T13:35:48Z,0,,normal
2026-05-29T13:35:53Z,0,,normal
2026-05-29T13:35:58Z,0,,normal
2026-05-29T13:36:03Z,0,,normal
2026-05-29T13:36:08Z,0,,normal
2026-05-29T13:36:13Z,0,,normal
2026-05-29T13:36:18Z,0,,normal
2026-05-29T13:36:23Z,0,,normal
2026-05-29T13:36:28Z,1,online_boutique_rca_3/INC-002,fault_effect
2026-05-29T13:36:33Z,1,online_boutique_rca_3/INC-002,fault_effect
2026-05-29T13:36:38Z,1,online_boutique_rca_3/INC-002,fault_effect
2026-05-29T13:36:43Z,1,online_boutique_rca_3/INC-002,fault_effect
2026-05-29T13:36:48Z,1,online_boutique_rca_3/INC-002,fault_effect
2026-05-29T13:36:53Z,1,online_boutique_rca_3/INC-002,fault_effect
2026-05-29T13:36:58Z,1,online_boutique_rca_3/INC-002,fault_effect
2026-05-29T13:37:03Z,1,online_boutique_rca_3/INC-002,fault_effect
2026-05-29T13:37:08Z,1,online_boutique_rca_3/INC-002,fault_effect
2026-05-29T13:37:13Z,1,online_boutique_rca_3/INC-002,fault_effect
2026-05-29T13:37:18Z,1,online_boutique_rca_3/INC-002,fault_effect
2026-05-29T13:37:23Z,0,,normal
2026-05-29T13:37:28Z,0,,normal
2026-05-29T13:37:33Z,0,,normal
2026-05-29T13:37:38Z,0,,normal
2026-05-29T13:37:43Z,0,,normal
2026-05-29T13:37:48Z,0,,normal
2026-05-29T13:37:53Z,0,,normal
2026-05-29T13:37:58Z,0,,normal
2026-05-29T13:38:03Z,0,,normal
2026-05-29T13:38:08Z,0,,normal
2026-05-29T13:38:13Z,0,,normal
2026-05-29T13:38:18Z,0,,normal
2026-05-29T13:38:23Z,0,,normal
2026-05-29T13:38:28Z,0,,normal
2026-05-29T13:38:33Z,0,,normal
2026-05-29T13:38:38Z,0,,normal
2026-05-29T13:38:43Z,0,,normal
2026-05-29T13:38:48Z,0,,normal
2026-05-29T13:38:53Z,0,,normal
2026-05-29T13:38:58Z,0,,normal
2026-05-29T13:39:03Z,0,,normal
2026-05-29T13:39:08Z,0,,normal
2026-05-29T13:39:13Z,0,,normal
2026-05-29T13:39:18Z,0,,normal
2026-05-29T13:39:23Z,0,,normal
2026-05-29T13:39:28Z,0,,normal
2026-05-29T13:39:33Z,0,,normal
2026-05-29T13:39:38Z,0,,normal
2026-05-29T13:39:43Z,0,,normal
2026-05-29T13:39:48Z,0,,normal
2026-05-29T13:39:53Z,0,,normal
2026-05-29T13:39:58Z,0,,normal
2026-05-29T13:40:03Z,0,,normal
2026-05-29T13:40:08Z,0,,normal
2026-05-29T13:40:13Z,0,,normal
2026-05-29T13:40:18Z,0,,normal
2026-05-29T13:40:23Z,0,,normal
2026-05-29T13:40:28Z,0,,normal
2026-05-29T13:40:33Z,0,,normal
2026-05-29T13:40:38Z,0,,normal
2026-05-29T13:40:43Z,0,,normal
2026-05-29T13:40:48Z,0,,normal
2026-05-29T13:40:53Z,0,,normal
2026-05-29T13:40:58Z,0,,normal
2026-05-29T13:41:03Z,0,,normal
2026-05-29T13:41:08Z,0,,normal
2026-05-29T13:41:13Z,0,,normal
2026-05-29T13:41:18Z,0,,normal
2026-05-29T13:41:23Z,0,,normal
2026-05-29T13:41:28Z,0,,normal
2026-05-29T13:41:33Z,0,,normal
2026-05-29T13:41:38Z,0,,normal
2026-05-29T13:41:43Z,0,,normal
2026-05-29T13:41:48Z,0,,normal
2026-05-29T13:41:53Z,0,,normal
2026-05-29T13:41:58Z,0,,normal
2026-05-29T13:42:03Z,0,,normal
2026-05-29T13:42:08Z,0,,normal
2026-05-29T13:42:13Z,0,,normal
2026-05-29T13:42:18Z,0,,normal
2026-05-29T13:42:23Z,0,,normal
2026-05-29T13:42:28Z,0,,normal
2026-05-29T13:42:33Z,0,,normal
2026-05-29T13:42:38Z,0,,normal
2026-05-29T13:42:43Z,0,,normal
2026-05-29T13:42:48Z,0,,normal
2026-05-29T13:42:53Z,0,,normal
2026-05-29T13:42:58Z,0,,normal
2026-05-29T13:43:03Z,0,,normal
2026-05-29T13:43:08Z,0,,normal
2026-05-29T13:43:13Z,0,,normal
2026-05-29T13:43:18Z,0,,normal
2026-05-29T13:43:23Z,0,,normal
2026-05-29T13:43:28Z,0,,normal
2026-05-29T13:43:33Z,0,,normal
2026-05-29T13:43:38Z,0,,normal
2026-05-29T13:43:43Z,0,,normal
2026-05-29T13:43:48Z,0,,normal
2026-05-29T13:43:53Z,0,,normal
2026-05-29T13:43:58Z,0,,normal
2026-05-29T13:44:03Z,1,online_boutique_rca_3/INC-003,fault_effect
2026-05-29T13:44:08Z,1,online_boutique_rca_3/INC-003,fault_effect
2026-05-29T13:44:13Z,1,online_boutique_rca_3/INC-003,fault_effect
2026-05-29T13:44:18Z,1,online_boutique_rca_3/INC-003,fault_effect
2026-05-29T13:44:23Z,1,online_boutique_rca_3/INC-003,fault_effect
2026-05-29T13:44:28Z,1,online_boutique_rca_3/INC-003,fault_effect
2026-05-29T13:44:33Z,1,online_boutique_rca_3/INC-003,fault_effect
2026-05-29T13:44:38Z,1,online_boutique_rca_3/INC-003,fault_effect
2026-05-29T13:44:43Z,1,online_boutique_rca_3/INC-003,fault_effect
2026-05-29T13:44:48Z,1,online_boutique_rca_3/INC-003,fault_effect
2026-05-29T13:44:53Z,1,online_boutique_rca_3/INC-003,fault_effect
2026-05-29T13:44:58Z,1,online_boutique_rca_3/INC-003,fault_effect
2026-05-29T13:45:03Z,0,,normal
2026-05-29T13:45:08Z,0,,normal
2026-05-29T13:45:13Z,0,,normal
2026-05-29T13:45:18Z,0,,normal
2026-05-29T13:45:23Z,0,,normal
2026-05-29T13:45:28Z,0,,normal
2026-05-29T13:45:33Z,0,,normal
2026-05-29T13:45:38Z,0,,normal
2026-05-29T13:45:43Z,0,,normal
2026-05-29T13:45:48Z,0,,normal
2026-05-29T13:45:53Z,0,,normal
2026-05-29T13:45:58Z,0,,normal
2026-05-29T13:46:03Z,0,,normal
2026-05-29T13:46:08Z,0,,normal
2026-05-29T13:46:13Z,0,,normal
2026-05-29T13:46:18Z,0,,normal
2026-05-29T13:46:23Z,0,,normal
2026-05-29T13:46:28Z,0,,normal
2026-05-29T13:46:33Z,0,,normal
2026-05-29T13:46:38Z,0,,normal
2026-05-29T13:46:43Z,0,,normal
2026-05-29T13:46:48Z,0,,normal
2026-05-29T13:46:53Z,0,,normal
2026-05-29T13:46:58Z,0,,normal
2026-05-29T13:47:03Z,0,,normal
2026-05-29T13:47:08Z,0,,normal
2026-05-29T13:47:13Z,0,,normal
2026-05-29T13:47:18Z,0,,normal
2026-05-29T13:47:23Z,0,,normal
2026-05-29T13:47:28Z,0,,normal
2026-05-29T13:47:33Z,0,,normal
2026-05-29T13:47:38Z,0,,normal
2026-05-29T13:47:43Z,0,,normal
2026-05-29T13:47:48Z,0,,normal
2026-05-29T13:47:53Z,0,,normal
2026-05-29T13:47:58Z,0,,normal
2026-05-29T13:48:03Z,0,,normal
2026-05-29T13:48:08Z,0,,normal
2026-05-29T13:48:13Z,0,,normal
2026-05-29T13:48:18Z,0,,normal
2026-05-29T13:48:23Z,0,,normal
2026-05-29T13:48:28Z,0,,normal
2026-05-29T13:48:33Z,0,,normal
2026-05-29T13:48:38Z,0,,normal
2026-05-29T13:48:43Z,0,,normal
2026-05-29T13:48:48Z,0,,normal
2026-05-29T13:48:53Z,0,,normal
2026-05-29T13:48:58Z,0,,normal
2026-05-29T13:49:03Z,1,online_boutique_rca_3/INC-004,fault_effect
2026-05-29T13:49:08Z,1,online_boutique_rca_3/INC-004,fault_effect
2026-05-29T13:49:13Z,1,online_boutique_rca_3/INC-004,fault_effect
2026-05-29T13:49:18Z,1,online_boutique_rca_3/INC-004,fault_effect
2026-05-29T13:49:23Z,1,online_boutique_rca_3/INC-004,fault_effect
2026-05-29T13:49:28Z,1,online_boutique_rca_3/INC-004,fault_effect
2026-05-29T13:49:33Z,1,online_boutique_rca_3/INC-004,fault_effect
2026-05-29T13:49:38Z,1,online_boutique_rca_3/INC-004,fault_effect
2026-05-29T13:49:43Z,1,online_boutique_rca_3/INC-004,fault_effect
2026-05-29T13:49:48Z,1,online_boutique_rca_3/INC-004,fault_effect
2026-05-29T13:49:53Z,1,online_boutique_rca_3/INC-004,fault_effect
2026-05-29T13:49:58Z,0,,normal
2026-05-29T13:50:03Z,0,,normal
2026-05-29T13:50:08Z,0,,normal
2026-05-29T13:50:13Z,0,,normal
2026-05-29T13:50:18Z,0,,normal
2026-05-29T13:50:23Z,0,,normal
2026-05-29T13:50:28Z,0,,normal
2026-05-29T13:50:33Z,0,,normal
2026-05-29T13:50:38Z,0,,normal
2026-05-29T13:50:43Z,0,,normal
2026-05-29T13:50:48Z,0,,normal
2026-05-29T13:50:53Z,0,,normal
2026-05-29T13:50:58Z,0,,normal
2026-05-29T13:51:03Z,0,,normal
2026-05-29T13:51:08Z,0,,normal
2026-05-29T13:51:13Z,0,,normal
2026-05-29T13:51:18Z,0,,normal
2026-05-29T13:51:23Z,0,,normal
2026-05-29T13:51:28Z,0,,normal
2026-05-29T13:51:33Z,0,,normal
2026-05-29T13:51:38Z,0,,normal
2026-05-29T13:51:43Z,0,,normal
2026-05-29T13:51:48Z,0,,normal
2026-05-29T13:51:53Z,0,,normal
2026-05-29T13:51:58Z,0,,normal
2026-05-29T13:52:03Z,0,,normal
2026-05-29T13:52:08Z,0,,normal
2026-05-29T13:52:13Z,0,,normal
2026-05-29T13:52:18Z,0,,normal
2026-05-29T13:52:23Z,0,,normal
2026-05-29T13:52:28Z,0,,normal
2026-05-29T13:52:33Z,0,,normal
2026-05-29T13:52:38Z,0,,normal
2026-05-29T13:52:43Z,0,,normal
2026-05-29T13:52:48Z,0,,normal
2026-05-29T13:52:53Z,0,,normal
2026-05-29T13:52:58Z,0,,normal
2026-05-29T13:53:03Z,0,,normal
2026-05-29T13:53:08Z,0,,normal
2026-05-29T13:53:13Z,0,,normal
2026-05-29T13:53:18Z,0,,normal
2026-05-29T13:53:23Z,0,,normal
2026-05-29T13:53:28Z,0,,normal
2026-05-29T13:53:33Z,0,,normal
2026-05-29T13:53:38Z,0,,normal
2026-05-29T13:53:43Z,0,,normal
2026-05-29T13:53:48Z,0,,normal
2026-05-29T13:53:53Z,0,,normal
2026-05-29T13:53:58Z,0,,normal
2026-05-29T13:54:03Z,0,,normal
2026-05-29T13:54:08Z,0,,normal
2026-05-29T13:54:13Z,0,,normal
2026-05-29T13:54:18Z,0,,normal
2026-05-29T13:54:23Z,0,,normal
2026-05-29T13:54:28Z,0,,normal
2026-05-29T13:54:33Z,0,,normal
2026-05-29T13:54:38Z,0,,normal
2026-05-29T13:54:43Z,0,,normal
2026-05-29T13:54:48Z,0,,normal
2026-05-29T13:54:53Z,0,,normal
2026-05-29T13:54:58Z,0,,normal
2026-05-29T13:55:03Z,0,,normal
2026-05-29T13:55:08Z,0,,normal
2026-05-29T13:55:13Z,0,,normal
2026-05-29T13:55:18Z,0,,normal
2026-05-29T13:55:23Z,0,,normal
2026-05-29T13:55:28Z,0,,normal
2026-05-29T13:55:33Z,0,,normal
2026-05-29T13:55:38Z,0,,normal
2026-05-29T13:55:43Z,0,,normal
2026-05-29T13:55:48Z,0,,normal
2026-05-29T13:55:53Z,0,,normal
2026-05-29T13:55:58Z,0,,normal
2026-05-29T13:56:03Z,0,,normal
2026-05-29T13:56:08Z,0,,normal
2026-05-29T13:56:13Z,0,,normal
2026-05-29T13:56:18Z,1,online_boutique_rca_3/INC-005,fault_effect
2026-05-29T13:56:23Z,1,online_boutique_rca_3/INC-005,fault_effect
2026-05-29T13:56:28Z,1,online_boutique_rca_3/INC-005,fault_effect
2026-05-29T13:56:33Z,1,online_boutique_rca_3/INC-005,fault_effect
2026-05-29T13:56:38Z,1,online_boutique_rca_3/INC-005,fault_effect
2026-05-29T13:56:43Z,1,online_boutique_rca_3/INC-005,fault_effect
2026-05-29T13:56:48Z,1,online_boutique_rca_3/INC-005,fault_effect
2026-05-29T13:56:53Z,1,online_boutique_rca_3/INC-005,fault_effect
2026-05-29T13:56:58Z,1,online_boutique_rca_3/INC-005,fault_effect
2026-05-29T13:57:03Z,1,online_boutique_rca_3/INC-005,fault_effect
2026-05-29T13:57:08Z,1,online_boutique_rca_3/INC-005,fault_effect
2026-05-29T13:57:13Z,1,online_boutique_rca_3/INC-005,fault_effect
2026-05-29T13:57:18Z,0,,normal
2026-05-29T13:57:23Z,0,,normal
2026-05-29T13:57:28Z,0,,normal
2026-05-29T13:57:33Z,0,,normal
2026-05-29T13:57:38Z,0,,normal
2026-05-29T13:57:43Z,0,,normal
2026-05-29T13:57:48Z,0,,normal
2026-05-29T13:57:53Z,0,,normal
2026-05-29T13:57:58Z,0,,normal
2026-05-29T13:58:03Z,0,,normal
2026-05-29T13:58:08Z,0,,normal
2026-05-29T13:58:13Z,0,,normal
2026-05-29T13:58:18Z,0,,normal
2026-05-29T13:58:23Z,0,,normal
2026-05-29T13:58:28Z,0,,normal
2026-05-29T13:58:33Z,0,,normal
2026-05-29T13:58:38Z,0,,normal
2026-05-29T13:58:43Z,0,,normal
2026-05-29T13:58:48Z,0,,normal
2026-05-29T13:58:53Z,0,,normal
2026-05-29T13:58:58Z,0,,normal
2026-05-29T13:59:03Z,0,,normal
2026-05-29T13:59:08Z,0,,normal
2026-05-29T13:59:13Z,0,,normal
2026-05-29T13:59:18Z,0,,normal
2026-05-29T13:59:23Z,0,,normal
2026-05-29T13:59:28Z,0,,normal
2026-05-29T13:59:33Z,0,,normal
2026-05-29T13:59:38Z,0,,normal
2026-05-29T13:59:43Z,0,,normal
2026-05-29T13:59:48Z,0,,normal
2026-05-29T13:59:53Z,0,,normal
2026-05-29T13:59:58Z,0,,normal
2026-05-29T14:00:03Z,0,,normal
2026-05-29T14:00:08Z,0,,normal
2026-05-29T14:00:13Z,0,,normal
2026-05-29T14:00:18Z,0,,normal
2026-05-29T14:00:23Z,0,,normal
2026-05-29T14:00:28Z,0,,normal
2026-05-29T14:00:33Z,0,,normal
2026-05-29T14:00:38Z,0,,normal
2026-05-29T14:00:43Z,0,,normal
2026-05-29T14:00:48Z,0,,normal
2026-05-29T14:00:53Z,0,,normal
2026-05-29T14:00:58Z,0,,normal
2026-05-29T14:01:03Z,0,,normal
2026-05-29T14:01:08Z,0,,normal
2026-05-29T14:01:13Z,0,,normal
2026-05-29T14:01:18Z,0,,normal
2026-05-29T14:01:23Z,0,,normal
2026-05-29T14:01:28Z,0,,normal
2026-05-29T14:01:33Z,0,,normal
2026-05-29T14:01:38Z,0,,normal
2026-05-29T14:01:43Z,1,online_boutique_rca_3/INC-006,fault_effect
2026-05-29T14:01:48Z,1,online_boutique_rca_3/INC-006,fault_effect
2026-05-29T14:01:53Z,1,online_boutique_rca_3/INC-006,fault_effect
2026-05-29T14:01:58Z,1,online_boutique_rca_3/INC-006,fault_effect
2026-05-29T14:02:03Z,1,online_boutique_rca_3/INC-006,fault_effect
2026-05-29T14:02:08Z,1,online_boutique_rca_3/INC-006,fault_effect
2026-05-29T14:02:13Z,1,online_boutique_rca_3/INC-006,fault_effect
2026-05-29T14:02:18Z,1,online_boutique_rca_3/INC-006,fault_effect
2026-05-29T14:02:23Z,1,online_boutique_rca_3/INC-006,fault_effect
2026-05-29T14:02:28Z,1,online_boutique_rca_3/INC-006,fault_effect
2026-05-29T14:02:33Z,1,online_boutique_rca_3/INC-006,fault_effect
2026-05-29T14:02:38Z,0,,normal
2026-05-29T14:02:43Z,0,,normal
2026-05-29T14:02:48Z,0,,normal
2026-05-29T14:02:53Z,0,,normal
2026-05-29T14:02:58Z,0,,normal
2026-05-29T14:03:03Z,0,,normal
2026-05-29T14:03:08Z,0,,normal
2026-05-29T14:03:13Z,0,,normal
2026-05-29T14:03:18Z,0,,normal
2026-05-29T14:03:23Z,0,,normal
2026-05-29T14:03:28Z,0,,normal
2026-05-29T14:03:33Z,0,,normal
2026-05-29T14:03:38Z,0,,normal
2026-05-29T14:03:43Z,0,,normal
2026-05-29T14:03:48Z,0,,normal
2026-05-29T14:03:53Z,0,,normal
2026-05-29T14:03:58Z,0,,normal
2026-05-29T14:04:03Z,0,,normal
2026-05-29T14:04:08Z,0,,normal
2026-05-29T14:04:13Z,0,,normal
2026-05-29T14:04:18Z,0,,normal
2026-05-29T14:04:23Z,0,,normal
2026-05-29T14:04:28Z,0,,normal
2026-05-29T14:04:33Z,0,,normal
2026-05-29T14:04:38Z,0,,normal
2026-05-29T14:04:43Z,0,,normal
2026-05-29T14:04:48Z,0,,normal
2026-05-29T14:04:53Z,0,,normal
2026-05-29T14:04:58Z,0,,normal
2026-05-29T14:05:03Z,0,,normal
2026-05-29T14:05:08Z,0,,normal
2026-05-29T14:05:13Z,0,,normal
2026-05-29T14:05:18Z,0,,normal
2026-05-29T14:05:23Z,0,,normal
2026-05-29T14:05:28Z,0,,normal
2026-05-29T14:05:33Z,0,,normal
2026-05-29T14:05:38Z,0,,normal
2026-05-29T14:05:43Z,0,,normal
2026-05-29T14:05:48Z,0,,normal
2026-05-29T14:05:53Z,0,,normal
2026-05-29T14:05:58Z,0,,normal
2026-05-29T14:06:03Z,0,,normal
2026-05-29T14:06:08Z,0,,normal
2026-05-29T14:06:13Z,0,,normal
2026-05-29T14:06:18Z,0,,normal
2026-05-29T14:06:23Z,0,,normal
2026-05-29T14:06:28Z,0,,normal
2026-05-29T14:06:33Z,0,,normal
2026-05-29T14:06:38Z,0,,normal
2026-05-29T14:06:43Z,0,,normal
2026-05-29T14:06:48Z,0,,normal
2026-05-29T14:06:53Z,0,,normal
2026-05-29T14:06:58Z,0,,normal
2026-05-29T14:07:03Z,0,,normal
2026-05-29T14:07:08Z,0,,normal
2026-05-29T14:07:13Z,0,,normal
2026-05-29T14:07:18Z,0,,normal
2026-05-29T14:07:23Z,0,,normal
2026-05-29T14:07:28Z,0,,normal
2026-05-29T14:07:33Z,0,,normal
2026-05-29T14:07:38Z,0,,normal
2026-05-29T14:07:43Z,0,,normal
2026-05-29T14:07:48Z,0,,normal
2026-05-29T14:07:53Z,0,,normal
2026-05-29T14:07:58Z,0,,normal
2026-05-29T14:08:03Z,0,,normal
2026-05-29T14:08:08Z,0,,normal
2026-05-29T14:08:13Z,0,,normal
2026-05-29T14:08:18Z,0,,normal
2026-05-29T14:08:23Z,0,,normal
2026-05-29T14:08:28Z,0,,normal
2026-05-29T14:08:33Z,0,,normal
2026-05-29T14:08:38Z,0,,normal
2026-05-29T14:08:43Z,0,,normal
2026-05-29T14:08:48Z,1,online_boutique_rca_3/INC-007,fault_effect
2026-05-29T14:08:53Z,1,online_boutique_rca_3/INC-007,fault_effect
2026-05-29T14:08:58Z,1,online_boutique_rca_3/INC-007,fault_effect
2026-05-29T14:09:03Z,1,online_boutique_rca_3/INC-007,fault_effect
2026-05-29T14:09:08Z,1,online_boutique_rca_3/INC-007,fault_effect
2026-05-29T14:09:13Z,1,online_boutique_rca_3/INC-007,fault_effect
2026-05-29T14:09:18Z,1,online_boutique_rca_3/INC-007,fault_effect
2026-05-29T14:09:23Z,1,online_boutique_rca_3/INC-007,fault_effect
2026-05-29T14:09:28Z,1,online_boutique_rca_3/INC-007,fault_effect
2026-05-29T14:09:33Z,1,online_boutique_rca_3/INC-007,fault_effect
2026-05-29T14:09:38Z,1,online_boutique_rca_3/INC-007,fault_effect
2026-05-29T14:09:43Z,1,online_boutique_rca_3/INC-007,fault_effect
2026-05-29T14:09:48Z,0,,normal
2026-05-29T14:09:53Z,0,,normal
2026-05-29T14:09:58Z,0,,normal
2026-05-29T14:10:03Z,0,,normal
2026-05-29T14:10:08Z,0,,normal
2026-05-29T14:10:13Z,0,,normal
2026-05-29T14:10:18Z,0,,normal
2026-05-29T14:10:23Z,0,,normal
2026-05-29T14:10:28Z,0,,normal
2026-05-29T14:10:33Z,0,,normal
2026-05-29T14:10:38Z,0,,normal
2026-05-29T14:10:43Z,0,,normal
2026-05-29T14:10:48Z,0,,normal
2026-05-29T14:10:53Z,0,,normal
2026-05-29T14:10:58Z,0,,normal
2026-05-29T14:11:03Z,0,,normal
2026-05-29T14:11:08Z,0,,normal
2026-05-29T14:11:13Z,0,,normal
2026-05-29T14:11:18Z,0,,normal
2026-05-29T14:11:23Z,0,,normal
2026-05-29T14:11:28Z,0,,normal
2026-05-29T14:11:33Z,0,,normal
2026-05-29T14:11:38Z,0,,normal
2026-05-29T14:11:43Z,0,,normal
2026-05-29T14:11:48Z,0,,normal
2026-05-29T14:11:53Z,0,,normal
2026-05-29T14:11:58Z,0,,normal
2026-05-29T14:12:03Z,0,,normal
2026-05-29T14:12:08Z,0,,normal
2026-05-29T14:12:13Z,0,,normal
2026-05-29T14:12:18Z,0,,normal
2026-05-29T14:12:23Z,0,,normal
2026-05-29T14:12:28Z,0,,normal
2026-05-29T14:12:33Z,0,,normal
2026-05-29T14:12:38Z,0,,normal
2026-05-29T14:12:43Z,0,,normal
2026-05-29T14:12:48Z,0,,normal
2026-05-29T14:12:53Z,0,,normal
2026-05-29T14:12:58Z,0,,normal
2026-05-29T14:13:03Z,0,,normal
2026-05-29T14:13:08Z,0,,normal
2026-05-29T14:13:13Z,0,,normal
2026-05-29T14:13:18Z,0,,normal
2026-05-29T14:13:23Z,1,online_boutique_rca_3/INC-008,fault_effect
2026-05-29T14:13:28Z,1,online_boutique_rca_3/INC-008,fault_effect
2026-05-29T14:13:33Z,1,online_boutique_rca_3/INC-008,fault_effect
2026-05-29T14:13:38Z,1,online_boutique_rca_3/INC-008,fault_effect
2026-05-29T14:13:43Z,1,online_boutique_rca_3/INC-008,fault_effect
2026-05-29T14:13:48Z,1,online_boutique_rca_3/INC-008,fault_effect
2026-05-29T14:13:53Z,1,online_boutique_rca_3/INC-008,fault_effect
2026-05-29T14:13:58Z,1,online_boutique_rca_3/INC-008,fault_effect
2026-05-29T14:14:03Z,1,online_boutique_rca_3/INC-008,fault_effect
2026-05-29T14:14:08Z,1,online_boutique_rca_3/INC-008,fault_effect
2026-05-29T14:14:13Z,1,online_boutique_rca_3/INC-008,fault_effect
2026-05-29T14:14:18Z,1,online_boutique_rca_3/INC-008,fault_effect
2026-05-29T14:14:23Z,0,,normal
2026-05-29T14:14:28Z,0,,normal
2026-05-29T14:14:33Z,0,,normal
2026-05-29T14:14:38Z,0,,normal
2026-05-29T14:14:43Z,0,,normal
2026-05-29T14:14:48Z,0,,normal
2026-05-29T14:14:53Z,0,,normal
2026-05-29T14:14:58Z,0,,normal
2026-05-29T14:15:03Z,0,,normal
2026-05-29T14:15:08Z,0,,normal
2026-05-29T14:15:13Z,0,,normal
2026-05-29T14:15:18Z,0,,normal
2026-05-29T14:15:23Z,0,,normal
2026-05-29T14:15:28Z,0,,normal
2026-05-29T14:15:33Z,0,,normal
2026-05-29T14:15:38Z,0,,normal
2026-05-29T14:15:43Z,0,,normal
2026-05-29T14:15:48Z,0,,normal
2026-05-29T14:15:53Z,0,,normal
2026-05-29T14:15:58Z,0,,normal
2026-05-29T14:16:03Z,0,,normal
2026-05-29T14:16:08Z,0,,normal
2026-05-29T14:16:13Z,0,,normal
2026-05-29T14:16:18Z,0,,normal
2026-05-29T14:16:23Z,0,,normal
2026-05-29T14:16:28Z,0,,normal
2026-05-29T14:16:33Z,0,,normal
2026-05-29T14:16:38Z,0,,normal
2026-05-29T14:16:43Z,0,,normal
2026-05-29T14:16:48Z,0,,normal
2026-05-29T14:16:53Z,0,,normal
2026-05-29T14:16:58Z,0,,normal
2026-05-29T14:17:03Z,0,,normal
2026-05-29T14:17:08Z,0,,normal
2026-05-29T14:17:13Z,0,,normal
2026-05-29T14:17:18Z,0,,normal
2026-05-29T14:17:23Z,0,,normal
2026-05-29T14:17:28Z,0,,normal
2026-05-29T14:17:33Z,0,,normal
2026-05-29T14:17:38Z,0,,normal
2026-05-29T14:17:43Z,0,,normal
2026-05-29T14:17:48Z,0,,normal
2026-05-29T14:17:53Z,0,,normal
2026-05-29T14:17:58Z,0,,normal
2026-05-29T14:18:03Z,0,,normal
2026-05-29T14:18:08Z,0,,normal
2026-05-29T14:18:13Z,0,,normal
2026-05-29T14:18:18Z,0,,normal
2026-05-29T14:18:23Z,0,,normal
2026-05-29T14:18:28Z,0,,normal
2026-05-29T14:18:33Z,0,,normal
2026-05-29T14:18:38Z,0,,normal
2026-05-29T14:18:43Z,0,,normal
2026-05-29T14:18:48Z,0,,normal
2026-05-29T14:18:53Z,0,,normal
2026-05-29T14:18:58Z,0,,normal
2026-05-29T14:19:03Z,0,,normal
2026-05-29T14:19:08Z,0,,normal
2026-05-29T14:19:13Z,0,,normal
2026-05-29T14:19:18Z,0,,normal
2026-05-29T14:19:23Z,0,,normal
2026-05-29T14:19:28Z,0,,normal
2026-05-29T14:19:33Z,0,,normal
2026-05-29T14:19:38Z,0,,normal
2026-05-29T14:19:43Z,0,,normal
2026-05-29T14:19:48Z,0,,normal
2026-05-29T14:19:53Z,0,,normal
2026-05-29T14:19:58Z,0,,normal
2026-05-29T14:20:03Z,0,,normal
2026-05-29T14:20:08Z,0,,normal
2026-05-29T14:20:13Z,0,,normal
2026-05-29T14:20:18Z,0,,normal
2026-05-29T14:20:23Z,0,,normal
2026-05-29T14:20:28Z,0,,normal
2026-05-29T14:20:33Z,0,,normal
2026-05-29T14:20:38Z,0,,normal
2026-05-29T14:20:43Z,0,,normal
2026-05-29T14:20:48Z,0,,normal
2026-05-29T14:20:53Z,0,,normal
2026-05-29T14:20:58Z,0,,normal
2026-05-29T14:21:03Z,0,,normal
2026-05-29T14:21:08Z,0,,normal
2026-05-29T14:21:13Z,0,,normal
2026-05-29T14:21:18Z,0,,normal
2026-05-29T14:21:23Z,1,online_boutique_rca_3/INC-009,fault_effect
2026-05-29T14:21:28Z,1,online_boutique_rca_3/INC-009,fault_effect
2026-05-29T14:21:33Z,1,online_boutique_rca_3/INC-009,fault_effect
2026-05-29T14:21:38Z,1,online_boutique_rca_3/INC-009,fault_effect
2026-05-29T14:21:43Z,1,online_boutique_rca_3/INC-009,fault_effect
2026-05-29T14:21:48Z,1,online_boutique_rca_3/INC-009,fault_effect
2026-05-29T14:21:53Z,1,online_boutique_rca_3/INC-009,fault_effect
2026-05-29T14:21:58Z,1,online_boutique_rca_3/INC-009,fault_effect
2026-05-29T14:22:03Z,1,online_boutique_rca_3/INC-009,fault_effect
2026-05-29T14:22:08Z,1,online_boutique_rca_3/INC-009,fault_effect
2026-05-29T14:22:13Z,1,online_boutique_rca_3/INC-009,fault_effect
2026-05-29T14:22:18Z,0,,normal
2026-05-29T14:22:23Z,0,,normal
2026-05-29T14:22:28Z,0,,normal
2026-05-29T14:22:33Z,0,,normal
2026-05-29T14:22:38Z,0,,normal
2026-05-29T14:22:43Z,0,,normal
2026-05-29T14:22:48Z,0,,normal
2026-05-29T14:22:53Z,0,,normal
2026-05-29T14:22:58Z,0,,normal
2026-05-29T14:23:03Z,0,,normal
2026-05-29T14:23:08Z,0,,normal
2026-05-29T14:23:13Z,0,,normal
2026-05-29T14:23:18Z,0,,normal
2026-05-29T14:23:23Z,0,,normal
2026-05-29T14:23:28Z,0,,normal
2026-05-29T14:23:33Z,0,,normal
2026-05-29T14:23:38Z,0,,normal
2026-05-29T14:23:43Z,0,,normal
2026-05-29T14:23:48Z,0,,normal
2026-05-29T14:23:53Z,0,,normal
2026-05-29T14:23:58Z,0,,normal
2026-05-29T14:24:03Z,0,,normal
2026-05-29T14:24:08Z,0,,normal
2026-05-29T14:24:13Z,0,,normal
2026-05-29T14:24:18Z,0,,normal
2026-05-29T14:24:23Z,0,,normal
2026-05-29T14:24:28Z,0,,normal
2026-05-29T14:24:33Z,0,,normal
2026-05-29T14:24:38Z,0,,normal
2026-05-29T14:24:43Z,0,,normal
2026-05-29T14:24:48Z,0,,normal
2026-05-29T14:24:53Z,0,,normal
2026-05-29T14:24:58Z,0,,normal
2026-05-29T14:25:03Z,0,,normal
2026-05-29T14:25:08Z,0,,normal
2026-05-29T14:25:13Z,0,,normal
2026-05-29T14:25:18Z,0,,normal
2026-05-29T14:25:23Z,0,,normal
2026-05-29T14:25:28Z,0,,normal
2026-05-29T14:25:33Z,0,,normal
2026-05-29T14:25:38Z,0,,normal
2026-05-29T14:25:43Z,0,,normal
2026-05-29T14:25:48Z,0,,normal
2026-05-29T14:25:53Z,0,,normal
2026-05-29T14:25:58Z,0,,normal
2026-05-29T14:26:03Z,0,,normal
2026-05-29T14:26:08Z,0,,normal
2026-05-29T14:26:13Z,0,,normal
2026-05-29T14:26:18Z,1,online_boutique_rca_3/INC-010,fault_effect
2026-05-29T14:26:23Z,1,online_boutique_rca_3/INC-010,fault_effect
2026-05-29T14:26:28Z,1,online_boutique_rca_3/INC-010,fault_effect
2026-05-29T14:26:33Z,1,online_boutique_rca_3/INC-010,fault_effect
2026-05-29T14:26:38Z,1,online_boutique_rca_3/INC-010,fault_effect
2026-05-29T14:26:43Z,1,online_boutique_rca_3/INC-010,fault_effect
2026-05-29T14:26:48Z,1,online_boutique_rca_3/INC-010,fault_effect
2026-05-29T14:26:53Z,1,online_boutique_rca_3/INC-010,fault_effect
2026-05-29T14:26:58Z,1,online_boutique_rca_3/INC-010,fault_effect
2026-05-29T14:27:03Z,1,online_boutique_rca_3/INC-010,fault_effect
2026-05-29T14:27:08Z,1,online_boutique_rca_3/INC-010,fault_effect
2026-05-29T14:27:13Z,0,,normal
2026-05-29T14:27:18Z,0,,normal
2026-05-29T14:27:23Z,0,,normal
2026-05-29T14:27:28Z,0,,normal
2026-05-29T14:27:33Z,0,,normal
2026-05-29T14:27:38Z,0,,normal
2026-05-29T14:27:43Z,0,,normal
2026-05-29T14:27:48Z,0,,normal
2026-05-29T14:27:53Z,0,,normal
2026-05-29T14:27:58Z,0,,normal
2026-05-29T14:28:03Z,0,,normal
2026-05-29T14:28:08Z,0,,normal
2026-05-29T14:28:13Z,0,,normal
2026-05-29T14:28:18Z,0,,normal
2026-05-29T14:28:23Z,0,,normal
2026-05-29T14:28:28Z,0,,normal
2026-05-29T14:28:33Z,0,,normal
2026-05-29T14:28:38Z,0,,normal
2026-05-29T14:28:43Z,0,,normal
2026-05-29T14:28:48Z,0,,normal
2026-05-29T14:28:53Z,0,,normal
2026-05-29T14:28:58Z,0,,normal
2026-05-29T14:29:03Z,0,,normal
2026-05-29T14:29:08Z,0,,normal
2026-05-29T14:29:13Z,0,,normal
2026-05-29T14:29:18Z,0,,normal
2026-05-29T14:29:23Z,0,,normal
2026-05-29T14:29:28Z,0,,normal
2026-05-29T14:29:33Z,0,,normal
2026-05-29T14:29:38Z,0,,normal
2026-05-29T14:29:43Z,0,,normal
2026-05-29T14:29:48Z,0,,normal
2026-05-29T14:29:53Z,0,,normal
2026-05-29T14:29:58Z,0,,normal
2026-05-29T14:30:03Z,0,,normal
2026-05-29T14:30:08Z,0,,normal
2026-05-29T14:30:13Z,0,,normal
2026-05-29T14:30:18Z,0,,normal
2026-05-29T14:30:23Z,0,,normal
2026-05-29T14:30:28Z,0,,normal
2026-05-29T14:30:33Z,0,,normal
2026-05-29T14:30:38Z,0,,normal
2026-05-29T14:30:43Z,0,,normal
2026-05-29T14:30:48Z,0,,normal
2026-05-29T14:30:53Z,0,,normal
2026-05-29T14:30:58Z,0,,normal
2026-05-29T14:31:03Z,0,,normal
2026-05-29T14:31:08Z,0,,normal
2026-05-29T14:31:13Z,0,,normal
2026-05-29T14:31:18Z,0,,normal
2026-05-29T14:31:23Z,0,,normal
2026-05-29T14:31:28Z,0,,normal
2026-05-29T14:31:33Z,0,,normal
2026-05-29T14:31:38Z,0,,normal
2026-05-29T14:31:43Z,0,,normal
2026-05-29T14:31:48Z,0,,normal
2026-05-29T14:31:53Z,0,,normal
2026-05-29T14:31:58Z,0,,normal
2026-05-29T14:32:03Z,0,,normal
2026-05-29T14:32:08Z,0,,normal
2026-05-29T14:32:13Z,0,,normal
2026-05-29T14:32:18Z,0,,normal
2026-05-29T14:32:23Z,0,,normal
2026-05-29T14:32:28Z,0,,normal
2026-05-29T14:32:33Z,0,,normal
2026-05-29T14:32:38Z,0,,normal
2026-05-29T14:32:43Z,0,,normal
2026-05-29T14:32:48Z,0,,normal
2026-05-29T14:32:53Z,0,,normal
2026-05-29T14:32:58Z,0,,normal
2026-05-29T14:33:03Z,0,,normal
2026-05-29T14:33:08Z,0,,normal
2026-05-29T14:33:13Z,0,,normal
2026-05-29T14:33:18Z,0,,normal
2026-05-29T14:33:23Z,0,,normal
2026-05-29T14:33:28Z,0,,normal
2026-05-29T14:33:33Z,0,,normal
2026-05-29T14:33:38Z,0,,normal
2026-05-29T14:33:43Z,0,,normal
2026-05-29T14:33:48Z,0,,normal
2026-05-29T14:33:53Z,0,,normal
2026-05-29T14:33:58Z,0,,normal
2026-05-29T14:34:03Z,0,,normal
2026-05-29T14:34:08Z,0,,normal
2026-05-29T14:34:13Z,1,online_boutique_rca_3/INC-011,fault_effect
2026-05-29T14:34:18Z,1,online_boutique_rca_3/INC-011,fault_effect
2026-05-29T14:34:23Z,1,online_boutique_rca_3/INC-011,fault_effect
2026-05-29T14:34:28Z,1,online_boutique_rca_3/INC-011,fault_effect
2026-05-29T14:34:33Z,1,online_boutique_rca_3/INC-011,fault_effect
2026-05-29T14:34:38Z,1,online_boutique_rca_3/INC-011,fault_effect
2026-05-29T14:34:43Z,1,online_boutique_rca_3/INC-011,fault_effect
2026-05-29T14:34:48Z,1,online_boutique_rca_3/INC-011,fault_effect
2026-05-29T14:34:53Z,1,online_boutique_rca_3/INC-011,fault_effect
2026-05-29T14:34:58Z,1,online_boutique_rca_3/INC-011,fault_effect
2026-05-29T14:35:03Z,1,online_boutique_rca_3/INC-011,fault_effect
2026-05-29T14:35:08Z,1,online_boutique_rca_3/INC-011,fault_effect
2026-05-29T14:35:13Z,0,,normal
2026-05-29T14:35:18Z,0,,normal
2026-05-29T14:35:23Z,0,,normal
2026-05-29T14:35:28Z,0,,normal
2026-05-29T14:35:33Z,0,,normal
2026-05-29T14:35:38Z,0,,normal
2026-05-29T14:35:43Z,0,,normal
2026-05-29T14:35:48Z,0,,normal
2026-05-29T14:35:53Z,0,,normal
2026-05-29T14:35:58Z,0,,normal
2026-05-29T14:36:03Z,0,,normal
2026-05-29T14:36:08Z,0,,normal
2026-05-29T14:36:13Z,0,,normal
2026-05-29T14:36:18Z,0,,normal
2026-05-29T14:36:23Z,0,,normal
2026-05-29T14:36:28Z,0,,normal
2026-05-29T14:36:33Z,0,,normal
2026-05-29T14:36:38Z,0,,normal
2026-05-29T14:36:43Z,0,,normal
2026-05-29T14:36:48Z,0,,normal
2026-05-29T14:36:53Z,0,,normal
2026-05-29T14:36:58Z,0,,normal
2026-05-29T14:37:03Z,0,,normal
2026-05-29T14:37:08Z,0,,normal
2026-05-29T14:37:13Z,0,,normal
2026-05-29T14:37:18Z,0,,normal
2026-05-29T14:37:23Z,0,,normal
2026-05-29T14:37:28Z,0,,normal
2026-05-29T14:37:33Z,0,,normal
2026-05-29T14:37:38Z,0,,normal
2026-05-29T14:37:43Z,0,,normal
2026-05-29T14:37:48Z,0,,normal
2026-05-29T14:37:53Z,0,,normal
2026-05-29T14:37:58Z,0,,normal
2026-05-29T14:38:03Z,0,,normal
2026-05-29T14:38:08Z,0,,normal
2026-05-29T14:38:13Z,0,,normal
2026-05-29T14:38:18Z,0,,normal
2026-05-29T14:38:23Z,0,,normal
2026-05-29T14:38:28Z,0,,normal
2026-05-29T14:38:33Z,0,,normal
2026-05-29T14:38:38Z,0,,normal
2026-05-29T14:38:43Z,0,,normal
2026-05-29T14:38:48Z,0,,normal
2026-05-29T14:38:53Z,0,,normal
2026-05-29T14:38:58Z,0,,normal
2026-05-29T14:39:03Z,0,,normal
2026-05-29T14:39:08Z,0,,normal
2026-05-29T14:39:13Z,0,,normal
2026-05-29T14:39:18Z,0,,normal
2026-05-29T14:39:23Z,0,,normal
2026-05-29T14:39:28Z,0,,normal
2026-05-29T14:39:33Z,0,,normal
2026-05-29T14:39:38Z,0,,normal
2026-05-29T14:39:43Z,0,,normal
2026-05-29T14:39:48Z,0,,normal
2026-05-29T14:39:53Z,0,,normal
2026-05-29T14:39:58Z,0,,normal
2026-05-29T14:40:03Z,0,,normal
2026-05-29T14:40:08Z,1,online_boutique_rca_3/INC-012,fault_effect
2026-05-29T14:40:13Z,1,online_boutique_rca_3/INC-012,fault_effect
2026-05-29T14:40:18Z,1,online_boutique_rca_3/INC-012,fault_effect
2026-05-29T14:40:23Z,1,online_boutique_rca_3/INC-012,fault_effect
2026-05-29T14:40:28Z,1,online_boutique_rca_3/INC-012,fault_effect
2026-05-29T14:40:33Z,1,online_boutique_rca_3/INC-012,fault_effect
2026-05-29T14:40:38Z,1,online_boutique_rca_3/INC-012,fault_effect
2026-05-29T14:40:43Z,1,online_boutique_rca_3/INC-012,fault_effect
2026-05-29T14:40:48Z,1,online_boutique_rca_3/INC-012,fault_effect
2026-05-29T14:40:53Z,1,online_boutique_rca_3/INC-012,fault_effect
2026-05-29T14:40:58Z,1,online_boutique_rca_3/INC-012,fault_effect
2026-05-29T14:41:03Z,0,,normal
2026-05-29T14:41:08Z,0,,normal
2026-05-29T14:41:13Z,0,,normal
2026-05-29T14:41:18Z,0,,normal
2026-05-29T14:41:23Z,0,,normal
2026-05-29T14:41:28Z,0,,normal
2026-05-29T14:41:33Z,0,,normal
2026-05-29T14:41:38Z,0,,normal
2026-05-29T14:41:43Z,0,,normal
2026-05-29T14:41:48Z,0,,normal
2026-05-29T14:41:53Z,0,,normal
2026-05-29T14:41:58Z,0,,normal
2026-05-29T14:42:03Z,0,,normal
2026-05-29T14:42:08Z,0,,normal
2026-05-29T14:42:13Z,0,,normal
2026-05-29T14:42:18Z,0,,normal
2026-05-29T14:42:23Z,0,,normal
2026-05-29T14:42:28Z,0,,normal
2026-05-29T14:42:33Z,0,,normal
2026-05-29T14:42:38Z,0,,normal
2026-05-29T14:42:43Z,0,,normal
2026-05-29T14:42:48Z,0,,normal
2026-05-29T14:42:53Z,0,,normal
2026-05-29T14:42:58Z,0,,normal
2026-05-29T14:43:03Z,0,,normal
2026-05-29T14:43:08Z,0,,normal
2026-05-29T14:43:13Z,0,,normal
2026-05-29T14:43:18Z,0,,normal
2026-05-29T14:43:23Z,0,,normal
2026-05-29T14:43:28Z,0,,normal
2026-05-29T14:43:33Z,0,,normal
2026-05-29T14:43:38Z,0,,normal
2026-05-29T14:43:43Z,0,,normal
2026-05-29T14:43:48Z,0,,normal
2026-05-29T14:43:53Z,0,,normal
2026-05-29T14:43:58Z,0,,normal
2026-05-29T14:44:03Z,0,,normal
2026-05-29T14:44:08Z,0,,normal
2026-05-29T14:44:13Z,0,,normal
2026-05-29T14:44:18Z,0,,normal
2026-05-29T14:44:23Z,0,,normal
2026-05-29T14:44:28Z,0,,normal
2026-05-29T14:44:33Z,0,,normal
2026-05-29T14:44:38Z,0,,normal
2026-05-29T14:44:43Z,0,,normal
2026-05-29T14:44:48Z,0,,normal
2026-05-29T14:44:53Z,0,,normal
2026-05-29T14:44:58Z,0,,normal
2026-05-29T14:45:03Z,0,,normal
2026-05-29T14:45:08Z,0,,normal
2026-05-29T14:45:13Z,0,,normal
2026-05-29T14:45:18Z,0,,normal
2026-05-29T14:45:23Z,0,,normal
2026-05-29T14:45:28Z,0,,normal
2026-05-29T14:45:33Z,0,,normal
2026-05-29T14:45:38Z,0,,normal
2026-05-29T14:45:43Z,0,,normal
2026-05-29T14:45:48Z,0,,normal
2026-05-29T14:45:53Z,0,,normal
2026-05-29T14:45:58Z,0,,normal
2026-05-29T14:46:03Z,0,,normal
2026-05-29T14:46:08Z,0,,normal
2026-05-29T14:46:13Z,0,,normal
2026-05-29T14:46:18Z,0,,normal
2026-05-29T14:46:23Z,0,,normal
2026-05-29T14:46:28Z,0,,normal
2026-05-29T14:46:33Z,0,,normal
2026-05-29T14:46:38Z,0,,normal
2026-05-29T14:46:43Z,0,,normal
2026-05-29T14:46:48Z,0,,normal
2026-05-29T14:46:53Z,0,,normal
2026-05-29T14:46:58Z,0,,normal
2026-05-29T14:47:03Z,0,,normal
2026-05-29T14:47:08Z,0,,normal
2026-05-29T14:47:13Z,0,,normal
2026-05-29T14:47:18Z,0,,normal
2026-05-29T14:47:23Z,0,,normal
2026-05-29T14:47:28Z,0,,normal
2026-05-29T14:47:33Z,0,,normal
2026-05-29T14:47:38Z,0,,normal
2026-05-29T14:47:43Z,0,,normal
2026-05-29T14:47:48Z,0,,normal
2026-05-29T14:47:53Z,0,,normal
2026-05-29T14:47:58Z,0,,normal
2026-05-29T14:48:03Z,0,,normal
2026-05-29T14:48:08Z,0,,normal
2026-05-29T14:48:13Z,0,,normal
2026-05-29T14:48:18Z,0,,normal
2026-05-29T14:48:23Z,1,online_boutique_rca_3/INC-013,fault_effect
2026-05-29T14:48:28Z,1,online_boutique_rca_3/INC-013,fault_effect
2026-05-29T14:48:33Z,1,online_boutique_rca_3/INC-013,fault_effect
2026-05-29T14:48:38Z,1,online_boutique_rca_3/INC-013,fault_effect
2026-05-29T14:48:43Z,1,online_boutique_rca_3/INC-013,fault_effect
2026-05-29T14:48:48Z,1,online_boutique_rca_3/INC-013,fault_effect
2026-05-29T14:48:53Z,1,online_boutique_rca_3/INC-013,fault_effect
2026-05-29T14:48:58Z,1,online_boutique_rca_3/INC-013,fault_effect
2026-05-29T14:49:03Z,1,online_boutique_rca_3/INC-013,fault_effect
2026-05-29T14:49:08Z,1,online_boutique_rca_3/INC-013,fault_effect
2026-05-29T14:49:13Z,1,online_boutique_rca_3/INC-013,fault_effect
2026-05-29T14:49:18Z,1,online_boutique_rca_3/INC-013,fault_effect
2026-05-29T14:49:23Z,0,,normal
2026-05-29T14:49:28Z,0,,normal
2026-05-29T14:49:33Z,0,,normal
2026-05-29T14:49:38Z,0,,normal
2026-05-29T14:49:43Z,0,,normal
2026-05-29T14:49:48Z,0,,normal
2026-05-29T14:49:53Z,0,,normal
2026-05-29T14:49:58Z,0,,normal
2026-05-29T14:50:03Z,0,,normal
2026-05-29T14:50:08Z,0,,normal
2026-05-29T14:50:13Z,0,,normal
2026-05-29T14:50:18Z,0,,normal
2026-05-29T14:50:23Z,0,,normal
2026-05-29T14:50:28Z,0,,normal
2026-05-29T14:50:33Z,0,,normal
2026-05-29T14:50:38Z,0,,normal
2026-05-29T14:50:43Z,0,,normal
2026-05-29T14:50:48Z,0,,normal
2026-05-29T14:50:53Z,0,,normal
2026-05-29T14:50:58Z,0,,normal
2026-05-29T14:51:03Z,0,,normal
2026-05-29T14:51:08Z,0,,normal
2026-05-29T14:51:13Z,0,,normal
2026-05-29T14:51:18Z,0,,normal
2026-05-29T14:51:23Z,0,,normal
2026-05-29T14:51:28Z,0,,normal
2026-05-29T14:51:33Z,0,,normal
2026-05-29T14:51:38Z,0,,normal
2026-05-29T14:51:43Z,0,,normal
2026-05-29T14:51:48Z,0,,normal
2026-05-29T14:51:53Z,0,,normal
2026-05-29T14:51:58Z,0,,normal
2026-05-29T14:52:03Z,0,,normal
2026-05-29T14:52:08Z,0,,normal
2026-05-29T14:52:13Z,0,,normal
2026-05-29T14:52:18Z,0,,normal
2026-05-29T14:52:23Z,0,,normal
2026-05-29T14:52:28Z,0,,normal
2026-05-29T14:52:33Z,0,,normal
2026-05-29T14:52:38Z,0,,normal
2026-05-29T14:52:43Z,0,,normal
2026-05-29T14:52:48Z,0,,normal
2026-05-29T14:52:53Z,0,,normal
2026-05-29T14:52:58Z,0,,normal
2026-05-29T14:53:03Z,0,,normal
2026-05-29T14:53:08Z,0,,normal
2026-05-29T14:53:13Z,0,,normal
2026-05-29T14:53:18Z,0,,normal
2026-05-29T14:53:23Z,0,,normal
2026-05-29T14:53:28Z,1,online_boutique_rca_3/INC-014,fault_effect
2026-05-29T14:53:33Z,1,online_boutique_rca_3/INC-014,fault_effect
2026-05-29T14:53:38Z,1,online_boutique_rca_3/INC-014,fault_effect
2026-05-29T14:53:43Z,1,online_boutique_rca_3/INC-014,fault_effect
2026-05-29T14:53:48Z,1,online_boutique_rca_3/INC-014,fault_effect
2026-05-29T14:53:53Z,1,online_boutique_rca_3/INC-014,fault_effect
2026-05-29T14:53:58Z,1,online_boutique_rca_3/INC-014,fault_effect
2026-05-29T14:54:03Z,1,online_boutique_rca_3/INC-014,fault_effect
2026-05-29T14:54:08Z,1,online_boutique_rca_3/INC-014,fault_effect
2026-05-29T14:54:13Z,1,online_boutique_rca_3/INC-014,fault_effect
2026-05-29T14:54:18Z,1,online_boutique_rca_3/INC-014,fault_effect
2026-05-29T14:54:23Z,0,,normal
2026-05-29T14:54:28Z,0,,normal
2026-05-29T14:54:33Z,0,,normal
2026-05-29T14:54:38Z,0,,normal
2026-05-29T14:54:43Z,0,,normal
2026-05-29T14:54:48Z,0,,normal
2026-05-29T14:54:53Z,0,,normal
2026-05-29T14:54:58Z,0,,normal
2026-05-29T14:55:03Z,0,,normal
2026-05-29T14:55:08Z,0,,normal
2026-05-29T14:55:13Z,0,,normal
2026-05-29T14:55:18Z,0,,normal
2026-05-29T14:55:23Z,0,,normal
2026-05-29T14:55:28Z,0,,normal
2026-05-29T14:55:33Z,0,,normal
2026-05-29T14:55:38Z,0,,normal
2026-05-29T14:55:43Z,0,,normal
2026-05-29T14:55:48Z,0,,normal
2026-05-29T14:55:53Z,0,,normal
2026-05-29T14:55:58Z,0,,normal
2026-05-29T14:56:03Z,0,,normal
2026-05-29T14:56:08Z,0,,normal
2026-05-29T14:56:13Z,0,,normal
2026-05-29T14:56:18Z,0,,normal
2026-05-29T14:56:23Z,0,,normal
2026-05-29T14:56:28Z,0,,normal
2026-05-29T14:56:33Z,0,,normal
2026-05-29T14:56:38Z,0,,normal
2026-05-29T14:56:43Z,0,,normal
2026-05-29T14:56:48Z,0,,normal
2026-05-29T14:56:53Z,0,,normal
2026-05-29T14:56:58Z,0,,normal
2026-05-29T14:57:03Z,0,,normal
2026-05-29T14:57:08Z,0,,normal
2026-05-29T14:57:13Z,0,,normal
2026-05-29T14:57:18Z,0,,normal
2026-05-29T14:57:23Z,0,,normal
2026-05-29T14:57:28Z,0,,normal
2026-05-29T14:57:33Z,0,,normal
2026-05-29T14:57:38Z,0,,normal
2026-05-29T14:57:43Z,0,,normal
2026-05-29T14:57:48Z,0,,normal
2026-05-29T14:57:53Z,0,,normal
2026-05-29T14:57:58Z,0,,normal
2026-05-29T14:58:03Z,0,,normal
2026-05-29T14:58:08Z,0,,normal
2026-05-29T14:58:13Z,0,,normal
2026-05-29T14:58:18Z,0,,normal
2026-05-29T14:58:23Z,0,,normal
2026-05-29T14:58:28Z,0,,normal
2026-05-29T14:58:33Z,0,,normal
2026-05-29T14:58:38Z,0,,normal
2026-05-29T14:58:43Z,0,,normal
2026-05-29T14:58:48Z,0,,normal
2026-05-29T14:58:53Z,0,,normal
2026-05-29T14:58:58Z,0,,normal
2026-05-29T14:59:03Z,0,,normal
2026-05-29T14:59:08Z,0,,normal
2026-05-29T14:59:13Z,0,,normal
2026-05-29T14:59:18Z,0,,normal
2026-05-29T14:59:23Z,0,,normal
2026-05-29T14:59:28Z,0,,normal
2026-05-29T14:59:33Z,0,,normal
2026-05-29T14:59:38Z,0,,normal
2026-05-29T14:59:43Z,0,,normal
2026-05-29T14:59:48Z,0,,normal
2026-05-29T14:59:53Z,0,,normal
2026-05-29T14:59:58Z,0,,normal
2026-05-29T15:00:03Z,0,,normal
2026-05-29T15:00:08Z,0,,normal
2026-05-29T15:00:13Z,0,,normal
2026-05-29T15:00:18Z,0,,normal
2026-05-29T15:00:23Z,0,,normal
2026-05-29T15:00:28Z,0,,normal
2026-05-29T15:00:33Z,0,,normal
2026-05-29T15:00:38Z,0,,normal
2026-05-29T15:00:43Z,0,,normal
2026-05-29T15:00:48Z,0,,normal
2026-05-29T15:00:53Z,0,,normal
2026-05-29T15:00:58Z,0,,normal
2026-05-29T15:01:03Z,0,,normal
2026-05-29T15:01:08Z,0,,normal
2026-05-29T15:01:13Z,0,,normal
2026-05-29T15:01:18Z,0,,normal
2026-05-29T15:01:23Z,0,,normal
2026-05-29T15:01:28Z,0,,normal
2026-05-29T15:01:33Z,0,,normal
2026-05-29T15:01:38Z,0,,normal
2026-05-29T15:01:43Z,0,,normal
2026-05-29T15:01:48Z,0,,normal
2026-05-29T15:01:53Z,0,,normal
2026-05-29T15:01:58Z,0,,normal
2026-05-29T15:02:03Z,0,,normal
2026-05-29T15:02:08Z,0,,normal
2026-05-29T15:02:13Z,0,,normal
2026-05-29T15:02:18Z,0,,normal
2026-05-29T15:02:23Z,1,online_boutique_rca_3/INC-015,fault_effect
2026-05-29T15:02:28Z,1,online_boutique_rca_3/INC-015,fault_effect
2026-05-29T15:02:33Z,1,online_boutique_rca_3/INC-015,fault_effect
2026-05-29T15:02:38Z,1,online_boutique_rca_3/INC-015,fault_effect
2026-05-29T15:02:43Z,1,online_boutique_rca_3/INC-015,fault_effect
2026-05-29T15:02:48Z,1,online_boutique_rca_3/INC-015,fault_effect
2026-05-29T15:02:53Z,1,online_boutique_rca_3/INC-015,fault_effect
2026-05-29T15:02:58Z,1,online_boutique_rca_3/INC-015,fault_effect
2026-05-29T15:03:03Z,1,online_boutique_rca_3/INC-015,fault_effect
2026-05-29T15:03:08Z,1,online_boutique_rca_3/INC-015,fault_effect
2026-05-29T15:03:13Z,1,online_boutique_rca_3/INC-015,fault_effect
2026-05-29T15:03:18Z,0,,normal
2026-05-29T15:03:23Z,0,,normal
2026-05-29T15:03:28Z,0,,normal
2026-05-29T15:03:33Z,0,,normal
2026-05-29T15:03:38Z,0,,normal
2026-05-29T15:03:43Z,0,,normal
2026-05-29T15:03:48Z,0,,normal
2026-05-29T15:03:53Z,0,,normal
2026-05-29T15:03:58Z,0,,normal
2026-05-29T15:04:03Z,0,,normal
2026-05-29T15:04:08Z,0,,normal
2026-05-29T15:04:13Z,0,,normal
2026-05-29T15:04:18Z,0,,normal
2026-05-29T15:04:23Z,0,,normal
2026-05-29T15:04:28Z,0,,normal
2026-05-29T15:04:33Z,0,,normal
2026-05-29T15:04:38Z,0,,normal
2026-05-29T15:04:43Z,0,,normal
2026-05-29T15:04:48Z,0,,normal
2026-05-29T15:04:53Z,0,,normal
2026-05-29T15:04:58Z,0,,normal
2026-05-29T15:05:03Z,0,,normal
2026-05-29T15:05:08Z,0,,normal
2026-05-29T15:05:13Z,0,,normal
2026-05-29T15:05:18Z,0,,normal
2026-05-29T15:05:23Z,0,,normal
2026-05-29T15:05:28Z,0,,normal
2026-05-29T15:05:33Z,0,,normal
2026-05-29T15:05:38Z,0,,normal
2026-05-29T15:05:43Z,0,,normal
2026-05-29T15:05:48Z,0,,normal
2026-05-29T15:05:53Z,0,,normal
2026-05-29T15:05:58Z,0,,normal
2026-05-29T15:06:03Z,0,,normal
2026-05-29T15:06:08Z,0,,normal
2026-05-29T15:06:13Z,0,,normal
2026-05-29T15:06:18Z,0,,normal
2026-05-29T15:06:23Z,0,,normal
2026-05-29T15:06:28Z,0,,normal
2026-05-29T15:06:33Z,0,,normal
2026-05-29T15:06:38Z,0,,normal
2026-05-29T15:06:43Z,0,,normal
2026-05-29T15:06:48Z,0,,normal
2026-05-29T15:06:53Z,0,,normal
2026-05-29T15:06:58Z,0,,normal
2026-05-29T15:07:03Z,0,,normal
2026-05-29T15:07:08Z,0,,normal
2026-05-29T15:07:13Z,0,,normal
2026-05-29T15:07:18Z,0,,normal
2026-05-29T15:07:23Z,0,,normal
2026-05-29T15:07:28Z,0,,normal
2026-05-29T15:07:33Z,0,,normal
2026-05-29T15:07:38Z,0,,normal
2026-05-29T15:07:43Z,0,,normal
2026-05-29T15:07:48Z,0,,normal
2026-05-29T15:07:53Z,0,,normal
2026-05-29T15:07:58Z,0,,normal
2026-05-29T15:08:03Z,0,,normal
2026-05-29T15:08:08Z,0,,normal
2026-05-29T15:08:13Z,0,,normal
2026-05-29T15:08:18Z,1,online_boutique_rca_3/INC-016,fault_effect
2026-05-29T15:08:23Z,1,online_boutique_rca_3/INC-016,fault_effect
2026-05-29T15:08:28Z,1,online_boutique_rca_3/INC-016,fault_effect
2026-05-29T15:08:33Z,1,online_boutique_rca_3/INC-016,fault_effect
2026-05-29T15:08:38Z,1,online_boutique_rca_3/INC-016,fault_effect
2026-05-29T15:08:43Z,1,online_boutique_rca_3/INC-016,fault_effect
2026-05-29T15:08:48Z,1,online_boutique_rca_3/INC-016,fault_effect
2026-05-29T15:08:53Z,1,online_boutique_rca_3/INC-016,fault_effect
2026-05-29T15:08:58Z,1,online_boutique_rca_3/INC-016,fault_effect
2026-05-29T15:09:03Z,1,online_boutique_rca_3/INC-016,fault_effect
2026-05-29T15:09:08Z,1,online_boutique_rca_3/INC-016,fault_effect
2026-05-29T15:09:13Z,0,,normal
2026-05-29T15:09:18Z,0,,normal
2026-05-29T15:09:23Z,0,,normal
2026-05-29T15:09:28Z,0,,normal
2026-05-29T15:09:33Z,0,,normal
2026-05-29T15:09:38Z,0,,normal
2026-05-29T15:09:43Z,0,,normal
2026-05-29T15:09:48Z,0,,normal
2026-05-29T15:09:53Z,0,,normal
2026-05-29T15:09:58Z,0,,normal
2026-05-29T15:10:03Z,0,,normal
2026-05-29T15:10:08Z,0,,normal
2026-05-29T15:10:13Z,0,,normal
2026-05-29T15:10:18Z,0,,normal
2026-05-29T15:10:23Z,0,,normal
2026-05-29T15:10:28Z,0,,normal
2026-05-29T15:10:33Z,0,,normal
2026-05-29T15:10:38Z,0,,normal
2026-05-29T15:10:43Z,0,,normal
2026-05-29T15:10:48Z,0,,normal
2026-05-29T15:10:53Z,0,,normal
2026-05-29T15:10:58Z,0,,normal
2026-05-29T15:11:03Z,0,,normal
2026-05-29T15:11:08Z,0,,normal
2026-05-29T15:11:13Z,0,,normal
2026-05-29T15:11:18Z,0,,normal
2026-05-29T15:11:23Z,0,,normal
2026-05-29T15:11:28Z,0,,normal
2026-05-29T15:11:33Z,0,,normal
2026-05-29T15:11:38Z,0,,normal
2026-05-29T15:11:43Z,0,,normal
2026-05-29T15:11:48Z,0,,normal
2026-05-29T15:11:53Z,0,,normal
2026-05-29T15:11:58Z,0,,normal
2026-05-29T15:12:03Z,0,,normal
2026-05-29T15:12:08Z,0,,normal
2026-05-29T15:12:13Z,0,,normal
2026-05-29T15:12:18Z,0,,normal
2026-05-29T15:12:23Z,0,,normal
2026-05-29T15:12:28Z,0,,normal
2026-05-29T15:12:33Z,0,,normal
2026-05-29T15:12:38Z,0,,normal
2026-05-29T15:12:43Z,0,,normal
2026-05-29T15:12:48Z,0,,normal
2026-05-29T15:12:53Z,0,,normal
2026-05-29T15:12:58Z,0,,normal
2026-05-29T15:13:03Z,0,,normal
2026-05-29T15:13:08Z,0,,normal
2026-05-29T15:13:13Z,0,,normal
2026-05-29T15:13:18Z,0,,normal
2026-05-29T15:13:23Z,0,,normal
2026-05-29T15:13:28Z,0,,normal
2026-05-29T15:13:33Z,0,,normal
2026-05-29T15:13:38Z,0,,normal
2026-05-29T15:13:43Z,0,,normal
2026-05-29T15:13:48Z,0,,normal
2026-05-29T15:13:53Z,0,,normal
2026-05-29T15:13:58Z,0,,normal
2026-05-29T15:14:03Z,0,,normal
2026-05-29T15:14:08Z,0,,normal
2026-05-29T15:14:13Z,0,,normal
2026-05-29T15:14:18Z,0,,normal
2026-05-29T15:14:23Z,0,,normal
2026-05-29T15:14:28Z,0,,normal
2026-05-29T15:14:33Z,0,,normal
2026-05-29T15:14:38Z,0,,normal
2026-05-29T15:14:43Z,0,,normal
2026-05-29T15:14:48Z,0,,normal
2026-05-29T15:14:53Z,0,,normal
2026-05-29T15:14:58Z,0,,normal
2026-05-29T15:15:03Z,0,,normal
2026-05-29T15:15:08Z,0,,normal
2026-05-29T15:15:13Z,0,,normal
2026-05-29T15:15:18Z,0,,normal
2026-05-29T15:15:23Z,0,,normal
2026-05-29T15:15:28Z,0,,normal
2026-05-29T15:15:33Z,0,,normal
2026-05-29T15:15:38Z,1,online_boutique_rca_3/INC-017,fault_effect
2026-05-29T15:15:43Z,1,online_boutique_rca_3/INC-017,fault_effect
2026-05-29T15:15:48Z,1,online_boutique_rca_3/INC-017,fault_effect
2026-05-29T15:15:53Z,1,online_boutique_rca_3/INC-017,fault_effect
2026-05-29T15:15:58Z,1,online_boutique_rca_3/INC-017,fault_effect
2026-05-29T15:16:03Z,1,online_boutique_rca_3/INC-017,fault_effect
2026-05-29T15:16:08Z,1,online_boutique_rca_3/INC-017,fault_effect
2026-05-29T15:16:13Z,1,online_boutique_rca_3/INC-017,fault_effect
2026-05-29T15:16:18Z,1,online_boutique_rca_3/INC-017,fault_effect
2026-05-29T15:16:23Z,1,online_boutique_rca_3/INC-017,fault_effect
2026-05-29T15:16:28Z,1,online_boutique_rca_3/INC-017,fault_effect
2026-05-29T15:16:33Z,0,,normal
2026-05-29T15:16:38Z,0,,normal
2026-05-29T15:16:43Z,0,,normal
2026-05-29T15:16:48Z,0,,normal
2026-05-29T15:16:53Z,0,,normal
2026-05-29T15:16:58Z,0,,normal
2026-05-29T15:17:03Z,0,,normal
2026-05-29T15:17:08Z,0,,normal
2026-05-29T15:17:13Z,0,,normal
2026-05-29T15:17:18Z,0,,normal
2026-05-29T15:17:23Z,0,,normal
2026-05-29T15:17:28Z,0,,normal
2026-05-29T15:17:33Z,0,,normal
2026-05-29T15:17:38Z,0,,normal
2026-05-29T15:17:43Z,0,,normal
2026-05-29T15:17:48Z,0,,normal
2026-05-29T15:17:53Z,0,,normal
2026-05-29T15:17:58Z,0,,normal
2026-05-29T15:18:03Z,0,,normal
2026-05-29T15:18:08Z,0,,normal
2026-05-29T15:18:13Z,0,,normal
2026-05-29T15:18:18Z,0,,normal
2026-05-29T15:18:23Z,0,,normal
2026-05-29T15:18:28Z,0,,normal
2026-05-29T15:18:33Z,0,,normal
2026-05-29T15:18:38Z,0,,normal
2026-05-29T15:18:43Z,0,,normal
2026-05-29T15:18:48Z,0,,normal
2026-05-29T15:18:53Z,0,,normal
2026-05-29T15:18:58Z,0,,normal
2026-05-29T15:19:03Z,0,,normal
2026-05-29T15:19:08Z,0,,normal
2026-05-29T15:19:13Z,0,,normal
2026-05-29T15:19:18Z,0,,normal
2026-05-29T15:19:23Z,0,,normal
2026-05-29T15:19:28Z,0,,normal
2026-05-29T15:19:33Z,0,,normal
2026-05-29T15:19:38Z,0,,normal
2026-05-29T15:19:43Z,0,,normal
2026-05-29T15:19:48Z,0,,normal
2026-05-29T15:19:53Z,0,,normal
2026-05-29T15:19:58Z,0,,normal
2026-05-29T15:20:03Z,0,,normal
2026-05-29T15:20:08Z,0,,normal
2026-05-29T15:20:13Z,0,,normal
2026-05-29T15:20:18Z,0,,normal
2026-05-29T15:20:23Z,0,,normal
2026-05-29T15:20:28Z,0,,normal
2026-05-29T15:20:33Z,0,,normal
2026-05-29T15:20:38Z,0,,normal
2026-05-29T15:20:43Z,0,,normal
2026-05-29T15:20:48Z,0,,normal
2026-05-29T15:20:53Z,0,,normal
2026-05-29T15:20:58Z,0,,normal
2026-05-29T15:21:03Z,0,,normal
2026-05-29T15:21:08Z,0,,normal
2026-05-29T15:21:13Z,0,,normal
2026-05-29T15:21:18Z,0,,normal
2026-05-29T15:21:23Z,0,,normal
2026-05-29T15:21:28Z,0,,normal
2026-05-29T15:21:33Z,0,,normal
2026-05-29T15:21:38Z,0,,normal
2026-05-29T15:21:43Z,0,,normal
2026-05-29T15:21:48Z,0,,normal
2026-05-29T15:21:53Z,0,,normal
2026-05-29T15:21:58Z,0,,normal
2026-05-29T15:22:03Z,1,online_boutique_rca_3/INC-018,fault_effect
2026-05-29T15:22:08Z,1,online_boutique_rca_3/INC-018,fault_effect
2026-05-29T15:22:13Z,1,online_boutique_rca_3/INC-018,fault_effect
2026-05-29T15:22:18Z,1,online_boutique_rca_3/INC-018,fault_effect
2026-05-29T15:22:23Z,1,online_boutique_rca_3/INC-018,fault_effect
2026-05-29T15:22:28Z,1,online_boutique_rca_3/INC-018,fault_effect
2026-05-29T15:22:33Z,1,online_boutique_rca_3/INC-018,fault_effect
2026-05-29T15:22:38Z,1,online_boutique_rca_3/INC-018,fault_effect
2026-05-29T15:22:43Z,1,online_boutique_rca_3/INC-018,fault_effect
2026-05-29T15:22:48Z,1,online_boutique_rca_3/INC-018,fault_effect
2026-05-29T15:22:53Z,1,online_boutique_rca_3/INC-018,fault_effect
2026-05-29T15:22:58Z,1,online_boutique_rca_3/INC-018,fault_effect
2026-05-29T15:23:03Z,0,,normal
2026-05-29T15:23:08Z,0,,normal
2026-05-29T15:23:13Z,0,,normal
2026-05-29T15:23:18Z,0,,normal
2026-05-29T15:23:23Z,0,,normal
2026-05-29T15:23:28Z,0,,normal
2026-05-29T15:23:33Z,0,,normal
2026-05-29T15:23:38Z,0,,normal
2026-05-29T15:23:43Z,0,,normal
2026-05-29T15:23:48Z,0,,normal
2026-05-29T15:23:53Z,0,,normal
2026-05-29T15:23:58Z,0,,normal
2026-05-29T15:24:03Z,0,,normal
2026-05-29T15:24:08Z,0,,normal
2026-05-29T15:24:13Z,0,,normal
2026-05-29T15:24:18Z,0,,normal
2026-05-29T15:24:23Z,0,,normal
2026-05-29T15:24:28Z,0,,normal
2026-05-29T15:24:33Z,0,,normal
2026-05-29T15:24:38Z,0,,normal
2026-05-29T15:24:43Z,0,,normal
2026-05-29T15:24:48Z,0,,normal
2026-05-29T15:24:53Z,0,,normal
2026-05-29T15:24:58Z,0,,normal
2026-05-29T15:25:03Z,0,,normal
2026-05-29T15:25:08Z,0,,normal
2026-05-29T15:25:13Z,0,,normal
2026-05-29T15:25:18Z,0,,normal
2026-05-29T15:25:23Z,0,,normal
2026-05-29T15:25:28Z,0,,normal
2026-05-29T15:25:33Z,0,,normal
2026-05-29T15:25:38Z,0,,normal
2026-05-29T15:25:43Z,0,,normal
2026-05-29T15:25:48Z,0,,normal
2026-05-29T15:25:53Z,0,,normal
2026-05-29T15:25:58Z,0,,normal
2026-05-29T15:26:03Z,0,,normal
2026-05-29T15:26:08Z,0,,normal
2026-05-29T15:26:13Z,0,,normal
2026-05-29T15:26:18Z,0,,normal
2026-05-29T15:26:23Z,0,,normal
2026-05-29T15:26:28Z,0,,normal
2026-05-29T15:26:33Z,0,,normal
2026-05-29T15:26:38Z,0,,normal
2026-05-29T15:26:43Z,0,,normal
2026-05-29T15:26:48Z,0,,normal
2026-05-29T15:26:53Z,0,,normal
2026-05-29T15:26:58Z,0,,normal
2026-05-29T15:27:03Z,0,,normal
2026-05-29T15:27:08Z,0,,normal
2026-05-29T15:27:13Z,0,,normal
2026-05-29T15:27:18Z,0,,normal
2026-05-29T15:27:23Z,0,,normal
2026-05-29T15:27:28Z,0,,normal
2026-05-29T15:27:33Z,0,,normal
2026-05-29T15:27:38Z,0,,normal
2026-05-29T15:27:43Z,0,,normal
2026-05-29T15:27:48Z,0,,normal
2026-05-29T15:27:53Z,0,,normal
2026-05-29T15:27:58Z,0,,normal
2026-05-29T15:28:03Z,0,,normal
2026-05-29T15:28:08Z,0,,normal
2026-05-29T15:28:13Z,0,,normal
2026-05-29T15:28:18Z,0,,normal
2026-05-29T15:28:23Z,0,,normal
2026-05-29T15:28:28Z,0,,normal
2026-05-29T15:28:33Z,0,,normal
2026-05-29T15:28:38Z,0,,normal
2026-05-29T15:28:43Z,0,,normal
2026-05-29T15:28:48Z,0,,normal
2026-05-29T15:28:53Z,0,,normal
2026-05-29T15:28:58Z,0,,normal
2026-05-29T15:29:03Z,0,,normal
2026-05-29T15:29:08Z,0,,normal
2026-05-29T15:29:13Z,0,,normal
2026-05-29T15:29:18Z,0,,normal
2026-05-29T15:29:23Z,0,,normal
2026-05-29T15:29:28Z,0,,normal
2026-05-29T15:29:33Z,0,,normal
2026-05-29T15:29:38Z,0,,normal
2026-05-29T15:29:43Z,1,online_boutique_rca_3/INC-019,fault_effect
2026-05-29T15:29:48Z,1,online_boutique_rca_3/INC-019,fault_effect
2026-05-29T15:29:53Z,1,online_boutique_rca_3/INC-019,fault_effect
2026-05-29T15:29:58Z,1,online_boutique_rca_3/INC-019,fault_effect
2026-05-29T15:30:03Z,1,online_boutique_rca_3/INC-019,fault_effect
2026-05-29T15:30:08Z,1,online_boutique_rca_3/INC-019,fault_effect
2026-05-29T15:30:13Z,1,online_boutique_rca_3/INC-019,fault_effect
2026-05-29T15:30:18Z,1,online_boutique_rca_3/INC-019,fault_effect
2026-05-29T15:30:23Z,1,online_boutique_rca_3/INC-019,fault_effect
2026-05-29T15:30:28Z,1,online_boutique_rca_3/INC-019,fault_effect
2026-05-29T15:30:33Z,1,online_boutique_rca_3/INC-019,fault_effect
2026-05-29T15:30:38Z,0,,normal
2026-05-29T15:30:43Z,0,,normal
2026-05-29T15:30:48Z,0,,normal
2026-05-29T15:30:53Z,0,,normal
2026-05-29T15:30:58Z,0,,normal
2026-05-29T15:31:03Z,0,,normal
2026-05-29T15:31:08Z,0,,normal
2026-05-29T15:31:13Z,0,,normal
2026-05-29T15:31:18Z,0,,normal
2026-05-29T15:31:23Z,0,,normal
2026-05-29T15:31:28Z,0,,normal
2026-05-29T15:31:33Z,0,,normal
2026-05-29T15:31:38Z,0,,normal
2026-05-29T15:31:43Z,0,,normal
2026-05-29T15:31:48Z,0,,normal
2026-05-29T15:31:53Z,0,,normal
2026-05-29T15:31:58Z,0,,normal
2026-05-29T15:32:03Z,0,,normal
2026-05-29T15:32:08Z,0,,normal
2026-05-29T15:32:13Z,0,,normal
2026-05-29T15:32:18Z,0,,normal
2026-05-29T15:32:23Z,0,,normal
2026-05-29T15:32:28Z,0,,normal
2026-05-29T15:32:33Z,0,,normal
2026-05-29T15:32:38Z,0,,normal
2026-05-29T15:32:43Z,0,,normal
2026-05-29T15:32:48Z,0,,normal
2026-05-29T15:32:53Z,0,,normal
2026-05-29T15:32:58Z,0,,normal
2026-05-29T15:33:03Z,0,,normal
2026-05-29T15:33:08Z,0,,normal
2026-05-29T15:33:13Z,0,,normal
2026-05-29T15:33:18Z,0,,normal
2026-05-29T15:33:23Z,0,,normal
2026-05-29T15:33:28Z,0,,normal
2026-05-29T15:33:33Z,0,,normal
2026-05-29T15:33:38Z,0,,normal
2026-05-29T15:33:43Z,0,,normal
2026-05-29T15:33:48Z,0,,normal
2026-05-29T15:33:53Z,0,,normal
2026-05-29T15:33:58Z,0,,normal
2026-05-29T15:34:03Z,0,,normal
2026-05-29T15:34:08Z,0,,normal
2026-05-29T15:34:13Z,0,,normal
2026-05-29T15:34:18Z,0,,normal
2026-05-29T15:34:23Z,0,,normal
2026-05-29T15:34:28Z,0,,normal
2026-05-29T15:34:33Z,0,,normal
2026-05-29T15:34:38Z,0,,normal
2026-05-29T15:34:43Z,1,online_boutique_rca_3/INC-020,fault_effect
2026-05-29T15:34:48Z,1,online_boutique_rca_3/INC-020,fault_effect
2026-05-29T15:34:53Z,1,online_boutique_rca_3/INC-020,fault_effect
2026-05-29T15:34:58Z,1,online_boutique_rca_3/INC-020,fault_effect
2026-05-29T15:35:03Z,1,online_boutique_rca_3/INC-020,fault_effect
2026-05-29T15:35:08Z,1,online_boutique_rca_3/INC-020,fault_effect
2026-05-29T15:35:13Z,1,online_boutique_rca_3/INC-020,fault_effect
2026-05-29T15:35:18Z,1,online_boutique_rca_3/INC-020,fault_effect
2026-05-29T15:35:23Z,1,online_boutique_rca_3/INC-020,fault_effect
2026-05-29T15:35:28Z,1,online_boutique_rca_3/INC-020,fault_effect
2026-05-29T15:35:33Z,1,online_boutique_rca_3/INC-020,fault_effect
2026-05-29T15:35:38Z,0,,normal
2026-05-29T15:35:43Z,0,,normal
2026-05-29T15:35:48Z,0,,normal
2026-05-29T15:35:53Z,0,,normal
2026-05-29T15:35:58Z,0,,normal
2026-05-29T15:36:03Z,0,,normal
2026-05-29T15:36:08Z,0,,normal
2026-05-29T15:36:13Z,0,,normal
2026-05-29T15:36:18Z,0,,normal
2026-05-29T15:36:23Z,0,,normal
2026-05-29T15:36:28Z,0,,normal
2026-05-29T15:36:33Z,0,,normal
2026-05-29T15:36:38Z,0,,normal
2026-05-29T15:36:43Z,0,,normal
2026-05-29T15:36:48Z,0,,normal
2026-05-29T15:36:53Z,0,,normal
2026-05-29T15:36:58Z,0,,normal
2026-05-29T15:37:03Z,0,,normal
2026-05-29T15:37:08Z,0,,normal
2026-05-29T15:37:13Z,0,,normal
2026-05-29T15:37:18Z,0,,normal
2026-05-29T15:37:23Z,0,,normal
2026-05-29T15:37:28Z,0,,normal
2026-05-29T15:37:33Z,0,,normal
2026-05-29T15:37:38Z,0,,normal
2026-05-29T15:37:43Z,0,,normal
2026-05-29T15:37:48Z,0,,normal
2026-05-29T15:37:53Z,0,,normal
2026-05-29T15:37:58Z,0,,normal
2026-05-29T15:38:03Z,0,,normal
2026-05-29T15:38:08Z,0,,normal
2026-05-29T15:38:13Z,0,,normal
2026-05-29T15:38:18Z,0,,normal
2026-05-29T15:38:23Z,0,,normal
2026-05-29T15:38:28Z,0,,normal
2026-05-29T15:38:33Z,0,,normal
2026-05-29T15:38:38Z,0,,normal
2026-05-29T15:38:43Z,0,,normal
2026-05-29T15:38:48Z,0,,normal
2026-05-29T15:38:53Z,0,,normal
2026-05-29T15:38:58Z,0,,normal
2026-05-29T15:39:03Z,0,,normal
2026-05-29T15:39:08Z,0,,normal
2026-05-29T15:39:13Z,0,,normal
2026-05-29T15:39:18Z,0,,normal
2026-05-29T15:39:23Z,0,,normal
2026-05-29T15:39:28Z,0,,normal
2026-05-29T15:39:33Z,0,,normal
2026-05-29T15:39:38Z,0,,normal
2026-05-29T15:39:43Z,0,,normal
2026-05-29T15:39:48Z,0,,normal
2026-05-29T15:39:53Z,0,,normal
2026-05-29T15:39:58Z,0,,normal
2026-05-29T15:40:03Z,0,,normal
2026-05-29T15:40:08Z,0,,normal
2026-05-29T15:40:13Z,0,,normal
2026-05-29T15:40:18Z,0,,normal
2026-05-29T15:40:23Z,0,,normal
2026-05-29T15:40:28Z,0,,normal
2026-05-29T15:40:33Z,0,,normal
2026-05-29T15:40:38Z,0,,normal
2026-05-29T15:40:43Z,0,,normal
2026-05-29T15:40:48Z,0,,normal
2026-05-29T15:40:53Z,0,,normal
2026-05-29T15:40:58Z,0,,normal
2026-05-29T15:41:03Z,0,,normal
2026-05-29T15:41:08Z,0,,normal
2026-05-29T15:41:13Z,0,,normal
2026-05-29T15:41:18Z,0,,normal
2026-05-29T15:41:23Z,0,,normal
2026-05-29T15:41:28Z,0,,normal
2026-05-29T15:41:33Z,0,,normal
2026-05-29T15:41:38Z,0,,normal
2026-05-29T15:41:43Z,0,,normal
2026-05-29T15:41:48Z,0,,normal
2026-05-29T15:41:53Z,0,,normal
2026-05-29T15:41:58Z,0,,normal
2026-05-29T15:42:03Z,0,,normal
2026-05-29T15:42:08Z,0,,normal
2026-05-29T15:42:13Z,0,,normal
2026-05-29T15:42:18Z,0,,normal
2026-05-29T15:42:23Z,0,,normal
2026-05-29T15:42:28Z,0,,normal
2026-05-29T15:42:33Z,0,,normal
2026-05-29T15:42:38Z,0,,normal
2026-05-29T15:42:43Z,0,,normal
2026-05-29T15:42:48Z,0,,normal
2026-05-29T15:42:53Z,0,,normal
2026-05-29T15:42:58Z,0,,normal
2026-05-29T15:43:03Z,0,,normal
2026-05-29T15:43:08Z,0,,normal
2026-05-29T15:43:13Z,1,online_boutique_rca_3/INC-021,fault_effect
2026-05-29T15:43:18Z,1,online_boutique_rca_3/INC-021,fault_effect
2026-05-29T15:43:23Z,1,online_boutique_rca_3/INC-021,fault_effect
2026-05-29T15:43:28Z,1,online_boutique_rca_3/INC-021,fault_effect
2026-05-29T15:43:33Z,1,online_boutique_rca_3/INC-021,fault_effect
2026-05-29T15:43:38Z,1,online_boutique_rca_3/INC-021,fault_effect
2026-05-29T15:43:43Z,1,online_boutique_rca_3/INC-021,fault_effect
2026-05-29T15:43:48Z,1,online_boutique_rca_3/INC-021,fault_effect
2026-05-29T15:43:53Z,1,online_boutique_rca_3/INC-021,fault_effect
2026-05-29T15:43:58Z,1,online_boutique_rca_3/INC-021,fault_effect
2026-05-29T15:44:03Z,1,online_boutique_rca_3/INC-021,fault_effect
2026-05-29T15:44:08Z,0,,normal
2026-05-29T15:44:13Z,0,,normal
2026-05-29T15:44:18Z,0,,normal
2026-05-29T15:44:23Z,0,,normal
2026-05-29T15:44:28Z,0,,normal
2026-05-29T15:44:33Z,0,,normal
2026-05-29T15:44:38Z,0,,normal
2026-05-29T15:44:43Z,0,,normal
2026-05-29T15:44:48Z,0,,normal
2026-05-29T15:44:53Z,0,,normal
2026-05-29T15:44:58Z,0,,normal
2026-05-29T15:45:03Z,0,,normal
2026-05-29T15:45:08Z,0,,normal
2026-05-29T15:45:13Z,0,,normal
2026-05-29T15:45:18Z,0,,normal
2026-05-29T15:45:23Z,0,,normal
2026-05-29T15:45:28Z,0,,normal
2026-05-29T15:45:33Z,0,,normal
2026-05-29T15:45:38Z,0,,normal
2026-05-29T15:45:43Z,0,,normal
2026-05-29T15:45:48Z,0,,normal
2026-05-29T15:45:53Z,0,,normal
2026-05-29T15:45:58Z,0,,normal
2026-05-29T15:46:03Z,0,,normal
2026-05-29T15:46:08Z,0,,normal
2026-05-29T15:46:13Z,0,,normal
2026-05-29T15:46:18Z,0,,normal
2026-05-29T15:46:23Z,0,,normal
2026-05-29T15:46:28Z,0,,normal
2026-05-29T15:46:33Z,0,,normal
2026-05-29T15:46:38Z,0,,normal
2026-05-29T15:46:43Z,0,,normal
2026-05-29T15:46:48Z,0,,normal
2026-05-29T15:46:53Z,0,,normal
2026-05-29T15:46:58Z,0,,normal
2026-05-29T15:47:03Z,0,,normal
2026-05-29T15:47:08Z,0,,normal
2026-05-29T15:47:13Z,0,,normal
2026-05-29T15:47:18Z,0,,normal
2026-05-29T15:47:23Z,0,,normal
2026-05-29T15:47:28Z,0,,normal
2026-05-29T15:47:33Z,0,,normal
2026-05-29T15:47:38Z,0,,normal
2026-05-29T15:47:43Z,0,,normal
2026-05-29T15:47:48Z,0,,normal
2026-05-29T15:47:53Z,0,,normal
2026-05-29T15:47:58Z,0,,normal
2026-05-29T15:48:03Z,0,,normal
2026-05-29T15:48:08Z,0,,normal
2026-05-29T15:48:13Z,0,,normal
2026-05-29T15:48:18Z,0,,normal
2026-05-29T15:48:23Z,0,,normal
2026-05-29T15:48:28Z,0,,normal
2026-05-29T15:48:33Z,0,,normal
2026-05-29T15:48:38Z,0,,normal
2026-05-29T15:48:43Z,0,,normal
2026-05-29T15:48:48Z,0,,normal
2026-05-29T15:48:53Z,0,,normal
2026-05-29T15:48:58Z,0,,normal
2026-05-29T15:49:03Z,0,,normal
2026-05-29T15:49:08Z,0,,normal
2026-05-29T15:49:13Z,0,,normal
2026-05-29T15:49:18Z,0,,normal
2026-05-29T15:49:23Z,1,online_boutique_rca_3/INC-022,fault_effect
2026-05-29T15:49:28Z,1,online_boutique_rca_3/INC-022,fault_effect
2026-05-29T15:49:33Z,1,online_boutique_rca_3/INC-022,fault_effect
2026-05-29T15:49:38Z,1,online_boutique_rca_3/INC-022,fault_effect
2026-05-29T15:49:43Z,1,online_boutique_rca_3/INC-022,fault_effect
2026-05-29T15:49:48Z,1,online_boutique_rca_3/INC-022,fault_effect
2026-05-29T15:49:53Z,1,online_boutique_rca_3/INC-022,fault_effect
2026-05-29T15:49:58Z,1,online_boutique_rca_3/INC-022,fault_effect
2026-05-29T15:50:03Z,1,online_boutique_rca_3/INC-022,fault_effect
2026-05-29T15:50:08Z,1,online_boutique_rca_3/INC-022,fault_effect
2026-05-29T15:50:13Z,1,online_boutique_rca_3/INC-022,fault_effect
2026-05-29T15:50:18Z,1,online_boutique_rca_3/INC-022,fault_effect
2026-05-29T15:50:23Z,0,,normal
2026-05-29T15:50:28Z,0,,normal
2026-05-29T15:50:33Z,0,,normal
2026-05-29T15:50:38Z,0,,normal
2026-05-29T15:50:43Z,0,,normal
2026-05-29T15:50:48Z,0,,normal
2026-05-29T15:50:53Z,0,,normal
2026-05-29T15:50:58Z,0,,normal
2026-05-29T15:51:03Z,0,,normal
2026-05-29T15:51:08Z,0,,normal
2026-05-29T15:51:13Z,0,,normal
2026-05-29T15:51:18Z,0,,normal
2026-05-29T15:51:23Z,0,,normal
2026-05-29T15:51:28Z,0,,normal
2026-05-29T15:51:33Z,0,,normal
2026-05-29T15:51:38Z,0,,normal
2026-05-29T15:51:43Z,0,,normal
2026-05-29T15:51:48Z,0,,normal
2026-05-29T15:51:53Z,0,,normal
2026-05-29T15:51:58Z,0,,normal
2026-05-29T15:52:03Z,0,,normal
2026-05-29T15:52:08Z,0,,normal
2026-05-29T15:52:13Z,0,,normal
2026-05-29T15:52:18Z,0,,normal
2026-05-29T15:52:23Z,0,,normal
2026-05-29T15:52:28Z,0,,normal
2026-05-29T15:52:33Z,0,,normal
2026-05-29T15:52:38Z,0,,normal
2026-05-29T15:52:43Z,0,,normal
2026-05-29T15:52:48Z,0,,normal
2026-05-29T15:52:53Z,0,,normal
2026-05-29T15:52:58Z,0,,normal
2026-05-29T15:53:03Z,0,,normal
2026-05-29T15:53:08Z,0,,normal
2026-05-29T15:53:13Z,0,,normal
2026-05-29T15:53:18Z,0,,normal
2026-05-29T15:53:23Z,0,,normal
2026-05-29T15:53:28Z,0,,normal
2026-05-29T15:53:33Z,0,,normal
2026-05-29T15:53:38Z,0,,normal
2026-05-29T15:53:43Z,0,,normal
2026-05-29T15:53:48Z,0,,normal
2026-05-29T15:53:53Z,0,,normal
2026-05-29T15:53:58Z,0,,normal
2026-05-29T15:54:03Z,0,,normal
2026-05-29T15:54:08Z,0,,normal
2026-05-29T15:54:13Z,0,,normal
2026-05-29T15:54:18Z,0,,normal
2026-05-29T15:54:23Z,0,,normal
2026-05-29T15:54:28Z,0,,normal
2026-05-29T15:54:33Z,0,,normal
2026-05-29T15:54:38Z,0,,normal
2026-05-29T15:54:43Z,0,,normal
2026-05-29T15:54:48Z,0,,normal
2026-05-29T15:54:53Z,0,,normal
2026-05-29T15:54:58Z,0,,normal
2026-05-29T15:55:03Z,0,,normal
2026-05-29T15:55:08Z,0,,normal
2026-05-29T15:55:13Z,0,,normal
2026-05-29T15:55:18Z,0,,normal
2026-05-29T15:55:23Z,0,,normal
2026-05-29T15:55:28Z,0,,normal
2026-05-29T15:55:33Z,0,,normal
2026-05-29T15:55:38Z,0,,normal
2026-05-29T15:55:43Z,0,,normal
2026-05-29T15:55:48Z,0,,normal
2026-05-29T15:55:53Z,0,,normal
2026-05-29T15:55:58Z,0,,normal
2026-05-29T15:56:03Z,0,,normal
2026-05-29T15:56:08Z,0,,normal
2026-05-29T15:56:13Z,0,,normal
2026-05-29T15:56:18Z,0,,normal
2026-05-29T15:56:23Z,0,,normal
2026-05-29T15:56:28Z,0,,normal
2026-05-29T15:56:33Z,0,,normal
2026-05-29T15:56:38Z,0,,normal
2026-05-29T15:56:43Z,0,,normal
2026-05-29T15:56:48Z,1,online_boutique_rca_3/INC-023,fault_effect
2026-05-29T15:56:53Z,1,online_boutique_rca_3/INC-023,fault_effect
2026-05-29T15:56:58Z,1,online_boutique_rca_3/INC-023,fault_effect
2026-05-29T15:57:03Z,1,online_boutique_rca_3/INC-023,fault_effect
2026-05-29T15:57:08Z,1,online_boutique_rca_3/INC-023,fault_effect
2026-05-29T15:57:13Z,1,online_boutique_rca_3/INC-023,fault_effect
2026-05-29T15:57:18Z,1,online_boutique_rca_3/INC-023,fault_effect
2026-05-29T15:57:23Z,1,online_boutique_rca_3/INC-023,fault_effect
2026-05-29T15:57:28Z,1,online_boutique_rca_3/INC-023,fault_effect
2026-05-29T15:57:33Z,1,online_boutique_rca_3/INC-023,fault_effect
2026-05-29T15:57:38Z,1,online_boutique_rca_3/INC-023,fault_effect
2026-05-29T15:57:43Z,1,online_boutique_rca_3/INC-023,fault_effect
2026-05-29T15:57:48Z,0,,normal
2026-05-29T15:57:53Z,0,,normal
2026-05-29T15:57:58Z,0,,normal
2026-05-29T15:58:03Z,0,,normal
2026-05-29T15:58:08Z,0,,normal
2026-05-29T15:58:13Z,0,,normal
2026-05-29T15:58:18Z,0,,normal
2026-05-29T15:58:23Z,0,,normal
2026-05-29T15:58:28Z,0,,normal
2026-05-29T15:58:33Z,0,,normal
2026-05-29T15:58:38Z,0,,normal
2026-05-29T15:58:43Z,0,,normal
2026-05-29T15:58:48Z,0,,normal
2026-05-29T15:58:53Z,0,,normal
2026-05-29T15:58:58Z,0,,normal
2026-05-29T15:59:03Z,0,,normal
2026-05-29T15:59:08Z,0,,normal
2026-05-29T15:59:13Z,0,,normal
2026-05-29T15:59:18Z,0,,normal
2026-05-29T15:59:23Z,0,,normal
2026-05-29T15:59:28Z,0,,normal
2026-05-29T15:59:33Z,0,,normal
2026-05-29T15:59:38Z,0,,normal
2026-05-29T15:59:43Z,0,,normal
2026-05-29T15:59:48Z,0,,normal
2026-05-29T15:59:53Z,0,,normal
2026-05-29T15:59:58Z,0,,normal
2026-05-29T16:00:03Z,0,,normal
2026-05-29T16:00:08Z,0,,normal
2026-05-29T16:00:13Z,0,,normal
2026-05-29T16:00:18Z,0,,normal
2026-05-29T16:00:23Z,0,,normal
2026-05-29T16:00:28Z,0,,normal
2026-05-29T16:00:33Z,0,,normal
2026-05-29T16:00:38Z,0,,normal
2026-05-29T16:00:43Z,0,,normal
2026-05-29T16:00:48Z,0,,normal
2026-05-29T16:00:53Z,0,,normal
2026-05-29T16:00:58Z,0,,normal
2026-05-29T16:01:03Z,0,,normal
2026-05-29T16:01:08Z,0,,normal
2026-05-29T16:01:13Z,0,,normal
2026-05-29T16:01:18Z,0,,normal
2026-05-29T16:01:23Z,0,,normal
2026-05-29T16:01:28Z,0,,normal
2026-05-29T16:01:33Z,0,,normal
2026-05-29T16:01:38Z,0,,normal
2026-05-29T16:01:43Z,0,,normal
2026-05-29T16:01:48Z,0,,normal
2026-05-29T16:01:53Z,0,,normal
2026-05-29T16:01:58Z,0,,normal
2026-05-29T16:02:03Z,0,,normal
2026-05-29T16:02:08Z,0,,normal
2026-05-29T16:02:13Z,0,,normal
2026-05-29T16:02:18Z,0,,normal
2026-05-29T16:02:23Z,0,,normal
2026-05-29T16:02:28Z,0,,normal
2026-05-29T16:02:33Z,0,,normal
2026-05-29T16:02:38Z,0,,normal
2026-05-29T16:02:43Z,0,,normal
2026-05-29T16:02:48Z,0,,normal
2026-05-29T16:02:53Z,0,,normal
2026-05-29T16:02:58Z,0,,normal
2026-05-29T16:03:03Z,1,online_boutique_rca_3/INC-024,fault_effect
2026-05-29T16:03:08Z,1,online_boutique_rca_3/INC-024,fault_effect
2026-05-29T16:03:13Z,1,online_boutique_rca_3/INC-024,fault_effect
2026-05-29T16:03:18Z,1,online_boutique_rca_3/INC-024,fault_effect
2026-05-29T16:03:23Z,1,online_boutique_rca_3/INC-024,fault_effect
2026-05-29T16:03:28Z,1,online_boutique_rca_3/INC-024,fault_effect
2026-05-29T16:03:33Z,1,online_boutique_rca_3/INC-024,fault_effect
2026-05-29T16:03:38Z,1,online_boutique_rca_3/INC-024,fault_effect
2026-05-29T16:03:43Z,1,online_boutique_rca_3/INC-024,fault_effect
2026-05-29T16:03:48Z,1,online_boutique_rca_3/INC-024,fault_effect
2026-05-29T16:03:53Z,1,online_boutique_rca_3/INC-024,fault_effect
2026-05-29T16:03:58Z,0,,normal
2026-05-29T16:04:03Z,0,,normal
2026-05-29T16:04:08Z,0,,normal
2026-05-29T16:04:13Z,0,,normal
2026-05-29T16:04:18Z,0,,normal
2026-05-29T16:04:23Z,0,,normal
2026-05-29T16:04:28Z,0,,normal
2026-05-29T16:04:33Z,0,,normal
2026-05-29T16:04:38Z,0,,normal
2026-05-29T16:04:43Z,0,,normal
2026-05-29T16:04:48Z,0,,normal
2026-05-29T16:04:53Z,0,,normal
2026-05-29T16:04:58Z,0,,normal
2026-05-29T16:05:03Z,0,,normal
2026-05-29T16:05:08Z,0,,normal
2026-05-29T16:05:13Z,0,,normal
2026-05-29T16:05:18Z,0,,normal
2026-05-29T16:05:23Z,0,,normal
2026-05-29T16:05:28Z,0,,normal
2026-05-29T16:05:33Z,0,,normal
2026-05-29T16:05:38Z,0,,normal
2026-05-29T16:05:43Z,0,,normal
2026-05-29T16:05:48Z,0,,normal
2026-05-29T16:05:53Z,0,,normal
2026-05-29T16:05:58Z,0,,normal
2026-05-29T16:06:03Z,0,,normal
2026-05-29T16:06:08Z,0,,normal
2026-05-29T16:06:13Z,0,,normal
2026-05-29T16:06:18Z,0,,normal
2026-05-29T16:06:23Z,0,,normal
2026-05-29T16:06:28Z,0,,normal
2026-05-29T16:06:33Z,0,,normal
2026-05-29T16:06:38Z,0,,normal
2026-05-29T16:06:43Z,0,,normal
2026-05-29T16:06:48Z,0,,normal
2026-05-29T16:06:53Z,0,,normal
2026-05-29T16:06:58Z,0,,normal
2026-05-29T16:07:03Z,0,,normal
2026-05-29T16:07:08Z,0,,normal
2026-05-29T16:07:13Z,0,,normal
2026-05-29T16:07:18Z,0,,normal
2026-05-29T16:07:23Z,0,,normal
2026-05-29T16:07:28Z,0,,normal
2026-05-29T16:07:33Z,0,,normal
2026-05-29T16:07:38Z,0,,normal
2026-05-29T16:07:43Z,0,,normal
2026-05-29T16:07:48Z,0,,normal
2026-05-29T16:07:53Z,0,,normal
2026-05-29T16:07:58Z,0,,normal
2026-05-29T16:08:03Z,0,,normal
2026-05-29T16:08:08Z,0,,normal
2026-05-29T16:08:13Z,0,,normal
2026-05-29T16:08:18Z,0,,normal
2026-05-29T16:08:23Z,0,,normal
2026-05-29T16:08:28Z,0,,normal
2026-05-29T16:08:33Z,0,,normal
2026-05-29T16:08:38Z,0,,normal
2026-05-29T16:08:43Z,0,,normal
2026-05-29T16:08:48Z,0,,normal
2026-05-29T16:08:53Z,0,,normal
2026-05-29T16:08:58Z,0,,normal
2026-05-29T16:09:03Z,0,,normal
2026-05-29T16:09:08Z,0,,normal
2026-05-29T16:09:13Z,0,,normal
2026-05-29T16:09:18Z,0,,normal
2026-05-29T16:09:23Z,0,,normal
2026-05-29T16:09:28Z,0,,normal
2026-05-29T16:09:33Z,0,,normal
2026-05-29T16:09:38Z,0,,normal
2026-05-29T16:09:43Z,0,,normal
2026-05-29T16:09:48Z,0,,normal
2026-05-29T16:09:53Z,0,,normal
2026-05-29T16:09:58Z,0,,normal
2026-05-29T16:10:03Z,0,,normal
2026-05-29T16:10:08Z,0,,normal
2026-05-29T16:10:13Z,0,,normal
2026-05-29T16:10:18Z,0,,normal
2026-05-29T16:10:23Z,0,,normal
2026-05-29T16:10:28Z,1,online_boutique_rca_3/INC-025,fault_effect
2026-05-29T16:10:33Z,1,online_boutique_rca_3/INC-025,fault_effect
2026-05-29T16:10:38Z,1,online_boutique_rca_3/INC-025,fault_effect
2026-05-29T16:10:43Z,1,online_boutique_rca_3/INC-025,fault_effect
2026-05-29T16:10:48Z,1,online_boutique_rca_3/INC-025,fault_effect
2026-05-29T16:10:53Z,1,online_boutique_rca_3/INC-025,fault_effect
2026-05-29T16:10:58Z,1,online_boutique_rca_3/INC-025,fault_effect
2026-05-29T16:11:03Z,1,online_boutique_rca_3/INC-025,fault_effect
2026-05-29T16:11:08Z,1,online_boutique_rca_3/INC-025,fault_effect
2026-05-29T16:11:13Z,1,online_boutique_rca_3/INC-025,fault_effect
2026-05-29T16:11:18Z,1,online_boutique_rca_3/INC-025,fault_effect
2026-05-29T16:11:23Z,0,,normal
2026-05-29T16:11:28Z,0,,normal
2026-05-29T16:11:33Z,0,,normal
2026-05-29T16:11:38Z,0,,normal
2026-05-29T16:11:43Z,0,,normal
2026-05-29T16:11:48Z,0,,normal
2026-05-29T16:11:53Z,0,,normal
2026-05-29T16:11:58Z,0,,normal
2026-05-29T16:12:03Z,0,,normal
2026-05-29T16:12:08Z,0,,normal
2026-05-29T16:12:13Z,0,,normal
2026-05-29T16:12:18Z,0,,normal
2026-05-29T16:12:23Z,0,,normal
2026-05-29T16:12:28Z,0,,normal
2026-05-29T16:12:33Z,0,,normal
2026-05-29T16:12:38Z,0,,normal
2026-05-29T16:12:43Z,0,,normal
2026-05-29T16:12:48Z,0,,normal
2026-05-29T16:12:53Z,0,,normal
2026-05-29T16:12:58Z,0,,normal
2026-05-29T16:13:03Z,0,,normal
2026-05-29T16:13:08Z,0,,normal
2026-05-29T16:13:13Z,0,,normal
2026-05-29T16:13:18Z,0,,normal
2026-05-29T16:13:23Z,0,,normal
2026-05-29T16:13:28Z,0,,normal
2026-05-29T16:13:33Z,0,,normal
2026-05-29T16:13:38Z,0,,normal
2026-05-29T16:13:43Z,0,,normal
2026-05-29T16:13:48Z,0,,normal
2026-05-29T16:13:53Z,0,,normal
2026-05-29T16:13:58Z,0,,normal
2026-05-29T16:14:03Z,0,,normal
2026-05-29T16:14:08Z,0,,normal
2026-05-29T16:14:13Z,0,,normal
2026-05-29T16:14:18Z,0,,normal
2026-05-29T16:14:23Z,0,,normal
2026-05-29T16:14:28Z,0,,normal
2026-05-29T16:14:33Z,0,,normal
2026-05-29T16:14:38Z,0,,normal
2026-05-29T16:14:43Z,0,,normal
2026-05-29T16:14:48Z,0,,normal
2026-05-29T16:14:53Z,0,,normal
2026-05-29T16:14:58Z,0,,normal
2026-05-29T16:15:03Z,0,,normal
2026-05-29T16:15:08Z,0,,normal
2026-05-29T16:15:13Z,0,,normal
2026-05-29T16:15:18Z,0,,normal
2026-05-29T16:15:23Z,0,,normal
2026-05-29T16:15:28Z,0,,normal
2026-05-29T16:15:33Z,0,,normal
2026-05-29T16:15:38Z,0,,normal
2026-05-29T16:15:43Z,0,,normal
2026-05-29T16:15:48Z,0,,normal
2026-05-29T16:15:53Z,1,online_boutique_rca_3/INC-026,fault_effect
2026-05-29T16:15:58Z,1,online_boutique_rca_3/INC-026,fault_effect
2026-05-29T16:16:03Z,1,online_boutique_rca_3/INC-026,fault_effect
2026-05-29T16:16:08Z,1,online_boutique_rca_3/INC-026,fault_effect
2026-05-29T16:16:13Z,1,online_boutique_rca_3/INC-026,fault_effect
2026-05-29T16:16:18Z,1,online_boutique_rca_3/INC-026,fault_effect
2026-05-29T16:16:23Z,1,online_boutique_rca_3/INC-026,fault_effect
2026-05-29T16:16:28Z,1,online_boutique_rca_3/INC-026,fault_effect
2026-05-29T16:16:33Z,1,online_boutique_rca_3/INC-026,fault_effect
2026-05-29T16:16:38Z,1,online_boutique_rca_3/INC-026,fault_effect
2026-05-29T16:16:43Z,1,online_boutique_rca_3/INC-026,fault_effect
2026-05-29T16:16:48Z,1,online_boutique_rca_3/INC-026,fault_effect
2026-05-29T16:16:53Z,0,,normal
2026-05-29T16:16:58Z,0,,normal
2026-05-29T16:17:03Z,0,,normal
2026-05-29T16:17:08Z,0,,normal
2026-05-29T16:17:13Z,0,,normal
2026-05-29T16:17:18Z,0,,normal
2026-05-29T16:17:23Z,0,,normal
2026-05-29T16:17:28Z,0,,normal
2026-05-29T16:17:33Z,0,,normal
2026-05-29T16:17:38Z,0,,normal
2026-05-29T16:17:43Z,0,,normal
2026-05-29T16:17:48Z,0,,normal
2026-05-29T16:17:53Z,0,,normal
2026-05-29T16:17:58Z,0,,normal
2026-05-29T16:18:03Z,0,,normal
2026-05-29T16:18:08Z,0,,normal
2026-05-29T16:18:13Z,0,,normal
2026-05-29T16:18:18Z,0,,normal
2026-05-29T16:18:23Z,0,,normal
2026-05-29T16:18:28Z,0,,normal
2026-05-29T16:18:33Z,0,,normal
2026-05-29T16:18:38Z,0,,normal
2026-05-29T16:18:43Z,0,,normal
2026-05-29T16:18:48Z,0,,normal
2026-05-29T16:18:53Z,0,,normal
2026-05-29T16:18:58Z,0,,normal
2026-05-29T16:19:03Z,0,,normal
2026-05-29T16:19:08Z,0,,normal
2026-05-29T16:19:13Z,0,,normal
2026-05-29T16:19:18Z,0,,normal
2026-05-29T16:19:23Z,0,,normal
2026-05-29T16:19:28Z,0,,normal
2026-05-29T16:19:33Z,0,,normal
2026-05-29T16:19:38Z,0,,normal
2026-05-29T16:19:43Z,0,,normal
2026-05-29T16:19:48Z,0,,normal
2026-05-29T16:19:53Z,0,,normal
2026-05-29T16:19:58Z,0,,normal
2026-05-29T16:20:03Z,0,,normal
2026-05-29T16:20:08Z,0,,normal
2026-05-29T16:20:13Z,0,,normal
2026-05-29T16:20:18Z,0,,normal
2026-05-29T16:20:23Z,0,,normal
2026-05-29T16:20:28Z,0,,normal
2026-05-29T16:20:33Z,0,,normal
2026-05-29T16:20:38Z,0,,normal
2026-05-29T16:20:43Z,0,,normal
2026-05-29T16:20:48Z,0,,normal
2026-05-29T16:20:53Z,0,,normal
2026-05-29T16:20:58Z,0,,normal
2026-05-29T16:21:03Z,0,,normal
2026-05-29T16:21:08Z,0,,normal
2026-05-29T16:21:13Z,0,,normal
2026-05-29T16:21:18Z,0,,normal
2026-05-29T16:21:23Z,0,,normal
2026-05-29T16:21:28Z,0,,normal
2026-05-29T16:21:33Z,0,,normal
2026-05-29T16:21:38Z,0,,normal
2026-05-29T16:21:43Z,0,,normal
2026-05-29T16:21:48Z,0,,normal
2026-05-29T16:21:53Z,0,,normal
2026-05-29T16:21:58Z,0,,normal
2026-05-29T16:22:03Z,0,,normal
2026-05-29T16:22:08Z,0,,normal
2026-05-29T16:22:13Z,0,,normal
2026-05-29T16:22:18Z,0,,normal
2026-05-29T16:22:23Z,0,,normal
2026-05-29T16:22:28Z,0,,normal
2026-05-29T16:22:33Z,0,,normal
2026-05-29T16:22:38Z,0,,normal
2026-05-29T16:22:43Z,0,,normal
2026-05-29T16:22:48Z,0,,normal
2026-05-29T16:22:53Z,0,,normal
2026-05-29T16:22:58Z,0,,normal
2026-05-29T16:23:03Z,0,,normal
2026-05-29T16:23:08Z,0,,normal
2026-05-29T16:23:13Z,0,,normal
2026-05-29T16:23:18Z,0,,normal
2026-05-29T16:23:23Z,0,,normal
2026-05-29T16:23:28Z,0,,normal
2026-05-29T16:23:33Z,0,,normal
2026-05-29T16:23:38Z,0,,normal
2026-05-29T16:23:43Z,0,,normal
2026-05-29T16:23:48Z,0,,normal
2026-05-29T16:23:53Z,0,,normal
2026-05-29T16:23:58Z,0,,normal
2026-05-29T16:24:03Z,1,online_boutique_rca_3/INC-027,fault_effect
2026-05-29T16:24:08Z,1,online_boutique_rca_3/INC-027,fault_effect
2026-05-29T16:24:13Z,1,online_boutique_rca_3/INC-027,fault_effect
2026-05-29T16:24:18Z,1,online_boutique_rca_3/INC-027,fault_effect
2026-05-29T16:24:23Z,1,online_boutique_rca_3/INC-027,fault_effect
2026-05-29T16:24:28Z,1,online_boutique_rca_3/INC-027,fault_effect
2026-05-29T16:24:33Z,1,online_boutique_rca_3/INC-027,fault_effect
2026-05-29T16:24:38Z,1,online_boutique_rca_3/INC-027,fault_effect
2026-05-29T16:24:43Z,1,online_boutique_rca_3/INC-027,fault_effect
2026-05-29T16:24:48Z,1,online_boutique_rca_3/INC-027,fault_effect
2026-05-29T16:24:53Z,1,online_boutique_rca_3/INC-027,fault_effect
2026-05-29T16:24:58Z,0,,normal
2026-05-29T16:25:03Z,0,,normal
2026-05-29T16:25:08Z,0,,normal
2026-05-29T16:25:13Z,0,,normal
2026-05-29T16:25:18Z,0,,normal
2026-05-29T16:25:23Z,0,,normal
2026-05-29T16:25:28Z,0,,normal
2026-05-29T16:25:33Z,0,,normal
2026-05-29T16:25:38Z,0,,normal
2026-05-29T16:25:43Z,0,,normal
2026-05-29T16:25:48Z,0,,normal
2026-05-29T16:25:53Z,0,,normal
2026-05-29T16:25:58Z,0,,normal
2026-05-29T16:26:03Z,0,,normal
2026-05-29T16:26:08Z,0,,normal
2026-05-29T16:26:13Z,0,,normal
2026-05-29T16:26:18Z,0,,normal
2026-05-29T16:26:23Z,0,,normal
2026-05-29T16:26:28Z,0,,normal
2026-05-29T16:26:33Z,0,,normal
2026-05-29T16:26:38Z,0,,normal
2026-05-29T16:26:43Z,0,,normal
2026-05-29T16:26:48Z,0,,normal
2026-05-29T16:26:53Z,0,,normal
2026-05-29T16:26:58Z,0,,normal
2026-05-29T16:27:03Z,0,,normal
2026-05-29T16:27:08Z,0,,normal
2026-05-29T16:27:13Z,0,,normal
2026-05-29T16:27:18Z,0,,normal
2026-05-29T16:27:23Z,0,,normal
2026-05-29T16:27:28Z,0,,normal
2026-05-29T16:27:33Z,0,,normal
2026-05-29T16:27:38Z,0,,normal
2026-05-29T16:27:43Z,0,,normal
2026-05-29T16:27:48Z,0,,normal
2026-05-29T16:27:53Z,0,,normal
2026-05-29T16:27:58Z,0,,normal
2026-05-29T16:28:03Z,0,,normal
2026-05-29T16:28:08Z,0,,normal
2026-05-29T16:28:13Z,0,,normal
2026-05-29T16:28:18Z,0,,normal
2026-05-29T16:28:23Z,0,,normal
2026-05-29T16:28:28Z,0,,normal
2026-05-29T16:28:33Z,0,,normal
2026-05-29T16:28:38Z,0,,normal
2026-05-29T16:28:43Z,0,,normal
2026-05-29T16:28:48Z,0,,normal
2026-05-29T16:28:53Z,0,,normal
2026-05-29T16:28:58Z,1,online_boutique_rca_3/INC-028,fault_effect
2026-05-29T16:29:03Z,1,online_boutique_rca_3/INC-028,fault_effect
2026-05-29T16:29:08Z,1,online_boutique_rca_3/INC-028,fault_effect
2026-05-29T16:29:13Z,1,online_boutique_rca_3/INC-028,fault_effect
2026-05-29T16:29:18Z,1,online_boutique_rca_3/INC-028,fault_effect
2026-05-29T16:29:23Z,1,online_boutique_rca_3/INC-028,fault_effect
2026-05-29T16:29:28Z,1,online_boutique_rca_3/INC-028,fault_effect
2026-05-29T16:29:33Z,1,online_boutique_rca_3/INC-028,fault_effect
2026-05-29T16:29:38Z,1,online_boutique_rca_3/INC-028,fault_effect
2026-05-29T16:29:43Z,1,online_boutique_rca_3/INC-028,fault_effect
2026-05-29T16:29:48Z,1,online_boutique_rca_3/INC-028,fault_effect
2026-05-29T16:29:53Z,0,,normal
2026-05-29T16:29:58Z,0,,normal
2026-05-29T16:30:03Z,0,,normal
2026-05-29T16:30:08Z,0,,normal
2026-05-29T16:30:13Z,0,,normal
2026-05-29T16:30:18Z,0,,normal
2026-05-29T16:30:23Z,0,,normal
2026-05-29T16:30:28Z,0,,normal
2026-05-29T16:30:33Z,0,,normal
2026-05-29T16:30:38Z,0,,normal
2026-05-29T16:30:43Z,0,,normal
2026-05-29T16:30:48Z,0,,normal
2026-05-29T16:30:53Z,0,,normal
2026-05-29T16:30:58Z,0,,normal
2026-05-29T16:31:03Z,0,,normal
2026-05-29T16:31:08Z,0,,normal
2026-05-29T16:31:13Z,0,,normal
2026-05-29T16:31:18Z,0,,normal
2026-05-29T16:31:23Z,0,,normal
2026-05-29T16:31:28Z,0,,normal
2026-05-29T16:31:33Z,0,,normal
2026-05-29T16:31:38Z,0,,normal
2026-05-29T16:31:43Z,0,,normal
2026-05-29T16:31:48Z,0,,normal
2026-05-29T16:31:53Z,0,,normal
2026-05-29T16:31:58Z,0,,normal
2026-05-29T16:32:03Z,0,,normal
2026-05-29T16:32:08Z,0,,normal
2026-05-29T16:32:13Z,0,,normal
2026-05-29T16:32:18Z,0,,normal
2026-05-29T16:32:23Z,0,,normal
2026-05-29T16:32:28Z,0,,normal
2026-05-29T16:32:33Z,0,,normal
2026-05-29T16:32:38Z,0,,normal
2026-05-29T16:32:43Z,0,,normal
2026-05-29T16:32:48Z,0,,normal
2026-05-29T16:32:53Z,0,,normal
2026-05-29T16:32:58Z,0,,normal
2026-05-29T16:33:03Z,0,,normal
2026-05-29T16:33:08Z,0,,normal
2026-05-29T16:33:13Z,0,,normal
2026-05-29T16:33:18Z,0,,normal
2026-05-29T16:33:23Z,0,,normal
2026-05-29T16:33:28Z,0,,normal
2026-05-29T16:33:33Z,0,,normal
2026-05-29T16:33:38Z,0,,normal
2026-05-29T16:33:43Z,0,,normal
2026-05-29T16:33:48Z,0,,normal
2026-05-29T16:33:53Z,0,,normal
2026-05-29T16:33:58Z,0,,normal
2026-05-29T16:34:03Z,0,,normal
2026-05-29T16:34:08Z,0,,normal
2026-05-29T16:34:13Z,0,,normal
2026-05-29T16:34:18Z,0,,normal
2026-05-29T16:34:23Z,0,,normal
2026-05-29T16:34:28Z,0,,normal
2026-05-29T16:34:33Z,0,,normal
2026-05-29T16:34:38Z,0,,normal
2026-05-29T16:34:43Z,0,,normal
2026-05-29T16:34:48Z,0,,normal
2026-05-29T16:34:53Z,0,,normal
2026-05-29T16:34:58Z,0,,normal
2026-05-29T16:35:03Z,0,,normal
2026-05-29T16:35:08Z,0,,normal
2026-05-29T16:35:13Z,0,,normal
2026-05-29T16:35:18Z,0,,normal
2026-05-29T16:35:23Z,0,,normal
2026-05-29T16:35:28Z,0,,normal
2026-05-29T16:35:33Z,0,,normal
2026-05-29T16:35:38Z,0,,normal
2026-05-29T16:35:43Z,0,,normal
2026-05-29T16:35:48Z,0,,normal
2026-05-29T16:35:53Z,0,,normal
2026-05-29T16:35:58Z,0,,normal
2026-05-29T16:36:03Z,0,,normal
2026-05-29T16:36:08Z,0,,normal
2026-05-29T16:36:13Z,0,,normal
2026-05-29T16:36:18Z,0,,normal
2026-05-29T16:36:23Z,0,,normal
2026-05-29T16:36:28Z,0,,normal
2026-05-29T16:36:33Z,1,online_boutique_rca_3/INC-029,fault_effect
2026-05-29T16:36:38Z,1,online_boutique_rca_3/INC-029,fault_effect
2026-05-29T16:36:43Z,1,online_boutique_rca_3/INC-029,fault_effect
2026-05-29T16:36:48Z,1,online_boutique_rca_3/INC-029,fault_effect
2026-05-29T16:36:53Z,1,online_boutique_rca_3/INC-029,fault_effect
2026-05-29T16:36:58Z,1,online_boutique_rca_3/INC-029,fault_effect
2026-05-29T16:37:03Z,1,online_boutique_rca_3/INC-029,fault_effect
2026-05-29T16:37:08Z,1,online_boutique_rca_3/INC-029,fault_effect
2026-05-29T16:37:13Z,1,online_boutique_rca_3/INC-029,fault_effect
2026-05-29T16:37:18Z,1,online_boutique_rca_3/INC-029,fault_effect
2026-05-29T16:37:23Z,1,online_boutique_rca_3/INC-029,fault_effect
2026-05-29T16:37:28Z,1,online_boutique_rca_3/INC-029,fault_effect
2026-05-29T16:37:33Z,0,,normal
2026-05-29T16:37:38Z,0,,normal
2026-05-29T16:37:43Z,0,,normal
2026-05-29T16:37:48Z,0,,normal
2026-05-29T16:37:53Z,0,,normal
2026-05-29T16:37:58Z,0,,normal
2026-05-29T16:38:03Z,0,,normal
2026-05-29T16:38:08Z,0,,normal
2026-05-29T16:38:13Z,0,,normal
2026-05-29T16:38:18Z,0,,normal
2026-05-29T16:38:23Z,0,,normal
2026-05-29T16:38:28Z,0,,normal
2026-05-29T16:38:33Z,0,,normal
2026-05-29T16:38:38Z,0,,normal
2026-05-29T16:38:43Z,0,,normal
2026-05-29T16:38:48Z,0,,normal
2026-05-29T16:38:53Z,0,,normal
2026-05-29T16:38:58Z,0,,normal
2026-05-29T16:39:03Z,0,,normal
2026-05-29T16:39:08Z,0,,normal
2026-05-29T16:39:13Z,0,,normal
2026-05-29T16:39:18Z,0,,normal
2026-05-29T16:39:23Z,0,,normal
2026-05-29T16:39:28Z,0,,normal
2026-05-29T16:39:33Z,0,,normal
2026-05-29T16:39:38Z,0,,normal
2026-05-29T16:39:43Z,0,,normal
2026-05-29T16:39:48Z,0,,normal
2026-05-29T16:39:53Z,0,,normal
2026-05-29T16:39:58Z,0,,normal
2026-05-29T16:40:03Z,0,,normal
2026-05-29T16:40:08Z,0,,normal
2026-05-29T16:40:13Z,0,,normal
2026-05-29T16:40:18Z,0,,normal
2026-05-29T16:40:23Z,0,,normal
2026-05-29T16:40:28Z,0,,normal
2026-05-29T16:40:33Z,0,,normal
2026-05-29T16:40:38Z,0,,normal
2026-05-29T16:40:43Z,0,,normal
2026-05-29T16:40:48Z,0,,normal
2026-05-29T16:40:53Z,0,,normal
2026-05-29T16:40:58Z,0,,normal
2026-05-29T16:41:03Z,0,,normal
2026-05-29T16:41:08Z,0,,normal
2026-05-29T16:41:13Z,0,,normal
2026-05-29T16:41:18Z,0,,normal
2026-05-29T16:41:23Z,0,,normal
2026-05-29T16:41:28Z,0,,normal
2026-05-29T16:41:33Z,0,,normal
2026-05-29T16:41:38Z,0,,normal
2026-05-29T16:41:43Z,0,,normal
2026-05-29T16:41:48Z,0,,normal
2026-05-29T16:41:53Z,0,,normal
2026-05-29T16:41:58Z,0,,normal
2026-05-29T16:42:03Z,0,,normal
2026-05-29T16:42:08Z,0,,normal
2026-05-29T16:42:13Z,0,,normal
2026-05-29T16:42:18Z,0,,normal
2026-05-29T16:42:23Z,0,,normal
2026-05-29T16:42:28Z,0,,normal
2026-05-29T16:42:33Z,0,,normal
2026-05-29T16:42:38Z,0,,normal
2026-05-29T16:42:43Z,0,,normal
2026-05-29T16:42:48Z,0,,normal
2026-05-29T16:42:53Z,1,online_boutique_rca_3/INC-030,fault_effect
2026-05-29T16:42:58Z,1,online_boutique_rca_3/INC-030,fault_effect
2026-05-29T16:43:03Z,1,online_boutique_rca_3/INC-030,fault_effect
2026-05-29T16:43:08Z,1,online_boutique_rca_3/INC-030,fault_effect
2026-05-29T16:43:13Z,1,online_boutique_rca_3/INC-030,fault_effect
2026-05-29T16:43:18Z,1,online_boutique_rca_3/INC-030,fault_effect
2026-05-29T16:43:23Z,1,online_boutique_rca_3/INC-030,fault_effect
2026-05-29T16:43:28Z,1,online_boutique_rca_3/INC-030,fault_effect
2026-05-29T16:43:33Z,1,online_boutique_rca_3/INC-030,fault_effect
2026-05-29T16:43:38Z,1,online_boutique_rca_3/INC-030,fault_effect
2026-05-29T16:43:43Z,1,online_boutique_rca_3/INC-030,fault_effect
2026-05-29T16:43:48Z,1,online_boutique_rca_3/INC-030,fault_effect
2026-05-29T16:43:53Z,0,,normal
2026-05-29T16:43:58Z,0,,normal
2026-05-29T16:44:03Z,0,,normal
2026-05-29T16:44:08Z,0,,normal
2026-05-29T16:44:13Z,0,,normal
2026-05-29T16:44:18Z,0,,normal
2026-05-29T16:44:23Z,0,,normal
2026-05-29T16:44:28Z,0,,normal
2026-05-29T16:44:33Z,0,,normal
2026-05-29T16:44:38Z,0,,normal
2026-05-29T16:44:43Z,0,,normal
2026-05-29T16:44:48Z,0,,normal
2026-05-29T16:44:53Z,0,,normal
2026-05-29T16:44:58Z,0,,normal
2026-05-29T16:45:03Z,0,,normal
2026-05-29T16:45:08Z,0,,normal
2026-05-29T16:45:13Z,0,,normal
2026-05-29T16:45:18Z,0,,normal
2026-05-29T16:45:23Z,0,,normal
2026-05-29T16:45:28Z,0,,normal
2026-05-29T16:45:33Z,0,,normal
2026-05-29T16:45:38Z,0,,normal
2026-05-29T16:45:43Z,0,,normal
2026-05-29T16:45:48Z,0,,normal
2026-05-29T16:45:53Z,0,,normal
2026-05-29T16:45:58Z,0,,normal
2026-05-29T16:46:03Z,0,,normal
2026-05-29T16:46:08Z,0,,normal
2026-05-29T16:46:13Z,0,,normal
2026-05-29T16:46:18Z,0,,normal
2026-05-29T16:46:23Z,0,,normal
2026-05-29T16:46:28Z,0,,normal
2026-05-29T16:46:33Z,0,,normal
2026-05-29T16:46:38Z,0,,normal
2026-05-29T16:46:43Z,0,,normal
2026-05-29T16:46:48Z,0,,normal
2026-05-29T16:46:53Z,0,,normal
2026-05-29T16:46:58Z,0,,normal
2026-05-29T16:47:03Z,0,,normal
2026-05-29T16:47:08Z,0,,normal
2026-05-29T16:47:13Z,0,,normal
2026-05-29T16:47:18Z,0,,normal
2026-05-29T16:47:23Z,0,,normal
2026-05-29T16:47:28Z,0,,normal
2026-05-29T16:47:33Z,0,,normal
2026-05-29T16:47:38Z,0,,normal
2026-05-29T16:47:43Z,0,,normal
2026-05-29T16:47:48Z,0,,normal
2026-05-29T16:47:53Z,0,,normal
2026-05-29T16:47:58Z,0,,normal
2026-05-29T16:48:03Z,0,,normal
2026-05-29T16:48:08Z,0,,normal
2026-05-29T16:48:13Z,0,,normal
2026-05-29T16:48:18Z,0,,normal
2026-05-29T16:48:23Z,0,,normal
2026-05-29T16:48:28Z,0,,normal
2026-05-29T16:48:33Z,0,,normal
2026-05-29T16:48:38Z,0,,normal
2026-05-29T16:48:43Z,0,,normal
2026-05-29T16:48:48Z,0,,normal
2026-05-29T16:48:53Z,0,,normal
2026-05-29T16:48:58Z,0,,normal
2026-05-29T16:49:03Z,0,,normal
2026-05-29T16:49:08Z,0,,normal
2026-05-29T16:49:13Z,0,,normal
2026-05-29T16:49:18Z,0,,normal
2026-05-29T16:49:23Z,0,,normal
2026-05-29T16:49:28Z,0,,normal
2026-05-29T16:49:33Z,0,,normal
2026-05-29T16:49:38Z,0,,normal
2026-05-29T16:49:43Z,0,,normal
2026-05-29T16:49:48Z,0,,normal
2026-05-29T16:49:53Z,0,,normal
2026-05-29T16:49:58Z,0,,normal
2026-05-29T16:50:03Z,0,,normal
2026-05-29T16:50:08Z,0,,normal
2026-05-29T16:50:13Z,0,,normal
2026-05-29T16:50:18Z,0,,normal
2026-05-29T16:50:23Z,0,,normal
2026-05-29T16:50:28Z,0,,normal
2026-05-29T16:50:33Z,0,,normal
2026-05-29T16:50:38Z,0,,normal
2026-05-29T16:50:43Z,0,,normal
2026-05-29T16:50:48Z,0,,normal
2026-05-29T16:50:53Z,0,,normal
2026-05-29T16:50:58Z,0,,normal
2026-05-29T16:51:03Z,0,,normal
2026-05-29T16:51:08Z,0,,normal
2026-05-29T16:51:13Z,0,,normal
2026-05-29T16:51:18Z,0,,normal
2026-05-29T16:51:23Z,1,online_boutique_rca_3/INC-031,fault_effect
2026-05-29T16:51:28Z,1,online_boutique_rca_3/INC-031,fault_effect
2026-05-29T16:51:33Z,1,online_boutique_rca_3/INC-031,fault_effect
2026-05-29T16:51:38Z,1,online_boutique_rca_3/INC-031,fault_effect
2026-05-29T16:51:43Z,1,online_boutique_rca_3/INC-031,fault_effect
2026-05-29T16:51:48Z,1,online_boutique_rca_3/INC-031,fault_effect
2026-05-29T16:51:53Z,1,online_boutique_rca_3/INC-031,fault_effect
2026-05-29T16:51:58Z,1,online_boutique_rca_3/INC-031,fault_effect
2026-05-29T16:52:03Z,1,online_boutique_rca_3/INC-031,fault_effect
2026-05-29T16:52:08Z,1,online_boutique_rca_3/INC-031,fault_effect
2026-05-29T16:52:13Z,1,online_boutique_rca_3/INC-031,fault_effect
2026-05-29T16:52:18Z,0,,normal
2026-05-29T16:52:23Z,0,,normal
2026-05-29T16:52:28Z,0,,normal
2026-05-29T16:52:33Z,0,,normal
2026-05-29T16:52:38Z,0,,normal
2026-05-29T16:52:43Z,0,,normal
2026-05-29T16:52:48Z,0,,normal
2026-05-29T16:52:53Z,0,,normal
2026-05-29T16:52:58Z,0,,normal
2026-05-29T16:53:03Z,0,,normal
2026-05-29T16:53:08Z,0,,normal
2026-05-29T16:53:13Z,0,,normal
2026-05-29T16:53:18Z,0,,normal
2026-05-29T16:53:23Z,0,,normal
2026-05-29T16:53:28Z,0,,normal
2026-05-29T16:53:33Z,0,,normal
2026-05-29T16:53:38Z,0,,normal
2026-05-29T16:53:43Z,0,,normal
2026-05-29T16:53:48Z,0,,normal
2026-05-29T16:53:53Z,0,,normal
2026-05-29T16:53:58Z,0,,normal
2026-05-29T16:54:03Z,0,,normal
2026-05-29T16:54:08Z,0,,normal
2026-05-29T16:54:13Z,0,,normal
2026-05-29T16:54:18Z,0,,normal
2026-05-29T16:54:23Z,0,,normal
2026-05-29T16:54:28Z,0,,normal
2026-05-29T16:54:33Z,0,,normal
2026-05-29T16:54:38Z,0,,normal
2026-05-29T16:54:43Z,0,,normal
2026-05-29T16:54:48Z,0,,normal
2026-05-29T16:54:53Z,0,,normal
2026-05-29T16:54:58Z,0,,normal
2026-05-29T16:55:03Z,0,,normal
2026-05-29T16:55:08Z,0,,normal
2026-05-29T16:55:13Z,0,,normal
2026-05-29T16:55:18Z,0,,normal
2026-05-29T16:55:23Z,0,,normal
2026-05-29T16:55:28Z,0,,normal
2026-05-29T16:55:33Z,0,,normal
2026-05-29T16:55:38Z,0,,normal
2026-05-29T16:55:43Z,0,,normal
2026-05-29T16:55:48Z,0,,normal
2026-05-29T16:55:53Z,0,,normal
2026-05-29T16:55:58Z,0,,normal
2026-05-29T16:56:03Z,0,,normal
2026-05-29T16:56:08Z,0,,normal
2026-05-29T16:56:13Z,0,,normal
2026-05-29T16:56:18Z,0,,normal
2026-05-29T16:56:23Z,1,online_boutique_rca_3/INC-032,fault_effect
2026-05-29T16:56:28Z,1,online_boutique_rca_3/INC-032,fault_effect
2026-05-29T16:56:33Z,1,online_boutique_rca_3/INC-032,fault_effect
2026-05-29T16:56:38Z,1,online_boutique_rca_3/INC-032,fault_effect
2026-05-29T16:56:43Z,1,online_boutique_rca_3/INC-032,fault_effect
2026-05-29T16:56:48Z,1,online_boutique_rca_3/INC-032,fault_effect
2026-05-29T16:56:53Z,1,online_boutique_rca_3/INC-032,fault_effect
2026-05-29T16:56:58Z,1,online_boutique_rca_3/INC-032,fault_effect
2026-05-29T16:57:03Z,1,online_boutique_rca_3/INC-032,fault_effect
2026-05-29T16:57:08Z,1,online_boutique_rca_3/INC-032,fault_effect
2026-05-29T16:57:13Z,1,online_boutique_rca_3/INC-032,fault_effect
2026-05-29T16:57:18Z,0,,normal
2026-05-29T16:57:23Z,0,,normal
2026-05-29T16:57:28Z,0,,normal
2026-05-29T16:57:33Z,0,,normal
2026-05-29T16:57:38Z,0,,normal
2026-05-29T16:57:43Z,0,,normal
2026-05-29T16:57:48Z,0,,normal
2026-05-29T16:57:53Z,0,,normal
2026-05-29T16:57:58Z,0,,normal
2026-05-29T16:58:03Z,0,,normal
2026-05-29T16:58:08Z,0,,normal
2026-05-29T16:58:13Z,0,,normal
2026-05-29T16:58:18Z,0,,normal
2026-05-29T16:58:23Z,0,,normal
2026-05-29T16:58:28Z,0,,normal
2026-05-29T16:58:33Z,0,,normal
2026-05-29T16:58:38Z,0,,normal
2026-05-29T16:58:43Z,0,,normal
2026-05-29T16:58:48Z,0,,normal
2026-05-29T16:58:53Z,0,,normal
2026-05-29T16:58:58Z,0,,normal
2026-05-29T16:59:03Z,0,,normal
2026-05-29T16:59:08Z,0,,normal
2026-05-29T16:59:13Z,0,,normal
2026-05-29T16:59:18Z,0,,normal
2026-05-29T16:59:23Z,0,,normal
2026-05-29T16:59:28Z,0,,normal
2026-05-29T16:59:33Z,0,,normal
2026-05-29T16:59:38Z,0,,normal
2026-05-29T16:59:43Z,0,,normal
2026-05-29T16:59:48Z,0,,normal
2026-05-29T16:59:53Z,0,,normal
2026-05-29T16:59:58Z,0,,normal
2026-05-29T17:00:03Z,0,,normal
2026-05-29T17:00:08Z,0,,normal
2026-05-29T17:00:13Z,0,,normal
2026-05-29T17:00:18Z,0,,normal
2026-05-29T17:00:23Z,0,,normal
2026-05-29T17:00:28Z,0,,normal
2026-05-29T17:00:33Z,0,,normal
2026-05-29T17:00:38Z,0,,normal
2026-05-29T17:00:43Z,0,,normal
2026-05-29T17:00:48Z,0,,normal
2026-05-29T17:00:53Z,0,,normal
2026-05-29T17:00:58Z,0,,normal
2026-05-29T17:01:03Z,0,,normal
2026-05-29T17:01:08Z,0,,normal
2026-05-29T17:01:13Z,0,,normal
2026-05-29T17:01:18Z,0,,normal
2026-05-29T17:01:23Z,0,,normal
2026-05-29T17:01:28Z,0,,normal
2026-05-29T17:01:33Z,0,,normal
2026-05-29T17:01:38Z,0,,normal
2026-05-29T17:01:43Z,0,,normal
2026-05-29T17:01:48Z,0,,normal
2026-05-29T17:01:53Z,0,,normal
2026-05-29T17:01:58Z,0,,normal
2026-05-29T17:02:03Z,0,,normal
2026-05-29T17:02:08Z,0,,normal
2026-05-29T17:02:13Z,0,,normal
2026-05-29T17:02:18Z,0,,normal
2026-05-29T17:02:23Z,0,,normal
2026-05-29T17:02:28Z,0,,normal
2026-05-29T17:02:33Z,0,,normal
2026-05-29T17:02:38Z,0,,normal
2026-05-29T17:02:43Z,0,,normal
2026-05-29T17:02:48Z,0,,normal
2026-05-29T17:02:53Z,0,,normal
2026-05-29T17:02:58Z,0,,normal
2026-05-29T17:03:03Z,0,,normal
2026-05-29T17:03:08Z,0,,normal
2026-05-29T17:03:13Z,0,,normal
2026-05-29T17:03:18Z,0,,normal
2026-05-29T17:03:23Z,0,,normal
2026-05-29T17:03:28Z,0,,normal
2026-05-29T17:03:33Z,0,,normal
2026-05-29T17:03:38Z,0,,normal
2026-05-29T17:03:43Z,0,,normal
2026-05-29T17:03:48Z,0,,normal
2026-05-29T17:03:53Z,0,,normal
2026-05-29T17:03:58Z,0,,normal
2026-05-29T17:04:03Z,0,,normal
2026-05-29T17:04:08Z,0,,normal
2026-05-29T17:04:13Z,0,,normal
2026-05-29T17:04:18Z,0,,normal
2026-05-29T17:04:23Z,0,,normal
2026-05-29T17:04:28Z,0,,normal
2026-05-29T17:04:33Z,0,,normal
2026-05-29T17:04:38Z,0,,normal
2026-05-29T17:04:43Z,1,online_boutique_rca_3/INC-033,fault_effect
2026-05-29T17:04:48Z,1,online_boutique_rca_3/INC-033,fault_effect
2026-05-29T17:04:53Z,1,online_boutique_rca_3/INC-033,fault_effect
2026-05-29T17:04:58Z,1,online_boutique_rca_3/INC-033,fault_effect
2026-05-29T17:05:03Z,1,online_boutique_rca_3/INC-033,fault_effect
2026-05-29T17:05:08Z,1,online_boutique_rca_3/INC-033,fault_effect
2026-05-29T17:05:13Z,1,online_boutique_rca_3/INC-033,fault_effect
2026-05-29T17:05:18Z,1,online_boutique_rca_3/INC-033,fault_effect
2026-05-29T17:05:23Z,1,online_boutique_rca_3/INC-033,fault_effect
2026-05-29T17:05:28Z,1,online_boutique_rca_3/INC-033,fault_effect
2026-05-29T17:05:33Z,1,online_boutique_rca_3/INC-033,fault_effect
2026-05-29T17:05:38Z,1,online_boutique_rca_3/INC-033,fault_effect
2026-05-29T17:05:43Z,0,,normal
2026-05-29T17:05:48Z,0,,normal
2026-05-29T17:05:53Z,0,,normal
2026-05-29T17:05:58Z,0,,normal
2026-05-29T17:06:03Z,0,,normal
2026-05-29T17:06:08Z,0,,normal
2026-05-29T17:06:13Z,0,,normal
2026-05-29T17:06:18Z,0,,normal
2026-05-29T17:06:23Z,0,,normal
2026-05-29T17:06:28Z,0,,normal
2026-05-29T17:06:33Z,0,,normal
2026-05-29T17:06:38Z,0,,normal
2026-05-29T17:06:43Z,0,,normal
2026-05-29T17:06:48Z,0,,normal
2026-05-29T17:06:53Z,0,,normal
2026-05-29T17:06:58Z,0,,normal
2026-05-29T17:07:03Z,0,,normal
2026-05-29T17:07:08Z,0,,normal
2026-05-29T17:07:13Z,0,,normal
2026-05-29T17:07:18Z,0,,normal
2026-05-29T17:07:23Z,0,,normal
2026-05-29T17:07:28Z,0,,normal
2026-05-29T17:07:33Z,0,,normal
2026-05-29T17:07:38Z,0,,normal
2026-05-29T17:07:43Z,0,,normal
2026-05-29T17:07:48Z,0,,normal
2026-05-29T17:07:53Z,0,,normal
2026-05-29T17:07:58Z,0,,normal
2026-05-29T17:08:03Z,0,,normal
2026-05-29T17:08:08Z,0,,normal
2026-05-29T17:08:13Z,0,,normal
2026-05-29T17:08:18Z,0,,normal
2026-05-29T17:08:23Z,0,,normal
2026-05-29T17:08:28Z,0,,normal
2026-05-29T17:08:33Z,0,,normal
2026-05-29T17:08:38Z,0,,normal
2026-05-29T17:08:43Z,0,,normal
2026-05-29T17:08:48Z,0,,normal
2026-05-29T17:08:53Z,0,,normal
2026-05-29T17:08:58Z,0,,normal
2026-05-29T17:09:03Z,0,,normal
2026-05-29T17:09:08Z,0,,normal
2026-05-29T17:09:13Z,0,,normal
2026-05-29T17:09:18Z,0,,normal
2026-05-29T17:09:23Z,0,,normal
2026-05-29T17:09:28Z,1,online_boutique_rca_3/INC-034,fault_effect
2026-05-29T17:09:33Z,1,online_boutique_rca_3/INC-034,fault_effect
2026-05-29T17:09:38Z,1,online_boutique_rca_3/INC-034,fault_effect
2026-05-29T17:09:43Z,1,online_boutique_rca_3/INC-034,fault_effect
2026-05-29T17:09:48Z,1,online_boutique_rca_3/INC-034,fault_effect
2026-05-29T17:09:53Z,1,online_boutique_rca_3/INC-034,fault_effect
2026-05-29T17:09:58Z,1,online_boutique_rca_3/INC-034,fault_effect
2026-05-29T17:10:03Z,1,online_boutique_rca_3/INC-034,fault_effect
2026-05-29T17:10:08Z,1,online_boutique_rca_3/INC-034,fault_effect
2026-05-29T17:10:13Z,1,online_boutique_rca_3/INC-034,fault_effect
2026-05-29T17:10:18Z,1,online_boutique_rca_3/INC-034,fault_effect
2026-05-29T17:10:23Z,1,online_boutique_rca_3/INC-034,fault_effect
2026-05-29T17:10:28Z,0,,normal
2026-05-29T17:10:33Z,0,,normal
2026-05-29T17:10:38Z,0,,normal
2026-05-29T17:10:43Z,0,,normal
2026-05-29T17:10:48Z,0,,normal
2026-05-29T17:10:53Z,0,,normal
2026-05-29T17:10:58Z,0,,normal
2026-05-29T17:11:03Z,0,,normal
2026-05-29T17:11:08Z,0,,normal
2026-05-29T17:11:13Z,0,,normal
2026-05-29T17:11:18Z,0,,normal
2026-05-29T17:11:23Z,0,,normal
2026-05-29T17:11:28Z,0,,normal
2026-05-29T17:11:33Z,0,,normal
2026-05-29T17:11:38Z,0,,normal
2026-05-29T17:11:43Z,0,,normal
2026-05-29T17:11:48Z,0,,normal
2026-05-29T17:11:53Z,0,,normal
2026-05-29T17:11:58Z,0,,normal
2026-05-29T17:12:03Z,0,,normal
2026-05-29T17:12:08Z,0,,normal
2026-05-29T17:12:13Z,0,,normal
2026-05-29T17:12:18Z,0,,normal
2026-05-29T17:12:23Z,0,,normal
2026-05-29T17:12:28Z,0,,normal
2026-05-29T17:12:33Z,0,,normal
2026-05-29T17:12:38Z,0,,normal
2026-05-29T17:12:43Z,0,,normal
2026-05-29T17:12:48Z,0,,normal
2026-05-29T17:12:53Z,0,,normal
2026-05-29T17:12:58Z,0,,normal
2026-05-29T17:13:03Z,0,,normal
2026-05-29T17:13:08Z,0,,normal
2026-05-29T17:13:13Z,0,,normal
2026-05-29T17:13:18Z,0,,normal
2026-05-29T17:13:23Z,0,,normal
2026-05-29T17:13:28Z,0,,normal
2026-05-29T17:13:33Z,0,,normal
2026-05-29T17:13:38Z,0,,normal
2026-05-29T17:13:43Z,0,,normal
2026-05-29T17:13:48Z,0,,normal
2026-05-29T17:13:53Z,0,,normal
2026-05-29T17:13:58Z,0,,normal
2026-05-29T17:14:03Z,0,,normal
2026-05-29T17:14:08Z,0,,normal
2026-05-29T17:14:13Z,0,,normal
2026-05-29T17:14:18Z,0,,normal
2026-05-29T17:14:23Z,0,,normal
2026-05-29T17:14:28Z,0,,normal
2026-05-29T17:14:33Z,0,,normal
2026-05-29T17:14:38Z,0,,normal
2026-05-29T17:14:43Z,0,,normal
2026-05-29T17:14:48Z,0,,normal
2026-05-29T17:14:53Z,0,,normal
2026-05-29T17:14:58Z,0,,normal
2026-05-29T17:15:03Z,0,,normal
2026-05-29T17:15:08Z,0,,normal
2026-05-29T17:15:13Z,0,,normal
2026-05-29T17:15:18Z,0,,normal
2026-05-29T17:15:23Z,0,,normal
2026-05-29T17:15:28Z,0,,normal
2026-05-29T17:15:33Z,0,,normal
2026-05-29T17:15:38Z,0,,normal
2026-05-29T17:15:43Z,0,,normal
2026-05-29T17:15:48Z,0,,normal
2026-05-29T17:15:53Z,0,,normal
2026-05-29T17:15:58Z,0,,normal
2026-05-29T17:16:03Z,0,,normal
2026-05-29T17:16:08Z,0,,normal
2026-05-29T17:16:13Z,0,,normal
2026-05-29T17:16:18Z,0,,normal
2026-05-29T17:16:23Z,0,,normal
2026-05-29T17:16:28Z,0,,normal
2026-05-29T17:16:33Z,0,,normal
2026-05-29T17:16:38Z,0,,normal
2026-05-29T17:16:43Z,0,,normal
2026-05-29T17:16:48Z,0,,normal
2026-05-29T17:16:53Z,0,,normal
2026-05-29T17:16:58Z,0,,normal
2026-05-29T17:17:03Z,0,,normal
2026-05-29T17:17:08Z,0,,normal
2026-05-29T17:17:13Z,0,,normal
2026-05-29T17:17:18Z,0,,normal
2026-05-29T17:17:23Z,0,,normal
2026-05-29T17:17:28Z,0,,normal
2026-05-29T17:17:33Z,0,,normal
2026-05-29T17:17:38Z,0,,normal
2026-05-29T17:17:43Z,0,,normal
2026-05-29T17:17:48Z,1,online_boutique_rca_3/INC-035,fault_effect
2026-05-29T17:17:53Z,1,online_boutique_rca_3/INC-035,fault_effect
2026-05-29T17:17:58Z,1,online_boutique_rca_3/INC-035,fault_effect
2026-05-29T17:18:03Z,1,online_boutique_rca_3/INC-035,fault_effect
2026-05-29T17:18:08Z,1,online_boutique_rca_3/INC-035,fault_effect
2026-05-29T17:18:13Z,1,online_boutique_rca_3/INC-035,fault_effect
2026-05-29T17:18:18Z,1,online_boutique_rca_3/INC-035,fault_effect
2026-05-29T17:18:23Z,1,online_boutique_rca_3/INC-035,fault_effect
2026-05-29T17:18:28Z,1,online_boutique_rca_3/INC-035,fault_effect
2026-05-29T17:18:33Z,1,online_boutique_rca_3/INC-035,fault_effect
2026-05-29T17:18:38Z,1,online_boutique_rca_3/INC-035,fault_effect
2026-05-29T17:18:43Z,1,online_boutique_rca_3/INC-035,fault_effect
2026-05-29T17:18:48Z,0,,normal
2026-05-29T17:18:53Z,0,,normal
2026-05-29T17:18:58Z,0,,normal
2026-05-29T17:19:03Z,0,,normal
2026-05-29T17:19:08Z,0,,normal
2026-05-29T17:19:13Z,0,,normal
2026-05-29T17:19:18Z,0,,normal
2026-05-29T17:19:23Z,0,,normal
2026-05-29T17:19:28Z,0,,normal
2026-05-29T17:19:33Z,0,,normal
2026-05-29T17:19:38Z,0,,normal
2026-05-29T17:19:43Z,0,,normal
2026-05-29T17:19:48Z,0,,normal
2026-05-29T17:19:53Z,0,,normal
2026-05-29T17:19:58Z,0,,normal
2026-05-29T17:20:03Z,0,,normal
2026-05-29T17:20:08Z,0,,normal
2026-05-29T17:20:13Z,0,,normal
2026-05-29T17:20:18Z,0,,normal
2026-05-29T17:20:23Z,0,,normal
2026-05-29T17:20:28Z,0,,normal
2026-05-29T17:20:33Z,0,,normal
2026-05-29T17:20:38Z,0,,normal
2026-05-29T17:20:43Z,0,,normal
2026-05-29T17:20:48Z,0,,normal
2026-05-29T17:20:53Z,0,,normal
2026-05-29T17:20:58Z,0,,normal
2026-05-29T17:21:03Z,0,,normal
2026-05-29T17:21:08Z,0,,normal
2026-05-29T17:21:13Z,0,,normal
2026-05-29T17:21:18Z,0,,normal
2026-05-29T17:21:23Z,0,,normal
2026-05-29T17:21:28Z,0,,normal
2026-05-29T17:21:33Z,0,,normal
2026-05-29T17:21:38Z,0,,normal
2026-05-29T17:21:43Z,0,,normal
2026-05-29T17:21:48Z,0,,normal
2026-05-29T17:21:53Z,0,,normal
2026-05-29T17:21:58Z,0,,normal
2026-05-29T17:22:03Z,0,,normal
2026-05-29T17:22:08Z,0,,normal
2026-05-29T17:22:13Z,0,,normal
2026-05-29T17:22:18Z,0,,normal
2026-05-29T17:22:23Z,0,,normal
2026-05-29T17:22:28Z,0,,normal
2026-05-29T17:22:33Z,0,,normal
2026-05-29T17:22:38Z,1,online_boutique_rca_3/INC-036,fault_effect
2026-05-29T17:22:43Z,1,online_boutique_rca_3/INC-036,fault_effect
2026-05-29T17:22:48Z,1,online_boutique_rca_3/INC-036,fault_effect
2026-05-29T17:22:53Z,1,online_boutique_rca_3/INC-036,fault_effect
2026-05-29T17:22:58Z,1,online_boutique_rca_3/INC-036,fault_effect
2026-05-29T17:23:03Z,1,online_boutique_rca_3/INC-036,fault_effect
2026-05-29T17:23:08Z,1,online_boutique_rca_3/INC-036,fault_effect
2026-05-29T17:23:13Z,1,online_boutique_rca_3/INC-036,fault_effect
2026-05-29T17:23:18Z,1,online_boutique_rca_3/INC-036,fault_effect
2026-05-29T17:23:23Z,1,online_boutique_rca_3/INC-036,fault_effect
2026-05-29T17:23:28Z,1,online_boutique_rca_3/INC-036,fault_effect
2026-05-29T17:23:33Z,1,online_boutique_rca_3/INC-036,fault_effect
2026-05-29T17:23:38Z,0,,normal
2026-05-29T17:23:43Z,0,,normal
2026-05-29T17:23:48Z,0,,normal
2026-05-29T17:23:53Z,0,,normal
2026-05-29T17:23:58Z,0,,normal
2026-05-29T17:24:03Z,0,,normal
2026-05-29T17:24:08Z,0,,normal
2026-05-29T17:24:13Z,0,,normal
2026-05-29T17:24:18Z,0,,normal
2026-05-29T17:24:23Z,0,,normal
2026-05-29T17:24:28Z,0,,normal
2026-05-29T17:24:33Z,0,,normal
2026-05-29T17:24:38Z,0,,normal
2026-05-29T17:24:43Z,0,,normal
2026-05-29T17:24:48Z,0,,normal
2026-05-29T17:24:53Z,0,,normal
2026-05-29T17:24:58Z,0,,normal
2026-05-29T17:25:03Z,0,,normal
2026-05-29T17:25:08Z,0,,normal
2026-05-29T17:25:13Z,0,,normal
2026-05-29T17:25:18Z,0,,normal
2026-05-29T17:25:23Z,0,,normal
2026-05-29T17:25:28Z,0,,normal
2026-05-29T17:25:33Z,0,,normal
2026-05-29T17:25:38Z,0,,normal
2026-05-29T17:25:43Z,0,,normal
2026-05-29T17:25:48Z,0,,normal
2026-05-29T17:25:53Z,0,,normal
2026-05-29T17:25:58Z,0,,normal
2026-05-29T17:26:03Z,0,,normal
2026-05-29T17:26:08Z,0,,normal
2026-05-29T17:26:13Z,0,,normal
2026-05-29T17:26:18Z,0,,normal
2026-05-29T17:26:23Z,0,,normal
2026-05-29T17:26:28Z,0,,normal
2026-05-29T17:26:33Z,0,,normal
2026-05-29T17:26:38Z,0,,normal
2026-05-29T17:26:43Z,0,,normal
2026-05-29T17:26:48Z,0,,normal
2026-05-29T17:26:53Z,0,,normal
2026-05-29T17:26:58Z,0,,normal
2026-05-29T17:27:03Z,0,,normal
2026-05-29T17:27:08Z,0,,normal
2026-05-29T17:27:13Z,0,,normal
2026-05-29T17:27:18Z,0,,normal
2026-05-29T17:27:23Z,0,,normal
2026-05-29T17:27:28Z,0,,normal
2026-05-29T17:27:33Z,0,,normal
2026-05-29T17:27:38Z,0,,normal
2026-05-29T17:27:43Z,0,,normal
2026-05-29T17:27:48Z,0,,normal
2026-05-29T17:27:53Z,0,,normal
2026-05-29T17:27:58Z,0,,normal
2026-05-29T17:28:03Z,0,,normal
2026-05-29T17:28:08Z,0,,normal
2026-05-29T17:28:13Z,0,,normal
2026-05-29T17:28:18Z,0,,normal
2026-05-29T17:28:23Z,0,,normal
2026-05-29T17:28:28Z,0,,normal
2026-05-29T17:28:33Z,0,,normal
2026-05-29T17:28:38Z,0,,normal
2026-05-29T17:28:43Z,0,,normal
2026-05-29T17:28:48Z,0,,normal
2026-05-29T17:28:53Z,0,,normal
2026-05-29T17:28:58Z,0,,normal
2026-05-29T17:29:03Z,0,,normal
2026-05-29T17:29:08Z,0,,normal
2026-05-29T17:29:13Z,0,,normal
2026-05-29T17:29:18Z,0,,normal
2026-05-29T17:29:23Z,0,,normal
2026-05-29T17:29:28Z,0,,normal
2026-05-29T17:29:33Z,0,,normal
2026-05-29T17:29:38Z,0,,normal
2026-05-29T17:29:43Z,0,,normal
2026-05-29T17:29:48Z,0,,normal
2026-05-29T17:29:53Z,0,,normal
2026-05-29T17:29:58Z,0,,normal
2026-05-29T17:30:03Z,0,,normal
2026-05-29T17:30:08Z,0,,normal
2026-05-29T17:30:13Z,0,,normal
2026-05-29T17:30:18Z,0,,normal
2026-05-29T17:30:23Z,1,online_boutique_rca_3/INC-037,fault_effect
2026-05-29T17:30:28Z,1,online_boutique_rca_3/INC-037,fault_effect
2026-05-29T17:30:33Z,1,online_boutique_rca_3/INC-037,fault_effect
2026-05-29T17:30:38Z,1,online_boutique_rca_3/INC-037,fault_effect
2026-05-29T17:30:43Z,1,online_boutique_rca_3/INC-037,fault_effect
2026-05-29T17:30:48Z,1,online_boutique_rca_3/INC-037,fault_effect
2026-05-29T17:30:53Z,1,online_boutique_rca_3/INC-037,fault_effect
2026-05-29T17:30:58Z,1,online_boutique_rca_3/INC-037,fault_effect
2026-05-29T17:31:03Z,1,online_boutique_rca_3/INC-037,fault_effect
2026-05-29T17:31:08Z,1,online_boutique_rca_3/INC-037,fault_effect
2026-05-29T17:31:13Z,1,online_boutique_rca_3/INC-037,fault_effect
2026-05-29T17:31:18Z,0,,normal
2026-05-29T17:31:23Z,0,,normal
2026-05-29T17:31:28Z,0,,normal
2026-05-29T17:31:33Z,0,,normal
2026-05-29T17:31:38Z,0,,normal
2026-05-29T17:31:43Z,0,,normal
2026-05-29T17:31:48Z,0,,normal
2026-05-29T17:31:53Z,0,,normal
2026-05-29T17:31:58Z,0,,normal
2026-05-29T17:32:03Z,0,,normal
2026-05-29T17:32:08Z,0,,normal
2026-05-29T17:32:13Z,0,,normal
2026-05-29T17:32:18Z,0,,normal
2026-05-29T17:32:23Z,0,,normal
2026-05-29T17:32:28Z,0,,normal
2026-05-29T17:32:33Z,0,,normal
2026-05-29T17:32:38Z,0,,normal
2026-05-29T17:32:43Z,0,,normal
2026-05-29T17:32:48Z,0,,normal
2026-05-29T17:32:53Z,0,,normal
2026-05-29T17:32:58Z,0,,normal
2026-05-29T17:33:03Z,0,,normal
2026-05-29T17:33:08Z,0,,normal
2026-05-29T17:33:13Z,0,,normal
2026-05-29T17:33:18Z,0,,normal
2026-05-29T17:33:23Z,0,,normal
2026-05-29T17:33:28Z,0,,normal
2026-05-29T17:33:33Z,0,,normal
2026-05-29T17:33:38Z,0,,normal
2026-05-29T17:33:43Z,0,,normal
2026-05-29T17:33:48Z,0,,normal
2026-05-29T17:33:53Z,0,,normal
2026-05-29T17:33:58Z,0,,normal
2026-05-29T17:34:03Z,0,,normal
2026-05-29T17:34:08Z,0,,normal
2026-05-29T17:34:13Z,0,,normal
2026-05-29T17:34:18Z,0,,normal
2026-05-29T17:34:23Z,0,,normal
2026-05-29T17:34:28Z,0,,normal
2026-05-29T17:34:33Z,0,,normal
2026-05-29T17:34:38Z,0,,normal
2026-05-29T17:34:43Z,0,,normal
2026-05-29T17:34:48Z,0,,normal
2026-05-29T17:34:53Z,0,,normal
2026-05-29T17:34:58Z,0,,normal
2026-05-29T17:35:03Z,0,,normal
2026-05-29T17:35:08Z,0,,normal
2026-05-29T17:35:13Z,0,,normal
2026-05-29T17:35:18Z,0,,normal
2026-05-29T17:35:23Z,0,,normal
2026-05-29T17:35:28Z,0,,normal
2026-05-29T17:35:33Z,0,,normal
2026-05-29T17:35:38Z,0,,normal
2026-05-29T17:35:43Z,0,,normal
2026-05-29T17:35:48Z,0,,normal
2026-05-29T17:35:53Z,0,,normal
2026-05-29T17:35:58Z,0,,normal
2026-05-29T17:36:03Z,0,,normal
2026-05-29T17:36:08Z,0,,normal
2026-05-29T17:36:13Z,0,,normal
2026-05-29T17:36:18Z,0,,normal
2026-05-29T17:36:23Z,0,,normal
2026-05-29T17:36:28Z,0,,normal
2026-05-29T17:36:33Z,0,,normal
2026-05-29T17:36:38Z,0,,normal
2026-05-29T17:36:43Z,0,,normal
2026-05-29T17:36:48Z,0,,normal
2026-05-29T17:36:53Z,1,online_boutique_rca_3/INC-038,fault_effect
2026-05-29T17:36:58Z,1,online_boutique_rca_3/INC-038,fault_effect
2026-05-29T17:37:03Z,1,online_boutique_rca_3/INC-038,fault_effect
2026-05-29T17:37:08Z,1,online_boutique_rca_3/INC-038,fault_effect
2026-05-29T17:37:13Z,1,online_boutique_rca_3/INC-038,fault_effect
2026-05-29T17:37:18Z,1,online_boutique_rca_3/INC-038,fault_effect
2026-05-29T17:37:23Z,1,online_boutique_rca_3/INC-038,fault_effect
2026-05-29T17:37:28Z,1,online_boutique_rca_3/INC-038,fault_effect
2026-05-29T17:37:33Z,1,online_boutique_rca_3/INC-038,fault_effect
2026-05-29T17:37:38Z,1,online_boutique_rca_3/INC-038,fault_effect
2026-05-29T17:37:43Z,1,online_boutique_rca_3/INC-038,fault_effect
2026-05-29T17:37:48Z,1,online_boutique_rca_3/INC-038,fault_effect
2026-05-29T17:37:53Z,0,,normal
2026-05-29T17:37:58Z,0,,normal
2026-05-29T17:38:03Z,0,,normal
2026-05-29T17:38:08Z,0,,normal
2026-05-29T17:38:13Z,0,,normal
2026-05-29T17:38:18Z,0,,normal
2026-05-29T17:38:23Z,0,,normal
2026-05-29T17:38:28Z,0,,normal
2026-05-29T17:38:33Z,0,,normal
2026-05-29T17:38:38Z,0,,normal
2026-05-29T17:38:43Z,0,,normal
2026-05-29T17:38:48Z,0,,normal
2026-05-29T17:38:53Z,0,,normal
2026-05-29T17:38:58Z,0,,normal
2026-05-29T17:39:03Z,0,,normal
2026-05-29T17:39:08Z,0,,normal
2026-05-29T17:39:13Z,0,,normal
2026-05-29T17:39:18Z,0,,normal
2026-05-29T17:39:23Z,0,,normal
2026-05-29T17:39:28Z,0,,normal
2026-05-29T17:39:33Z,0,,normal
2026-05-29T17:39:38Z,0,,normal
2026-05-29T17:39:43Z,0,,normal
2026-05-29T17:39:48Z,0,,normal
2026-05-29T17:39:53Z,0,,normal
2026-05-29T17:39:58Z,0,,normal
2026-05-29T17:40:03Z,0,,normal
2026-05-29T17:40:08Z,0,,normal
2026-05-29T17:40:13Z,0,,normal
2026-05-29T17:40:18Z,0,,normal
2026-05-29T17:40:23Z,0,,normal
2026-05-29T17:40:28Z,0,,normal
2026-05-29T17:40:33Z,0,,normal
2026-05-29T17:40:38Z,0,,normal
2026-05-29T17:40:43Z,0,,normal
2026-05-29T17:40:48Z,0,,normal
2026-05-29T17:40:53Z,0,,normal
2026-05-29T17:40:58Z,0,,normal
2026-05-29T17:41:03Z,0,,normal
2026-05-29T17:41:08Z,0,,normal
2026-05-29T17:41:13Z,0,,normal
2026-05-29T17:41:18Z,0,,normal
2026-05-29T17:41:23Z,0,,normal
2026-05-29T17:41:28Z,0,,normal
2026-05-29T17:41:33Z,0,,normal
2026-05-29T17:41:38Z,0,,normal
2026-05-29T17:41:43Z,0,,normal
2026-05-29T17:41:48Z,0,,normal
2026-05-29T17:41:53Z,0,,normal
2026-05-29T17:41:58Z,0,,normal
2026-05-29T17:42:03Z,0,,normal
2026-05-29T17:42:08Z,0,,normal
2026-05-29T17:42:13Z,0,,normal
2026-05-29T17:42:18Z,0,,normal
2026-05-29T17:42:23Z,0,,normal
2026-05-29T17:42:28Z,0,,normal
2026-05-29T17:42:33Z,0,,normal
2026-05-29T17:42:38Z,0,,normal
2026-05-29T17:42:43Z,0,,normal
2026-05-29T17:42:48Z,0,,normal
2026-05-29T17:42:53Z,0,,normal
2026-05-29T17:42:58Z,0,,normal
2026-05-29T17:43:03Z,0,,normal
2026-05-29T17:43:08Z,0,,normal
2026-05-29T17:43:13Z,0,,normal
2026-05-29T17:43:18Z,0,,normal
2026-05-29T17:43:23Z,0,,normal
2026-05-29T17:43:28Z,0,,normal
2026-05-29T17:43:33Z,0,,normal
2026-05-29T17:43:38Z,0,,normal
2026-05-29T17:43:43Z,0,,normal
2026-05-29T17:43:48Z,0,,normal
2026-05-29T17:43:53Z,0,,normal
2026-05-29T17:43:58Z,0,,normal
2026-05-29T17:44:03Z,0,,normal
2026-05-29T17:44:08Z,0,,normal
2026-05-29T17:44:13Z,0,,normal
2026-05-29T17:44:18Z,0,,normal
2026-05-29T17:44:23Z,0,,normal
2026-05-29T17:44:28Z,0,,normal
2026-05-29T17:44:33Z,0,,normal
2026-05-29T17:44:38Z,0,,normal
2026-05-29T17:44:43Z,0,,normal
2026-05-29T17:44:48Z,0,,normal
2026-05-29T17:44:53Z,0,,normal
2026-05-29T17:44:58Z,0,,normal
2026-05-29T17:45:03Z,0,,normal
2026-05-29T17:45:08Z,0,,normal
2026-05-29T17:45:13Z,0,,normal
2026-05-29T17:45:18Z,0,,normal
2026-05-29T17:45:23Z,1,online_boutique_rca_3/INC-039,fault_effect
2026-05-29T17:45:28Z,1,online_boutique_rca_3/INC-039,fault_effect
2026-05-29T17:45:33Z,1,online_boutique_rca_3/INC-039,fault_effect
2026-05-29T17:45:38Z,1,online_boutique_rca_3/INC-039,fault_effect
2026-05-29T17:45:43Z,1,online_boutique_rca_3/INC-039,fault_effect
2026-05-29T17:45:48Z,1,online_boutique_rca_3/INC-039,fault_effect
2026-05-29T17:45:53Z,1,online_boutique_rca_3/INC-039,fault_effect
2026-05-29T17:45:58Z,1,online_boutique_rca_3/INC-039,fault_effect
2026-05-29T17:46:03Z,1,online_boutique_rca_3/INC-039,fault_effect
2026-05-29T17:46:08Z,1,online_boutique_rca_3/INC-039,fault_effect
2026-05-29T17:46:13Z,1,online_boutique_rca_3/INC-039,fault_effect
2026-05-29T17:46:18Z,1,online_boutique_rca_3/INC-039,fault_effect
2026-05-29T17:46:23Z,0,,normal
2026-05-29T17:46:28Z,0,,normal
2026-05-29T17:46:33Z,0,,normal
2026-05-29T17:46:38Z,0,,normal
2026-05-29T17:46:43Z,0,,normal
2026-05-29T17:46:48Z,0,,normal
2026-05-29T17:46:53Z,0,,normal
2026-05-29T17:46:58Z,0,,normal
2026-05-29T17:47:03Z,0,,normal
2026-05-29T17:47:08Z,0,,normal
2026-05-29T17:47:13Z,0,,normal
2026-05-29T17:47:18Z,0,,normal
2026-05-29T17:47:23Z,0,,normal
2026-05-29T17:47:28Z,0,,normal
2026-05-29T17:47:33Z,0,,normal
2026-05-29T17:47:38Z,0,,normal
2026-05-29T17:47:43Z,0,,normal
2026-05-29T17:47:48Z,0,,normal
2026-05-29T17:47:53Z,0,,normal
2026-05-29T17:47:58Z,0,,normal
2026-05-29T17:48:03Z,0,,normal
2026-05-29T17:48:08Z,0,,normal
2026-05-29T17:48:13Z,0,,normal
2026-05-29T17:48:18Z,0,,normal
2026-05-29T17:48:23Z,0,,normal
2026-05-29T17:48:28Z,0,,normal
2026-05-29T17:48:33Z,0,,normal
2026-05-29T17:48:38Z,0,,normal
2026-05-29T17:48:43Z,0,,normal
2026-05-29T17:48:48Z,0,,normal
2026-05-29T17:48:53Z,0,,normal
2026-05-29T17:48:58Z,0,,normal
2026-05-29T17:49:03Z,0,,normal
2026-05-29T17:49:08Z,0,,normal
2026-05-29T17:49:13Z,0,,normal
2026-05-29T17:49:18Z,0,,normal
2026-05-29T17:49:23Z,0,,normal
2026-05-29T17:49:28Z,0,,normal
2026-05-29T17:49:33Z,0,,normal
2026-05-29T17:49:38Z,0,,normal
2026-05-29T17:49:43Z,0,,normal
2026-05-29T17:49:48Z,0,,normal
2026-05-29T17:49:53Z,0,,normal
2026-05-29T17:49:58Z,0,,normal
2026-05-29T17:50:03Z,0,,normal
2026-05-29T17:50:08Z,0,,normal
2026-05-29T17:50:13Z,0,,normal
2026-05-29T17:50:18Z,0,,normal
2026-05-29T17:50:23Z,0,,normal
2026-05-29T17:50:28Z,0,,normal
2026-05-29T17:50:33Z,0,,normal
2026-05-29T17:50:38Z,0,,normal
2026-05-29T17:50:43Z,0,,normal
2026-05-29T17:50:48Z,0,,normal
2026-05-29T17:50:53Z,0,,normal
2026-05-29T17:50:58Z,0,,normal
2026-05-29T17:51:03Z,0,,normal
2026-05-29T17:51:08Z,0,,normal
2026-05-29T17:51:13Z,0,,normal
2026-05-29T17:51:18Z,0,,normal
2026-05-29T17:51:23Z,0,,normal
2026-05-29T17:51:28Z,0,,normal
2026-05-29T17:51:33Z,0,,normal
2026-05-29T17:51:38Z,0,,normal
2026-05-29T17:51:43Z,1,online_boutique_rca_3/INC-040,fault_effect
2026-05-29T17:51:48Z,1,online_boutique_rca_3/INC-040,fault_effect
2026-05-29T17:51:53Z,1,online_boutique_rca_3/INC-040,fault_effect
2026-05-29T17:51:58Z,1,online_boutique_rca_3/INC-040,fault_effect
2026-05-29T17:52:03Z,1,online_boutique_rca_3/INC-040,fault_effect
2026-05-29T17:52:08Z,1,online_boutique_rca_3/INC-040,fault_effect
2026-05-29T17:52:13Z,1,online_boutique_rca_3/INC-040,fault_effect
2026-05-29T17:52:18Z,1,online_boutique_rca_3/INC-040,fault_effect
2026-05-29T17:52:23Z,1,online_boutique_rca_3/INC-040,fault_effect
2026-05-29T17:52:28Z,1,online_boutique_rca_3/INC-040,fault_effect
2026-05-29T17:52:33Z,1,online_boutique_rca_3/INC-040,fault_effect
2026-05-29T17:52:38Z,1,online_boutique_rca_3/INC-040,fault_effect
2026-05-29T17:52:43Z,0,,normal
2026-05-29T17:52:48Z,0,,normal
2026-05-29T17:52:53Z,0,,normal
2026-05-29T17:52:58Z,0,,normal
2026-05-29T17:53:03Z,0,,normal
2026-05-29T17:53:08Z,0,,normal
2026-05-29T17:53:13Z,0,,normal
2026-05-29T17:53:18Z,0,,normal
2026-05-29T17:53:23Z,0,,normal
2026-05-29T17:53:28Z,0,,normal
2026-05-29T17:53:33Z,0,,normal
2026-05-29T17:53:38Z,0,,normal
2026-05-29T17:53:43Z,0,,normal
2026-05-29T17:53:48Z,0,,normal
2026-05-29T17:53:53Z,0,,normal
2026-05-29T17:53:58Z,0,,normal
2026-05-29T17:54:03Z,0,,normal
2026-05-29T17:54:08Z,0,,normal
2026-05-29T17:54:13Z,0,,normal
2026-05-29T17:54:18Z,0,,normal
2026-05-29T17:54:23Z,0,,normal
2026-05-29T17:54:28Z,0,,normal
2026-05-29T17:54:33Z,0,,normal
2026-05-29T17:54:38Z,0,,normal
2026-05-29T17:54:43Z,0,,normal
2026-05-29T17:54:48Z,0,,normal
2026-05-29T17:54:53Z,0,,normal
2026-05-29T17:54:58Z,0,,normal
2026-05-29T17:55:03Z,0,,normal
2026-05-29T17:55:08Z,0,,normal
2026-05-29T17:55:13Z,0,,normal
2026-05-29T17:55:18Z,0,,normal
2026-05-29T17:55:23Z,0,,normal
2026-05-29T17:55:28Z,0,,normal
2026-05-29T17:55:33Z,0,,normal
2026-05-29T17:55:38Z,0,,normal
2026-05-29T17:55:43Z,0,,normal
2026-05-29T17:55:48Z,0,,normal
2026-05-29T17:55:53Z,0,,normal
2026-05-29T17:55:58Z,0,,normal
2026-05-29T17:56:03Z,0,,normal
2026-05-29T17:56:08Z,0,,normal
2026-05-29T17:56:13Z,0,,normal
2026-05-29T17:56:18Z,0,,normal
2026-05-29T17:56:23Z,0,,normal
2026-05-29T17:56:28Z,0,,normal
2026-05-29T17:56:33Z,0,,normal
2026-05-29T17:56:38Z,0,,normal
2026-05-29T17:56:43Z,0,,normal
2026-05-29T17:56:48Z,0,,normal
2026-05-29T17:56:53Z,0,,normal
2026-05-29T17:56:58Z,0,,normal
2026-05-29T17:57:03Z,0,,normal
2026-05-29T17:57:08Z,0,,normal
2026-05-29T17:57:13Z,0,,normal
2026-05-29T17:57:18Z,0,,normal
2026-05-29T17:57:23Z,0,,normal
2026-05-29T17:57:28Z,0,,normal
2026-05-29T17:57:33Z,0,,normal
2026-05-29T17:57:38Z,0,,normal
2026-05-29T17:57:43Z,0,,normal
2026-05-29T17:57:48Z,0,,normal
2026-05-29T17:57:53Z,0,,normal
2026-05-29T17:57:58Z,0,,normal
2026-05-29T17:58:03Z,0,,normal
2026-05-29T17:58:08Z,0,,normal
2026-05-29T17:58:13Z,0,,normal
2026-05-29T17:58:18Z,0,,normal
2026-05-29T17:58:23Z,0,,normal
2026-05-29T17:58:28Z,0,,normal
2026-05-29T17:58:33Z,0,,normal
2026-05-29T17:58:38Z,0,,normal
2026-05-29T17:58:43Z,0,,normal
2026-05-29T17:58:48Z,0,,normal
2026-05-29T17:58:53Z,0,,normal
2026-05-29T17:58:58Z,0,,normal
2026-05-29T17:59:03Z,0,,normal
2026-05-29T17:59:08Z,1,online_boutique_rca_3/INC-041,fault_effect
2026-05-29T17:59:13Z,1,online_boutique_rca_3/INC-041,fault_effect
2026-05-29T17:59:18Z,1,online_boutique_rca_3/INC-041,fault_effect
2026-05-29T17:59:23Z,1,online_boutique_rca_3/INC-041,fault_effect
2026-05-29T17:59:28Z,1,online_boutique_rca_3/INC-041,fault_effect
2026-05-29T17:59:33Z,1,online_boutique_rca_3/INC-041,fault_effect
2026-05-29T17:59:38Z,1,online_boutique_rca_3/INC-041,fault_effect
2026-05-29T17:59:43Z,1,online_boutique_rca_3/INC-041,fault_effect
2026-05-29T17:59:48Z,1,online_boutique_rca_3/INC-041,fault_effect
2026-05-29T17:59:53Z,1,online_boutique_rca_3/INC-041,fault_effect
2026-05-29T17:59:58Z,1,online_boutique_rca_3/INC-041,fault_effect
2026-05-29T18:00:03Z,0,,normal
2026-05-29T18:00:08Z,0,,normal
2026-05-29T18:00:13Z,0,,normal
2026-05-29T18:00:18Z,0,,normal
2026-05-29T18:00:23Z,0,,normal
2026-05-29T18:00:28Z,0,,normal
2026-05-29T18:00:33Z,0,,normal
2026-05-29T18:00:38Z,0,,normal
2026-05-29T18:00:43Z,0,,normal
2026-05-29T18:00:48Z,0,,normal
2026-05-29T18:00:53Z,0,,normal
2026-05-29T18:00:58Z,0,,normal
2026-05-29T18:01:03Z,0,,normal
2026-05-29T18:01:08Z,0,,normal
2026-05-29T18:01:13Z,0,,normal
2026-05-29T18:01:18Z,0,,normal
2026-05-29T18:01:23Z,0,,normal
2026-05-29T18:01:28Z,0,,normal
2026-05-29T18:01:33Z,0,,normal
2026-05-29T18:01:38Z,0,,normal
2026-05-29T18:01:43Z,0,,normal
2026-05-29T18:01:48Z,0,,normal
2026-05-29T18:01:53Z,0,,normal
2026-05-29T18:01:58Z,0,,normal
2026-05-29T18:02:03Z,0,,normal
2026-05-29T18:02:08Z,0,,normal
2026-05-29T18:02:13Z,0,,normal
2026-05-29T18:02:18Z,0,,normal
2026-05-29T18:02:23Z,0,,normal
2026-05-29T18:02:28Z,0,,normal
2026-05-29T18:02:33Z,0,,normal
2026-05-29T18:02:38Z,0,,normal
2026-05-29T18:02:43Z,0,,normal
2026-05-29T18:02:48Z,0,,normal
2026-05-29T18:02:53Z,0,,normal
2026-05-29T18:02:58Z,0,,normal
2026-05-29T18:03:03Z,0,,normal
2026-05-29T18:03:08Z,0,,normal
2026-05-29T18:03:13Z,0,,normal
2026-05-29T18:03:18Z,0,,normal
2026-05-29T18:03:23Z,0,,normal
2026-05-29T18:03:28Z,0,,normal
2026-05-29T18:03:33Z,0,,normal
2026-05-29T18:03:38Z,0,,normal
2026-05-29T18:03:43Z,0,,normal
2026-05-29T18:03:48Z,0,,normal
2026-05-29T18:03:53Z,0,,normal
2026-05-29T18:03:58Z,0,,normal
2026-05-29T18:04:03Z,0,,normal
2026-05-29T18:04:08Z,0,,normal
2026-05-29T18:04:13Z,0,,normal
2026-05-29T18:04:18Z,0,,normal
2026-05-29T18:04:23Z,0,,normal
2026-05-29T18:04:28Z,0,,normal
2026-05-29T18:04:33Z,0,,normal
2026-05-29T18:04:38Z,0,,normal
2026-05-29T18:04:43Z,0,,normal
2026-05-29T18:04:48Z,0,,normal
2026-05-29T18:04:53Z,0,,normal
2026-05-29T18:04:58Z,0,,normal
2026-05-29T18:05:03Z,0,,normal
2026-05-29T18:05:08Z,0,,normal
2026-05-29T18:05:13Z,1,online_boutique_rca_3/INC-042,fault_effect
2026-05-29T18:05:18Z,1,online_boutique_rca_3/INC-042,fault_effect
2026-05-29T18:05:23Z,1,online_boutique_rca_3/INC-042,fault_effect
2026-05-29T18:05:28Z,1,online_boutique_rca_3/INC-042,fault_effect
2026-05-29T18:05:33Z,1,online_boutique_rca_3/INC-042,fault_effect
2026-05-29T18:05:38Z,1,online_boutique_rca_3/INC-042,fault_effect
2026-05-29T18:05:43Z,1,online_boutique_rca_3/INC-042,fault_effect
2026-05-29T18:05:48Z,1,online_boutique_rca_3/INC-042,fault_effect
2026-05-29T18:05:53Z,1,online_boutique_rca_3/INC-042,fault_effect
2026-05-29T18:05:58Z,1,online_boutique_rca_3/INC-042,fault_effect
2026-05-29T18:06:03Z,1,online_boutique_rca_3/INC-042,fault_effect
2026-05-29T18:06:08Z,1,online_boutique_rca_3/INC-042,fault_effect
2026-05-29T18:06:13Z,0,,normal
2026-05-29T18:06:18Z,0,,normal
2026-05-29T18:06:23Z,0,,normal
2026-05-29T18:06:28Z,0,,normal
2026-05-29T18:06:33Z,0,,normal
2026-05-29T18:06:38Z,0,,normal
2026-05-29T18:06:43Z,0,,normal
2026-05-29T18:06:48Z,0,,normal
2026-05-29T18:06:53Z,0,,normal
2026-05-29T18:06:58Z,0,,normal
2026-05-29T18:07:03Z,0,,normal
2026-05-29T18:07:08Z,0,,normal
2026-05-29T18:07:13Z,0,,normal
2026-05-29T18:07:18Z,0,,normal
2026-05-29T18:07:23Z,0,,normal
2026-05-29T18:07:28Z,0,,normal
2026-05-29T18:07:33Z,0,,normal
2026-05-29T18:07:38Z,0,,normal
2026-05-29T18:07:43Z,0,,normal
2026-05-29T18:07:48Z,0,,normal
2026-05-29T18:07:53Z,0,,normal
2026-05-29T18:07:58Z,0,,normal
2026-05-29T18:08:03Z,0,,normal
2026-05-29T18:08:08Z,0,,normal
2026-05-29T18:08:13Z,0,,normal
2026-05-29T18:08:18Z,0,,normal
2026-05-29T18:08:23Z,0,,normal
2026-05-29T18:08:28Z,0,,normal
2026-05-29T18:08:33Z,0,,normal
2026-05-29T18:08:38Z,0,,normal
2026-05-29T18:08:43Z,0,,normal
2026-05-29T18:08:48Z,0,,normal
2026-05-29T18:08:53Z,0,,normal
2026-05-29T18:08:58Z,0,,normal
2026-05-29T18:09:03Z,0,,normal
2026-05-29T18:09:08Z,0,,normal
2026-05-29T18:09:13Z,0,,normal
2026-05-29T18:09:18Z,0,,normal
2026-05-29T18:09:23Z,0,,normal
2026-05-29T18:09:28Z,0,,normal
2026-05-29T18:09:33Z,0,,normal
2026-05-29T18:09:38Z,0,,normal
2026-05-29T18:09:43Z,0,,normal
2026-05-29T18:09:48Z,0,,normal
2026-05-29T18:09:53Z,0,,normal
2026-05-29T18:09:58Z,0,,normal
2026-05-29T18:10:03Z,0,,normal
2026-05-29T18:10:08Z,0,,normal
2026-05-29T18:10:13Z,0,,normal
2026-05-29T18:10:18Z,0,,normal
2026-05-29T18:10:23Z,0,,normal
2026-05-29T18:10:28Z,0,,normal
2026-05-29T18:10:33Z,0,,normal
2026-05-29T18:10:38Z,0,,normal
2026-05-29T18:10:43Z,0,,normal
2026-05-29T18:10:48Z,0,,normal
2026-05-29T18:10:53Z,0,,normal
2026-05-29T18:10:58Z,0,,normal
2026-05-29T18:11:03Z,0,,normal
2026-05-29T18:11:08Z,0,,normal
2026-05-29T18:11:13Z,0,,normal
2026-05-29T18:11:18Z,0,,normal
2026-05-29T18:11:23Z,0,,normal
2026-05-29T18:11:28Z,0,,normal
2026-05-29T18:11:33Z,0,,normal
2026-05-29T18:11:38Z,0,,normal
2026-05-29T18:11:43Z,0,,normal
2026-05-29T18:11:48Z,0,,normal
2026-05-29T18:11:53Z,0,,normal
2026-05-29T18:11:58Z,0,,normal
2026-05-29T18:12:03Z,0,,normal
2026-05-29T18:12:08Z,0,,normal
2026-05-29T18:12:13Z,0,,normal
2026-05-29T18:12:18Z,0,,normal
2026-05-29T18:12:23Z,0,,normal
2026-05-29T18:12:28Z,0,,normal
2026-05-29T18:12:33Z,0,,normal
2026-05-29T18:12:38Z,0,,normal
2026-05-29T18:12:43Z,0,,normal
2026-05-29T18:12:48Z,0,,normal
2026-05-29T18:12:53Z,0,,normal
2026-05-29T18:12:58Z,1,online_boutique_rca_3/INC-043,fault_effect
2026-05-29T18:13:03Z,1,online_boutique_rca_3/INC-043,fault_effect
2026-05-29T18:13:08Z,1,online_boutique_rca_3/INC-043,fault_effect
2026-05-29T18:13:13Z,1,online_boutique_rca_3/INC-043,fault_effect
2026-05-29T18:13:18Z,1,online_boutique_rca_3/INC-043,fault_effect
2026-05-29T18:13:23Z,1,online_boutique_rca_3/INC-043,fault_effect
2026-05-29T18:13:28Z,1,online_boutique_rca_3/INC-043,fault_effect
2026-05-29T18:13:33Z,1,online_boutique_rca_3/INC-043,fault_effect
2026-05-29T18:13:38Z,1,online_boutique_rca_3/INC-043,fault_effect
2026-05-29T18:13:43Z,1,online_boutique_rca_3/INC-043,fault_effect
2026-05-29T18:13:48Z,1,online_boutique_rca_3/INC-043,fault_effect
2026-05-29T18:13:53Z,0,,normal
2026-05-29T18:13:58Z,0,,normal
2026-05-29T18:14:03Z,0,,normal
2026-05-29T18:14:08Z,0,,normal
2026-05-29T18:14:13Z,0,,normal
2026-05-29T18:14:18Z,0,,normal
2026-05-29T18:14:23Z,0,,normal
2026-05-29T18:14:28Z,0,,normal
2026-05-29T18:14:33Z,0,,normal
2026-05-29T18:14:38Z,0,,normal
2026-05-29T18:14:43Z,0,,normal
2026-05-29T18:14:48Z,0,,normal
2026-05-29T18:14:53Z,0,,normal
2026-05-29T18:14:58Z,0,,normal
2026-05-29T18:15:03Z,0,,normal
2026-05-29T18:15:08Z,0,,normal
2026-05-29T18:15:13Z,0,,normal
2026-05-29T18:15:18Z,0,,normal
2026-05-29T18:15:23Z,0,,normal
2026-05-29T18:15:28Z,0,,normal
2026-05-29T18:15:33Z,0,,normal
2026-05-29T18:15:38Z,0,,normal
2026-05-29T18:15:43Z,0,,normal
2026-05-29T18:15:48Z,0,,normal
2026-05-29T18:15:53Z,0,,normal
2026-05-29T18:15:58Z,0,,normal
2026-05-29T18:16:03Z,0,,normal
2026-05-29T18:16:08Z,0,,normal
2026-05-29T18:16:13Z,0,,normal
2026-05-29T18:16:18Z,0,,normal
2026-05-29T18:16:23Z,0,,normal
2026-05-29T18:16:28Z,0,,normal
2026-05-29T18:16:33Z,0,,normal
2026-05-29T18:16:38Z,0,,normal
2026-05-29T18:16:43Z,0,,normal
2026-05-29T18:16:48Z,0,,normal
2026-05-29T18:16:53Z,0,,normal
2026-05-29T18:16:58Z,0,,normal
2026-05-29T18:17:03Z,0,,normal
2026-05-29T18:17:08Z,0,,normal
2026-05-29T18:17:13Z,0,,normal
2026-05-29T18:17:18Z,0,,normal
2026-05-29T18:17:23Z,0,,normal
2026-05-29T18:17:28Z,0,,normal
2026-05-29T18:17:33Z,0,,normal
2026-05-29T18:17:38Z,0,,normal
2026-05-29T18:17:43Z,0,,normal
2026-05-29T18:17:48Z,0,,normal
2026-05-29T18:17:53Z,1,online_boutique_rca_3/INC-044,fault_effect
2026-05-29T18:17:58Z,1,online_boutique_rca_3/INC-044,fault_effect
2026-05-29T18:18:03Z,1,online_boutique_rca_3/INC-044,fault_effect
2026-05-29T18:18:08Z,1,online_boutique_rca_3/INC-044,fault_effect
2026-05-29T18:18:13Z,1,online_boutique_rca_3/INC-044,fault_effect
2026-05-29T18:18:18Z,1,online_boutique_rca_3/INC-044,fault_effect
2026-05-29T18:18:23Z,1,online_boutique_rca_3/INC-044,fault_effect
2026-05-29T18:18:28Z,1,online_boutique_rca_3/INC-044,fault_effect
2026-05-29T18:18:33Z,1,online_boutique_rca_3/INC-044,fault_effect
2026-05-29T18:18:38Z,1,online_boutique_rca_3/INC-044,fault_effect
2026-05-29T18:18:43Z,1,online_boutique_rca_3/INC-044,fault_effect
2026-05-29T18:18:48Z,1,online_boutique_rca_3/INC-044,fault_effect
2026-05-29T18:18:53Z,0,,normal
2026-05-29T18:18:58Z,0,,normal
2026-05-29T18:19:03Z,0,,normal
2026-05-29T18:19:08Z,0,,normal
2026-05-29T18:19:13Z,0,,normal
2026-05-29T18:19:18Z,0,,normal
2026-05-29T18:19:23Z,0,,normal
2026-05-29T18:19:28Z,0,,normal
2026-05-29T18:19:33Z,0,,normal
2026-05-29T18:19:38Z,0,,normal
2026-05-29T18:19:43Z,0,,normal
2026-05-29T18:19:48Z,0,,normal
2026-05-29T18:19:53Z,0,,normal
2026-05-29T18:19:58Z,0,,normal
2026-05-29T18:20:03Z,0,,normal
2026-05-29T18:20:08Z,0,,normal
2026-05-29T18:20:13Z,0,,normal
2026-05-29T18:20:18Z,0,,normal
2026-05-29T18:20:23Z,0,,normal
2026-05-29T18:20:28Z,0,,normal
2026-05-29T18:20:33Z,0,,normal
2026-05-29T18:20:38Z,0,,normal
2026-05-29T18:20:43Z,0,,normal
2026-05-29T18:20:48Z,0,,normal
2026-05-29T18:20:53Z,0,,normal
2026-05-29T18:20:58Z,0,,normal
2026-05-29T18:21:03Z,0,,normal
2026-05-29T18:21:08Z,0,,normal
2026-05-29T18:21:13Z,0,,normal
2026-05-29T18:21:18Z,0,,normal
2026-05-29T18:21:23Z,0,,normal
2026-05-29T18:21:28Z,0,,normal
2026-05-29T18:21:33Z,0,,normal
2026-05-29T18:21:38Z,0,,normal
2026-05-29T18:21:43Z,0,,normal
2026-05-29T18:21:48Z,0,,normal
2026-05-29T18:21:53Z,0,,normal
2026-05-29T18:21:58Z,0,,normal
2026-05-29T18:22:03Z,0,,normal
2026-05-29T18:22:08Z,0,,normal
2026-05-29T18:22:13Z,0,,normal
2026-05-29T18:22:18Z,0,,normal
2026-05-29T18:22:23Z,0,,normal
2026-05-29T18:22:28Z,0,,normal
2026-05-29T18:22:33Z,0,,normal
2026-05-29T18:22:38Z,0,,normal
2026-05-29T18:22:43Z,0,,normal
2026-05-29T18:22:48Z,0,,normal
2026-05-29T18:22:53Z,0,,normal
2026-05-29T18:22:58Z,0,,normal
2026-05-29T18:23:03Z,0,,normal
2026-05-29T18:23:08Z,0,,normal
2026-05-29T18:23:13Z,0,,normal
2026-05-29T18:23:18Z,0,,normal
2026-05-29T18:23:23Z,0,,normal
2026-05-29T18:23:28Z,0,,normal
2026-05-29T18:23:33Z,0,,normal
2026-05-29T18:23:38Z,0,,normal
2026-05-29T18:23:43Z,0,,normal
2026-05-29T18:23:48Z,0,,normal
2026-05-29T18:23:53Z,0,,normal
2026-05-29T18:23:58Z,0,,normal
2026-05-29T18:24:03Z,0,,normal
2026-05-29T18:24:08Z,0,,normal
2026-05-29T18:24:13Z,0,,normal
2026-05-29T18:24:18Z,0,,normal
2026-05-29T18:24:23Z,0,,normal
2026-05-29T18:24:28Z,0,,normal
2026-05-29T18:24:33Z,0,,normal
2026-05-29T18:24:38Z,0,,normal
2026-05-29T18:24:43Z,0,,normal
2026-05-29T18:24:48Z,0,,normal
2026-05-29T18:24:53Z,0,,normal
2026-05-29T18:24:58Z,0,,normal
2026-05-29T18:25:03Z,0,,normal
2026-05-29T18:25:08Z,0,,normal
2026-05-29T18:25:13Z,0,,normal
2026-05-29T18:25:18Z,0,,normal
2026-05-29T18:25:23Z,1,online_boutique_rca_3/INC-045,fault_effect
2026-05-29T18:25:28Z,1,online_boutique_rca_3/INC-045,fault_effect
2026-05-29T18:25:33Z,1,online_boutique_rca_3/INC-045,fault_effect
2026-05-29T18:25:38Z,1,online_boutique_rca_3/INC-045,fault_effect
2026-05-29T18:25:43Z,1,online_boutique_rca_3/INC-045,fault_effect
2026-05-29T18:25:48Z,1,online_boutique_rca_3/INC-045,fault_effect
2026-05-29T18:25:53Z,1,online_boutique_rca_3/INC-045,fault_effect
2026-05-29T18:25:58Z,1,online_boutique_rca_3/INC-045,fault_effect
2026-05-29T18:26:03Z,1,online_boutique_rca_3/INC-045,fault_effect
2026-05-29T18:26:08Z,1,online_boutique_rca_3/INC-045,fault_effect
2026-05-29T18:26:13Z,1,online_boutique_rca_3/INC-045,fault_effect
2026-05-29T18:26:18Z,1,online_boutique_rca_3/INC-045,fault_effect
2026-05-29T18:26:23Z,0,,normal
2026-05-29T18:26:28Z,0,,normal
2026-05-29T18:26:33Z,0,,normal
2026-05-29T18:26:38Z,0,,normal
2026-05-29T18:26:43Z,0,,normal
2026-05-29T18:26:48Z,0,,normal
2026-05-29T18:26:53Z,0,,normal
2026-05-29T18:26:58Z,0,,normal
2026-05-29T18:27:03Z,0,,normal
2026-05-29T18:27:08Z,0,,normal
2026-05-29T18:27:13Z,0,,normal
2026-05-29T18:27:18Z,0,,normal
2026-05-29T18:27:23Z,0,,normal
2026-05-29T18:27:28Z,0,,normal
2026-05-29T18:27:33Z,0,,normal
2026-05-29T18:27:38Z,0,,normal
2026-05-29T18:27:43Z,0,,normal
2026-05-29T18:27:48Z,0,,normal
2026-05-29T18:27:53Z,0,,normal
2026-05-29T18:27:58Z,0,,normal
2026-05-29T18:28:03Z,0,,normal
2026-05-29T18:28:08Z,0,,normal
2026-05-29T18:28:13Z,0,,normal
2026-05-29T18:28:18Z,0,,normal
2026-05-29T18:28:23Z,0,,normal
2026-05-29T18:28:28Z,0,,normal
2026-05-29T18:28:33Z,0,,normal
2026-05-29T18:28:38Z,0,,normal
2026-05-29T18:28:43Z,0,,normal
2026-05-29T18:28:48Z,0,,normal
2026-05-29T18:28:53Z,0,,normal
2026-05-29T18:28:58Z,0,,normal
2026-05-29T18:29:03Z,0,,normal
2026-05-29T18:29:08Z,0,,normal
2026-05-29T18:29:13Z,0,,normal
2026-05-29T18:29:18Z,0,,normal
2026-05-29T18:29:23Z,0,,normal
2026-05-29T18:29:28Z,0,,normal
2026-05-29T18:29:33Z,0,,normal
2026-05-29T18:29:38Z,0,,normal
2026-05-29T18:29:43Z,0,,normal
2026-05-29T18:29:48Z,0,,normal
2026-05-29T18:29:53Z,0,,normal
2026-05-29T18:29:58Z,0,,normal
2026-05-29T18:30:03Z,0,,normal
2026-05-29T18:30:08Z,0,,normal
2026-05-29T18:30:13Z,0,,normal
2026-05-29T18:30:18Z,0,,normal
2026-05-29T18:30:23Z,0,,normal
2026-05-29T18:30:28Z,0,,normal
2026-05-29T18:30:33Z,0,,normal
2026-05-29T18:30:38Z,0,,normal
2026-05-29T18:30:43Z,0,,normal
2026-05-29T18:30:48Z,0,,normal
2026-05-29T18:30:53Z,0,,normal
2026-05-29T18:30:58Z,0,,normal
2026-05-29T18:31:03Z,0,,normal
2026-05-29T18:31:08Z,0,,normal
2026-05-29T18:31:13Z,0,,normal
2026-05-29T18:31:18Z,1,online_boutique_rca_3/INC-046,fault_effect
2026-05-29T18:31:23Z,1,online_boutique_rca_3/INC-046,fault_effect
2026-05-29T18:31:28Z,1,online_boutique_rca_3/INC-046,fault_effect
2026-05-29T18:31:33Z,1,online_boutique_rca_3/INC-046,fault_effect
2026-05-29T18:31:38Z,1,online_boutique_rca_3/INC-046,fault_effect
2026-05-29T18:31:43Z,1,online_boutique_rca_3/INC-046,fault_effect
2026-05-29T18:31:48Z,1,online_boutique_rca_3/INC-046,fault_effect
2026-05-29T18:31:53Z,1,online_boutique_rca_3/INC-046,fault_effect
2026-05-29T18:31:58Z,1,online_boutique_rca_3/INC-046,fault_effect
2026-05-29T18:32:03Z,1,online_boutique_rca_3/INC-046,fault_effect
2026-05-29T18:32:08Z,1,online_boutique_rca_3/INC-046,fault_effect
2026-05-29T18:32:13Z,1,online_boutique_rca_3/INC-046,fault_effect
2026-05-29T18:32:18Z,0,,normal
2026-05-29T18:32:23Z,0,,normal
2026-05-29T18:32:28Z,0,,normal
2026-05-29T18:32:33Z,0,,normal
2026-05-29T18:32:38Z,0,,normal
2026-05-29T18:32:43Z,0,,normal
2026-05-29T18:32:48Z,0,,normal
2026-05-29T18:32:53Z,0,,normal
2026-05-29T18:32:58Z,0,,normal
2026-05-29T18:33:03Z,0,,normal
2026-05-29T18:33:08Z,0,,normal
2026-05-29T18:33:13Z,0,,normal
2026-05-29T18:33:18Z,0,,normal
2026-05-29T18:33:23Z,0,,normal
2026-05-29T18:33:28Z,0,,normal
2026-05-29T18:33:33Z,0,,normal
2026-05-29T18:33:38Z,0,,normal
2026-05-29T18:33:43Z,0,,normal
2026-05-29T18:33:48Z,0,,normal
2026-05-29T18:33:53Z,0,,normal
2026-05-29T18:33:58Z,0,,normal
2026-05-29T18:34:03Z,0,,normal
2026-05-29T18:34:08Z,0,,normal
2026-05-29T18:34:13Z,0,,normal
2026-05-29T18:34:18Z,0,,normal
2026-05-29T18:34:23Z,0,,normal
2026-05-29T18:34:28Z,0,,normal
2026-05-29T18:34:33Z,0,,normal
2026-05-29T18:34:38Z,0,,normal
2026-05-29T18:34:43Z,0,,normal
2026-05-29T18:34:48Z,0,,normal
2026-05-29T18:34:53Z,0,,normal
2026-05-29T18:34:58Z,0,,normal
2026-05-29T18:35:03Z,0,,normal
2026-05-29T18:35:08Z,0,,normal
2026-05-29T18:35:13Z,0,,normal
2026-05-29T18:35:18Z,0,,normal
2026-05-29T18:35:23Z,0,,normal
2026-05-29T18:35:28Z,0,,normal
2026-05-29T18:35:33Z,0,,normal
2026-05-29T18:35:38Z,0,,normal
2026-05-29T18:35:43Z,0,,normal
2026-05-29T18:35:48Z,0,,normal
2026-05-29T18:35:53Z,0,,normal
2026-05-29T18:35:58Z,0,,normal
2026-05-29T18:36:03Z,0,,normal
2026-05-29T18:36:08Z,0,,normal
2026-05-29T18:36:13Z,0,,normal
2026-05-29T18:36:18Z,0,,normal
2026-05-29T18:36:23Z,0,,normal
2026-05-29T18:36:28Z,0,,normal
2026-05-29T18:36:33Z,0,,normal
2026-05-29T18:36:38Z,0,,normal
2026-05-29T18:36:43Z,0,,normal
2026-05-29T18:36:48Z,0,,normal
2026-05-29T18:36:53Z,0,,normal
2026-05-29T18:36:58Z,0,,normal
2026-05-29T18:37:03Z,0,,normal
2026-05-29T18:37:08Z,0,,normal
2026-05-29T18:37:13Z,0,,normal
2026-05-29T18:37:18Z,0,,normal
2026-05-29T18:37:23Z,0,,normal
2026-05-29T18:37:28Z,0,,normal
2026-05-29T18:37:33Z,0,,normal
2026-05-29T18:37:38Z,0,,normal
2026-05-29T18:37:43Z,0,,normal
2026-05-29T18:37:48Z,0,,normal
2026-05-29T18:37:53Z,0,,normal
2026-05-29T18:37:58Z,0,,normal
2026-05-29T18:38:03Z,0,,normal
2026-05-29T18:38:08Z,0,,normal
2026-05-29T18:38:13Z,0,,normal
2026-05-29T18:38:18Z,0,,normal
2026-05-29T18:38:23Z,0,,normal
2026-05-29T18:38:28Z,0,,normal
2026-05-29T18:38:33Z,0,,normal
2026-05-29T18:38:38Z,0,,normal
2026-05-29T18:38:43Z,0,,normal
2026-05-29T18:38:48Z,0,,normal
2026-05-29T18:38:53Z,0,,normal
2026-05-29T18:38:58Z,0,,normal
2026-05-29T18:39:03Z,1,online_boutique_rca_3/INC-047,fault_effect
2026-05-29T18:39:08Z,1,online_boutique_rca_3/INC-047,fault_effect
2026-05-29T18:39:13Z,1,online_boutique_rca_3/INC-047,fault_effect
2026-05-29T18:39:18Z,1,online_boutique_rca_3/INC-047,fault_effect
2026-05-29T18:39:23Z,1,online_boutique_rca_3/INC-047,fault_effect
2026-05-29T18:39:28Z,1,online_boutique_rca_3/INC-047,fault_effect
2026-05-29T18:39:33Z,1,online_boutique_rca_3/INC-047,fault_effect
2026-05-29T18:39:38Z,1,online_boutique_rca_3/INC-047,fault_effect
2026-05-29T18:39:43Z,1,online_boutique_rca_3/INC-047,fault_effect
2026-05-29T18:39:48Z,1,online_boutique_rca_3/INC-047,fault_effect
2026-05-29T18:39:53Z,1,online_boutique_rca_3/INC-047,fault_effect
2026-05-29T18:39:58Z,1,online_boutique_rca_3/INC-047,fault_effect
2026-05-29T18:40:03Z,0,,normal
2026-05-29T18:40:08Z,0,,normal
2026-05-29T18:40:13Z,0,,normal
2026-05-29T18:40:18Z,0,,normal
2026-05-29T18:40:23Z,0,,normal
2026-05-29T18:40:28Z,0,,normal
2026-05-29T18:40:33Z,0,,normal
2026-05-29T18:40:38Z,0,,normal
2026-05-29T18:40:43Z,0,,normal
2026-05-29T18:40:48Z,0,,normal
2026-05-29T18:40:53Z,0,,normal
2026-05-29T18:40:58Z,0,,normal
2026-05-29T18:41:03Z,0,,normal
2026-05-29T18:41:08Z,0,,normal
2026-05-29T18:41:13Z,0,,normal
2026-05-29T18:41:18Z,0,,normal
2026-05-29T18:41:23Z,0,,normal
2026-05-29T18:41:28Z,0,,normal
2026-05-29T18:41:33Z,0,,normal
2026-05-29T18:41:38Z,0,,normal
2026-05-29T18:41:43Z,0,,normal
2026-05-29T18:41:48Z,0,,normal
2026-05-29T18:41:53Z,0,,normal
2026-05-29T18:41:58Z,0,,normal
2026-05-29T18:42:03Z,0,,normal
2026-05-29T18:42:08Z,0,,normal
2026-05-29T18:42:13Z,0,,normal
2026-05-29T18:42:18Z,0,,normal
2026-05-29T18:42:23Z,0,,normal
2026-05-29T18:42:28Z,0,,normal
2026-05-29T18:42:33Z,0,,normal
2026-05-29T18:42:38Z,0,,normal
2026-05-29T18:42:43Z,0,,normal
2026-05-29T18:42:48Z,0,,normal
2026-05-29T18:42:53Z,0,,normal
2026-05-29T18:42:58Z,0,,normal
2026-05-29T18:43:03Z,0,,normal
2026-05-29T18:43:08Z,0,,normal
2026-05-29T18:43:13Z,0,,normal
2026-05-29T18:43:18Z,0,,normal
2026-05-29T18:43:23Z,0,,normal
2026-05-29T18:43:28Z,0,,normal
2026-05-29T18:43:33Z,0,,normal
2026-05-29T18:43:38Z,0,,normal
2026-05-29T18:43:43Z,0,,normal
2026-05-29T18:43:48Z,0,,normal
2026-05-29T18:43:53Z,0,,normal
2026-05-29T18:43:58Z,0,,normal
2026-05-29T18:44:03Z,0,,normal
2026-05-29T18:44:08Z,0,,normal
2026-05-29T18:44:13Z,0,,normal
2026-05-29T18:44:18Z,0,,normal
2026-05-29T18:44:23Z,0,,normal
2026-05-29T18:44:28Z,0,,normal
2026-05-29T18:44:33Z,0,,normal
2026-05-29T18:44:38Z,0,,normal
2026-05-29T18:44:43Z,0,,normal
2026-05-29T18:44:48Z,0,,normal
2026-05-29T18:44:53Z,0,,normal
2026-05-29T18:44:58Z,0,,normal
2026-05-29T18:45:03Z,0,,normal
2026-05-29T18:45:08Z,0,,normal
2026-05-29T18:45:13Z,0,,normal
2026-05-29T18:45:18Z,1,online_boutique_rca_3/INC-048,fault_effect
2026-05-29T18:45:23Z,1,online_boutique_rca_3/INC-048,fault_effect
2026-05-29T18:45:28Z,1,online_boutique_rca_3/INC-048,fault_effect
2026-05-29T18:45:33Z,1,online_boutique_rca_3/INC-048,fault_effect
2026-05-29T18:45:38Z,1,online_boutique_rca_3/INC-048,fault_effect
2026-05-29T18:45:43Z,1,online_boutique_rca_3/INC-048,fault_effect
2026-05-29T18:45:48Z,1,online_boutique_rca_3/INC-048,fault_effect
2026-05-29T18:45:53Z,1,online_boutique_rca_3/INC-048,fault_effect
2026-05-29T18:45:58Z,1,online_boutique_rca_3/INC-048,fault_effect
2026-05-29T18:46:03Z,1,online_boutique_rca_3/INC-048,fault_effect
2026-05-29T18:46:08Z,1,online_boutique_rca_3/INC-048,fault_effect
2026-05-29T18:46:13Z,0,,normal
2026-05-29T18:46:18Z,0,,normal
2026-05-29T18:46:23Z,0,,normal
2026-05-29T18:46:28Z,0,,normal
2026-05-29T18:46:33Z,0,,normal
2026-05-29T18:46:38Z,0,,normal
2026-05-29T18:46:43Z,0,,normal
2026-05-29T18:46:48Z,0,,normal
2026-05-29T18:46:53Z,0,,normal
2026-05-29T18:46:58Z,0,,normal
2026-05-29T18:47:03Z,0,,normal
2026-05-29T18:47:08Z,0,,normal
2026-05-29T18:47:13Z,0,,normal
2026-05-29T18:47:18Z,0,,normal
2026-05-29T18:47:23Z,0,,normal
2026-05-29T18:47:28Z,0,,normal
2026-05-29T18:47:33Z,0,,normal
2026-05-29T18:47:38Z,0,,normal
2026-05-29T18:47:43Z,0,,normal
2026-05-29T18:47:48Z,0,,normal
2026-05-29T18:47:53Z,0,,normal
2026-05-29T18:47:58Z,0,,normal
2026-05-29T18:48:03Z,0,,normal
2026-05-29T18:48:08Z,0,,normal
2026-05-29T18:48:13Z,0,,normal
2026-05-29T18:48:18Z,0,,normal
2026-05-29T18:48:23Z,0,,normal
2026-05-29T18:48:28Z,0,,normal
2026-05-29T18:48:33Z,0,,normal
2026-05-29T18:48:38Z,0,,normal
2026-05-29T18:48:43Z,0,,normal
2026-05-29T18:48:48Z,0,,normal
2026-05-29T18:48:53Z,0,,normal
2026-05-29T18:48:58Z,0,,normal
2026-05-29T18:49:03Z,0,,normal
2026-05-29T18:49:08Z,0,,normal
2026-05-29T18:49:13Z,0,,normal
2026-05-29T18:49:18Z,0,,normal
2026-05-29T18:49:23Z,0,,normal
2026-05-29T18:49:28Z,0,,normal
2026-05-29T18:49:33Z,0,,normal
2026-05-29T18:49:38Z,0,,normal
2026-05-29T18:49:43Z,0,,normal
2026-05-29T18:49:48Z,0,,normal
2026-05-29T18:49:53Z,0,,normal
2026-05-29T18:49:58Z,0,,normal
2026-05-29T18:50:03Z,0,,normal
2026-05-29T18:50:08Z,0,,normal
2026-05-29T18:50:13Z,0,,normal
2026-05-29T18:50:18Z,0,,normal
2026-05-29T18:50:23Z,0,,normal
2026-05-29T18:50:28Z,0,,normal
2026-05-29T18:50:33Z,0,,normal
2026-05-29T18:50:38Z,0,,normal
2026-05-29T18:50:43Z,0,,normal
2026-05-29T18:50:48Z,0,,normal
2026-05-29T18:50:53Z,0,,normal
2026-05-29T18:50:58Z,0,,normal
2026-05-29T18:51:03Z,0,,normal
2026-05-29T18:51:08Z,0,,normal
2026-05-29T18:51:13Z,0,,normal
2026-05-29T18:51:18Z,0,,normal
2026-05-29T18:51:23Z,0,,normal
2026-05-29T18:51:28Z,0,,normal
2026-05-29T18:51:33Z,0,,normal
2026-05-29T18:51:38Z,0,,normal
2026-05-29T18:51:43Z,0,,normal
2026-05-29T18:51:48Z,0,,normal
2026-05-29T18:51:53Z,0,,normal
2026-05-29T18:51:58Z,0,,normal
2026-05-29T18:52:03Z,0,,normal
2026-05-29T18:52:08Z,0,,normal
2026-05-29T18:52:13Z,0,,normal
2026-05-29T18:52:18Z,0,,normal
2026-05-29T18:52:23Z,0,,normal
2026-05-29T18:52:28Z,0,,normal
2026-05-29T18:52:33Z,0,,normal
2026-05-29T18:52:38Z,0,,normal
2026-05-29T18:52:43Z,0,,normal
2026-05-29T18:52:48Z,0,,normal
2026-05-29T18:52:53Z,0,,normal
2026-05-29T18:52:58Z,0,,normal
2026-05-29T18:53:03Z,0,,normal
2026-05-29T18:53:08Z,0,,normal
2026-05-29T18:53:13Z,0,,normal
2026-05-29T18:53:18Z,0,,normal
2026-05-29T18:53:23Z,0,,normal
2026-05-29T18:53:28Z,0,,normal
2026-05-29T18:53:33Z,0,,normal
2026-05-29T18:53:38Z,0,,normal
2026-05-29T18:53:43Z,1,online_boutique_rca_3/INC-049,fault_effect
2026-05-29T18:53:48Z,1,online_boutique_rca_3/INC-049,fault_effect
2026-05-29T18:53:53Z,1,online_boutique_rca_3/INC-049,fault_effect
2026-05-29T18:53:58Z,1,online_boutique_rca_3/INC-049,fault_effect
2026-05-29T18:54:03Z,1,online_boutique_rca_3/INC-049,fault_effect
2026-05-29T18:54:08Z,1,online_boutique_rca_3/INC-049,fault_effect
2026-05-29T18:54:13Z,1,online_boutique_rca_3/INC-049,fault_effect
2026-05-29T18:54:18Z,1,online_boutique_rca_3/INC-049,fault_effect
2026-05-29T18:54:23Z,1,online_boutique_rca_3/INC-049,fault_effect
2026-05-29T18:54:28Z,1,online_boutique_rca_3/INC-049,fault_effect
2026-05-29T18:54:33Z,1,online_boutique_rca_3/INC-049,fault_effect
2026-05-29T18:54:38Z,1,online_boutique_rca_3/INC-049,fault_effect
2026-05-29T18:54:43Z,0,,normal
2026-05-29T18:54:48Z,0,,normal
2026-05-29T18:54:53Z,0,,normal
2026-05-29T18:54:58Z,0,,normal
2026-05-29T18:55:03Z,0,,normal
2026-05-29T18:55:08Z,0,,normal
2026-05-29T18:55:13Z,0,,normal
2026-05-29T18:55:18Z,0,,normal
2026-05-29T18:55:23Z,0,,normal
2026-05-29T18:55:28Z,0,,normal
2026-05-29T18:55:33Z,0,,normal
2026-05-29T18:55:38Z,0,,normal
2026-05-29T18:55:43Z,0,,normal
2026-05-29T18:55:48Z,0,,normal
2026-05-29T18:55:53Z,0,,normal
2026-05-29T18:55:58Z,0,,normal
2026-05-29T18:56:03Z,0,,normal
2026-05-29T18:56:08Z,0,,normal
2026-05-29T18:56:13Z,0,,normal
2026-05-29T18:56:18Z,0,,normal
2026-05-29T18:56:23Z,0,,normal
2026-05-29T18:56:28Z,0,,normal
2026-05-29T18:56:33Z,0,,normal
2026-05-29T18:56:38Z,0,,normal
2026-05-29T18:56:43Z,0,,normal
2026-05-29T18:56:48Z,0,,normal
2026-05-29T18:56:53Z,0,,normal
2026-05-29T18:56:58Z,0,,normal
2026-05-29T18:57:03Z,0,,normal
2026-05-29T18:57:08Z,0,,normal
2026-05-29T18:57:13Z,0,,normal
2026-05-29T18:57:18Z,0,,normal
2026-05-29T18:57:23Z,0,,normal
2026-05-29T18:57:28Z,0,,normal
2026-05-29T18:57:33Z,0,,normal
2026-05-29T18:57:38Z,0,,normal
2026-05-29T18:57:43Z,0,,normal
2026-05-29T18:57:48Z,0,,normal
2026-05-29T18:57:53Z,0,,normal
2026-05-29T18:57:58Z,0,,normal
2026-05-29T18:58:03Z,0,,normal
2026-05-29T18:58:08Z,0,,normal
2026-05-29T18:58:13Z,0,,normal
2026-05-29T18:58:18Z,0,,normal
2026-05-29T18:58:23Z,0,,normal
2026-05-29T18:58:28Z,0,,normal
2026-05-29T18:58:33Z,0,,normal
2026-05-29T18:58:38Z,0,,normal
2026-05-29T18:58:43Z,0,,normal
2026-05-29T18:58:48Z,0,,normal
2026-05-29T18:58:53Z,0,,normal
2026-05-29T18:58:58Z,0,,normal
2026-05-29T18:59:03Z,0,,normal
2026-05-29T18:59:08Z,0,,normal
2026-05-29T18:59:13Z,1,online_boutique_rca_3/INC-050,fault_effect
2026-05-29T18:59:18Z,1,online_boutique_rca_3/INC-050,fault_effect
2026-05-29T18:59:23Z,1,online_boutique_rca_3/INC-050,fault_effect
2026-05-29T18:59:28Z,1,online_boutique_rca_3/INC-050,fault_effect
2026-05-29T18:59:33Z,1,online_boutique_rca_3/INC-050,fault_effect
2026-05-29T18:59:38Z,1,online_boutique_rca_3/INC-050,fault_effect
2026-05-29T18:59:43Z,1,online_boutique_rca_3/INC-050,fault_effect
2026-05-29T18:59:48Z,1,online_boutique_rca_3/INC-050,fault_effect
2026-05-29T18:59:53Z,1,online_boutique_rca_3/INC-050,fault_effect
2026-05-29T18:59:58Z,1,online_boutique_rca_3/INC-050,fault_effect
2026-05-29T19:00:03Z,1,online_boutique_rca_3/INC-050,fault_effect
2026-05-29T19:00:08Z,1,online_boutique_rca_3/INC-050,fault_effect
2026-05-29T19:00:13Z,0,,normal
2026-05-29T19:00:18Z,0,,normal
2026-05-29T19:00:23Z,0,,normal
2026-05-29T19:00:28Z,0,,normal
2026-05-29T19:00:33Z,0,,normal
2026-05-29T19:00:38Z,0,,normal
2026-05-29T19:00:43Z,0,,normal
2026-05-29T19:00:48Z,0,,normal
2026-05-29T19:00:53Z,0,,normal
2026-05-29T19:00:58Z,0,,normal
2026-05-29T19:01:03Z,0,,normal
2026-05-29T19:01:08Z,0,,normal
2026-05-29T19:01:13Z,0,,normal
2026-05-29T19:01:18Z,0,,normal
2026-05-29T19:01:23Z,0,,normal
2026-05-29T19:01:28Z,0,,normal
2026-05-29T19:01:33Z,0,,normal
2026-05-29T19:01:38Z,0,,normal
2026-05-29T19:01:43Z,0,,normal
2026-05-29T19:01:48Z,0,,normal
2026-05-29T19:01:53Z,0,,normal
2026-05-29T19:01:58Z,0,,normal
2026-05-29T19:02:03Z,0,,normal
2026-05-29T19:02:08Z,0,,normal
2026-05-29T19:02:13Z,0,,normal
2026-05-29T19:02:18Z,0,,normal
2026-05-29T19:02:23Z,0,,normal
2026-05-29T19:02:28Z,0,,normal
2026-05-29T19:02:33Z,0,,normal
2026-05-29T19:02:38Z,0,,normal
2026-05-29T19:02:43Z,0,,normal
2026-05-29T19:02:48Z,0,,normal
2026-05-29T19:02:53Z,0,,normal
2026-05-29T19:02:58Z,0,,normal
2026-05-29T19:03:03Z,0,,normal
2026-05-29T19:03:08Z,0,,normal
2026-05-29T19:03:13Z,0,,normal
2026-05-29T19:03:18Z,0,,normal
2026-05-29T19:03:23Z,0,,normal
2026-05-29T19:03:28Z,0,,normal
2026-05-29T19:03:33Z,0,,normal
2026-05-29T19:03:38Z,0,,normal
2026-05-29T19:03:43Z,0,,normal
2026-05-29T19:03:48Z,0,,normal
2026-05-29T19:03:53Z,0,,normal
2026-05-29T19:03:58Z,0,,normal
2026-05-29T19:04:03Z,0,,normal
2026-05-29T19:04:08Z,0,,normal
2026-05-29T19:04:13Z,0,,normal
2026-05-29T19:04:18Z,0,,normal
2026-05-29T19:04:23Z,0,,normal
2026-05-29T19:04:28Z,0,,normal
2026-05-29T19:04:33Z,0,,normal
2026-05-29T19:04:38Z,0,,normal
2026-05-29T19:04:43Z,0,,normal
2026-05-29T19:04:48Z,0,,normal
2026-05-29T19:04:53Z,0,,normal
2026-05-29T19:04:58Z,0,,normal
2026-05-29T19:05:03Z,0,,normal
2026-05-29T19:05:08Z,0,,normal
2026-05-29T19:05:13Z,0,,normal
2026-05-29T19:05:18Z,0,,normal
2026-05-29T19:05:23Z,0,,normal
2026-05-29T19:05:28Z,0,,normal
2026-05-29T19:05:33Z,0,,normal
2026-05-29T19:05:38Z,0,,normal
2026-05-29T19:05:43Z,0,,normal
2026-05-29T19:05:48Z,0,,normal
2026-05-29T19:05:53Z,0,,normal
2026-05-29T19:05:58Z,0,,normal
2026-05-29T19:06:03Z,0,,normal
2026-05-29T19:06:08Z,0,,normal
2026-05-29T19:06:13Z,0,,normal
2026-05-29T19:06:18Z,0,,normal
2026-05-29T19:06:23Z,0,,normal
2026-05-29T19:06:28Z,0,,normal
2026-05-29T19:06:33Z,0,,normal
2026-05-29T19:06:38Z,0,,normal
2026-05-29T19:06:43Z,0,,normal
2026-05-29T19:06:48Z,0,,normal
2026-05-29T19:06:53Z,0,,normal
2026-05-29T19:06:58Z,0,,normal
2026-05-29T19:07:03Z,0,,normal
2026-05-29T19:07:08Z,0,,normal
2026-05-29T19:07:13Z,0,,normal
2026-05-29T19:07:18Z,0,,normal
2026-05-29T19:07:23Z,0,,normal
2026-05-29T19:07:28Z,0,,normal
2026-05-29T19:07:33Z,0,,normal
2026-05-29T19:07:38Z,0,,normal
2026-05-29T19:07:43Z,0,,normal
2026-05-29T19:07:48Z,0,,normal
2026-05-29T19:07:53Z,0,,normal
2026-05-29T19:07:58Z,0,,normal
2026-05-29T19:08:03Z,0,,normal
2026-05-29T19:08:08Z,0,,normal
2026-05-29T19:08:13Z,0,,normal
2026-05-29T19:08:18Z,1,online_boutique_rca_3/INC-051,fault_effect
2026-05-29T19:08:23Z,1,online_boutique_rca_3/INC-051,fault_effect
2026-05-29T19:08:28Z,1,online_boutique_rca_3/INC-051,fault_effect
2026-05-29T19:08:33Z,1,online_boutique_rca_3/INC-051,fault_effect
2026-05-29T19:08:38Z,1,online_boutique_rca_3/INC-051,fault_effect
2026-05-29T19:08:43Z,1,online_boutique_rca_3/INC-051,fault_effect
2026-05-29T19:08:48Z,1,online_boutique_rca_3/INC-051,fault_effect
2026-05-29T19:08:53Z,1,online_boutique_rca_3/INC-051,fault_effect
2026-05-29T19:08:58Z,1,online_boutique_rca_3/INC-051,fault_effect
2026-05-29T19:09:03Z,1,online_boutique_rca_3/INC-051,fault_effect
2026-05-29T19:09:08Z,1,online_boutique_rca_3/INC-051,fault_effect
2026-05-29T19:09:13Z,1,online_boutique_rca_3/INC-051,fault_effect
2026-05-29T19:09:18Z,0,,normal
2026-05-29T19:09:23Z,0,,normal
2026-05-29T19:09:28Z,0,,normal
2026-05-29T19:09:33Z,0,,normal
2026-05-29T19:09:38Z,0,,normal
2026-05-29T19:09:43Z,0,,normal
2026-05-29T19:09:48Z,0,,normal
2026-05-29T19:09:53Z,0,,normal
2026-05-29T19:09:58Z,0,,normal
2026-05-29T19:10:03Z,0,,normal
2026-05-29T19:10:08Z,0,,normal
2026-05-29T19:10:13Z,0,,normal
2026-05-29T19:10:18Z,0,,normal
2026-05-29T19:10:23Z,0,,normal
2026-05-29T19:10:28Z,0,,normal
2026-05-29T19:10:33Z,0,,normal
2026-05-29T19:10:38Z,0,,normal
2026-05-29T19:10:43Z,0,,normal
2026-05-29T19:10:48Z,0,,normal
2026-05-29T19:10:53Z,0,,normal
2026-05-29T19:10:58Z,0,,normal
2026-05-29T19:11:03Z,0,,normal
2026-05-29T19:11:08Z,0,,normal
2026-05-29T19:11:13Z,0,,normal
2026-05-29T19:11:18Z,0,,normal
2026-05-29T19:11:23Z,0,,normal
2026-05-29T19:11:28Z,0,,normal
2026-05-29T19:11:33Z,0,,normal
2026-05-29T19:11:38Z,0,,normal
2026-05-29T19:11:43Z,0,,normal
2026-05-29T19:11:48Z,0,,normal
2026-05-29T19:11:53Z,0,,normal
2026-05-29T19:11:58Z,0,,normal
2026-05-29T19:12:03Z,0,,normal
2026-05-29T19:12:08Z,0,,normal
2026-05-29T19:12:13Z,0,,normal
2026-05-29T19:12:18Z,0,,normal
2026-05-29T19:12:23Z,0,,normal
2026-05-29T19:12:28Z,0,,normal
2026-05-29T19:12:33Z,0,,normal
2026-05-29T19:12:38Z,0,,normal
2026-05-29T19:12:43Z,0,,normal
2026-05-29T19:12:48Z,0,,normal
2026-05-29T19:12:53Z,0,,normal
2026-05-29T19:12:58Z,0,,normal
2026-05-29T19:13:03Z,0,,normal
2026-05-29T19:13:08Z,0,,normal
2026-05-29T19:13:13Z,0,,normal
2026-05-29T19:13:18Z,0,,normal
2026-05-29T19:13:23Z,0,,normal
2026-05-29T19:13:28Z,0,,normal
2026-05-29T19:13:33Z,0,,normal
2026-05-29T19:13:38Z,0,,normal
2026-05-29T19:13:43Z,0,,normal
2026-05-29T19:13:48Z,0,,normal
2026-05-29T19:13:53Z,0,,normal
2026-05-29T19:13:58Z,0,,normal
2026-05-29T19:14:03Z,0,,normal
2026-05-29T19:14:08Z,0,,normal
2026-05-29T19:14:13Z,0,,normal
2026-05-29T19:14:18Z,0,,normal
2026-05-29T19:14:23Z,0,,normal
2026-05-29T19:14:28Z,0,,normal
2026-05-29T19:14:33Z,1,online_boutique_rca_3/INC-052,fault_effect
2026-05-29T19:14:38Z,1,online_boutique_rca_3/INC-052,fault_effect
2026-05-29T19:14:43Z,1,online_boutique_rca_3/INC-052,fault_effect
2026-05-29T19:14:48Z,1,online_boutique_rca_3/INC-052,fault_effect
2026-05-29T19:14:53Z,1,online_boutique_rca_3/INC-052,fault_effect
2026-05-29T19:14:58Z,1,online_boutique_rca_3/INC-052,fault_effect
2026-05-29T19:15:03Z,1,online_boutique_rca_3/INC-052,fault_effect
2026-05-29T19:15:08Z,1,online_boutique_rca_3/INC-052,fault_effect
2026-05-29T19:15:13Z,1,online_boutique_rca_3/INC-052,fault_effect
2026-05-29T19:15:18Z,1,online_boutique_rca_3/INC-052,fault_effect
2026-05-29T19:15:23Z,1,online_boutique_rca_3/INC-052,fault_effect
2026-05-29T19:15:28Z,1,online_boutique_rca_3/INC-052,fault_effect
2026-05-29T19:15:33Z,0,,normal
2026-05-29T19:15:38Z,0,,normal
2026-05-29T19:15:43Z,0,,normal
2026-05-29T19:15:48Z,0,,normal
2026-05-29T19:15:53Z,0,,normal
2026-05-29T19:15:58Z,0,,normal
2026-05-29T19:16:03Z,0,,normal
2026-05-29T19:16:08Z,0,,normal
2026-05-29T19:16:13Z,0,,normal
2026-05-29T19:16:18Z,0,,normal
2026-05-29T19:16:23Z,0,,normal
2026-05-29T19:16:28Z,0,,normal
2026-05-29T19:16:33Z,0,,normal
2026-05-29T19:16:38Z,0,,normal
2026-05-29T19:16:43Z,0,,normal
2026-05-29T19:16:48Z,0,,normal
2026-05-29T19:16:53Z,0,,normal
2026-05-29T19:16:58Z,0,,normal
2026-05-29T19:17:03Z,0,,normal
2026-05-29T19:17:08Z,0,,normal
2026-05-29T19:17:13Z,0,,normal
2026-05-29T19:17:18Z,0,,normal
2026-05-29T19:17:23Z,0,,normal
2026-05-29T19:17:28Z,0,,normal
2026-05-29T19:17:33Z,0,,normal
2026-05-29T19:17:38Z,0,,normal
2026-05-29T19:17:43Z,0,,normal
2026-05-29T19:17:48Z,0,,normal
2026-05-29T19:17:53Z,0,,normal
2026-05-29T19:17:58Z,0,,normal
2026-05-29T19:18:03Z,0,,normal
2026-05-29T19:18:08Z,0,,normal
2026-05-29T19:18:13Z,0,,normal
2026-05-29T19:18:18Z,0,,normal
2026-05-29T19:18:23Z,0,,normal
2026-05-29T19:18:28Z,0,,normal
2026-05-29T19:18:33Z,0,,normal
2026-05-29T19:18:38Z,0,,normal
2026-05-29T19:18:43Z,0,,normal
2026-05-29T19:18:48Z,0,,normal
2026-05-29T19:18:53Z,0,,normal
2026-05-29T19:18:58Z,0,,normal
2026-05-29T19:19:03Z,0,,normal
2026-05-29T19:19:08Z,0,,normal
2026-05-29T19:19:13Z,0,,normal
2026-05-29T19:19:18Z,0,,normal
2026-05-29T19:19:23Z,0,,normal
2026-05-29T19:19:28Z,0,,normal
2026-05-29T19:19:33Z,0,,normal
2026-05-29T19:19:38Z,0,,normal
2026-05-29T19:19:43Z,0,,normal
2026-05-29T19:19:48Z,0,,normal
2026-05-29T19:19:53Z,0,,normal
2026-05-29T19:19:58Z,0,,normal
2026-05-29T19:20:03Z,0,,normal
2026-05-29T19:20:08Z,0,,normal
2026-05-29T19:20:13Z,0,,normal
2026-05-29T19:20:18Z,0,,normal
2026-05-29T19:20:23Z,0,,normal
2026-05-29T19:20:28Z,0,,normal
2026-05-29T19:20:33Z,0,,normal
2026-05-29T19:20:38Z,0,,normal
2026-05-29T19:20:43Z,0,,normal
2026-05-29T19:20:48Z,0,,normal
2026-05-29T19:20:53Z,0,,normal
2026-05-29T19:20:58Z,0,,normal
2026-05-29T19:21:03Z,0,,normal
2026-05-29T19:21:08Z,0,,normal
2026-05-29T19:21:13Z,0,,normal
2026-05-29T19:21:18Z,0,,normal
2026-05-29T19:21:23Z,0,,normal
2026-05-29T19:21:28Z,0,,normal
2026-05-29T19:21:33Z,0,,normal
2026-05-29T19:21:38Z,0,,normal
2026-05-29T19:21:43Z,1,online_boutique_rca_3/INC-053,fault_effect
2026-05-29T19:21:48Z,1,online_boutique_rca_3/INC-053,fault_effect
2026-05-29T19:21:53Z,1,online_boutique_rca_3/INC-053,fault_effect
2026-05-29T19:21:58Z,1,online_boutique_rca_3/INC-053,fault_effect
2026-05-29T19:22:03Z,1,online_boutique_rca_3/INC-053,fault_effect
2026-05-29T19:22:08Z,1,online_boutique_rca_3/INC-053,fault_effect
2026-05-29T19:22:13Z,1,online_boutique_rca_3/INC-053,fault_effect
2026-05-29T19:22:18Z,1,online_boutique_rca_3/INC-053,fault_effect
2026-05-29T19:22:23Z,1,online_boutique_rca_3/INC-053,fault_effect
2026-05-29T19:22:28Z,1,online_boutique_rca_3/INC-053,fault_effect
2026-05-29T19:22:33Z,1,online_boutique_rca_3/INC-053,fault_effect
2026-05-29T19:22:38Z,1,online_boutique_rca_3/INC-053,fault_effect
2026-05-29T19:22:43Z,0,,normal
2026-05-29T19:22:48Z,0,,normal
2026-05-29T19:22:53Z,0,,normal
2026-05-29T19:22:58Z,0,,normal
2026-05-29T19:23:03Z,0,,normal
2026-05-29T19:23:08Z,0,,normal
2026-05-29T19:23:13Z,0,,normal
2026-05-29T19:23:18Z,0,,normal
2026-05-29T19:23:23Z,0,,normal
2026-05-29T19:23:28Z,0,,normal
2026-05-29T19:23:33Z,0,,normal
2026-05-29T19:23:38Z,0,,normal
2026-05-29T19:23:43Z,0,,normal
2026-05-29T19:23:48Z,0,,normal
2026-05-29T19:23:53Z,0,,normal
2026-05-29T19:23:58Z,0,,normal
2026-05-29T19:24:03Z,0,,normal
2026-05-29T19:24:08Z,0,,normal
2026-05-29T19:24:13Z,0,,normal
2026-05-29T19:24:18Z,0,,normal
2026-05-29T19:24:23Z,0,,normal
2026-05-29T19:24:28Z,0,,normal
2026-05-29T19:24:33Z,0,,normal
2026-05-29T19:24:38Z,0,,normal
2026-05-29T19:24:43Z,0,,normal
2026-05-29T19:24:48Z,0,,normal
2026-05-29T19:24:53Z,0,,normal
2026-05-29T19:24:58Z,0,,normal
2026-05-29T19:25:03Z,0,,normal
2026-05-29T19:25:08Z,0,,normal
2026-05-29T19:25:13Z,0,,normal
2026-05-29T19:25:18Z,0,,normal
2026-05-29T19:25:23Z,0,,normal
2026-05-29T19:25:28Z,0,,normal
2026-05-29T19:25:33Z,0,,normal
2026-05-29T19:25:38Z,0,,normal
2026-05-29T19:25:43Z,0,,normal
2026-05-29T19:25:48Z,0,,normal
2026-05-29T19:25:53Z,0,,normal
2026-05-29T19:25:58Z,0,,normal
2026-05-29T19:26:03Z,0,,normal
2026-05-29T19:26:08Z,0,,normal
2026-05-29T19:26:13Z,0,,normal
2026-05-29T19:26:18Z,0,,normal
2026-05-29T19:26:23Z,0,,normal
2026-05-29T19:26:28Z,0,,normal
2026-05-29T19:26:33Z,0,,normal
2026-05-29T19:26:38Z,0,,normal
2026-05-29T19:26:43Z,0,,normal
2026-05-29T19:26:48Z,0,,normal
2026-05-29T19:26:53Z,0,,normal
2026-05-29T19:26:58Z,0,,normal
2026-05-29T19:27:03Z,0,,normal
2026-05-29T19:27:08Z,0,,normal
2026-05-29T19:27:13Z,0,,normal
2026-05-29T19:27:18Z,0,,normal
2026-05-29T19:27:23Z,0,,normal
2026-05-29T19:27:28Z,0,,normal
2026-05-29T19:27:33Z,0,,normal
2026-05-29T19:27:38Z,0,,normal
2026-05-29T19:27:43Z,0,,normal
2026-05-29T19:27:48Z,0,,normal
2026-05-29T19:27:53Z,0,,normal
2026-05-29T19:27:58Z,0,,normal
2026-05-29T19:28:03Z,0,,normal
2026-05-29T19:28:08Z,0,,normal
2026-05-29T19:28:13Z,1,online_boutique_rca_3/INC-054,fault_effect
2026-05-29T19:28:18Z,1,online_boutique_rca_3/INC-054,fault_effect
2026-05-29T19:28:23Z,1,online_boutique_rca_3/INC-054,fault_effect
2026-05-29T19:28:28Z,1,online_boutique_rca_3/INC-054,fault_effect
2026-05-29T19:28:33Z,1,online_boutique_rca_3/INC-054,fault_effect
2026-05-29T19:28:38Z,1,online_boutique_rca_3/INC-054,fault_effect
2026-05-29T19:28:43Z,1,online_boutique_rca_3/INC-054,fault_effect
2026-05-29T19:28:48Z,1,online_boutique_rca_3/INC-054,fault_effect
2026-05-29T19:28:53Z,1,online_boutique_rca_3/INC-054,fault_effect
2026-05-29T19:28:58Z,1,online_boutique_rca_3/INC-054,fault_effect
2026-05-29T19:29:03Z,1,online_boutique_rca_3/INC-054,fault_effect
2026-05-29T19:29:08Z,1,online_boutique_rca_3/INC-054,fault_effect
2026-05-29T19:29:13Z,0,,normal
2026-05-29T19:29:18Z,0,,normal
2026-05-29T19:29:23Z,0,,normal
2026-05-29T19:29:28Z,0,,normal
2026-05-29T19:29:33Z,0,,normal
2026-05-29T19:29:38Z,0,,normal
2026-05-29T19:29:43Z,0,,normal
2026-05-29T19:29:48Z,0,,normal
2026-05-29T19:29:53Z,0,,normal
2026-05-29T19:29:58Z,0,,normal
2026-05-29T19:30:03Z,0,,normal
2026-05-29T19:30:08Z,0,,normal
2026-05-29T19:30:13Z,0,,normal
2026-05-29T19:30:18Z,0,,normal
2026-05-29T19:30:23Z,0,,normal
2026-05-29T19:30:28Z,0,,normal
2026-05-29T19:30:33Z,0,,normal
2026-05-29T19:30:38Z,0,,normal
2026-05-29T19:30:43Z,0,,normal
2026-05-29T19:30:48Z,0,,normal
2026-05-29T19:30:53Z,0,,normal
2026-05-29T19:30:58Z,0,,normal
2026-05-29T19:31:03Z,0,,normal
2026-05-29T19:31:08Z,0,,normal
2026-05-29T19:31:13Z,0,,normal
2026-05-29T19:31:18Z,0,,normal
2026-05-29T19:31:23Z,0,,normal
2026-05-29T19:31:28Z,0,,normal
2026-05-29T19:31:33Z,0,,normal
2026-05-29T19:31:38Z,0,,normal
2026-05-29T19:31:43Z,0,,normal
2026-05-29T19:31:48Z,0,,normal
2026-05-29T19:31:53Z,0,,normal
2026-05-29T19:31:58Z,0,,normal
2026-05-29T19:32:03Z,0,,normal
2026-05-29T19:32:08Z,0,,normal
2026-05-29T19:32:13Z,0,,normal
2026-05-29T19:32:18Z,0,,normal
2026-05-29T19:32:23Z,0,,normal
2026-05-29T19:32:28Z,0,,normal
2026-05-29T19:32:33Z,0,,normal
2026-05-29T19:32:38Z,0,,normal
2026-05-29T19:32:43Z,0,,normal
2026-05-29T19:32:48Z,0,,normal
2026-05-29T19:32:53Z,0,,normal
2026-05-29T19:32:58Z,0,,normal
2026-05-29T19:33:03Z,0,,normal
2026-05-29T19:33:08Z,0,,normal
2026-05-29T19:33:13Z,0,,normal
2026-05-29T19:33:18Z,0,,normal
2026-05-29T19:33:23Z,0,,normal
2026-05-29T19:33:28Z,0,,normal
2026-05-29T19:33:33Z,0,,normal
2026-05-29T19:33:38Z,0,,normal
2026-05-29T19:33:43Z,0,,normal
2026-05-29T19:33:48Z,0,,normal
2026-05-29T19:33:53Z,0,,normal
2026-05-29T19:33:58Z,0,,normal
2026-05-29T19:34:03Z,0,,normal
2026-05-29T19:34:08Z,0,,normal
2026-05-29T19:34:13Z,0,,normal
2026-05-29T19:34:18Z,0,,normal
2026-05-29T19:34:23Z,0,,normal
2026-05-29T19:34:28Z,0,,normal
2026-05-29T19:34:33Z,0,,normal
2026-05-29T19:34:38Z,0,,normal
2026-05-29T19:34:43Z,0,,normal
2026-05-29T19:34:48Z,0,,normal
2026-05-29T19:34:53Z,0,,normal
2026-05-29T19:34:58Z,0,,normal
2026-05-29T19:35:03Z,0,,normal
2026-05-29T19:35:08Z,0,,normal
2026-05-29T19:35:13Z,0,,normal
2026-05-29T19:35:18Z,0,,normal
2026-05-29T19:35:23Z,0,,normal
2026-05-29T19:35:28Z,0,,normal
2026-05-29T19:35:33Z,0,,normal
2026-05-29T19:35:38Z,0,,normal
2026-05-29T19:35:43Z,0,,normal
2026-05-29T19:35:48Z,0,,normal
2026-05-29T19:35:53Z,0,,normal
2026-05-29T19:35:58Z,0,,normal
2026-05-29T19:36:03Z,0,,normal
2026-05-29T19:36:08Z,0,,normal
2026-05-29T19:36:13Z,0,,normal
2026-05-29T19:36:18Z,0,,normal
2026-05-29T19:36:23Z,0,,normal
2026-05-29T19:36:28Z,0,,normal
2026-05-29T19:36:33Z,0,,normal
2026-05-29T19:36:38Z,0,,normal
2026-05-29T19:36:43Z,1,online_boutique_rca_3/INC-055,fault_effect
2026-05-29T19:36:48Z,1,online_boutique_rca_3/INC-055,fault_effect
2026-05-29T19:36:53Z,1,online_boutique_rca_3/INC-055,fault_effect
2026-05-29T19:36:58Z,1,online_boutique_rca_3/INC-055,fault_effect
2026-05-29T19:37:03Z,1,online_boutique_rca_3/INC-055,fault_effect
2026-05-29T19:37:08Z,1,online_boutique_rca_3/INC-055,fault_effect
2026-05-29T19:37:13Z,1,online_boutique_rca_3/INC-055,fault_effect
2026-05-29T19:37:18Z,1,online_boutique_rca_3/INC-055,fault_effect
2026-05-29T19:37:23Z,1,online_boutique_rca_3/INC-055,fault_effect
2026-05-29T19:37:28Z,1,online_boutique_rca_3/INC-055,fault_effect
2026-05-29T19:37:33Z,1,online_boutique_rca_3/INC-055,fault_effect
2026-05-29T19:37:38Z,0,,normal
2026-05-29T19:37:43Z,0,,normal
2026-05-29T19:37:48Z,0,,normal
2026-05-29T19:37:53Z,0,,normal
2026-05-29T19:37:58Z,0,,normal
2026-05-29T19:38:03Z,0,,normal
2026-05-29T19:38:08Z,0,,normal
2026-05-29T19:38:13Z,0,,normal
2026-05-29T19:38:18Z,0,,normal
2026-05-29T19:38:23Z,0,,normal
2026-05-29T19:38:28Z,0,,normal
2026-05-29T19:38:33Z,0,,normal
2026-05-29T19:38:38Z,0,,normal
2026-05-29T19:38:43Z,0,,normal
2026-05-29T19:38:48Z,0,,normal
2026-05-29T19:38:53Z,0,,normal
2026-05-29T19:38:58Z,0,,normal
2026-05-29T19:39:03Z,0,,normal
2026-05-29T19:39:08Z,0,,normal
2026-05-29T19:39:13Z,0,,normal
2026-05-29T19:39:18Z,0,,normal
2026-05-29T19:39:23Z,0,,normal
2026-05-29T19:39:28Z,0,,normal
2026-05-29T19:39:33Z,0,,normal
2026-05-29T19:39:38Z,0,,normal
2026-05-29T19:39:43Z,0,,normal
2026-05-29T19:39:48Z,0,,normal
2026-05-29T19:39:53Z,0,,normal
2026-05-29T19:39:58Z,0,,normal
2026-05-29T19:40:03Z,0,,normal
2026-05-29T19:40:08Z,0,,normal
2026-05-29T19:40:13Z,0,,normal
2026-05-29T19:40:18Z,0,,normal
2026-05-29T19:40:23Z,0,,normal
2026-05-29T19:40:28Z,0,,normal
2026-05-29T19:40:33Z,0,,normal
2026-05-29T19:40:38Z,0,,normal
2026-05-29T19:40:43Z,0,,normal
2026-05-29T19:40:48Z,0,,normal
2026-05-29T19:40:53Z,0,,normal
2026-05-29T19:40:58Z,0,,normal
2026-05-29T19:41:03Z,0,,normal
2026-05-29T19:41:08Z,0,,normal
2026-05-29T19:41:13Z,0,,normal
2026-05-29T19:41:18Z,0,,normal
2026-05-29T19:41:23Z,0,,normal
2026-05-29T19:41:28Z,0,,normal
2026-05-29T19:41:33Z,0,,normal
2026-05-29T19:41:38Z,0,,normal
2026-05-29T19:41:43Z,0,,normal
2026-05-29T19:41:48Z,0,,normal
2026-05-29T19:41:53Z,0,,normal
2026-05-29T19:41:58Z,0,,normal
2026-05-29T19:42:03Z,0,,normal
2026-05-29T19:42:08Z,0,,normal
2026-05-29T19:42:13Z,1,online_boutique_rca_3/INC-056,fault_effect
2026-05-29T19:42:18Z,1,online_boutique_rca_3/INC-056,fault_effect
2026-05-29T19:42:23Z,1,online_boutique_rca_3/INC-056,fault_effect
2026-05-29T19:42:28Z,1,online_boutique_rca_3/INC-056,fault_effect
2026-05-29T19:42:33Z,1,online_boutique_rca_3/INC-056,fault_effect
2026-05-29T19:42:38Z,1,online_boutique_rca_3/INC-056,fault_effect
2026-05-29T19:42:43Z,1,online_boutique_rca_3/INC-056,fault_effect
2026-05-29T19:42:48Z,1,online_boutique_rca_3/INC-056,fault_effect
2026-05-29T19:42:53Z,1,online_boutique_rca_3/INC-056,fault_effect
2026-05-29T19:42:58Z,1,online_boutique_rca_3/INC-056,fault_effect
2026-05-29T19:43:03Z,1,online_boutique_rca_3/INC-056,fault_effect
2026-05-29T19:43:08Z,0,,normal
2026-05-29T19:43:13Z,0,,normal
2026-05-29T19:43:18Z,0,,normal
2026-05-29T19:43:23Z,0,,normal
2026-05-29T19:43:28Z,0,,normal
2026-05-29T19:43:33Z,0,,normal
2026-05-29T19:43:38Z,0,,normal
2026-05-29T19:43:43Z,0,,normal
2026-05-29T19:43:48Z,0,,normal
2026-05-29T19:43:53Z,0,,normal
2026-05-29T19:43:58Z,0,,normal
2026-05-29T19:44:03Z,0,,normal
2026-05-29T19:44:08Z,0,,normal
2026-05-29T19:44:13Z,0,,normal
2026-05-29T19:44:18Z,0,,normal
2026-05-29T19:44:23Z,0,,normal
2026-05-29T19:44:28Z,0,,normal
2026-05-29T19:44:33Z,0,,normal
2026-05-29T19:44:38Z,0,,normal
2026-05-29T19:44:43Z,0,,normal
2026-05-29T19:44:48Z,0,,normal
2026-05-29T19:44:53Z,0,,normal
2026-05-29T19:44:58Z,0,,normal
2026-05-29T19:45:03Z,0,,normal
2026-05-29T19:45:08Z,0,,normal
2026-05-29T19:45:13Z,0,,normal
2026-05-29T19:45:18Z,0,,normal
2026-05-29T19:45:23Z,0,,normal
2026-05-29T19:45:28Z,0,,normal
2026-05-29T19:45:33Z,0,,normal
2026-05-29T19:45:38Z,0,,normal
2026-05-29T19:45:43Z,0,,normal
2026-05-29T19:45:48Z,0,,normal
2026-05-29T19:45:53Z,0,,normal
2026-05-29T19:45:58Z,0,,normal
2026-05-29T19:46:03Z,0,,normal
2026-05-29T19:46:08Z,0,,normal
2026-05-29T19:46:13Z,0,,normal
2026-05-29T19:46:18Z,0,,normal
2026-05-29T19:46:23Z,0,,normal
2026-05-29T19:46:28Z,0,,normal
2026-05-29T19:46:33Z,0,,normal
2026-05-29T19:46:38Z,0,,normal
2026-05-29T19:46:43Z,0,,normal
2026-05-29T19:46:48Z,0,,normal
2026-05-29T19:46:53Z,0,,normal
2026-05-29T19:46:58Z,0,,normal
2026-05-29T19:47:03Z,0,,normal
2026-05-29T19:47:08Z,0,,normal
2026-05-29T19:47:13Z,0,,normal
2026-05-29T19:47:18Z,0,,normal
2026-05-29T19:47:23Z,0,,normal
2026-05-29T19:47:28Z,0,,normal
2026-05-29T19:47:33Z,0,,normal
2026-05-29T19:47:38Z,0,,normal
2026-05-29T19:47:43Z,0,,normal
2026-05-29T19:47:48Z,0,,normal
2026-05-29T19:47:53Z,0,,normal
2026-05-29T19:47:58Z,0,,normal
2026-05-29T19:48:03Z,0,,normal
2026-05-29T19:48:08Z,0,,normal
2026-05-29T19:48:13Z,0,,normal
2026-05-29T19:48:18Z,0,,normal
2026-05-29T19:48:23Z,0,,normal
2026-05-29T19:48:28Z,0,,normal
2026-05-29T19:48:33Z,0,,normal
2026-05-29T19:48:38Z,0,,normal
2026-05-29T19:48:43Z,0,,normal
2026-05-29T19:48:48Z,0,,normal
2026-05-29T19:48:53Z,0,,normal
2026-05-29T19:48:58Z,0,,normal
2026-05-29T19:49:03Z,0,,normal
2026-05-29T19:49:08Z,0,,normal
2026-05-29T19:49:13Z,0,,normal
2026-05-29T19:49:18Z,0,,normal
2026-05-29T19:49:23Z,0,,normal
2026-05-29T19:49:28Z,0,,normal
2026-05-29T19:49:33Z,0,,normal
2026-05-29T19:49:38Z,0,,normal
2026-05-29T19:49:43Z,0,,normal
2026-05-29T19:49:48Z,0,,normal
2026-05-29T19:49:53Z,0,,normal
2026-05-29T19:49:58Z,1,online_boutique_rca_3/INC-057,fault_effect
2026-05-29T19:50:03Z,1,online_boutique_rca_3/INC-057,fault_effect
2026-05-29T19:50:08Z,1,online_boutique_rca_3/INC-057,fault_effect
2026-05-29T19:50:13Z,1,online_boutique_rca_3/INC-057,fault_effect
2026-05-29T19:50:18Z,1,online_boutique_rca_3/INC-057,fault_effect
2026-05-29T19:50:23Z,1,online_boutique_rca_3/INC-057,fault_effect
2026-05-29T19:50:28Z,1,online_boutique_rca_3/INC-057,fault_effect
2026-05-29T19:50:33Z,1,online_boutique_rca_3/INC-057,fault_effect
2026-05-29T19:50:38Z,1,online_boutique_rca_3/INC-057,fault_effect
2026-05-29T19:50:43Z,1,online_boutique_rca_3/INC-057,fault_effect
2026-05-29T19:50:48Z,1,online_boutique_rca_3/INC-057,fault_effect
2026-05-29T19:50:53Z,1,online_boutique_rca_3/INC-057,fault_effect
2026-05-29T19:50:58Z,0,,normal
2026-05-29T19:51:03Z,0,,normal
2026-05-29T19:51:08Z,0,,normal
2026-05-29T19:51:13Z,0,,normal
2026-05-29T19:51:18Z,0,,normal
2026-05-29T19:51:23Z,0,,normal
2026-05-29T19:51:28Z,0,,normal
2026-05-29T19:51:33Z,0,,normal
2026-05-29T19:51:38Z,0,,normal
2026-05-29T19:51:43Z,0,,normal
2026-05-29T19:51:48Z,0,,normal
2026-05-29T19:51:53Z,0,,normal
2026-05-29T19:51:58Z,0,,normal
2026-05-29T19:52:03Z,0,,normal
2026-05-29T19:52:08Z,0,,normal
2026-05-29T19:52:13Z,0,,normal
2026-05-29T19:52:18Z,0,,normal
2026-05-29T19:52:23Z,0,,normal
2026-05-29T19:52:28Z,0,,normal
2026-05-29T19:52:33Z,0,,normal
2026-05-29T19:52:38Z,0,,normal
2026-05-29T19:52:43Z,0,,normal
2026-05-29T19:52:48Z,0,,normal
2026-05-29T19:52:53Z,0,,normal
2026-05-29T19:52:58Z,0,,normal
2026-05-29T19:53:03Z,0,,normal
2026-05-29T19:53:08Z,0,,normal
2026-05-29T19:53:13Z,0,,normal
2026-05-29T19:53:18Z,0,,normal
2026-05-29T19:53:23Z,0,,normal
2026-05-29T19:53:28Z,0,,normal
2026-05-29T19:53:33Z,0,,normal
2026-05-29T19:53:38Z,0,,normal
2026-05-29T19:53:43Z,0,,normal
2026-05-29T19:53:48Z,0,,normal
2026-05-29T19:53:53Z,0,,normal
2026-05-29T19:53:58Z,0,,normal
2026-05-29T19:54:03Z,0,,normal
2026-05-29T19:54:08Z,0,,normal
2026-05-29T19:54:13Z,0,,normal
2026-05-29T19:54:18Z,0,,normal
2026-05-29T19:54:23Z,0,,normal
2026-05-29T19:54:28Z,0,,normal
2026-05-29T19:54:33Z,0,,normal
2026-05-29T19:54:38Z,0,,normal
2026-05-29T19:54:43Z,0,,normal
2026-05-29T19:54:48Z,0,,normal
2026-05-29T19:54:53Z,0,,normal
2026-05-29T19:54:58Z,1,online_boutique_rca_3/INC-058,fault_effect
2026-05-29T19:55:03Z,1,online_boutique_rca_3/INC-058,fault_effect
2026-05-29T19:55:08Z,1,online_boutique_rca_3/INC-058,fault_effect
2026-05-29T19:55:13Z,1,online_boutique_rca_3/INC-058,fault_effect
2026-05-29T19:55:18Z,1,online_boutique_rca_3/INC-058,fault_effect
2026-05-29T19:55:23Z,1,online_boutique_rca_3/INC-058,fault_effect
2026-05-29T19:55:28Z,1,online_boutique_rca_3/INC-058,fault_effect
2026-05-29T19:55:33Z,1,online_boutique_rca_3/INC-058,fault_effect
2026-05-29T19:55:38Z,1,online_boutique_rca_3/INC-058,fault_effect
2026-05-29T19:55:43Z,1,online_boutique_rca_3/INC-058,fault_effect
2026-05-29T19:55:48Z,1,online_boutique_rca_3/INC-058,fault_effect
2026-05-29T19:55:53Z,1,online_boutique_rca_3/INC-058,fault_effect
2026-05-29T19:55:58Z,0,,normal
2026-05-29T19:56:03Z,0,,normal
2026-05-29T19:56:08Z,0,,normal
2026-05-29T19:56:13Z,0,,normal
2026-05-29T19:56:18Z,0,,normal
2026-05-29T19:56:23Z,0,,normal
2026-05-29T19:56:28Z,0,,normal
2026-05-29T19:56:33Z,0,,normal
2026-05-29T19:56:38Z,0,,normal
2026-05-29T19:56:43Z,0,,normal
2026-05-29T19:56:48Z,0,,normal
2026-05-29T19:56:53Z,0,,normal
2026-05-29T19:56:58Z,0,,normal
2026-05-29T19:57:03Z,0,,normal
2026-05-29T19:57:08Z,0,,normal
2026-05-29T19:57:13Z,0,,normal
2026-05-29T19:57:18Z,0,,normal
2026-05-29T19:57:23Z,0,,normal
2026-05-29T19:57:28Z,0,,normal
2026-05-29T19:57:33Z,0,,normal
2026-05-29T19:57:38Z,0,,normal
2026-05-29T19:57:43Z,0,,normal
2026-05-29T19:57:48Z,0,,normal
2026-05-29T19:57:53Z,0,,normal
2026-05-29T19:57:58Z,0,,normal
2026-05-29T19:58:03Z,0,,normal
2026-05-29T19:58:08Z,0,,normal
2026-05-29T19:58:13Z,0,,normal
2026-05-29T19:58:18Z,0,,normal
2026-05-29T19:58:23Z,0,,normal
2026-05-29T19:58:28Z,0,,normal
2026-05-29T19:58:33Z,0,,normal
2026-05-29T19:58:38Z,0,,normal
2026-05-29T19:58:43Z,0,,normal
2026-05-29T19:58:48Z,0,,normal
2026-05-29T19:58:53Z,0,,normal
2026-05-29T19:58:58Z,0,,normal
2026-05-29T19:59:03Z,0,,normal
2026-05-29T19:59:08Z,0,,normal
2026-05-29T19:59:13Z,0,,normal
2026-05-29T19:59:18Z,0,,normal
2026-05-29T19:59:23Z,0,,normal
2026-05-29T19:59:28Z,0,,normal
2026-05-29T19:59:33Z,0,,normal
2026-05-29T19:59:38Z,0,,normal
2026-05-29T19:59:43Z,0,,normal
2026-05-29T19:59:48Z,0,,normal
2026-05-29T19:59:53Z,0,,normal
2026-05-29T19:59:58Z,0,,normal
2026-05-29T20:00:03Z,0,,normal
2026-05-29T20:00:08Z,0,,normal
2026-05-29T20:00:13Z,0,,normal
2026-05-29T20:00:18Z,0,,normal
2026-05-29T20:00:23Z,0,,normal
2026-05-29T20:00:28Z,0,,normal
2026-05-29T20:00:33Z,0,,normal
2026-05-29T20:00:38Z,0,,normal
2026-05-29T20:00:43Z,0,,normal
2026-05-29T20:00:48Z,0,,normal
2026-05-29T20:00:53Z,0,,normal
2026-05-29T20:00:58Z,0,,normal
2026-05-29T20:01:03Z,0,,normal
2026-05-29T20:01:08Z,0,,normal
2026-05-29T20:01:13Z,0,,normal
2026-05-29T20:01:18Z,0,,normal
2026-05-29T20:01:23Z,0,,normal
2026-05-29T20:01:28Z,0,,normal
2026-05-29T20:01:33Z,0,,normal
2026-05-29T20:01:38Z,0,,normal
2026-05-29T20:01:43Z,0,,normal
2026-05-29T20:01:48Z,0,,normal
2026-05-29T20:01:53Z,0,,normal
2026-05-29T20:01:58Z,0,,normal
2026-05-29T20:02:03Z,0,,normal
2026-05-29T20:02:08Z,0,,normal
2026-05-29T20:02:13Z,0,,normal
2026-05-29T20:02:18Z,0,,normal
2026-05-29T20:02:23Z,0,,normal
2026-05-29T20:02:28Z,0,,normal
2026-05-29T20:02:33Z,0,,normal
2026-05-29T20:02:38Z,0,,normal
2026-05-29T20:02:43Z,0,,normal
2026-05-29T20:02:48Z,0,,normal
2026-05-29T20:02:53Z,0,,normal
2026-05-29T20:02:58Z,0,,normal
2026-05-29T20:03:03Z,0,,normal
2026-05-29T20:03:08Z,0,,normal
2026-05-29T20:03:13Z,0,,normal
2026-05-29T20:03:18Z,0,,normal
2026-05-29T20:03:23Z,0,,normal
2026-05-29T20:03:28Z,0,,normal
2026-05-29T20:03:33Z,1,online_boutique_rca_3/INC-059,fault_effect
2026-05-29T20:03:38Z,1,online_boutique_rca_3/INC-059,fault_effect
2026-05-29T20:03:43Z,1,online_boutique_rca_3/INC-059,fault_effect
2026-05-29T20:03:48Z,1,online_boutique_rca_3/INC-059,fault_effect
2026-05-29T20:03:53Z,1,online_boutique_rca_3/INC-059,fault_effect
2026-05-29T20:03:58Z,1,online_boutique_rca_3/INC-059,fault_effect
2026-05-29T20:04:03Z,1,online_boutique_rca_3/INC-059,fault_effect
2026-05-29T20:04:08Z,1,online_boutique_rca_3/INC-059,fault_effect
2026-05-29T20:04:13Z,1,online_boutique_rca_3/INC-059,fault_effect
2026-05-29T20:04:18Z,1,online_boutique_rca_3/INC-059,fault_effect
2026-05-29T20:04:23Z,1,online_boutique_rca_3/INC-059,fault_effect
2026-05-29T20:04:28Z,0,,normal
2026-05-29T20:04:33Z,0,,normal
2026-05-29T20:04:38Z,0,,normal
2026-05-29T20:04:43Z,0,,normal
2026-05-29T20:04:48Z,0,,normal
2026-05-29T20:04:53Z,0,,normal
2026-05-29T20:04:58Z,0,,normal
2026-05-29T20:05:03Z,0,,normal
2026-05-29T20:05:08Z,0,,normal
2026-05-29T20:05:13Z,0,,normal
2026-05-29T20:05:18Z,0,,normal
2026-05-29T20:05:23Z,0,,normal
2026-05-29T20:05:28Z,0,,normal
2026-05-29T20:05:33Z,0,,normal
2026-05-29T20:05:38Z,0,,normal
2026-05-29T20:05:43Z,0,,normal
2026-05-29T20:05:48Z,0,,normal
2026-05-29T20:05:53Z,0,,normal
2026-05-29T20:05:58Z,0,,normal
2026-05-29T20:06:03Z,0,,normal
2026-05-29T20:06:08Z,0,,normal
2026-05-29T20:06:13Z,0,,normal
2026-05-29T20:06:18Z,0,,normal
2026-05-29T20:06:23Z,0,,normal
2026-05-29T20:06:28Z,0,,normal
2026-05-29T20:06:33Z,0,,normal
2026-05-29T20:06:38Z,0,,normal
2026-05-29T20:06:43Z,0,,normal
2026-05-29T20:06:48Z,0,,normal
2026-05-29T20:06:53Z,0,,normal
2026-05-29T20:06:58Z,0,,normal
2026-05-29T20:07:03Z,0,,normal
2026-05-29T20:07:08Z,0,,normal
2026-05-29T20:07:13Z,0,,normal
2026-05-29T20:07:18Z,0,,normal
2026-05-29T20:07:23Z,0,,normal
2026-05-29T20:07:28Z,0,,normal
2026-05-29T20:07:33Z,0,,normal
2026-05-29T20:07:38Z,0,,normal
2026-05-29T20:07:43Z,0,,normal
2026-05-29T20:07:48Z,0,,normal
2026-05-29T20:07:53Z,0,,normal
2026-05-29T20:07:58Z,0,,normal
2026-05-29T20:08:03Z,0,,normal
2026-05-29T20:08:08Z,0,,normal
2026-05-29T20:08:13Z,0,,normal
2026-05-29T20:08:18Z,0,,normal
2026-05-29T20:08:23Z,0,,normal
2026-05-29T20:08:28Z,0,,normal
2026-05-29T20:08:33Z,0,,normal
2026-05-29T20:08:38Z,0,,normal
2026-05-29T20:08:43Z,0,,normal
2026-05-29T20:08:48Z,0,,normal
2026-05-29T20:08:53Z,0,,normal
2026-05-29T20:08:58Z,0,,normal
2026-05-29T20:09:03Z,0,,normal
2026-05-29T20:09:08Z,0,,normal
2026-05-29T20:09:13Z,0,,normal
2026-05-29T20:09:18Z,1,online_boutique_rca_3/INC-060,fault_effect
2026-05-29T20:09:23Z,1,online_boutique_rca_3/INC-060,fault_effect
2026-05-29T20:09:28Z,1,online_boutique_rca_3/INC-060,fault_effect
2026-05-29T20:09:33Z,1,online_boutique_rca_3/INC-060,fault_effect
2026-05-29T20:09:38Z,1,online_boutique_rca_3/INC-060,fault_effect
2026-05-29T20:09:43Z,1,online_boutique_rca_3/INC-060,fault_effect
2026-05-29T20:09:48Z,1,online_boutique_rca_3/INC-060,fault_effect
2026-05-29T20:09:53Z,1,online_boutique_rca_3/INC-060,fault_effect
2026-05-29T20:09:58Z,1,online_boutique_rca_3/INC-060,fault_effect
2026-05-29T20:10:03Z,1,online_boutique_rca_3/INC-060,fault_effect
2026-05-29T20:10:08Z,1,online_boutique_rca_3/INC-060,fault_effect
2026-05-29T20:10:13Z,0,,normal
2026-05-29T20:10:18Z,0,,normal
2026-05-29T20:10:23Z,0,,normal
2026-05-29T20:10:28Z,0,,normal
2026-05-29T20:10:33Z,0,,normal
2026-05-29T20:10:38Z,0,,normal
2026-05-29T20:10:43Z,0,,normal
2026-05-29T20:10:48Z,0,,normal
2026-05-29T20:10:53Z,0,,normal
2026-05-29T20:10:58Z,0,,normal
2026-05-29T20:11:03Z,0,,normal
2026-05-29T20:11:08Z,0,,normal
2026-05-29T20:11:13Z,0,,normal
2026-05-30T06:40:47Z,0,,normal
2026-05-30T06:40:52Z,0,,normal
2026-05-30T06:40:57Z,0,,normal
2026-05-30T06:41:02Z,0,,normal
2026-05-30T06:41:07Z,0,,normal
2026-05-30T06:41:12Z,0,,normal
2026-05-30T06:41:17Z,0,,normal
2026-05-30T06:41:22Z,0,,normal
2026-05-30T06:41:27Z,0,,normal
2026-05-30T06:41:32Z,0,,normal
2026-05-30T06:41:37Z,0,,normal
2026-05-30T06:41:42Z,0,,normal
2026-05-30T06:41:47Z,0,,normal
2026-05-30T06:41:52Z,0,,normal
2026-05-30T06:41:57Z,0,,normal
2026-05-30T06:42:02Z,0,,normal
2026-05-30T06:42:07Z,0,,normal
2026-05-30T06:42:12Z,0,,normal
2026-05-30T06:42:17Z,0,,normal
2026-05-30T06:42:22Z,0,,normal
2026-05-30T06:42:27Z,0,,normal
2026-05-30T06:42:32Z,0,,normal
2026-05-30T06:42:37Z,0,,normal
2026-05-30T06:42:42Z,0,,normal
2026-05-30T06:42:47Z,0,,normal
2026-05-30T06:42:52Z,0,,normal
2026-05-30T06:42:57Z,0,,normal
2026-05-30T06:43:02Z,0,,normal
2026-05-30T06:43:07Z,0,,normal
2026-05-30T06:43:12Z,0,,normal
2026-05-30T06:43:17Z,0,,normal
2026-05-30T06:43:22Z,0,,normal
2026-05-30T06:43:27Z,0,,normal
2026-05-30T06:43:32Z,0,,normal
2026-05-30T06:43:37Z,0,,normal
2026-05-30T06:43:42Z,0,,normal
2026-05-30T06:43:47Z,0,,normal
2026-05-30T06:43:52Z,0,,normal
2026-05-30T06:43:57Z,0,,normal
2026-05-30T06:44:02Z,0,,normal
2026-05-30T06:44:07Z,0,,normal
2026-05-30T06:44:12Z,0,,normal
2026-05-30T06:44:17Z,0,,normal
2026-05-30T06:44:22Z,0,,normal
2026-05-30T06:44:27Z,0,,normal
2026-05-30T06:44:32Z,0,,normal
2026-05-30T06:44:37Z,0,,normal
2026-05-30T06:44:42Z,0,,normal
2026-05-30T06:44:47Z,0,,normal
2026-05-30T06:44:52Z,0,,normal
2026-05-30T06:44:57Z,0,,normal
2026-05-30T06:45:02Z,0,,normal
2026-05-30T06:45:07Z,0,,normal
2026-05-30T06:45:12Z,0,,normal
2026-05-30T06:45:17Z,0,,normal
2026-05-30T06:45:22Z,0,,normal
2026-05-30T06:45:27Z,0,,normal
2026-05-30T06:45:32Z,0,,normal
2026-05-30T06:45:37Z,0,,normal
2026-05-30T06:45:42Z,0,,normal
2026-05-30T06:45:47Z,0,,normal
2026-05-30T06:45:52Z,1,online_boutique_rca_4/INC-001,fault_effect
2026-05-30T06:45:57Z,1,online_boutique_rca_4/INC-001,fault_effect
2026-05-30T06:46:02Z,1,online_boutique_rca_4/INC-001,fault_effect
2026-05-30T06:46:07Z,1,online_boutique_rca_4/INC-001,fault_effect
2026-05-30T06:46:12Z,1,online_boutique_rca_4/INC-001,fault_effect
2026-05-30T06:46:17Z,1,online_boutique_rca_4/INC-001,fault_effect
2026-05-30T06:46:22Z,1,online_boutique_rca_4/INC-001,fault_effect
2026-05-30T06:46:27Z,1,online_boutique_rca_4/INC-001,fault_effect
2026-05-30T06:46:32Z,1,online_boutique_rca_4/INC-001,fault_effect
2026-05-30T06:46:37Z,1,online_boutique_rca_4/INC-001,fault_effect
2026-05-30T06:46:42Z,1,online_boutique_rca_4/INC-001,fault_effect
2026-05-30T06:46:47Z,0,,normal
2026-05-30T06:46:52Z,0,,normal
2026-05-30T06:46:57Z,0,,normal
2026-05-30T06:47:02Z,0,,normal
2026-05-30T06:47:07Z,0,,normal
2026-05-30T06:47:12Z,0,,normal
2026-05-30T06:47:17Z,0,,normal
2026-05-30T06:47:22Z,0,,normal
2026-05-30T06:47:27Z,0,,normal
2026-05-30T06:47:32Z,0,,normal
2026-05-30T06:47:37Z,0,,normal
2026-05-30T06:47:42Z,0,,normal
2026-05-30T06:47:47Z,0,,normal
2026-05-30T06:47:52Z,0,,normal
2026-05-30T06:47:57Z,0,,normal
2026-05-30T06:48:02Z,0,,normal
2026-05-30T06:48:07Z,0,,normal
2026-05-30T06:48:12Z,0,,normal
2026-05-30T06:48:17Z,0,,normal
2026-05-30T06:48:22Z,0,,normal
2026-05-30T06:48:27Z,0,,normal
2026-05-30T06:48:32Z,0,,normal
2026-05-30T06:48:37Z,0,,normal
2026-05-30T06:48:42Z,0,,normal
2026-05-30T06:48:47Z,0,,normal
2026-05-30T06:48:52Z,0,,normal
2026-05-30T06:48:57Z,0,,normal
2026-05-30T06:49:02Z,0,,normal
2026-05-30T06:49:07Z,0,,normal
2026-05-30T06:49:12Z,0,,normal
2026-05-30T06:49:17Z,0,,normal
2026-05-30T06:49:22Z,0,,normal
2026-05-30T06:49:27Z,0,,normal
2026-05-30T06:49:32Z,0,,normal
2026-05-30T06:49:37Z,0,,normal
2026-05-30T06:49:42Z,0,,normal
2026-05-30T06:49:47Z,0,,normal
2026-05-30T06:49:52Z,0,,normal
2026-05-30T06:49:57Z,0,,normal
2026-05-30T06:50:02Z,0,,normal
2026-05-30T06:50:07Z,0,,normal
2026-05-30T06:50:12Z,0,,normal
2026-05-30T06:50:17Z,0,,normal
2026-05-30T06:50:22Z,0,,normal
2026-05-30T06:50:27Z,0,,normal
2026-05-30T06:50:32Z,0,,normal
2026-05-30T06:50:37Z,0,,normal
2026-05-30T06:50:42Z,1,online_boutique_rca_4/INC-002,fault_effect
2026-05-30T06:50:47Z,1,online_boutique_rca_4/INC-002,fault_effect
2026-05-30T06:50:52Z,1,online_boutique_rca_4/INC-002,fault_effect
2026-05-30T06:50:57Z,1,online_boutique_rca_4/INC-002,fault_effect
2026-05-30T06:51:02Z,1,online_boutique_rca_4/INC-002,fault_effect
2026-05-30T06:51:07Z,1,online_boutique_rca_4/INC-002,fault_effect
2026-05-30T06:51:12Z,1,online_boutique_rca_4/INC-002,fault_effect
2026-05-30T06:51:17Z,1,online_boutique_rca_4/INC-002,fault_effect
2026-05-30T06:51:22Z,1,online_boutique_rca_4/INC-002,fault_effect
2026-05-30T06:51:27Z,1,online_boutique_rca_4/INC-002,fault_effect
2026-05-30T06:51:32Z,1,online_boutique_rca_4/INC-002,fault_effect
2026-05-30T06:51:37Z,1,online_boutique_rca_4/INC-002,fault_effect
2026-05-30T06:51:42Z,0,,normal
2026-05-30T06:51:47Z,0,,normal
2026-05-30T06:51:52Z,0,,normal
2026-05-30T06:51:57Z,0,,normal
2026-05-30T06:52:02Z,0,,normal
2026-05-30T06:52:07Z,0,,normal
2026-05-30T06:52:12Z,0,,normal
2026-05-30T06:52:17Z,0,,normal
2026-05-30T06:52:22Z,0,,normal
2026-05-30T06:52:27Z,0,,normal
2026-05-30T06:52:32Z,0,,normal
2026-05-30T06:52:37Z,0,,normal
2026-05-30T06:52:42Z,0,,normal
2026-05-30T06:52:47Z,0,,normal
2026-05-30T06:52:52Z,0,,normal
2026-05-30T06:52:57Z,0,,normal
2026-05-30T06:53:02Z,0,,normal
2026-05-30T06:53:07Z,0,,normal
2026-05-30T06:53:12Z,0,,normal
2026-05-30T06:53:17Z,0,,normal
2026-05-30T06:53:22Z,0,,normal
2026-05-30T06:53:27Z,0,,normal
2026-05-30T06:53:32Z,0,,normal
2026-05-30T06:53:37Z,0,,normal
2026-05-30T06:53:42Z,0,,normal
2026-05-30T06:53:47Z,0,,normal
2026-05-30T06:53:52Z,0,,normal
2026-05-30T06:53:57Z,0,,normal
2026-05-30T06:54:02Z,0,,normal
2026-05-30T06:54:07Z,0,,normal
2026-05-30T06:54:12Z,0,,normal
2026-05-30T06:54:17Z,0,,normal
2026-05-30T06:54:22Z,0,,normal
2026-05-30T06:54:27Z,0,,normal
2026-05-30T06:54:32Z,0,,normal
2026-05-30T06:54:37Z,0,,normal
2026-05-30T06:54:42Z,0,,normal
2026-05-30T06:54:47Z,0,,normal
2026-05-30T06:54:52Z,0,,normal
2026-05-30T06:54:57Z,0,,normal
2026-05-30T06:55:02Z,0,,normal
2026-05-30T06:55:07Z,0,,normal
2026-05-30T06:55:12Z,0,,normal
2026-05-30T06:55:17Z,0,,normal
2026-05-30T06:55:22Z,0,,normal
2026-05-30T06:55:27Z,0,,normal
2026-05-30T06:55:32Z,0,,normal
2026-05-30T06:55:37Z,0,,normal
2026-05-30T06:55:42Z,0,,normal
2026-05-30T06:55:47Z,0,,normal
2026-05-30T06:55:52Z,0,,normal
2026-05-30T06:55:57Z,0,,normal
2026-05-30T06:56:02Z,0,,normal
2026-05-30T06:56:07Z,0,,normal
2026-05-30T06:56:12Z,0,,normal
2026-05-30T06:56:17Z,0,,normal
2026-05-30T06:56:22Z,0,,normal
2026-05-30T06:56:27Z,0,,normal
2026-05-30T06:56:32Z,0,,normal
2026-05-30T06:56:37Z,0,,normal
2026-05-30T06:56:42Z,0,,normal
2026-05-30T06:56:47Z,0,,normal
2026-05-30T06:56:52Z,0,,normal
2026-05-30T06:56:57Z,0,,normal
2026-05-30T06:57:02Z,0,,normal
2026-05-30T06:57:07Z,0,,normal
2026-05-30T06:57:12Z,0,,normal
2026-05-30T06:57:17Z,0,,normal
2026-05-30T06:57:22Z,0,,normal
2026-05-30T06:57:27Z,0,,normal
2026-05-30T06:57:32Z,0,,normal
2026-05-30T06:57:37Z,0,,normal
2026-05-30T06:57:42Z,0,,normal
2026-05-30T06:57:47Z,1,online_boutique_rca_4/INC-003,fault_effect
2026-05-30T06:57:52Z,1,online_boutique_rca_4/INC-003,fault_effect
2026-05-30T06:57:57Z,1,online_boutique_rca_4/INC-003,fault_effect
2026-05-30T06:58:02Z,1,online_boutique_rca_4/INC-003,fault_effect
2026-05-30T06:58:07Z,1,online_boutique_rca_4/INC-003,fault_effect
2026-05-30T06:58:12Z,1,online_boutique_rca_4/INC-003,fault_effect
2026-05-30T06:58:17Z,1,online_boutique_rca_4/INC-003,fault_effect
2026-05-30T06:58:22Z,1,online_boutique_rca_4/INC-003,fault_effect
2026-05-30T06:58:27Z,1,online_boutique_rca_4/INC-003,fault_effect
2026-05-30T06:58:32Z,1,online_boutique_rca_4/INC-003,fault_effect
2026-05-30T06:58:37Z,1,online_boutique_rca_4/INC-003,fault_effect
2026-05-30T06:58:42Z,0,,normal
2026-05-30T06:58:47Z,0,,normal
2026-05-30T06:58:52Z,0,,normal
2026-05-30T06:58:57Z,0,,normal
2026-05-30T06:59:02Z,0,,normal
2026-05-30T06:59:07Z,0,,normal
2026-05-30T06:59:12Z,0,,normal
2026-05-30T06:59:17Z,0,,normal
2026-05-30T06:59:22Z,0,,normal
2026-05-30T06:59:27Z,0,,normal
2026-05-30T06:59:32Z,0,,normal
2026-05-30T06:59:37Z,0,,normal
2026-05-30T06:59:42Z,0,,normal
2026-05-30T06:59:47Z,0,,normal
2026-05-30T06:59:52Z,0,,normal
2026-05-30T06:59:57Z,0,,normal
2026-05-30T07:00:02Z,0,,normal
2026-05-30T07:00:07Z,0,,normal
2026-05-30T07:00:12Z,0,,normal
2026-05-30T07:00:17Z,0,,normal
2026-05-30T07:00:22Z,0,,normal
2026-05-30T07:00:27Z,0,,normal
2026-05-30T07:00:32Z,0,,normal
2026-05-30T07:00:37Z,0,,normal
2026-05-30T07:00:42Z,0,,normal
2026-05-30T07:00:47Z,0,,normal
2026-05-30T07:00:52Z,0,,normal
2026-05-30T07:00:57Z,0,,normal
2026-05-30T07:01:02Z,0,,normal
2026-05-30T07:01:07Z,0,,normal
2026-05-30T07:01:12Z,0,,normal
2026-05-30T07:01:17Z,0,,normal
2026-05-30T07:01:22Z,0,,normal
2026-05-30T07:01:27Z,0,,normal
2026-05-30T07:01:32Z,0,,normal
2026-05-30T07:01:37Z,0,,normal
2026-05-30T07:01:42Z,0,,normal
2026-05-30T07:01:47Z,0,,normal
2026-05-30T07:01:52Z,0,,normal
2026-05-30T07:01:57Z,0,,normal
2026-05-30T07:02:02Z,0,,normal
2026-05-30T07:02:07Z,0,,normal
2026-05-30T07:02:12Z,0,,normal
2026-05-30T07:02:17Z,0,,normal
2026-05-30T07:02:22Z,0,,normal
2026-05-30T07:02:27Z,0,,normal
2026-05-30T07:02:32Z,0,,normal
2026-05-30T07:02:37Z,0,,normal
2026-05-30T07:02:42Z,0,,normal
2026-05-30T07:02:47Z,0,,normal
2026-05-30T07:02:52Z,0,,normal
2026-05-30T07:02:57Z,0,,normal
2026-05-30T07:03:02Z,0,,normal
2026-05-30T07:03:07Z,0,,normal
2026-05-30T07:03:12Z,0,,normal
2026-05-30T07:03:17Z,0,,normal
2026-05-30T07:03:22Z,0,,normal
2026-05-30T07:03:27Z,0,,normal
2026-05-30T07:03:32Z,0,,normal
2026-05-30T07:03:37Z,0,,normal
2026-05-30T07:03:42Z,0,,normal
2026-05-30T07:03:47Z,0,,normal
2026-05-30T07:03:52Z,0,,normal
2026-05-30T07:03:57Z,0,,normal
2026-05-30T07:04:02Z,0,,normal
2026-05-30T07:04:07Z,0,,normal
2026-05-30T07:04:12Z,0,,normal
2026-05-30T07:04:17Z,0,,normal
2026-05-30T07:04:22Z,0,,normal
2026-05-30T07:04:27Z,0,,normal
2026-05-30T07:04:32Z,0,,normal
2026-05-30T07:04:37Z,0,,normal
2026-05-30T07:04:42Z,0,,normal
2026-05-30T07:04:47Z,0,,normal
2026-05-30T07:04:52Z,0,,normal
2026-05-30T07:04:57Z,0,,normal
2026-05-30T07:05:02Z,0,,normal
2026-05-30T07:05:07Z,0,,normal
2026-05-30T07:05:12Z,0,,normal
2026-05-30T07:05:17Z,0,,normal
2026-05-30T07:05:22Z,0,,normal
2026-05-30T07:05:27Z,0,,normal
2026-05-30T07:05:32Z,0,,normal
2026-05-30T07:05:37Z,0,,normal
2026-05-30T07:05:42Z,0,,normal
2026-05-30T07:05:47Z,0,,normal
2026-05-30T07:05:52Z,0,,normal
2026-05-30T07:05:57Z,0,,normal
2026-05-30T07:06:02Z,0,,normal
2026-05-30T07:06:07Z,0,,normal
2026-05-30T07:06:12Z,0,,normal
2026-05-30T07:06:17Z,0,,normal
2026-05-30T07:06:22Z,0,,normal
2026-05-30T07:06:27Z,0,,normal
2026-05-30T07:06:32Z,0,,normal
2026-05-30T07:06:37Z,0,,normal
2026-05-30T07:06:42Z,0,,normal
2026-05-30T07:06:47Z,0,,normal
2026-05-30T07:06:52Z,0,,normal
2026-05-30T07:06:57Z,0,,normal
2026-05-30T07:07:02Z,0,,normal
2026-05-30T07:07:07Z,0,,normal
2026-05-30T07:07:12Z,0,,normal
2026-05-30T07:07:17Z,0,,normal
2026-05-30T07:07:22Z,0,,normal
2026-05-30T07:07:27Z,0,,normal
2026-05-30T07:07:32Z,0,,normal
2026-05-30T07:07:37Z,0,,normal
2026-05-30T07:07:42Z,0,,normal
2026-05-30T07:07:47Z,0,,normal
2026-05-30T07:07:52Z,0,,normal
2026-05-30T07:07:57Z,0,,normal
2026-05-30T07:08:02Z,0,,normal
2026-05-30T07:08:07Z,0,,normal
2026-05-30T07:08:12Z,0,,normal
2026-05-30T07:08:17Z,0,,normal
2026-05-30T07:08:22Z,0,,normal
2026-05-30T07:08:27Z,0,,normal
2026-05-30T07:08:32Z,0,,normal
2026-05-30T07:08:37Z,0,,normal
2026-05-30T07:08:42Z,0,,normal
2026-05-30T07:08:47Z,0,,normal
2026-05-30T07:08:52Z,0,,normal
2026-05-30T07:08:57Z,0,,normal
2026-05-30T07:09:02Z,0,,normal
2026-05-30T07:09:07Z,0,,normal
2026-05-30T07:09:12Z,0,,normal
2026-05-30T07:09:17Z,0,,normal
2026-05-30T07:09:22Z,0,,normal
2026-05-30T07:09:27Z,0,,normal
2026-05-30T07:09:32Z,0,,normal
2026-05-30T07:09:37Z,0,,normal
2026-05-30T07:09:42Z,0,,normal
2026-05-30T07:09:47Z,0,,normal
2026-05-30T07:09:52Z,0,,normal
2026-05-30T07:09:57Z,0,,normal
2026-05-30T07:10:02Z,0,,normal
2026-05-30T07:10:07Z,0,,normal
2026-05-30T07:10:12Z,0,,normal
2026-05-30T07:10:17Z,0,,normal
2026-05-30T07:10:22Z,0,,normal
2026-05-30T07:10:27Z,0,,normal
2026-05-30T07:10:32Z,0,,normal
2026-05-30T07:10:37Z,0,,normal
2026-05-30T07:10:42Z,0,,normal
2026-05-30T07:10:47Z,0,,normal
2026-05-30T07:10:52Z,0,,normal
2026-05-30T07:10:57Z,0,,normal
2026-05-30T07:11:02Z,0,,normal
2026-05-30T07:11:07Z,0,,normal
2026-05-30T07:11:12Z,0,,normal
2026-05-30T07:11:17Z,0,,normal
2026-05-30T07:11:22Z,0,,normal
2026-05-30T07:11:27Z,0,,normal
2026-05-30T07:11:32Z,0,,normal
2026-05-30T07:11:37Z,1,online_boutique_rca_4/INC-004,fault_effect
2026-05-30T07:11:42Z,1,online_boutique_rca_4/INC-004,fault_effect
2026-05-30T07:11:47Z,1,online_boutique_rca_4/INC-004,fault_effect
2026-05-30T07:11:52Z,1,online_boutique_rca_4/INC-004,fault_effect
2026-05-30T07:11:57Z,1,online_boutique_rca_4/INC-004,fault_effect
2026-05-30T07:12:02Z,1,online_boutique_rca_4/INC-004,fault_effect
2026-05-30T07:12:07Z,1,online_boutique_rca_4/INC-004,fault_effect
2026-05-30T07:12:12Z,1,online_boutique_rca_4/INC-004,fault_effect
2026-05-30T07:12:17Z,1,online_boutique_rca_4/INC-004,fault_effect
2026-05-30T07:12:22Z,1,online_boutique_rca_4/INC-004,fault_effect
2026-05-30T07:12:27Z,1,online_boutique_rca_4/INC-004,fault_effect
2026-05-30T07:12:32Z,1,online_boutique_rca_4/INC-004,fault_effect
2026-05-30T07:12:37Z,0,,normal
2026-05-30T07:12:42Z,0,,normal
2026-05-30T07:12:47Z,0,,normal
2026-05-30T07:12:52Z,0,,normal
2026-05-30T07:12:57Z,0,,normal
2026-05-30T07:13:02Z,0,,normal
2026-05-30T07:13:07Z,0,,normal
2026-05-30T07:13:12Z,0,,normal
2026-05-30T07:13:17Z,0,,normal
2026-05-30T07:13:22Z,0,,normal
2026-05-30T07:13:27Z,0,,normal
2026-05-30T07:13:32Z,0,,normal
2026-05-30T07:13:37Z,0,,normal
2026-05-30T07:13:42Z,0,,normal
2026-05-30T07:13:47Z,0,,normal
2026-05-30T07:13:52Z,0,,normal
2026-05-30T07:13:57Z,0,,normal
2026-05-30T07:14:02Z,0,,normal
2026-05-30T07:14:07Z,0,,normal
2026-05-30T07:14:12Z,0,,normal
2026-05-30T07:14:17Z,0,,normal
2026-05-30T07:14:22Z,0,,normal
2026-05-30T07:14:27Z,0,,normal
2026-05-30T07:14:32Z,0,,normal
2026-05-30T07:14:37Z,0,,normal
2026-05-30T07:14:42Z,0,,normal
2026-05-30T07:14:47Z,0,,normal
2026-05-30T07:14:52Z,0,,normal
2026-05-30T07:14:57Z,0,,normal
2026-05-30T07:15:02Z,0,,normal
2026-05-30T07:15:07Z,0,,normal
2026-05-30T07:15:12Z,0,,normal
2026-05-30T07:15:17Z,0,,normal
2026-05-30T07:15:22Z,0,,normal
2026-05-30T07:15:27Z,0,,normal
2026-05-30T07:15:32Z,0,,normal
2026-05-30T07:15:37Z,0,,normal
2026-05-30T07:15:42Z,0,,normal
2026-05-30T07:15:47Z,0,,normal
2026-05-30T07:15:52Z,0,,normal
2026-05-30T07:15:57Z,0,,normal
2026-05-30T07:16:02Z,0,,normal
2026-05-30T07:16:07Z,0,,normal
2026-05-30T07:16:12Z,0,,normal
2026-05-30T07:16:17Z,0,,normal
2026-05-30T07:16:22Z,0,,normal
2026-05-30T07:16:27Z,0,,normal
2026-05-30T07:16:32Z,0,,normal
2026-05-30T07:16:37Z,0,,normal
2026-05-30T07:16:42Z,0,,normal
2026-05-30T07:16:47Z,0,,normal
2026-05-30T07:16:52Z,0,,normal
2026-05-30T07:16:57Z,0,,normal
2026-05-30T07:17:02Z,0,,normal
2026-05-30T07:17:07Z,0,,normal
2026-05-30T07:17:12Z,0,,normal
2026-05-30T07:17:17Z,0,,normal
2026-05-30T07:17:22Z,0,,normal
2026-05-30T07:17:27Z,0,,normal
2026-05-30T07:17:32Z,0,,normal
2026-05-30T07:17:37Z,0,,normal
2026-05-30T07:17:42Z,0,,normal
2026-05-30T07:17:47Z,0,,normal
2026-05-30T07:17:52Z,0,,normal
2026-05-30T07:17:57Z,0,,normal
2026-05-30T07:18:02Z,0,,normal
2026-05-30T07:18:07Z,0,,normal
2026-05-30T07:18:12Z,0,,normal
2026-05-30T07:18:17Z,0,,normal
2026-05-30T07:18:22Z,0,,normal
2026-05-30T07:18:27Z,0,,normal
2026-05-30T07:18:32Z,0,,normal
2026-05-30T07:18:37Z,1,online_boutique_rca_4/INC-005,fault_effect
2026-05-30T07:18:42Z,1,online_boutique_rca_4/INC-005,fault_effect
2026-05-30T07:18:47Z,1,online_boutique_rca_4/INC-005,fault_effect
2026-05-30T07:18:52Z,1,online_boutique_rca_4/INC-005,fault_effect
2026-05-30T07:18:57Z,1,online_boutique_rca_4/INC-005,fault_effect
2026-05-30T07:19:02Z,1,online_boutique_rca_4/INC-005,fault_effect
2026-05-30T07:19:07Z,1,online_boutique_rca_4/INC-005,fault_effect
2026-05-30T07:19:12Z,1,online_boutique_rca_4/INC-005,fault_effect
2026-05-30T07:19:17Z,1,online_boutique_rca_4/INC-005,fault_effect
2026-05-30T07:19:22Z,1,online_boutique_rca_4/INC-005,fault_effect
2026-05-30T07:19:27Z,1,online_boutique_rca_4/INC-005,fault_effect
2026-05-30T07:19:32Z,0,,normal
2026-05-30T07:19:37Z,0,,normal
2026-05-30T07:19:42Z,0,,normal
2026-05-30T07:19:47Z,0,,normal
2026-05-30T07:19:52Z,0,,normal
2026-05-30T07:19:57Z,0,,normal
2026-05-30T07:20:02Z,0,,normal
2026-05-30T07:20:07Z,0,,normal
2026-05-30T07:20:12Z,0,,normal
2026-05-30T07:20:17Z,0,,normal
2026-05-30T07:20:22Z,0,,normal
2026-05-30T07:20:27Z,0,,normal
2026-05-30T07:20:32Z,0,,normal
2026-05-30T07:20:37Z,0,,normal
2026-05-30T07:20:42Z,0,,normal
2026-05-30T07:20:47Z,0,,normal
2026-05-30T07:20:52Z,0,,normal
2026-05-30T07:20:57Z,0,,normal
2026-05-30T07:21:02Z,0,,normal
2026-05-30T07:21:07Z,0,,normal
2026-05-30T07:21:12Z,0,,normal
2026-05-30T07:21:17Z,0,,normal
2026-05-30T07:21:22Z,0,,normal
2026-05-30T07:21:27Z,0,,normal
2026-05-30T07:21:32Z,0,,normal
2026-05-30T07:21:37Z,0,,normal
2026-05-30T07:21:42Z,0,,normal
2026-05-30T07:21:47Z,0,,normal
2026-05-30T07:21:52Z,0,,normal
2026-05-30T07:21:57Z,0,,normal
2026-05-30T07:22:02Z,0,,normal
2026-05-30T07:22:07Z,0,,normal
2026-05-30T07:22:12Z,0,,normal
2026-05-30T07:22:17Z,0,,normal
2026-05-30T07:22:22Z,0,,normal
2026-05-30T07:22:27Z,0,,normal
2026-05-30T07:22:32Z,0,,normal
2026-05-30T07:22:37Z,0,,normal
2026-05-30T07:22:42Z,0,,normal
2026-05-30T07:22:47Z,0,,normal
2026-05-30T07:22:52Z,0,,normal
2026-05-30T07:22:57Z,0,,normal
2026-05-30T07:23:02Z,0,,normal
2026-05-30T07:23:07Z,0,,normal
2026-05-30T07:23:12Z,0,,normal
2026-05-30T07:23:17Z,0,,normal
2026-05-30T07:23:22Z,0,,normal
2026-05-30T07:23:27Z,0,,normal
2026-05-30T07:23:32Z,0,,normal
2026-05-30T07:23:37Z,0,,normal
2026-05-30T07:23:42Z,0,,normal
2026-05-30T07:23:47Z,0,,normal
2026-05-30T07:23:52Z,0,,normal
2026-05-30T07:23:57Z,0,,normal
2026-05-30T07:24:02Z,1,online_boutique_rca_4/INC-006,fault_effect
2026-05-30T07:24:07Z,1,online_boutique_rca_4/INC-006,fault_effect
2026-05-30T07:24:12Z,1,online_boutique_rca_4/INC-006,fault_effect
2026-05-30T07:24:17Z,1,online_boutique_rca_4/INC-006,fault_effect
2026-05-30T07:24:22Z,1,online_boutique_rca_4/INC-006,fault_effect
2026-05-30T07:24:27Z,1,online_boutique_rca_4/INC-006,fault_effect
2026-05-30T07:24:32Z,1,online_boutique_rca_4/INC-006,fault_effect
2026-05-30T07:24:37Z,1,online_boutique_rca_4/INC-006,fault_effect
2026-05-30T07:24:42Z,1,online_boutique_rca_4/INC-006,fault_effect
2026-05-30T07:24:47Z,1,online_boutique_rca_4/INC-006,fault_effect
2026-05-30T07:24:52Z,1,online_boutique_rca_4/INC-006,fault_effect
2026-05-30T07:24:57Z,1,online_boutique_rca_4/INC-006,fault_effect
2026-05-30T07:25:02Z,0,,normal
2026-05-30T07:25:07Z,0,,normal
2026-05-30T07:25:12Z,0,,normal
2026-05-30T07:25:17Z,0,,normal
2026-05-30T07:25:22Z,0,,normal
2026-05-30T07:25:27Z,0,,normal
2026-05-30T07:25:32Z,0,,normal
2026-05-30T07:25:37Z,0,,normal
2026-05-30T07:25:42Z,0,,normal
2026-05-30T07:25:47Z,0,,normal
2026-05-30T07:25:52Z,0,,normal
2026-05-30T07:25:57Z,0,,normal
2026-05-30T07:26:02Z,0,,normal
2026-05-30T07:26:07Z,0,,normal
2026-05-30T07:26:12Z,0,,normal
2026-05-30T07:26:17Z,0,,normal
2026-05-30T07:26:22Z,0,,normal
2026-05-30T07:26:27Z,0,,normal
2026-05-30T07:26:32Z,0,,normal
2026-05-30T07:26:37Z,0,,normal
2026-05-30T07:26:42Z,0,,normal
2026-05-30T07:26:47Z,0,,normal
2026-05-30T07:26:52Z,0,,normal
2026-05-30T07:26:57Z,0,,normal
2026-05-30T07:27:02Z,0,,normal
2026-05-30T07:27:07Z,0,,normal
2026-05-30T07:27:12Z,0,,normal
2026-05-30T07:27:17Z,0,,normal
2026-05-30T07:27:22Z,0,,normal
2026-05-30T07:27:27Z,0,,normal
2026-05-30T07:27:32Z,0,,normal
2026-05-30T07:27:37Z,0,,normal
2026-05-30T07:27:42Z,0,,normal
2026-05-30T07:27:47Z,0,,normal
2026-05-30T07:27:52Z,0,,normal
2026-05-30T07:27:57Z,0,,normal
2026-05-30T07:28:02Z,0,,normal
2026-05-30T07:28:07Z,0,,normal
2026-05-30T07:28:12Z,0,,normal
2026-05-30T07:28:17Z,0,,normal
2026-05-30T07:28:22Z,0,,normal
2026-05-30T07:28:27Z,0,,normal
2026-05-30T07:28:32Z,0,,normal
2026-05-30T07:28:37Z,0,,normal
2026-05-30T07:28:42Z,0,,normal
2026-05-30T07:28:47Z,0,,normal
2026-05-30T07:28:52Z,0,,normal
2026-05-30T07:28:57Z,0,,normal
2026-05-30T07:29:02Z,0,,normal
2026-05-30T07:29:07Z,0,,normal
2026-05-30T07:29:12Z,0,,normal
2026-05-30T07:29:17Z,0,,normal
2026-05-30T07:29:22Z,0,,normal
2026-05-30T07:29:27Z,0,,normal
2026-05-30T07:29:32Z,0,,normal
2026-05-30T07:29:37Z,0,,normal
2026-05-30T07:29:42Z,0,,normal
2026-05-30T07:29:47Z,0,,normal
2026-05-30T07:29:52Z,0,,normal
2026-05-30T07:29:57Z,0,,normal
2026-05-30T07:30:02Z,0,,normal
2026-05-30T07:30:07Z,0,,normal
2026-05-30T07:30:12Z,0,,normal
2026-05-30T07:30:17Z,0,,normal
2026-05-30T07:30:22Z,0,,normal
2026-05-30T07:30:27Z,0,,normal
2026-05-30T07:30:32Z,1,online_boutique_rca_4/INC-007,fault_effect
2026-05-30T07:30:37Z,1,online_boutique_rca_4/INC-007,fault_effect
2026-05-30T07:30:42Z,1,online_boutique_rca_4/INC-007,fault_effect
2026-05-30T07:30:47Z,1,online_boutique_rca_4/INC-007,fault_effect
2026-05-30T07:30:52Z,1,online_boutique_rca_4/INC-007,fault_effect
2026-05-30T07:30:57Z,1,online_boutique_rca_4/INC-007,fault_effect
2026-05-30T07:31:02Z,1,online_boutique_rca_4/INC-007,fault_effect
2026-05-30T07:31:07Z,1,online_boutique_rca_4/INC-007,fault_effect
2026-05-30T07:31:12Z,1,online_boutique_rca_4/INC-007,fault_effect
2026-05-30T07:31:17Z,1,online_boutique_rca_4/INC-007,fault_effect
2026-05-30T07:31:22Z,1,online_boutique_rca_4/INC-007,fault_effect
2026-05-30T07:31:27Z,0,,normal
2026-05-30T07:31:32Z,0,,normal
2026-05-30T07:31:37Z,0,,normal
2026-05-30T07:31:42Z,0,,normal
2026-05-30T07:31:47Z,0,,normal
2026-05-30T07:31:52Z,0,,normal
2026-05-30T07:31:57Z,0,,normal
2026-05-30T07:32:02Z,0,,normal
2026-05-30T07:32:07Z,0,,normal
2026-05-30T07:32:12Z,0,,normal
2026-05-30T07:32:17Z,0,,normal
2026-05-30T07:32:22Z,0,,normal
2026-05-30T07:32:27Z,0,,normal
2026-05-30T07:32:32Z,0,,normal
2026-05-30T07:32:37Z,0,,normal
2026-05-30T07:32:42Z,0,,normal
2026-05-30T07:32:47Z,0,,normal
2026-05-30T07:32:52Z,0,,normal
2026-05-30T07:32:57Z,0,,normal
2026-05-30T07:33:02Z,0,,normal
2026-05-30T07:33:07Z,0,,normal
2026-05-30T07:33:12Z,0,,normal
2026-05-30T07:33:17Z,0,,normal
2026-05-30T07:33:22Z,0,,normal
2026-05-30T07:33:27Z,0,,normal
2026-05-30T07:33:32Z,0,,normal
2026-05-30T07:33:37Z,0,,normal
2026-05-30T07:33:42Z,0,,normal
2026-05-30T07:33:47Z,0,,normal
2026-05-30T07:33:52Z,0,,normal
2026-05-30T07:33:57Z,0,,normal
2026-05-30T07:34:02Z,0,,normal
2026-05-30T07:34:07Z,0,,normal
2026-05-30T07:34:12Z,0,,normal
2026-05-30T07:34:17Z,0,,normal
2026-05-30T07:34:22Z,0,,normal
2026-05-30T07:34:27Z,0,,normal
2026-05-30T07:34:32Z,0,,normal
2026-05-30T07:34:37Z,0,,normal
2026-05-30T07:34:42Z,0,,normal
2026-05-30T07:34:47Z,0,,normal
2026-05-30T07:34:52Z,0,,normal
2026-05-30T07:34:57Z,0,,normal
2026-05-30T07:35:02Z,0,,normal
2026-05-30T07:35:07Z,0,,normal
2026-05-30T07:35:12Z,0,,normal
2026-05-30T07:35:17Z,0,,normal
2026-05-30T07:35:22Z,0,,normal
2026-05-30T07:35:27Z,0,,normal
2026-05-30T07:35:32Z,0,,normal
2026-05-30T07:35:37Z,0,,normal
2026-05-30T07:35:42Z,0,,normal
2026-05-30T07:35:47Z,0,,normal
2026-05-30T07:35:52Z,0,,normal
2026-05-30T07:35:57Z,0,,normal
2026-05-30T07:36:02Z,0,,normal
2026-05-30T07:36:07Z,0,,normal
2026-05-30T07:36:12Z,0,,normal
2026-05-30T07:36:17Z,1,online_boutique_rca_4/INC-008,fault_effect
2026-05-30T07:36:22Z,1,online_boutique_rca_4/INC-008,fault_effect
2026-05-30T07:36:27Z,1,online_boutique_rca_4/INC-008,fault_effect
2026-05-30T07:36:32Z,1,online_boutique_rca_4/INC-008,fault_effect
2026-05-30T07:36:37Z,1,online_boutique_rca_4/INC-008,fault_effect
2026-05-30T07:36:42Z,1,online_boutique_rca_4/INC-008,fault_effect
2026-05-30T07:36:47Z,1,online_boutique_rca_4/INC-008,fault_effect
2026-05-30T07:36:52Z,1,online_boutique_rca_4/INC-008,fault_effect
2026-05-30T07:36:57Z,1,online_boutique_rca_4/INC-008,fault_effect
2026-05-30T07:37:02Z,1,online_boutique_rca_4/INC-008,fault_effect
2026-05-30T07:37:07Z,1,online_boutique_rca_4/INC-008,fault_effect
2026-05-30T07:37:12Z,0,,normal
2026-05-30T07:37:17Z,0,,normal
2026-05-30T07:37:22Z,0,,normal
2026-05-30T07:37:27Z,0,,normal
2026-05-30T07:37:32Z,0,,normal
2026-05-30T07:37:37Z,0,,normal
2026-05-30T07:37:42Z,0,,normal
2026-05-30T07:37:47Z,0,,normal
2026-05-30T07:37:52Z,0,,normal
2026-05-30T07:37:57Z,0,,normal
2026-05-30T07:38:02Z,0,,normal
2026-05-30T07:38:07Z,0,,normal
2026-05-30T07:38:12Z,0,,normal
2026-05-30T07:38:17Z,0,,normal
2026-05-30T07:38:22Z,0,,normal
2026-05-30T07:38:27Z,0,,normal
2026-05-30T07:38:32Z,0,,normal
2026-05-30T07:38:37Z,0,,normal
2026-05-30T07:38:42Z,0,,normal
