timestamp,frontend_qps,frontend_latency_p95,frontend_error_rate,frontend_cpu_usage,frontend_memory_usage,frontend_restart_count,cartservice_qps,cartservice_latency_p95,cartservice_error_rate,cartservice_cpu_usage,cartservice_memory_usage,cartservice_restart_count,checkoutservice_qps,checkoutservice_latency_p95,checkoutservice_error_rate,checkoutservice_cpu_usage,checkoutservice_memory_usage,checkoutservice_restart_count,currencyservice_qps,currencyservice_latency_p95,currencyservice_error_rate,currencyservice_cpu_usage,currencyservice_memory_usage,currencyservice_restart_count,emailservice_qps,emailservice_latency_p95,emailservice_error_rate,emailservice_cpu_usage,emailservice_memory_usage,emailservice_restart_count,paymentservice_qps,paymentservice_latency_p95,paymentservice_error_rate,paymentservice_cpu_usage,paymentservice_memory_usage,paymentservice_restart_count,productcatalogservice_qps,productcatalogservice_latency_p95,productcatalogservice_error_rate,productcatalogservice_cpu_usage,productcatalogservice_memory_usage,productcatalogservice_restart_count,recommendationservice_qps,recommendationservice_latency_p95,recommendationservice_error_rate,recommendationservice_cpu_usage,recommendationservice_memory_usage,recommendationservice_restart_count,shippingservice_qps,shippingservice_latency_p95,shippingservice_error_rate,shippingservice_cpu_usage,shippingservice_memory_usage,shippingservice_restart_count,adservice_qps,adservice_latency_p95,adservice_error_rate,adservice_cpu_usage,adservice_memory_usage,adservice_restart_count,redis-cart_cpu_usage,redis-cart_memory_usage,redis-cart_restart_count
2026-05-30T06:40:47Z,2.6670222696359516,46.710526315789465,0.0,0.019758143148319297,64.125,4.0,5.133524457186034,4.792592439492832,0.0,0.008233415039608994,177.83984375,0.0,0.1333377780740938,47.08333333333333,0.0,0.004975921809995777,59.48046875,5.0,13.20092456712743,4.497475811004133,0.0,0.012659880429816864,89.25390625,5.0,0.26667111140742716,4.800000000000001,0.0,0.0054067147812920545,82.8359375,7.0,0.20001333422228146,8.125001388966055,0.0,0.004164145780890067,76.7890625,5.0,34.266817787852524,3.317563833989917,0.0,0.012551654730141562,59.26171875,4.0,4.200146676445096,4.909824541075363,0.0,0.011003902217452797,82.92578125,5.0,1.6668889321567226,4.0555294898882055,0.0,0.004067808282921436,53.4375,5.0,3.2,4.649996958204057,0.0,0.0041588918068274595,142.1328125,2.0,0.004677257840498452,47.04296875,2.0
2026-05-30T06:40:52Z,2.6670222696359516,46.710526315789465,0.0,0.022195283821102328,64.125,4.0,5.133524457186034,4.792592439492832,0.0,0.009232112908959865,177.83984375,0.0,0.1333377780740938,47.08333333333333,0.0,0.00454263626731525,59.78515625,5.0,14.466675556148187,4.517607847454815,0.0,0.011990528713582294,89.25390625,5.0,0.26667111140742716,4.800000000000001,0.0,0.0054067147812920545,82.8359375,7.0,0.20001333422228146,8.125001388966055,0.0,0.004164145780890067,76.7890625,5.0,34.266817787852524,3.317563833989917,0.0,0.00972069057732647,59.26171875,4.0,4.200146676445096,4.909824541075363,0.0,0.011003902217452797,82.92578125,5.0,1.6668889321567226,4.0555294898882055,0.0,0.0044078169573272515,53.4375,5.0,3.2,4.649996958204057,0.0,0.0042113731109929865,142.1328125,2.0,0.00474097923837109,47.04296875,2.0
2026-05-30T06:40:57Z,3.1333333333333333,45.05681818181818,0.0,0.023797999164360498,64.18359375,4.0,5.133524457186034,4.792592439492832,0.0,0.008244949999999997,177.83984375,0.0,0.1333377780740938,47.08333333333333,0.0,0.00454263626731525,59.78515625,5.0,14.466675556148187,4.517607847454813,0.0,0.011093327966186,89.23828125,5.0,0.20002222488922472,4.799999999999999,0.0,0.005576581145583794,82.8359375,7.0,0.20001333422228146,8.125001388966055,0.0,0.004164145780890067,76.7890625,5.0,30.26869804833235,3.369732943443752,0.0,0.013149870599908648,59.30078125,4.0,4.266666666666667,4.926666197515226,0.0,0.01113378352199069,82.92578125,5.0,1.5999422272590025,4.073683151853887,0.0,0.0044078169573272515,53.4375,5.0,3.2,4.649996958204057,0.0,0.004209172402071945,142.13671875,2.0,0.00474097923837109,47.04296875,2.0
2026-05-30T06:41:02Z,3.1333333333333333,45.05681818181818,0.0,0.0282777435947895,64.18359375,4.0,6.000600066674667,4.825045082616031,0.0,0.011591215620592392,176.4140625,0.0,0.26670222696359513,41.87500694513896,0.0,0.0038832585193143117,59.78515625,5.0,17.001182379872873,4.521339069657202,0.0,0.011093327966186,89.23828125,5.0,0.26670222696359513,4.800000000000001,0.0,0.0054747659329815,82.86328125,7.0,0.26670222696359513,8.374999999999996,0.0,0.003601630260198268,76.29296875,5.0,31.403884962439438,3.269552373064248,0.0,0.013868178324362901,59.30078125,4.0,4.400284482375428,4.945356522727554,0.0,0.011060720649376138,82.94921875,5.0,2.0000666888909633,3.887519133037776,0.0,0.003506546950881751,53.4375,5.0,3.267102280304041,4.6441527404280345,0.0,0.004209172402071945,142.13671875,2.0,0.0030723249999994096,47.04296875,2.0
2026-05-30T06:41:07Z,3.1333333333333333,45.05681818181818,0.0,0.0282777435947895,64.18359375,4.0,6.000600066674667,4.824984617048964,0.0,0.011591215620592392,176.4140625,0.0,0.26670222696359513,41.87500694513896,0.0,0.0038832585193143117,59.78515625,5.0,17.00226696892919,4.523239537635963,0.0,0.00797187616477852,89.23828125,5.0,0.26670222696359513,4.800000000000001,0.0,0.005474765932981499,82.86328125,7.0,0.26670222696359513,8.374999999999996,0.0,0.003601630260198268,76.29296875,5.0,31.403884962439438,3.269552373064248,0.0,0.013868178324362901,59.30078125,4.0,4.400284482375428,4.945356522727554,0.0,0.011060720649376138,82.94921875,5.0,2.0000666888909633,3.887519133037776,0.0,0.00313922887110448,53.4375,5.0,3.267102280304041,4.6441527404280345,0.0,0.004209172402071945,142.13671875,2.0,0.004867862612118637,47.02734375,2.0
2026-05-30T06:41:12Z,2.466995599413255,45.855263157894726,0.0,0.026970661515132825,64.12890625,4.0,6.000600066674667,4.824924109672853,0.0,0.011196182700399284,176.85546875,0.0,0.26670222696359513,41.87500694513896,0.0,0.0029500791366354217,59.78515625,5.0,17.00226696892919,4.523239537635963,0.0,0.010027044214616946,89.23828125,5.0,0.13335111348179757,4.8,0.0,0.005703984116478812,82.86328125,7.0,0.26670222696359513,8.374999999999996,0.0,0.00307503824933824,71.0625,5.0,28.668755834111217,3.2721761499172146,0.0,0.01311733338699308,55.06640625,4.0,3.8671822909721296,4.9688892955047255,0.0,0.011393370371522807,82.94921875,5.0,1.5335733724510825,3.906661273522774,0.0,0.0027204560380775593,53.4375,5.0,3.267102280304041,4.6441527404280345,0.0,0.004350527890003681,142.1328125,2.0,0.004867862612118637,47.02734375,2.0
2026-05-30T06:41:17Z,2.466995599413255,45.855263157894726,0.0,0.026698501644535334,64.12890625,4.0,5.133333333333334,4.857145931509201,0.0,0.010985867721876784,176.85546875,0.0,0.13333333333333333,24.25,0.0,0.003822398311451897,60.17578125,5.0,18.601084589056317,4.490903408919743,0.0,0.010880943845816848,89.38671875,5.0,0.06666666666666667,4.8,0.0,0.005666725866289125,82.8828125,7.0,0.13333333333333333,4.8,0.0,0.00307503824933824,71.0625,5.0,27.733564475263368,3.1972871224261454,0.0,0.01311733338699308,55.06640625,4.0,3.5335644752633684,4.978822985898436,0.0,0.009363783856965664,82.94921875,5.0,1.4001066880042674,3.049967358125106,0.0,0.004010055910069261,53.84765625,5.0,2.8665733395551407,4.6394768291024775,0.0,0.004350527890003681,142.1328125,2.0,0.004867862612118637,47.02734375,2.0
2026-05-30T06:41:22Z,2.466995599413255,45.855263157894726,0.0,0.02624919770132233,64.46875,4.0,5.133333333333334,4.857093746662914,0.0,0.010985867721876784,176.85546875,0.0,0.13333333333333333,24.25,0.0,0.003680425468315017,60.17578125,5.0,20.333333333333332,4.429323424797744,0.0,0.010880943845816848,89.38671875,5.0,0.06666666666666667,4.8,0.0,0.004028410856181779,82.8828125,7.0,0.13333333333333333,4.8,0.0,0.00307503824933824,71.0625,5.0,27.733564475263368,3.1972871224261454,0.0,0.013518435468760208,55.06640625,4.0,3.5335644752633684,4.978822985898436,0.0,0.008414336326005429,82.94921875,5.0,1.4001066880042674,3.049967358125106,0.0,0.004010055910069261,53.84765625,5.0,2.8665733395551407,4.6394768291024775,0.0,0.004479965061689132,140.63671875,2.0,0.004992569767697143,47.26171875,2.0
2026-05-30T06:41:27Z,2.466666666666667,46.718749999999986,0.0,0.02624919770132233,64.46875,4.0,5.133333333333334,4.857041523676257,0.0,0.010749084823763206,177.64453125,0.0,0.13333333333333333,24.25,0.0,0.003680425468315017,60.17578125,5.0,20.333333333333332,4.429323424797744,0.0,0.010852717985060788,89.38671875,5.0,0.1333377780740938,4.8,0.0,0.004371773058043442,82.89453125,7.0,0.13333333333333333,4.8,0.0,0.002517711837644446,71.0390625,5.0,27.8027383106241,3.096302966293066,0.0,0.012823238517996953,55.08984375,4.0,3.4667777851856787,4.976743626554074,0.0,0.005212666666663305,82.94921875,5.0,1.5332888918516543,2.8571593654663725,0.0,0.0037415327429765584,53.890625,5.0,2.8665733395551407,4.6394768291024775,0.0,0.004417159251108662,140.63671875,2.0,0.004992569767697143,47.26171875,2.0
2026-05-30T06:41:32Z,2.466666666666667,46.718749999999986,0.0,0.02477126496105201,64.46875,4.0,4.600613415122017,4.8597649694031,0.0,0.010359213339033776,177.64453125,0.0,0.13335111348179757,45.0,0.0,0.003680425468315017,60.17578125,5.0,17.000951237942836,4.3779608108432075,0.0,0.010283763523642502,89.49609375,5.0,0.13334666814832594,4.8,0.0,0.005312086071709186,82.89453125,7.0,0.13335111348179757,22.0,0.0,0.003006991044319779,71.0390625,5.0,26.404285183540487,2.4969905395034138,0.0,0.012823238517996953,55.08984375,4.0,3.467017817189946,4.913095061557077,0.0,0.010015555656184906,83.28515625,5.0,1.3333777925939754,2.60005333511117,0.0,0.0037415327429765584,53.890625,5.0,2.8004623016437753,4.648,0.0,0.004417159251108662,140.63671875,2.0,0.004992569767697143,47.26171875,2.0
2026-05-30T06:41:37Z,2.466666666666667,46.718749999999986,0.0,0.024557835456308037,62.2109375,4.0,4.600613415122017,4.8597113932596425,0.0,0.010359213339033776,177.64453125,0.0,0.13335111348179757,45.0,0.0,0.003722840403307012,60.52734375,5.0,14.068542472329645,4.384063745019919,0.0,0.010283763523642502,89.49609375,5.0,0.13334666814832594,4.8,0.0,0.005312086071709186,82.89453125,7.0,0.13335111348179757,22.0,0.0,0.002607069588178149,71.0390625,5.0,26.404285183540487,2.4969905395034138,0.0,0.011410099368792425,55.08984375,4.0,3.467017817189946,4.913095061557077,0.0,0.010015555656184904,83.28515625,5.0,1.3333777925939754,2.60005333511117,0.0,0.0037415327429765584,53.890625,5.0,2.8004623016437753,4.648,0.0,0.003633027594829214,140.63671875,2.0,0.0050733625323503345,46.99609375,2.0
2026-05-30T06:41:42Z,2.3336444859314573,45.58333333333331,0.0,0.02401249184301952,62.2109375,4.0,4.600613415122017,4.859657776163505,0.0,0.008509289570151766,177.64453125,0.0,0.13335111348179757,45.0,0.0,0.003722840403307012,60.52734375,5.0,14.068542472329645,4.384063745019919,0.0,0.010789902230830732,89.49609375,5.0,0.2666755567408988,4.8,0.0,0.004264380384627056,82.89453125,7.0,0.13335111348179757,22.0,0.0,0.003048899129545016,71.625,5.0,28.334013613949573,2.4969535762316175,0.0,0.011922888260726714,55.11328125,4.0,3.667031151412228,4.896815286624204,0.0,0.010015555656184904,83.28515625,5.0,1.6002133617815708,2.633333333333331,0.0,0.002119269064471141,53.88671875,5.0,2.8004623016437753,4.648,0.0,0.004905916121831675,143.71484375,2.0,0.0050733625323503345,46.99609375,2.0
2026-05-30T06:41:47Z,2.3336444859314573,45.58333333333331,0.0,0.02401249184301952,62.2109375,4.0,4.866804453630242,4.82621371655787,0.0,0.010921695166063788,177.625,0.0,0.2666755561481876,44.99999999999999,0.0,0.003722840403307012,60.52734375,5.0,13.601333483870107,4.397576640454009,0.0,0.010789902230830732,89.49609375,5.0,0.33333333333333337,4.8,0.0,0.0052758661131044535,82.8984375,7.0,0.26666666666666666,21.999999999999996,0.0,0.0029477133136983883,71.625,5.0,28.26654234607352,2.7891229211213426,0.0,0.011922888260726714,55.11328125,4.0,3.6002400160010666,4.898701284457581,0.0,0.009799051557509117,83.6328125,5.0,1.6001511294838127,3.057131880919588,0.0,0.002415479763108541,53.88671875,5.0,2.8668577905193677,4.654054054054054,0.0,0.004905916121831675,143.71484375,2.0,0.004146979669264701,46.99609375,2.0
2026-05-30T06:41:52Z,2.3336444859314573,45.58333333333331,0.0,0.02401249184301952,62.2109375,4.0,4.866804453630242,4.82621371655787,0.0,0.010921695166063788,177.625,0.0,0.2666755561481876,44.99999999999999,0.0,0.0034102741033865277,60.75390625,5.0,14.200911171855902,4.428906329484898,0.0,0.011631767167586526,87.24609375,5.0,0.33333333333333337,4.8,0.0,0.0052758661131044535,82.8984375,7.0,0.26666666666666666,21.999999999999996,0.0,0.0029477133136983883,71.625,5.0,28.26654234607352,2.7891229211213426,0.0,0.011922888260726714,55.11328125,4.0,3.6002400160010666,4.898701284457581,0.0,0.009799051557509117,83.6328125,5.0,1.6001511294838127,3.057131880919588,0.0,0.002711690461745941,53.88671875,5.0,2.8668577905193677,4.654054054054054,0.0,0.0047733471000822765,143.78125,2.0,0.005083614449939107,46.99609375,2.0
2026-05-30T06:41:57Z,3.0668711247416494,46.18421052631578,0.0,0.024712933683693497,62.73828125,4.0,4.866804453630242,4.82621371655787,0.0,0.010921695166063786,177.625,0.0,0.2666755561481876,44.99999999999999,0.0,0.004302008834665427,60.75390625,5.0,14.200911171855902,4.428906329484898,0.0,0.011279494061214073,87.24609375,5.0,0.2666755561481876,4.8,0.0,0.005407475999698404,83.15625,7.0,0.26666666666666666,21.999999999999996,0.0,0.003257172077865897,73.99609375,5.0,29.40298256093012,2.9284379288793945,0.0,0.0121226971031566,55.11328125,4.0,3.866924461630775,4.895,0.0,0.009799051557509117,83.6328125,5.0,1.4666933351112297,3.1750286121636164,0.0,0.0028539069312787865,53.88671875,5.0,2.8668577905193677,4.654054054054054,0.0,0.004960677613210739,143.78125,2.0,0.005026627830111078,46.98046875,2.0
2026-05-30T06:42:02Z,3.0668711247416494,46.18421052631578,0.0,0.024712933683693497,62.73828125,4.0,5.4005600640078235,4.828571428571428,0.0,0.011315863911369515,177.625,0.0,0.2666933362966519,86.25,0.0,0.004302008834665427,60.75390625,5.0,13.600942289782914,4.478575146399397,0.0,0.011279494061214073,87.24609375,5.0,0.2666933362966519,4.8,0.0,0.0053590653504925695,83.15625,7.0,0.2666933362966519,20.875004166990763,0.0,0.003397990559092256,73.99609375,5.0,32.33656480330231,2.990759805756793,0.0,0.01235341535850603,55.140625,4.0,4.3336222414827645,4.867455367011427,0.0,0.007424558477321078,82.84375,5.0,1.6000711182230123,3.400035556872476,0.0,0.0033769384084392133,53.88671875,5.0,3.1335422361490766,4.640537331847286,0.0,0.004960677613210739,143.78125,2.0,0.005026627830111078,46.98046875,2.0
2026-05-30T06:42:07Z,3.0668711247416494,46.18421052631578,0.0,0.024943337636511437,67.59375,4.0,5.4005600640078235,4.828571428571428,0.0,0.01089903820793697,176.38671875,0.0,0.2666933362966519,86.25,0.0,0.004302008834665427,60.75390625,5.0,11.467466724745245,4.559848484848484,0.0,0.011279494061214073,87.24609375,5.0,0.2666933362966519,4.8,0.0,0.005404180482531815,79.953125,7.0,0.2666933362966519,20.875004166990763,0.0,0.003397990559092256,73.99609375,5.0,32.33656480330231,2.990759805756793,0.0,0.01235341535850603,55.140625,4.0,4.3336222414827645,4.867455367011427,0.0,0.008324859623508495,82.84375,5.0,1.6000711182230123,3.400035556872476,0.0,0.0033769384084392133,53.88671875,5.0,3.1335422361490766,4.640537331847286,0.0,0.004960677613210739,143.78125,2.0,0.004908852937390546,47.2265625,2.0
2026-05-30T06:42:12Z,1.8002400320042673,44.6875,0.0,0.024989167094770944,67.59375,4.0,5.4005600640078235,4.828571428571428,0.0,0.011210852309694208,176.38671875,0.0,0.2666933362966519,86.25,0.0,0.004302008834665427,60.75390625,5.0,11.467466724745245,4.559848484848484,0.0,0.010045189928684833,86.56640625,5.0,0.13335111348179757,4.800000000000001,0.0,0.005404180482531815,79.953125,7.0,0.2666933362966519,20.875004166990763,0.0,0.003235175329729218,71.23046875,5.0,28.26777785541306,3.080326358055068,0.0,0.013045993253715036,55.33203125,4.0,4.000266684445629,4.890475675822977,0.0,0.00912128793143134,82.55078125,5.0,1.2001244586684052,3.555555555555555,0.0,0.003570075789831902,53.8984375,5.0,3.1335422361490766,4.640537331847286,0.0,0.004789480137322061,144.0390625,2.0,0.004908852937390546,47.2265625,2.0
2026-05-30T06:42:17Z,1.8002400320042673,44.6875,0.0,0.024989167094770944,67.59375,4.0,4.933493344000711,4.828707831763442,0.0,0.01121085230969421,176.38671875,0.0,0.1333377780740938,87.5,0.0,0.003918362842709413,60.7578125,5.0,14.334271173633798,4.587069980994808,0.0,0.010439673734074395,86.56640625,5.0,0.06666666666666667,4.8,0.0,0.0054797170792598646,79.953125,7.0,0.1333377780740938,18.24999999999999,0.0,0.003235175329729218,71.23046875,5.0,25.734235615707714,3.4000259940206594,0.0,0.013045993253715036,55.33203125,4.0,3.733582238815921,4.959281437125748,0.0,0.010749862192932263,82.55078125,5.0,1.0667555650381433,3.374996249440526,0.0,0.0036162498051173337,53.8984375,5.0,3.600120008000533,4.608575439639145,0.0,0.004789480137322061,144.0390625,2.0,0.004908852937390546,47.2265625,2.0
2026-05-30T06:42:22Z,1.8002400320042673,44.6875,0.0,0.02551753453772967,67.59375,4.0,4.933493344000711,4.828707831763442,0.0,0.01121085230969421,176.38671875,0.0,0.1333377780740938,87.5,0.0,0.003918362842709413,60.7578125,5.0,17.7339111496322,4.554584851263905,0.0,0.010439673734074395,86.56640625,5.0,0.06666666666666667,4.8,0.0,0.005488211094799862,79.95703125,7.0,0.1333377780740938,18.24999999999999,0.0,0.003235175329729218,71.23046875,5.0,25.734235615707714,3.4000259940206594,0.0,0.013045993253715036,55.33203125,4.0,3.733582238815921,4.959281437125748,0.0,0.010749862192932263,82.55078125,5.0,1.0667555650381433,3.374996249440526,0.0,0.0036162498051173337,53.8984375,5.0,3.600120008000533,4.608575439639145,0.0,0.003579182952709984,144.18359375,2.0,0.004797032454509697,47.22265625,2.0
2026-05-30T06:42:27Z,2.933137790813946,43.74999999999999,0.0,0.01968241865037491,67.59375,4.0,4.933493344000711,4.828707831763442,0.0,0.009052516823687745,178.01171875,0.0,0.1333377780740938,87.5,0.0,0.003918362842709413,60.7578125,5.0,17.7339111496322,4.554584851263905,0.0,0.010439673734074395,86.56640625,5.0,0.13332888918516544,4.8,0.0,0.004808934196332362,79.95703125,7.0,0.1333377780740938,18.24999999999999,0.0,0.002757778076362135,71.23046875,5.0,27.268471231415425,3.3862504166851837,0.0,0.0104939126755748,55.33203125,4.0,3.666911127408494,4.956470588235294,0.0,0.01043015446010067,82.7265625,5.0,1.4667022245927506,3.2000203184278617,0.0,0.003557699626155854,53.921875,5.0,3.600120008000533,4.608575439639145,0.0,0.004329322206199099,144.18359375,2.0,0.004797032454509697,47.22265625,2.0
2026-05-30T06:42:32Z,2.933137790813946,43.74999999999999,0.0,0.024326322365677736,68.1484375,4.0,4.734124581950661,4.826976652547769,0.0,0.009052516823687745,178.01171875,0.0,0.06667555674089878,92.5,0.0,0.003918362842709413,60.7578125,5.0,15.667582344312576,4.4951275734024065,0.0,0.009381120121642356,86.4296875,5.0,0.13333777925939755,4.8,0.0,0.005644012944983944,79.95703125,7.0,0.06667555674089878,20.5,0.0,0.0032088066101868848,72.1171875,5.0,25.802418032029358,3.2726105821014286,0.0,0.012424542347290514,55.1484375,4.0,3.333662258374677,4.9373494527550745,0.0,0.01051088740826456,82.7265625,5.0,1.5334311241498866,2.6000337795793547,0.0,0.003557699626155854,53.921875,5.0,2.5337556287538794,4.636363636363635,0.0,0.004329322206199099,144.18359375,2.0,0.004797032454509697,47.22265625,2.0
2026-05-30T06:42:37Z,2.933137790813946,43.74999999999999,0.0,0.023862145451517616,68.1484375,4.0,4.734124581950661,4.826976652547769,0.0,0.008709047462096244,177.77734375,0.0,0.06667555674089878,92.5,0.0,0.0031763854940881036,60.7890625,5.0,14.602462653707788,4.463598326359833,0.0,0.009381120121642356,86.4296875,5.0,0.13333777925939755,4.8,0.0,0.005566911709550355,79.953125,7.0,0.06667555674089878,20.5,0.0,0.0032088066101868848,72.1171875,5.0,25.802418032029358,3.2726105821014286,0.0,0.012424542347290514,55.1484375,4.0,3.333662258374677,4.9373494527550745,0.0,0.010451552138400636,82.66015625,5.0,1.5334311241498866,2.6000337795793547,0.0,0.003557699626155854,53.921875,5.0,2.5337556287538794,4.636363636363635,0.0,0.004329322206199099,144.18359375,2.0,0.003842211869894893,46.96875,2.0
2026-05-30T06:42:42Z,2.800560112022404,40.86538461538462,0.0,0.024222279052918384,67.5078125,4.0,4.734124581950661,4.826976652547769,0.0,0.008709047462096244,177.77734375,0.0,0.06667555674089878,92.5,0.0,0.0031763854940881036,60.7890625,5.0,14.602462653707788,4.463598326359833,0.0,0.009650804704426428,86.515625,5.0,0.1333555594080989,4.8,0.0,0.005566911709550355,79.953125,7.0,0.06667555674089878,20.5,0.0,0.002789343319671708,72.1171875,5.0,28.402724736923165,3.210174678607143,0.0,0.012311289002091347,55.40625,4.0,3.6004800640085346,4.917283950617284,0.0,0.010451552138400636,82.66015625,5.0,1.6002711588234881,2.199969996666288,0.0,0.0037930879856508284,53.921875,5.0,2.5337556287538794,4.636363636363635,0.0,0.004209361543558574,144.40625,2.0,0.004648211795178918,46.96875,2.0
2026-05-30T06:42:47Z,2.800560112022404,40.86538461538462,0.0,0.024222279052918384,67.5078125,4.0,5.33315112325845,4.790783301590637,0.0,0.006438393273482522,177.77734375,0.0,0.19999111170366418,46.875,0.0,0.0031763854940881036,60.7890625,5.0,15.801022566578066,4.434993409661619,0.0,0.009650804704426428,86.515625,5.0,0.13334666933386677,4.8,0.0,0.0054746404590972466,79.953125,7.0,0.13333333333333333,21.24996666444429,0.0,0.0031239226161909866,74.140625,5.0,32.66702239348662,3.293160639649382,0.0,0.012311289002091347,55.40625,4.0,4.2667822678559215,4.939876245345293,0.0,0.010081869168823532,82.66015625,5.0,1.6667955931919225,2.599927991999112,0.0,0.0029281532931895254,53.921875,5.0,3.26644890340644,4.6410256410256405,0.0,0.004209361543558574,144.40625,2.0,0.004648211795178918,46.96875,2.0
2026-05-30T06:42:52Z,2.800560112022404,40.86538461538462,0.0,0.024222279052918384,67.5078125,4.0,5.33315112325845,4.790783301590637,0.0,0.008781084731793318,179.7265625,0.0,0.19999111170366418,46.875,0.0,0.002843623143568608,60.8515625,5.0,15.33232451169922,4.390598290598289,0.0,0.01076458175863071,86.515625,5.0,0.13334666933386677,4.8,0.0,0.0054079275849063255,79.95703125,7.0,0.13333333333333333,21.24996666444429,0.0,0.0031239226161909866,74.140625,5.0,32.66702239348662,3.293160639649382,0.0,0.012311289002091347,55.40625,4.0,4.2667822678559215,4.939876245345293,0.0,0.01036086044857741,79.58984375,5.0,1.6667955931919225,2.599927991999112,0.0,0.0026120626277186224,53.921875,5.0,3.26644890340644,4.6410256410256405,0.0,0.004044820685493358,144.40625,2.0,0.004594933150617028,46.953125,2.0
2026-05-30T06:42:57Z,2.533164455702953,43.24999999999999,0.0,0.02397374821604268,67.859375,4.0,5.33315112325845,4.790783301590637,0.0,0.008781084731793318,179.7265625,0.0,0.19999111170366418,46.875,0.0,0.0036603747664574887,60.8515625,5.0,15.33232451169922,4.390598290598289,0.0,0.01076458175863071,86.515625,5.0,0.20000888948152096,4.8,0.0,0.005365339236626253,79.95703125,7.0,0.13333333333333333,21.24996666444429,0.0,0.0033219217552771492,75.23828125,5.0,31.266671241185207,3.272593128844213,0.0,0.012318819669878786,52.71875,4.0,4.133182232295624,4.891565223083953,0.0,0.01036086044857741,79.58984375,5.0,1.5332400062218074,2.2799999999999967,0.0,0.003596406573125437,52.44921875,5.0,3.26644890340644,4.6410256410256405,0.0,0.004044820685493358,144.40625,2.0,0.004571347912004512,46.953125,2.0
2026-05-30T06:43:02Z,2.533164455702953,43.24999999999999,0.0,0.02397374821604268,67.859375,4.0,4.800275591708484,4.789999999999999,0.0,0.00878108473179332,179.7265625,0.0,0.13334666814832594,24.25,0.0,0.003660374766457489,60.8515625,5.0,13.600346808901335,4.390682107594126,0.0,0.010627063793504723,86.62109375,5.0,0.20001333422228146,4.799999999999999,0.0,0.005365339236626253,79.95703125,7.0,0.20002222488922472,9.416667901326024,0.0,0.0033219217552771492,75.23828125,5.0,27.335742477659302,3.0830769230769195,0.0,0.01202877803395511,52.71875,4.0,3.5335555851891365,4.845238095238095,0.0,0.010284893315470457,80.0078125,5.0,1.2666800109637335,2.7333592604115733,0.0,0.003596406573125437,52.44921875,5.0,2.867048939858648,4.655693498317015,0.0,0.004115469724400815,144.81640625,2.0,0.004571347912004512,46.953125,2.0
2026-05-30T06:43:07Z,2.533164455702953,43.24999999999999,0.0,0.018275587695422608,67.859375,4.0,4.800275591708484,4.789999999999999,0.0,0.007272556315491244,178.1484375,0.0,0.13334666814832594,24.25,0.0,0.003660374766457489,60.8515625,5.0,12.735018001511254,4.452241975153649,0.0,0.010627063793504723,86.62109375,5.0,0.20001333422228146,4.799999999999999,0.0,0.005277650308052106,80.03125,7.0,0.20002222488922472,9.416667901326024,0.0,0.0033219217552771492,75.23828125,5.0,27.335742477659302,3.0830769230769195,0.0,0.012339041853031703,53.171875,4.0,3.5335555851891365,4.845238095238095,0.0,0.010284893315470459,80.0078125,5.0,1.2666800109637335,2.7333592604115733,0.0,0.003596406573125437,52.44921875,5.0,2.867048939858648,4.655693498317015,0.0,0.004115469724400815,144.81640625,2.0,0.004523508813932635,46.953125,2.0
2026-05-30T06:43:12Z,2.466995599413255,48.07692307692304,0.0,0.016301925000004762,67.859375,4.0,4.800275591708484,4.789999999999999,0.0,0.008797949726889128,178.1484375,0.0,0.13334666814832594,24.25,0.0,0.0035318766249955677,56.59375,5.0,12.735018001511254,4.452241975153649,0.0,0.010450355272999142,86.62109375,5.0,0.1333422228148543,4.8,0.0,0.005277650308052106,80.03125,7.0,0.20002222488922472,9.416667901326024,0.0,0.002737223090640596,72.953125,5.0,29.069462522998265,3.1185260399509867,0.0,0.010749667900159056,53.171875,4.0,3.8671822909721296,4.893251552813662,0.0,0.010588043448967004,80.0078125,5.0,1.2668755925994482,2.866620735637288,0.0,0.003529956115245527,52.44921875,5.0,2.867048939858648,4.655693498317015,0.0,0.004026387936943723,144.9296875,2.0,0.004662875025767118,45.390625,2.0
2026-05-30T06:43:17Z,2.466995599413255,48.07692307692304,0.0,0.02483605607434748,67.78515625,4.0,5.8002089028157435,4.822026410154294,0.0,0.008779815283206883,177.78125,0.0,0.2666755561481876,24.25,0.0,0.003635753176044294,56.59375,5.0,14.600897894533889,4.512588925045515,0.0,0.010450355272999142,86.62109375,5.0,0.20001333422228146,4.8,0.0,0.005241966271475219,80.03125,7.0,0.20000888948152096,8.874999999999998,0.0,0.0033518841591059865,72.953125,5.0,32.86806677956569,3.149990115756034,0.0,0.012782344770826487,53.171875,4.0,4.40029337244966,4.91111060859132,0.0,0.008904456306885843,80.0078125,5.0,1.6668311416355763,3.2499255476534574,0.0,0.003529956115245527,52.44921875,5.0,3.1333333333333337,4.62972972972973,0.0,0.004026387936943723,144.9296875,2.0,0.004662875025767118,45.390625,2.0
2026-05-30T06:43:22Z,2.466995599413255,48.07692307692304,0.0,0.02483605607434748,67.78515625,4.0,5.8002089028157435,4.822026410154294,0.0,0.008779815283206883,177.78125,0.0,0.2666755561481876,24.25,0.0,0.0036760583553293756,56.5859375,5.0,16.800044447407604,4.511810836786752,0.0,0.010266248574686242,86.6953125,5.0,0.20001333422228146,4.8,0.0,0.0051792355117137095,80.03125,7.0,0.20000888948152096,8.874999999999998,0.0,0.0033518841591059865,72.953125,5.0,32.86806677956569,3.149990115756034,0.0,0.012324975361990969,52.875,4.0,4.40029337244966,4.91111060859132,0.0,0.010653602036795697,79.87109375,5.0,1.6668311416355763,3.2499255476534574,0.0,0.003529956115245527,52.44921875,5.0,3.1333333333333337,4.62972972972973,0.0,0.0032943022553360824,145.20703125,2.0,0.004700411253643446,45.390625,2.0
2026-05-30T06:43:27Z,2.933528901926795,50.50000000000003,0.0,0.023816329737089796,68.01171875,4.0,5.8002089028157435,4.822026410154294,0.0,0.009112369466097964,177.78125,0.0,0.2666755561481876,24.25,0.0,0.0036760583553293756,56.5859375,5.0,16.800044447407604,4.511810836786752,0.0,0.010266248574686242,86.6953125,5.0,0.20000888948152096,4.8,0.0,0.0051792355117137095,80.03125,7.0,0.20000888948152096,8.874999999999998,0.0,0.003269822305664329,72.52734375,5.0,30.136036091366105,3.0467476543011904,0.0,0.012324975361990969,52.875,4.0,4.4,4.927374325396382,0.0,0.010755429128016766,79.87109375,5.0,1.4666488924443652,3.199994444197518,0.0,0.0020242252008686214,52.4453125,5.0,3.1333333333333337,4.62972972972973,0.0,0.0040505237967307164,145.20703125,2.0,0.004700411253643446,45.390625,2.0
2026-05-30T06:43:32Z,2.933528901926795,50.50000000000003,0.0,0.023441627536289446,68.01171875,4.0,4.26736456328026,4.825961538461538,0.0,0.007719391920380455,177.78125,0.0,0.13335111348179757,24.25,0.0,0.0036760583553293756,56.5859375,5.0,15.867635684757968,4.511402423775629,0.0,0.0101857105876254,86.6953125,5.0,0.13334222340756546,4.8,0.0,0.004371130904233267,80.03125,7.0,0.13335111348179757,8.0,0.0,0.003029591757688147,72.52734375,5.0,27.404249633320006,3.0558504681387944,0.0,0.012259215826239489,52.875,4.0,4.066915588745166,4.979882821797554,0.0,0.010755429128016766,79.87109375,5.0,1.1333777908160791,2.9000733349629986,0.0,0.0022990485610886492,52.4453125,5.0,3.267102280304041,4.627027027027026,0.0,0.0040505237967307164,145.20703125,2.0,0.004765704706453889,45.4609375,2.0
2026-05-30T06:43:37Z,2.933528901926795,50.50000000000003,0.0,0.023441627536289446,68.01171875,4.0,4.26736456328026,4.825961538461538,0.0,0.008082606012518725,87.27734375,0.0,0.13335111348179757,24.25,0.0,0.0034774292272378993,56.5859375,5.0,15.668755834111215,4.506779661016948,0.0,0.0101857105876254,86.6953125,5.0,0.13334222340756546,4.8,0.0,0.005147860170846228,80.03515625,7.0,0.13335111348179757,8.0,0.0,0.0026193597870991913,72.52734375,5.0,27.404249633320006,3.0558504681387944,0.0,0.010281940526976239,52.875,4.0,4.066915588745166,4.979882821797554,0.0,0.01045437230271721,79.921875,5.0,1.1333777908160791,2.9000733349629986,0.0,0.002675676501987521,52.6328125,5.0,3.267102280304041,4.627027027027026,0.0,0.004152060816998019,145.5625,2.0,0.004894936708860646,45.4609375,2.0
2026-05-30T06:43:42Z,2.3336444859314573,47.84090909090912,0.0,0.022837673165719188,68.01171875,4.0,4.26736456328026,4.825961538461538,0.0,0.008082606012518725,87.27734375,0.0,0.13335111348179757,24.25,0.0,0.0034410805084745732,56.671875,5.0,15.668755834111215,4.506779661016948,0.0,0.010716622951666803,91.29296875,5.0,0.1333555594080989,4.799999999999999,0.0,0.005147860170846228,80.03515625,7.0,0.13335111348179757,8.0,0.0,0.0033397040470670284,74.84765625,5.0,26.000906958249722,3.0078924748644136,0.0,0.011929735185276841,52.6875,4.0,3.200426723563142,4.983132530120482,0.0,0.01045437230271721,79.921875,5.0,1.2668355780770768,2.9999999999999964,0.0,0.0029632403861442514,52.6328125,5.0,3.267102280304041,4.627027027027026,0.0,0.00341095283713565,145.5625,2.0,0.004894936708860646,45.4609375,2.0
2026-05-30T06:43:47Z,2.3336444859314573,47.84090909090912,0.0,0.0239564938025924,68.15625,4.0,6.066457791702775,4.823853076520011,0.0,0.008082606012518725,87.27734375,0.0,0.13333333333333333,24.25,0.0,0.003441080508474574,56.671875,5.0,16.934453482686582,4.466372550338527,0.0,0.010716622951666803,91.29296875,5.0,0.13334666933386677,4.8,0.0,0.005147860170846228,80.03515625,7.0,0.13333333333333333,4.766667160519434,0.0,0.0034299366026475475,74.84765625,5.0,27.865991191703074,2.8766624933279354,0.0,0.011929735185276841,52.6875,4.0,3.466844468151309,4.960240369309563,0.0,0.01045437230271721,79.921875,5.0,1.4667555674089878,2.5999395503402822,0.0,0.003450766609880767,52.6328125,5.0,3.466666666666667,4.6850000000000005,0.0,0.004109237919748461,145.5625,2.0,0.004894936708860646,45.4609375,2.0
2026-05-30T06:43:52Z,2.3336444859314573,47.84090909090912,0.0,0.0239564938025924,68.15625,4.0,6.066457791702775,4.823853076520011,0.0,0.008194406206982852,87.27734375,0.0,0.13333333333333333,24.25,0.0,0.0028498798699677524,56.671875,5.0,15.267115585483477,4.422417136609477,0.0,0.010716622951666803,91.29296875,5.0,0.13334666933386677,4.8,0.0,0.00499780506356805,80.03125,7.0,0.13333333333333333,4.766667160519434,0.0,0.0034299366026475475,74.84765625,5.0,27.865991191703074,2.8766624933279354,0.0,0.012258477594926633,52.93359375,4.0,3.466844468151309,4.960240369309563,0.0,0.010387837464692328,79.89453125,5.0,1.4667555674089878,2.5999395503402822,0.0,0.0036661861462262742,52.5625,5.0,3.466666666666667,4.6850000000000005,0.0,0.004268404907975953,145.7578125,2.0,0.004818524281385358,45.70703125,2.0
2026-05-30T06:43:57Z,3.333333333333333,40.454545454545446,0.0,0.01955316473155685,68.15625,4.0,6.066457791702775,4.823853076520011,0.0,0.006203848365869934,87.27734375,0.0,0.13333333333333333,24.25,0.0,0.0035602212602211534,56.5546875,5.0,15.267115585483477,4.422417136609477,0.0,0.010716622951666803,91.29296875,5.0,0.19999111170366418,4.800000000000001,0.0,0.00499780506356805,80.03125,7.0,0.13333333333333333,4.766667160519434,0.0,0.003017568577188799,74.84765625,5.0,34.134542302820186,2.7623720810080767,0.0,0.011910113855778719,52.93359375,4.0,4.4,4.909826589595375,0.0,0.010387837464692327,79.89453125,5.0,1.7333955597039803,2.3599928884147783,0.0,0.003778107256970562,52.5625,5.0,3.466666666666667,4.6850000000000005,0.0,0.004268404907975953,145.7578125,2.0,0.004818524281385358,45.70703125,2.0
2026-05-30T06:44:02Z,3.333333333333333,40.454545454545446,0.0,0.019352777316798533,68.15625,4.0,6.000800106680891,4.789519650655022,0.0,0.009207159826626295,88.8828125,0.0,0.26670222696359513,40.00000000000001,0.0,0.0035602212602211534,56.5546875,5.0,15.601631298689682,4.413563257963275,0.0,0.011139294883197166,86.9453125,5.0,0.2666755585187951,4.8,0.0,0.00499780506356805,80.03125,7.0,0.26670222696359513,8.0,0.0,0.003479071864879586,73.859375,5.0,33.86967143114841,2.664353261679772,0.0,0.011910113855778719,52.93359375,4.0,4.26693336889363,4.884917197407944,0.0,0.008296539173065828,79.89453125,5.0,1.8001777973356645,0.49692361660531764,0.0,0.003778107256970562,52.5625,5.0,3.267102280304041,4.688095238095238,0.0,0.0044081958750205015,145.7578125,2.0,0.004744767676767897,45.69921875,2.0
2026-05-30T06:44:07Z,3.333333333333333,40.454545454545446,0.0,0.01739203940331206,68.15625,4.0,6.000800106680891,4.789519650655022,0.0,0.009363354336010772,88.8828125,0.0,0.26670222696359513,40.00000000000001,0.0,0.0035946629213484496,56.59375,5.0,18.934515713206206,4.390480637982396,0.0,0.011139294883197166,86.9453125,5.0,0.2666755585187951,4.8,0.0,0.004976404869102523,80.03125,7.0,0.26670222696359513,8.0,0.0,0.003479071864879586,73.859375,5.0,33.86967143114841,2.664353261679772,0.0,0.01234338612858666,52.75390625,4.0,4.26693336889363,4.884917197407944,0.0,0.009970822837953636,79.6171875,5.0,1.8001777973356645,0.49692361660531764,0.0,0.003647776418491521,52.5859375,5.0,3.267102280304041,4.688095238095238,0.0,0.0042633704632635445,145.78515625,2.0,0.004744767676767897,45.69921875,2.0
2026-05-30T06:44:12Z,3.266884458963931,40.62499999999998,0.0,0.015431301489825586,68.15625,4.0,6.000800106680891,4.789519650655022,0.0,0.010116944929907397,89.55078125,0.0,0.26670222696359513,40.00000000000001,0.0,0.0035391326542456095,56.59375,5.0,18.934515713206206,4.390480637982396,0.0,0.011192204760847297,85.79296875,5.0,0.26670222696359513,4.8,0.0,0.005146934233899192,80.46875,7.0,0.26670222696359513,8.0,0.0,0.003642997318886602,73.859375,5.0,32.66974254700058,2.6776393286850313,0.0,0.01234338612858666,52.75390625,4.0,4.1337422672646325,4.865517969405283,0.0,0.009970822837953636,79.6171875,5.0,2.066862242965373,0.49626865671641784,0.0,0.0037585919451267147,52.5859375,5.0,3.267102280304041,4.688095238095238,0.0,0.004325967513618297,145.78515625,2.0,0.0038752317501652245,45.69921875,2.0
2026-05-30T06:44:17Z,3.266884458963931,40.62499999999998,0.0,0.025321115438288282,69.02734375,4.0,5.199991111703664,4.788844743985234,0.0,0.011321585031514089,89.55078125,0.0,0.13332888918516544,44.37499305532406,0.0,0.0035391326542456095,56.59375,5.0,19.066653334222163,4.380323668999058,0.0,0.011192204760847297,85.79296875,5.0,0.20001333600029633,4.8,0.0,0.004322733621151576,80.46875,7.0,0.1999955558518321,9.249996296159116,0.0,0.003642997318886602,73.859375,5.0,32.13460453037602,2.3192625840826,0.0,0.0124036837792586,52.75390625,4.0,4.000142231704336,4.820994250875186,0.0,0.009970822837953636,79.6171875,5.0,2.1334044503706866,2.7142280223453286,0.0,0.0037585919451267147,52.5859375,5.0,2.533333333333333,4.69873417721519,0.0,0.004292739788895503,145.80078125,2.0,0.004642104572879376,45.453125,2.0
2026-05-30T06:44:22Z,3.266884458963931,40.62499999999998,0.0,0.025321115438288282,69.02734375,4.0,5.199991111703664,4.788844743985234,0.0,0.011321585031514089,89.55078125,0.0,0.13332888918516544,44.37499305532406,0.0,0.0023660500000005414,56.59375,5.0,16.267137810965057,4.360833300307894,0.0,0.00922928067605414,85.79296875,5.0,0.20001333600029633,4.8,0.0,0.0051730028574952045,80.46875,7.0,0.1999955558518321,9.249996296159116,0.0,0.0035380379655125653,73.5703125,5.0,32.13460453037602,2.3192625840826,0.0,0.010898893723364078,52.75390625,4.0,4.000142231704336,4.820994250875186,0.0,0.010231762675022784,79.51953125,5.0,2.1334044503706866,2.7142280223453286,0.0,0.0036192295738344095,52.61328125,5.0,2.533333333333333,4.69873417721519,0.0,0.004237902830837502,145.80078125,2.0,0.004642104572879376,45.453125,2.0
2026-05-30T06:44:27Z,2.2,39.13461538461538,0.0,0.02400590187247769,68.8515625,4.0,5.199991111703664,4.788844743985234,0.0,0.01145541752502238,89.91796875,0.0,0.13332888918516544,44.37499305532406,0.0,0.0036521995286723785,56.8515625,5.0,16.267137810965057,4.360833300307894,0.0,0.010646613791688693,84.53515625,5.0,0.13332888918516544,4.8,0.0,0.005157785205272174,80.21875,7.0,0.1999955558518321,9.249996296159116,0.0,0.003311692429647694,73.5703125,5.0,25.40070227022534,2.3794093430030947,0.0,0.012781752360697885,52.75390625,4.0,3.666666666666667,4.841988932232516,0.0,0.010231762675022784,79.51953125,5.0,1.3332977801479902,2.742871383626833,0.0,0.003569738639257308,52.61328125,5.0,2.533333333333333,4.69873417721519,0.0,0.004237902830837502,145.80078125,2.0,0.004642104572879376,45.453125,2.0
2026-05-30T06:44:32Z,2.2,39.13461538461538,0.0,0.02400590187247769,68.8515625,4.0,3.800493413644388,4.824215463475632,0.0,0.01145541752502238,89.91796875,0.0,0.1333555594080989,44.37498610987643,0.0,0.0036521995286723785,56.8515625,5.0,14.935333666432369,4.346269860746062,0.0,0.010646613791688695,84.53515625,5.0,0.13334222340756546,4.8,0.0,0.005157785205272174,80.21875,7.0,0.13335111348179757,9.249996295994485,0.0,0.003311692429647694,73.5703125,5.0,20.869044823476653,2.388462155058755,0.0,0.010972388799438092,52.75390625,4.0,3.066920050676802,4.86628008600061,0.0,0.010231762675022784,79.51953125,5.0,0.6666844539271903,2.5667521008541963,0.0,0.003569738639257308,52.61328125,5.0,3.0671778663862748,4.617146561785253,0.0,0.003549879306251033,145.80078125,2.0,0.004698321978875994,45.45703125,2.0
2026-05-30T06:44:37Z,2.2,39.13461538461538,0.0,0.02400590187247769,68.8515625,4.0,3.800493413644388,4.824215463475632,0.0,0.0076186749999999975,89.91796875,0.0,0.1333555594080989,44.37498610987643,0.0,0.00362649825784004,56.2265625,5.0,17.202787136971335,4.330481946706708,0.0,0.010318039990401293,84.12890625,5.0,0.13334222340756546,4.8,0.0,0.005184114712094629,80.22265625,7.0,0.13335111348179757,9.249996295994485,0.0,0.003311692429647694,73.5703125,5.0,20.869044823476653,2.388462155058755,0.0,0.011634232325512946,53.91015625,4.0,3.066920050676802,4.86628008600061,0.0,0.008491103390874206,79.51953125,5.0,0.6666844539271903,2.5667521008541963,0.0,0.0031568234901564484,52.625,5.0,3.0671778663862748,4.617146561785253,0.0,0.0030036043862238233,145.80078125,2.0,0.004698321978875995,45.45703125,2.0
2026-05-30T06:44:42Z,2.2669689291905586,42.499999999999986,0.0,0.023308444213184714,69.16015625,4.0,3.800493413644388,4.824215463475632,0.0,0.009596499256377986,89.375,0.0,0.1333555594080989,44.37498610987643,0.0,0.0036392214876799097,56.2265625,5.0,17.202787136971335,4.330481946706708,0.0,0.008167658338400316,84.12890625,5.0,0.06667555674089878,4.8,0.0,0.005184114712094629,80.22265625,7.0,0.13335111348179757,9.249996295994485,0.0,0.0025118470650068087,73.5703125,5.0,20.535133682735125,2.404166537359795,0.0,0.011105693512048636,53.91015625,4.0,2.267053401790284,4.870807889994499,0.0,0.009309474114995211,79.2109375,5.0,0.666817813934896,2.8333345684792848,0.0,0.0031568234901564484,52.625,5.0,3.0671778663862748,4.617146561785253,0.0,0.00267015399836197,145.80078125,2.0,0.004698321978875995,45.45703125,2.0
2026-05-30T06:44:47Z,2.2669689291905586,42.499999999999986,0.0,0.01327900280092051,69.16015625,4.0,4.4666711309629825,4.831472081218274,0.0,0.009596499256377986,89.375,0.0,0.0,43.75,0.0,0.003639221487679909,56.2265625,5.0,19.000640211575355,4.2762738883130265,0.0,0.008721276098619647,84.12890625,5.0,0.0,4.8,0.0,0.005184114712094629,80.22265625,7.0,0.0,9.375001388935186,0.0,0.0029295707902692748,74.03515625,5.0,22.866084509925116,2.5326406747362453,0.0,0.011105693512048638,53.91015625,4.0,2.533364469038953,4.877550703855919,0.0,0.009309474114995211,79.2109375,5.0,0.9334044752666883,3.099957033217768,0.0,0.0031568234901564484,52.625,5.0,2.9332355620736394,4.6061538461538465,0.0,0.0038557542479778976,145.7890625,2.0,0.004698321978875995,45.45703125,2.0
2026-05-30T06:44:52Z,2.2669689291905586,42.499999999999986,0.0,0.012051624999992329,69.16015625,4.0,4.4666711309629825,4.831472081218274,0.0,0.009596499256377986,89.375,0.0,0.0,43.75,0.0,0.0034601346871838447,56.24609375,5.0,20.19936893096016,4.301317104957601,0.0,0.010355910543131897,83.8828125,5.0,0.0,4.8,0.0,0.005123479142527952,80.21875,7.0,0.0,9.375001388935186,0.0,0.0029295707902692748,74.03515625,5.0,22.866084509925116,2.5326406747362453,0.0,0.010670576376804457,53.91015625,4.0,2.533364469038953,4.877550703855919,0.0,0.009518220804237866,79.62890625,5.0,0.9334044752666883,3.099957033217768,0.0,0.0032525173099185456,52.6328125,5.0,2.9332355620736394,4.6061538461538465,0.0,0.0038649257983784423,145.7890625,2.0,0.004675078159892419,45.4296875,2.0
2026-05-30T06:44:57Z,2.533502233482232,44.6875,0.0,0.017829800101308486,69.046875,4.0,4.4666711309629825,4.831472081218274,0.0,0.009126422296495164,89.39453125,0.0,0.0,43.75,0.0,0.0033937096136092133,56.24609375,5.0,20.19936893096016,4.301317104957601,0.0,0.010355910543131897,83.8828125,5.0,0.13333333333333333,4.8,0.0,0.005123479142527952,80.21875,7.0,0.0,9.375001388935186,0.0,0.0029295707902692748,74.03515625,5.0,25.46764916298997,2.5936625148196657,0.0,0.011344052685296332,53.6015625,4.0,3.533231117925472,4.880281690140844,0.0,0.009518220804237868,79.62890625,5.0,1.3999066728884741,3.1666666666666634,0.0,0.0032525173099185456,52.6328125,5.0,2.9332355620736394,4.6061538461538465,0.0,0.0038649257983784423,145.7890625,2.0,0.004675078159892419,45.4296875,2.0
2026-05-30T06:45:02Z,2.533502233482232,44.6875,0.0,0.02184674986120499,69.046875,4.0,4.6672711905290285,4.835869565217393,0.0,0.008105854426661034,89.39453125,0.0,0.2666933362966519,46.25,0.0,0.003393709613609213,56.24609375,5.0,19.134409029351865,4.311611737947422,0.0,0.010085489880175129,83.8828125,5.0,0.2666755561481876,4.8,0.0,0.005123479142527952,80.21875,7.0,0.2667022281492545,4.8,0.0,0.002804569737403636,73.40625,5.0,25.803138193833096,2.8352984346407073,0.0,0.011344052685296332,53.6015625,4.0,3.600213361781571,4.855474497549226,0.0,0.009518220804237868,79.62890625,5.0,1.7333733490382817,1.600080003555708,0.0,0.0032525173099185456,52.6328125,5.0,2.533671156154154,4.59375,0.0,0.0038504904527518606,145.8046875,2.0,0.004700204379561751,45.4296875,2.0
2026-05-30T06:45:07Z,2.533502233482232,44.6875,0.0,0.02184674986120499,69.046875,4.0,4.6672711905290285,4.835869565217393,0.0,0.008105854426661034,89.39453125,0.0,0.2666933362966519,46.25,0.0,0.0028816405554719345,56.3203125,5.0,14.401875802699422,4.3752136752136765,0.0,0.010812265615464564,88.71484375,5.0,0.2666755561481876,4.8,0.0,0.004135928537805689,80.21875,7.0,0.2667022281492545,4.8,0.0,0.002804569737403636,73.40625,5.0,25.803138193833096,2.8352984346407073,0.0,0.010510615754513746,53.6640625,4.0,3.600213361781571,4.855474497549226,0.0,0.008870132295715469,79.62890625,5.0,1.7333733490382817,1.600080003555708,0.0,0.003338362865528877,52.796875,5.0,2.533671156154154,4.59375,0.0,0.003754438401725461,145.8046875,2.0,0.004700204379561751,45.4296875,2.0
2026-05-30T06:45:12Z,2.6001733448896593,45.71428571428571,0.0,0.0228807422373417,69.62890625,4.0,4.6672711905290285,4.835869565217393,0.0,0.006992804080509631,91.06640625,0.0,0.2666933362966519,46.25,0.0,0.0034770227512431334,56.3203125,5.0,14.401875802699422,4.3752136752136765,0.0,0.011125746302930452,88.71484375,5.0,0.1333422228148543,4.8,0.0,0.005258469287686585,80.24609375,7.0,0.2667022281492545,4.8,0.0,0.002804569737403636,73.40625,5.0,27.269293616329545,2.9434154801420287,0.0,0.010510615754513746,53.6640625,4.0,3.200426723563142,4.828358208955224,0.0,0.006966786699477758,79.62890625,5.0,1.6001955804476844,2.3499824981525768,0.0,0.003338362865528877,52.796875,5.0,2.533671156154154,4.59375,0.0,0.0037544384017254616,145.8046875,2.0,0.004832948274874024,45.85546875,2.0
2026-05-30T06:45:17Z,2.6001733448896593,45.71428571428571,0.0,0.023245103896969113,69.62890625,4.0,6.4,4.792344325035636,0.0,0.006992804080509631,91.06640625,0.0,0.0,47.5,0.0,0.0034770227512431334,56.3203125,5.0,14.534133440014223,4.408652099251838,0.0,0.011125746302930452,88.71484375,5.0,0.0,4.8,0.0,0.005258469287686585,80.24609375,7.0,0.0,4.8,0.0,0.002804569737403636,73.40625,5.0,32.33452009334145,3.0256289000118595,0.0,0.009382982595602147,53.6640625,4.0,4.066880028448238,4.8,0.0,0.009747637915269008,79.4453125,5.0,1.7334311241498868,3.4749545093319094,0.0,0.003338362865528877,52.796875,5.0,3.3332222296291363,4.628571428571428,0.0,0.0026995882848036942,145.8046875,2.0,0.004800690297485218,45.85546875,2.0
2026-05-30T06:45:22Z,2.6001733448896593,45.71428571428571,0.0,0.02324510389696911,69.62890625,4.0,6.4,4.792344325035636,0.0,0.007343057961023018,90.9921875,0.0,0.0,47.5,0.0,0.0034661733798833573,56.32421875,5.0,17.533333333333335,4.430885687032117,0.0,0.011016519319502675,88.62890625,5.0,0.0,4.8,0.0,0.005335314959288894,80.25,7.0,0.0,4.8,0.0,0.0015176000000015695,73.40625,5.0,32.33452009334145,3.0256289000118595,0.0,0.011317524841913172,53.6640625,4.0,4.066880028448238,4.8,0.0,0.010741957836944909,79.4453125,5.0,1.7334311241498868,3.4749545093319094,0.0,0.0035554258529172816,52.72265625,5.0,3.3332222296291363,4.628571428571428,0.0,0.003339646836024009,145.79296875,2.0,0.004864498972560353,45.640625,2.0
2026-05-30T06:45:27Z,3.1335422361490766,45.36764705882351,0.0,0.024099800399203838,69.62890625,4.0,6.4,4.792344325035636,0.0,0.007922821433843428,90.9921875,0.0,0.0,47.5,0.0,0.003451446707680356,56.32421875,5.0,17.533333333333335,4.430885687032117,0.0,0.011483372870391797,88.62890625,5.0,0.13333333333333333,4.8,0.0,0.005486371341900189,80.25,7.0,0.0,4.8,0.0,0.0019660858631584846,73.40625,5.0,34.867915638820364,3.0249631002675987,0.0,0.012810463244134861,53.95703125,4.0,4.466800008889482,4.8,0.0,0.010683343564555112,79.46484375,5.0,1.9999333377774815,3.275018333447533,0.0,0.0035554258529172816,52.72265625,5.0,3.3332222296291363,4.628571428571428,0.0,0.004189111343290295,145.79296875,2.0,0.004864498972560353,45.640625,2.0
2026-05-30T06:45:32Z,3.1335422361490766,45.36764705882351,0.0,0.024563519270783995,69.1328125,4.0,5.0673600960135134,4.78974358974359,0.0,0.007922821433843428,90.9921875,0.0,0.2667111188161978,45.0,0.0,0.003451446707680356,56.32421875,5.0,16.801066814242965,4.465207266695637,0.0,0.011483372870391797,88.62890625,5.0,0.26669333866773354,4.799999999999999,0.0,0.005486371341900189,80.25,7.0,0.2667111188161978,4.771428208579919,0.0,0.002801367911085878,72.17578125,5.0,31.13625364299941,3.045579229208657,0.0,0.012810463244134861,53.95703125,4.0,3.867048930967981,4.844186537505888,0.0,0.010683343564555112,79.46484375,5.0,1.866733359114371,3.460052089351902,0.0,0.0035554258529172816,52.72265625,5.0,2.7337867449028765,4.630985915492957,0.0,0.004189111343290295,145.79296875,2.0,0.004229493797257576,45.640625,2.0
2026-05-30T06:45:37Z,3.1335422361490766,45.36764705882351,0.0,0.024563519270783995,69.1328125,4.0,5.0673600960135134,4.78974358974359,0.0,0.008102641330339706,92.89453125,0.0,0.2667111188161978,45.0,0.0,0.003690154953827162,56.32421875,5.0,17.335671428191493,4.465151515151514,0.0,0.011921017629049782,87.73828125,5.0,0.26669333866773354,4.799999999999999,0.0,0.005541161245036941,80.25,7.0,0.2667111188161978,4.771428208579919,0.0,0.002801367911085878,72.17578125,5.0,31.13625364299941,3.045579229208657,0.0,0.010904328202093243,53.95703125,4.0,3.867048930967981,4.844186537505888,0.0,0.010683343564555112,79.46484375,5.0,1.866733359114371,3.460052089351902,0.0,0.0035646283412663913,52.72265625,5.0,2.7337867449028765,4.630985915492957,0.0,0.004189111343290295,145.79296875,2.0,0.0050661974084128215,45.640625,2.0
2026-05-30T06:45:42Z,2.667022269635951,43.749999999999986,0.0,0.025603549368198225,69.1328125,4.0,5.0673600960135134,4.78974358974359,0.0,0.008313776151823491,92.89453125,0.0,0.2667111188161978,45.0,0.0,0.0039188712879301875,56.4765625,5.0,17.335671428191493,4.465151515151514,0.0,0.011921017629049782,87.73828125,5.0,0.200035562075299,4.799999999999999,0.0,0.005541161245036941,80.25,7.0,0.2667111188161978,4.771428208579919,0.0,0.002801367911085878,72.17578125,5.0,26.4027425384097,3.0030119304851213,0.0,0.012291640756863866,53.72265625,4.0,3.9338578477130284,4.8434280805677865,0.0,0.010343588982423428,79.4765625,5.0,1.4669200453416904,3.479999999999997,0.0,0.003588885458474089,52.7578125,5.0,2.7337867449028765,4.630985915492957,0.0,0.004349827742831206,142.21484375,2.0,0.0049872891100289415,45.953125,2.0
2026-05-30T06:45:47Z,2.667022269635951,43.749999999999986,0.0,0.02470411510212497,69.40234375,4.0,4.800146676445096,4.788889018683933,0.0,0.008313776151823491,92.89453125,0.0,0.2666755561481876,45.0,0.0,0.0039188712879301875,56.4765625,5.0,20.001911323284702,4.4464916321380015,0.0,0.011921017629049782,87.73828125,5.0,0.20000889007423212,4.8,0.0,0.005467618570762994,80.25390625,7.0,0.26666666666666666,4.733334321038868,0.0,0.002853143718673796,71.875,5.0,25.868480139270993,3.0496514088591185,0.0,0.012291640756863868,53.72265625,4.0,3.733720044153541,4.843677167892744,0.0,0.010343588982423428,79.4765625,5.0,1.1334711363011762,3.377764004296666,0.0,0.003588885458474089,52.7578125,5.0,3.600120008000533,4.638464600187758,0.0,0.004568047908818339,142.21484375,2.0,0.0049872891100289415,45.953125,2.0
2026-05-30T06:45:52Z,2.667022269635951,43.749999999999986,0.0,0.02470411510212497,69.40234375,4.0,4.800146676445096,4.788889018683933,0.0,0.008313776151823491,92.89453125,0.0,0.2666755561481876,45.0,0.0,0.003885846696234886,56.4765625,5.0,18.80064004266951,4.373950610966272,0.0,0.010879754235536648,85.2578125,5.0,0.20000889007423212,4.8,0.0,0.00467099758454305,80.25390625,7.0,0.26666666666666666,4.733334321038868,0.0,0.002853143718673796,71.875,5.0,25.868480139270993,3.0496514088591185,0.0,0.012291640756863868,53.72265625,4.0,3.733720044153541,4.843677167892744,0.0,0.005726824999999281,79.4765625,5.0,1.1334711363011762,3.377764004296666,0.0,0.0036334296049120476,52.7578125,5.0,3.600120008000533,4.638464600187758,0.0,0.004568047908818339,142.21484375,2.0,0.004928407943454294,45.953125,2.0
2026-05-30T06:45:57Z,2.5998266782214516,56.666666666666565,0.0,0.024257550432282244,69.40234375,4.0,4.800146676445096,4.788889018683933,0.0,0.007782748945007854,92.32421875,0.0,0.2666755561481876,45.0,0.0,0.0038858466962348854,56.4765625,5.0,18.80064004266951,4.373950610966272,0.0,0.010879754235536648,85.2578125,5.0,0.2,4.8,0.0,0.005477391304350156,80.25390625,7.0,0.26666666666666666,4.733334321038868,0.0,0.002853143718673796,71.875,5.0,25.06888915440123,2.981791987506858,0.0,0.013316698771973525,53.72265625,4.0,3.0666844580741532,4.8883721044414745,0.0,0.030709070845568957,85.16796875,5.0,1.000017778963042,3.2500183341481814,0.0,0.0035319771033234834,52.76953125,5.0,3.600120008000533,4.638464600187758,0.0,0.004568047908818339,142.21484375,2.0,0.004780864615802311,46.0,2.0
2026-05-30T06:46:02Z,2.5998266782214516,56.666666666666565,0.0,0.024257550432282244,69.40234375,4.0,3.9335955730382026,4.791346254630566,0.0,0.007782748945007854,92.32421875,0.0,0.0,45.0,0.0,0.003725276987573032,56.82421875,5.0,17.667288930373136,4.345390187644072,0.0,0.010879754235536648,85.2578125,5.0,0.06666666666666667,4.8,0.0,0.00465273961352855,80.25390625,7.0,0.0,4.733334321060819,0.0,0.002266875548907325,71.875,5.0,21.735382476178234,3.0646009575227864,0.0,0.012458649081195648,53.72265625,4.0,2.5999866782221632,16.000950063337445,0.0,0.03793454862026842,85.16796875,5.0,0.8000222237038025,2.5200586692741886,0.0,0.0035319771033234834,52.76953125,5.0,2.9336266992631708,4.6384585225750925,0.0,0.004069928856500548,142.21875,2.0,0.004780864615802311,46.0,2.0
2026-05-30T06:46:07Z,2.5998266782214516,56.666666666666565,0.0,0.0233109721222828,67.265625,4.0,3.9335955730382026,4.791346254630566,0.0,0.007782748945007854,92.32421875,0.0,0.0,45.0,0.0,0.003866287379837499,56.82421875,5.0,18.068453530097543,4.332510288065844,0.0,0.009290568704949966,85.2578125,5.0,0.06666666666666667,4.8,0.0,0.0053169369753881,80.2734375,7.0,0.0,4.733334321060819,0.0,0.0023431997591742697,71.7734375,5.0,21.735382476178234,3.0646009575227864,0.0,0.01090100621485241,53.72265625,4.0,2.5999866782221632,16.000950063337445,0.0,0.03285743078243016,85.16796875,5.0,0.8000222237038025,2.5200586692741886,0.0,0.0034736540846506776,52.76953125,5.0,2.9336266992631708,4.6384585225750925,0.0,0.004069928856500548,142.21875,2.0,0.004656595810387173,45.82421875,2.0
2026-05-30T06:46:12Z,2.0669422589678623,97.49999999999989,0.0,0.02232630083370803,67.265625,4.0,3.9335955730382026,4.791346254630566,0.0,0.007359434141802868,91.8671875,0.0,0.0,45.0,0.0,0.003866287379837499,56.82421875,5.0,18.068453530097543,4.332510288065844,0.0,0.01090081561316608,84.6953125,5.0,0.0,4.8,0.0,0.0052296079633894306,80.2734375,7.0,0.0,4.733334321060819,0.0,0.0029549633614194765,71.7734375,5.0,22.333409045048754,3.149626323370306,0.0,0.011273356697154123,53.8984375,4.0,2.8004000693464914,60.277777777777644,0.0,0.08558341652696225,85.6875,5.0,0.8000844542234273,2.87997866429603,0.0,0.0033854957305508152,52.77734375,5.0,2.9336266992631708,4.6384585225750925,0.0,0.004069928856500548,142.21875,2.0,0.004544546561844351,45.82421875,2.0
2026-05-30T06:46:17Z,2.0669422589678623,97.49999999999989,0.0,0.02232630083370803,67.265625,4.0,4.133333333333334,4.812903541075099,0.0,0.007359434141802868,91.8671875,0.0,0.13333333333333333,47.91666358013259,0.0,0.003672634989604669,56.5625,5.0,15.401164599724407,4.302192796446523,0.0,0.01090081561316608,84.6953125,5.0,0.06666666666666667,4.8,0.0,0.0052296079633894306,80.2734375,7.0,0.1333377780740938,21.249966665185113,0.0,0.0029549633614194765,71.7734375,5.0,23.599506784898075,3.1933438341694345,0.0,0.011273356697154124,53.8984375,4.0,3.066986730679469,84.16648146776305,0.0,0.10600124580738142,85.6875,5.0,1.0667288971862916,2.6999266579249364,0.0,0.0033854957305508152,52.77734375,5.0,2.4665822278514766,4.660002644512026,0.0,0.003936596458931391,142.28515625,2.0,0.004544546561844351,45.82421875,2.0
2026-05-30T06:46:22Z,2.0669422589678623,97.49999999999989,0.0,0.02232630083370803,67.265625,4.0,4.133333333333334,4.812903541075099,0.0,0.00689191012752175,91.28125,0.0,0.13333333333333333,47.91666358013259,0.0,0.0033502724341156775,56.5625,5.0,14.533333333333333,4.300877096027335,0.0,0.010132348278272335,84.6953125,5.0,0.06666666666666667,4.8,0.0,0.0049481296312818435,80.20703125,7.0,0.1333377780740938,21.249966665185113,0.0,0.0029549633614194765,71.7734375,5.0,23.599506784898075,3.1933438341694345,0.0,0.011273356697154124,53.8984375,4.0,3.066986730679469,84.16648146776305,0.0,0.12492789817283087,85.84375,5.0,1.0667288971862916,2.6999266579249364,0.0,0.0027132029393422117,52.77734375,5.0,2.4665822278514766,4.660002644512026,0.0,0.0028194064324996923,142.28515625,2.0,0.0037381175659916,45.82421875,2.0
2026-05-30T06:46:27Z,2.1333333333333333,208.94736842105257,0.0,0.02251529193698051,67.203125,4.0,4.133333333333334,4.812903541075099,0.0,0.00689191012752175,91.28125,0.0,0.13333333333333333,47.91666358013259,0.0,0.0032635288521831677,56.3046875,5.0,14.533333333333333,4.300877096027335,0.0,0.009784473583381829,84.47265625,5.0,0.1333377780740938,4.8,0.0,0.0049481296312818435,80.20703125,7.0,0.1333377780740938,21.249966665185113,0.0,0.0023185258151064174,71.7734375,5.0,24.46915608306649,3.4848623623789474,0.0,0.011968068418675355,53.61328125,4.0,3.133222229629136,91.78570124671018,0.0,0.16049856111475674,85.84375,5.0,1.4,2.6500066668148134,0.0,0.0032450698951587277,52.77734375,5.0,2.4665822278514766,4.660002644512026,0.0,0.003469593866427003,142.28515625,2.0,0.005475620064738055,50.859375,2.0
2026-05-30T06:46:32Z,2.1333333333333333,208.94736842105257,0.0,0.022246932595414503,67.203125,4.0,4.6009201840368075,4.814689269225424,0.0,0.00689191012752175,91.28125,0.0,0.0,48.75,0.0,0.0032635288521831677,56.3046875,5.0,15.668226978729079,4.291519827009313,0.0,0.009784473583381829,84.47265625,5.0,0.06667111140742715,4.8,0.0,0.0049481296312818435,80.20703125,7.0,0.0,24.25,0.0,0.002784441791324334,71.8359375,5.0,26.73823656582971,3.597263964769931,0.0,0.011968068418675355,53.61328125,4.0,3.466915634976872,95.69774599218876,0.0,0.16049856111475674,85.84375,5.0,1.6668400346736014,3.725028890197589,0.0,0.0025909719732912333,52.77734375,5.0,2.3338000933520036,4.6676056338028165,0.0,0.0034898439863442414,142.28515625,2.0,0.005475620064738055,50.859375,2.0
2026-05-30T06:46:37Z,2.1333333333333333,208.94736842105257,0.0,0.023168577632566027,66.92578125,4.0,4.6009201840368075,4.814689269225424,0.0,0.005995471945338986,90.296875,0.0,0.0,48.75,0.0,0.0032635288521831677,56.3046875,5.0,17.202813812529143,4.337037030558933,0.0,0.009979406347195078,84.47265625,5.0,0.06667111140742715,4.8,0.0,0.004828445570842265,80.20703125,7.0,0.0,24.25,0.0,0.002784441791324334,71.8359375,5.0,26.73823656582971,3.597263964769931,0.0,0.011968068418675355,53.61328125,4.0,3.466915634976872,95.69774599218876,0.0,0.17455215041696487,85.16796875,5.0,1.6668400346736014,3.725028890197589,0.0,0.0023205494820280064,52.77734375,5.0,2.3338000933520036,4.6676056338028165,0.0,0.0034898439863442414,142.28515625,2.0,0.005475620064738055,50.859375,2.0
2026-05-30T06:46:42Z,2.800373383117749,210.71428571428572,0.0,0.023168577632566027,66.92578125,4.0,4.6009201840368075,4.814689269225424,0.0,0.007414021366866017,90.296875,0.0,0.0,48.75,0.0,0.002888206625122941,56.30078125,5.0,17.202813812529143,4.337037030558933,0.0,0.010366927433484071,84.49609375,5.0,0.13335111348179757,4.799999999999999,0.0,0.004828445570842265,80.20703125,7.0,0.0,24.25,0.0,0.002832155443734887,71.91796875,5.0,28.469453890778155,3.6793203387016944,0.0,0.008831850000001397,53.61328125,4.0,3.667400146696006,97.372881004785,0.0,0.20451753136345446,85.16796875,5.0,2.000324499268881,3.500001111185189,0.0,0.0021316445194573593,52.77734375,5.0,2.3338000933520036,4.6676056338028165,0.0,0.0031189240401699046,142.3203125,2.0,0.005902914051680527,50.859375,2.0
2026-05-30T06:46:47Z,2.800373383117749,210.71428571428572,0.0,0.019698168790309122,66.92578125,4.0,5.266351132146745,4.807843137254903,0.0,0.007414021366866017,90.296875,0.0,0.46665333422216293,46.24999999999999,0.0,0.0033552261441741095,56.30078125,5.0,17.134124642390603,4.378532384651747,0.0,0.010366927433484073,84.49609375,5.0,0.40001778014846423,4.8,0.0,0.004764148048123665,80.20703125,7.0,0.3999911117036642,22.749999999999996,0.0,0.0028949675558749893,71.91796875,5.0,29.132893462233543,3.670410806308907,0.0,0.012293587344790184,53.67578125,4.0,3.7335823051995685,97.19231266311104,0.0,0.20451753136345446,85.16796875,5.0,2.3334400231136003,3.816641479242599,0.0,0.003367106148789827,52.7890625,5.0,2.399920005332978,4.670588235294118,0.0,0.0037312291000062,142.3203125,2.0,0.005322617165386493,50.8515625,2.0
2026-05-30T06:46:52Z,2.800373383117749,210.71428571428572,0.0,0.020463819146300848,66.92578125,4.0,5.266351132146745,4.807843137254903,0.0,0.006011288524254967,90.296875,0.0,0.46665333422216293,46.24999999999999,0.0,0.0036128160835048897,56.32421875,5.0,14.266204475257206,4.396581196581197,0.0,0.01013989620808999,84.49609375,5.0,0.40001778014846423,4.8,0.0,0.004876975216233785,80.20703125,7.0,0.3999911117036642,22.749999999999996,0.0,0.0028949675558749893,71.91796875,5.0,29.132893462233543,3.670410806308907,0.0,0.012293587344790184,53.67578125,4.0,3.7335823051995685,97.19231266311104,0.0,0.18904686856907796,80.390625,5.0,2.3334400231136003,3.816641479242599,0.0,0.003367106148789827,52.7890625,5.0,2.399920005332978,4.670588235294118,0.0,0.0037312291000062,142.3203125,2.0,0.005322617165386493,50.8515625,2.0
2026-05-30T06:46:57Z,2.266666666666667,199.37499999999994,0.0,0.024102837967797483,67.01953125,4.0,5.266351132146745,4.807843137254903,0.0,0.007300200803212859,90.6796875,0.0,0.46665333422216293,46.24999999999999,0.0,0.0036128160835048897,56.32421875,5.0,14.266204475257206,4.396581196581197,0.0,0.010369123281492887,84.55078125,5.0,0.4,4.8,0.0,0.004876975216233785,80.20703125,7.0,0.3999911117036642,22.749999999999996,0.0,0.003081211125453811,71.828125,5.0,27.46660456414787,3.704732291980405,0.0,0.012293587344790184,53.67578125,4.0,3.5997600159989336,96.79687784840124,0.0,0.18359131906605927,80.390625,5.0,1.8666222251849878,3.683333333333331,0.0,0.003444260256940048,52.7890625,5.0,2.399920005332978,4.670588235294118,0.0,0.0039255124322026816,142.515625,2.0,0.005721210167121009,50.8515625,2.0
2026-05-30T06:47:02Z,2.266666666666667,199.37499999999994,0.0,0.024102837967797483,67.01953125,4.0,5.534071209494599,4.791588785046729,0.0,0.007300200803212859,90.6796875,0.0,0.20002667022269635,36.25,0.0,0.003772204664342354,56.32421875,5.0,15.134480152909276,4.421232080223416,0.0,0.010369123281492887,84.55078125,5.0,0.20000889007423212,4.8,0.0,0.004876975216233785,80.20703125,7.0,0.26670222696359513,17.499916659258595,0.0,0.003081211125453811,71.828125,5.0,27.202413620477337,3.727158617203112,0.0,0.012781033087763476,53.4453125,4.0,3.666808930967033,95.31245498245728,0.0,0.18359131906605927,80.390625,5.0,1.2667466773347558,3.5091248499933316,0.0,0.003444260256940048,52.7890625,5.0,3.533804507267636,4.661969281835264,0.0,0.004050429030247901,142.515625,2.0,0.005503206490245137,50.875,2.0
2026-05-30T06:47:07Z,2.266666666666667,199.37499999999994,0.0,0.02108181309797598,67.45703125,4.0,5.534071209494599,4.791588785046729,0.0,0.007300200803212859,90.6796875,0.0,0.20002667022269635,36.25,0.0,0.003187408157906391,56.32421875,5.0,17.401733525356327,4.443246463065549,0.0,0.010369123281492887,84.55078125,5.0,0.20000889007423212,4.8,0.0,0.004938206020638509,80.20703125,7.0,0.26670222696359513,17.499916659258595,0.0,0.0024435742238913174,71.828125,5.0,27.202413620477337,3.727158617203112,0.0,0.012781033087763476,53.4453125,4.0,3.666808930967033,95.31245498245728,0.0,0.15651822919033737,80.390625,5.0,1.2667466773347558,3.5091248499933316,0.0,0.003444260256940048,52.7890625,5.0,3.533804507267636,4.661969281835264,0.0,0.004050429030247901,142.515625,2.0,0.0036936284836497396,50.875,2.0
2026-05-30T06:47:12Z,3.0670756100813445,88.38235294117644,0.0,0.025507078692059135,67.45703125,4.0,5.534071209494599,4.791588785046729,0.0,0.007499689646610938,90.2265625,0.0,0.20002667022269635,36.25,0.0,0.003976527924603268,56.44921875,5.0,17.401733525356327,4.443246463065549,0.0,0.011357204013081965,84.62109375,5.0,0.26670222696359513,4.8,0.0,0.0039395773081148866,80.20703125,7.0,0.26670222696359513,17.499916659258595,0.0,0.002569450201601693,71.14453125,5.0,31.40192914610837,3.6066700905377775,0.0,0.01272220824086491,53.61328125,4.0,3.9338578477130284,92.93478260869566,0.0,0.1156590628267277,79.453125,5.0,1.6001466817794965,3.527289294033743,0.0,0.003444260256940048,52.7890625,5.0,3.533804507267636,4.661969281835264,0.0,0.004057430618554852,142.6953125,2.0,0.004531874136415369,50.875,2.0
2026-05-30T06:47:17Z,3.0670756100813445,88.38235294117644,0.0,0.025507078692059135,67.45703125,4.0,6.0,4.806837597746379,0.0,0.007499689646610938,90.2265625,0.0,0.4,32.49980554691315,0.0,0.004206061937184582,56.44921875,5.0,18.13392003911372,4.481243958474968,0.0,0.011357204013081965,84.62109375,5.0,0.4000266702226964,4.8,0.0,0.005399827892217535,79.72265625,7.0,0.3333422228148543,4.800000000000001,0.0,0.0030991978040192636,71.14453125,5.0,34.73360003556029,3.5584935324065285,0.0,0.01272220824086491,53.61328125,4.0,4.400266702226963,87.41955741433853,0.0,0.1156590628267277,79.453125,5.0,2.2667333377780743,3.893311445530541,0.0,0.0035748474894414708,52.7890625,5.0,3.0665688954069728,4.656410256410256,0.0,0.0042358748632227725,142.6953125,2.0,0.004508737616395455,51.1328125,2.0
2026-05-30T06:47:22Z,3.0670756100813445,88.38235294117644,0.0,0.02171056258773523,67.45703125,4.0,6.0,4.806837597746379,0.0,0.007819472661918684,90.44921875,0.0,0.4,32.49980554691315,0.0,0.004206061937184582,56.44921875,5.0,18.6,4.511672004788992,0.0,0.011357204013081965,84.62109375,5.0,0.4000266702226964,4.8,0.0,0.005677115499388296,79.72265625,7.0,0.3333422228148543,4.800000000000001,0.0,0.0030991978040192636,71.14453125,5.0,34.73360003556029,3.5584935324065285,0.0,0.01272220824086491,53.61328125,4.0,4.400266702226963,87.41955741433853,0.0,0.06799851311952755,79.453125,5.0,2.2667333377780743,3.893311445530541,0.0,0.0035748474894414708,52.7890625,5.0,3.0665688954069728,4.656410256410256,0.0,0.004330052102357575,142.94140625,2.0,0.004508737616395455,51.1328125,2.0
2026-05-30T06:47:27Z,2.8666666666666667,63.57142857142853,0.0,0.026899296438088766,67.8828125,4.0,6.0,4.806837597746379,0.0,0.007819472661918684,90.44921875,0.0,0.4,32.49980554691315,0.0,0.004378071196618818,56.44921875,5.0,18.6,4.511672004788992,0.0,0.011474074560251684,84.52734375,5.0,0.26666666666666666,4.799999999999999,0.0,0.005677115499388296,79.72265625,7.0,0.3333422228148543,4.800000000000001,0.0,0.0030991978040192636,71.14453125,5.0,33.80212472774148,3.4723837885390356,0.0,0.011648918779501858,53.421875,4.0,4.466666666666667,69.28571428571423,0.0,0.05097176670166951,79.76171875,5.0,2.1333333333333333,4.023530857419244,0.0,0.0036609773493031616,52.7890625,5.0,3.0665688954069728,4.656410256410256,0.0,0.004330052102357575,142.94140625,2.0,0.004697707254759611,51.1328125,2.0
2026-05-30T06:47:32Z,2.8666666666666667,63.57142857142853,0.0,0.026899296438088756,67.8828125,4.0,4.734142365655867,4.810389369990485,0.0,0.007819472661918684,90.44921875,0.0,0.0,34.99983331481272,0.0,0.00403290952787019,56.7578125,5.0,14.734062319420367,4.544961567949773,0.0,0.011474074560251684,84.52734375,5.0,0.06666666666666667,4.800000000000001,0.0,0.0056946621149814676,79.72265625,7.0,0.06667111140742715,4.799999999999999,0.0,0.003236836632840404,70.85546875,5.0,28.736889363026183,3.6177953159410094,0.0,0.01437728890823486,53.421875,4.0,3.7335555851891367,37.14241493931377,0.0,0.05097176670166951,79.76171875,5.0,1.2000444503711605,4.257165563766381,0.0,0.003660977349303161,52.7890625,5.0,3.0671823123125757,4.669767441860465,0.0,0.004397374914149998,142.94140625,2.0,0.003799936250814594,51.1328125,2.0
2026-05-30T06:47:37Z,2.8666666666666667,63.57142857142853,0.0,0.02404811622823957,67.8828125,4.0,4.734142365655867,4.810389369990485,0.0,0.006755488872860318,90.43359375,0.0,0.0,34.99983331481272,0.0,0.00403290952787019,56.7578125,5.0,11.268169089211895,4.558664897859888,0.0,0.011474074560251684,84.52734375,5.0,0.06666666666666667,4.800000000000001,0.0,0.005944567750528966,79.72265625,7.0,0.06667111140742715,4.799999999999999,0.0,0.003236836632840404,70.85546875,5.0,28.736889363026183,3.617795315941008,0.0,0.01437728890823486,53.421875,4.0,3.7335555851891367,37.14241493931381,0.0,0.011554138109775314,79.76171875,5.0,1.2000444503711605,4.257165563766381,0.0,0.003660977349303161,52.7890625,5.0,3.0671823123125757,4.669767441860465,0.0,0.004569935778817308,139.6640625,2.0,0.00497323909135587,50.99609375,2.0
2026-05-30T06:47:42Z,2.2669689291905586,47.3148148148148,0.0,0.027123956282665382,67.49609375,4.0,4.734142365655867,4.810389369990485,0.0,0.00791633082982232,90.43359375,0.0,0.0,34.99983331481272,0.0,0.003905625180630305,56.7578125,5.0,11.268169089211895,4.558664897859888,0.0,0.01126875624484539,84.58203125,5.0,0.0,4.8,0.0,0.005800557126227223,79.71875,7.0,0.06667111140742715,4.799999999999999,0.0,0.0031136327717559524,70.85546875,5.0,22.535746962114317,3.6317663559647575,0.0,0.013383733074038501,53.375,4.0,3.133848977200872,7.674968274464222,0.0,0.011205914067686331,79.5,5.0,0.7334577997076945,4.372728016607821,0.0,0.003810786040326722,52.796875,5.0,3.0671823123125757,4.669767441860465,0.0,0.004613368086012869,139.6640625,2.0,0.00497323909135587,50.99609375,2.0
2026-05-30T06:47:47Z,2.2669689291905586,47.3148148148148,0.0,0.027123956282665382,67.49609375,4.0,4.599991111703664,4.845454307608433,0.0,0.00791633082982232,90.43359375,0.0,0.13332888918516544,42.499999999999986,0.0,0.003888181345610983,56.44140625,5.0,15.134088993198857,4.555620896282361,0.0,0.01126875624484539,84.58203125,5.0,0.06666222251849876,4.799999999999999,0.0,0.005800557126227223,79.71875,7.0,0.06666222251849876,4.800000000000001,0.0,0.003037668067227795,71.01953125,5.0,23.267635661051777,3.740003574243249,0.0,0.013193586252228218,53.375,4.0,3.133626725345069,6.769171493339525,0.0,0.011205914067686331,79.5,5.0,1.0000711277068648,4.495991309496082,0.0,0.0027465542305910454,52.796875,5.0,3.0,4.6776470588235295,0.0,0.004613368086012869,139.6640625,2.0,0.004984912790696848,50.99609375,2.0
2026-05-30T06:47:52Z,2.2669689291905586,47.3148148148148,0.0,0.026780029800907785,67.84375,4.0,4.599991111703664,4.845454307608433,0.0,0.00791633082982232,90.43359375,0.0,0.13332888918516544,42.499999999999986,0.0,0.0036238455562902093,56.44140625,5.0,18.399982223407328,4.544827586206896,0.0,0.01126875624484539,84.58203125,5.0,0.06666222251849876,4.799999999999999,0.0,0.004041231972467759,79.71875,7.0,0.06666222251849876,4.800000000000001,0.0,0.003037668067227795,71.01953125,5.0,23.267635661051777,3.740003574243249,0.0,0.013193586252228218,53.375,4.0,3.133626725345069,6.769171493339525,0.0,0.00934981431996347,79.5,5.0,1.0000711277068648,4.495991309496082,0.0,0.003086844922259081,52.796875,5.0,3.0,4.6776470588235295,0.0,0.004541442269802218,139.74609375,2.0,0.004062953170057466,50.99609375,2.0
2026-05-30T06:47:57Z,2.7335155677045133,46.153846153846146,0.0,0.026676577476941632,67.84375,4.0,4.599991111703664,4.845454307608433,0.0,0.008522222692096255,91.07421875,0.0,0.13332888918516544,42.499999999999986,0.0,0.0036238455562902097,56.44140625,5.0,18.399982223407328,4.544827586206896,0.0,0.010714480136530534,84.6640625,5.0,0.13332444503699753,4.800000000000001,0.0,0.004382741844189261,79.7265625,7.0,0.06666222251849876,4.800000000000001,0.0,0.003177277819267941,71.01953125,5.0,33.93454232296834,3.736292382354592,0.0,0.01306236418564205,53.390625,4.0,3.7331955647401287,6.749999999999997,0.0,0.00947689861566132,79.5,5.0,1.1999911117036641,4.49599565483302,0.0,0.003309596475560666,52.921875,5.0,3.0,4.6776470588235295,0.0,0.004679414634147068,139.74609375,2.0,0.0036475437708327293,50.99609375,2.0
2026-05-30T06:48:02Z,2.7335155677045133,46.153846153846146,0.0,0.026676577476941632,67.84375,4.0,6.800715638232396,4.83598265322242,0.0,0.008522222692096255,91.07421875,0.0,0.4000400044449779,24.25,0.0,0.0036238455562902097,56.44140625,5.0,17.53393337807769,4.543304728713347,0.0,0.010714480136530534,84.6640625,5.0,0.2666888927411951,4.8,0.0,0.005382734251869997,79.7265625,7.0,0.4667288971862915,4.8,0.0,0.0031528018975812313,70.9765625,5.0,37.93560906193663,3.6298772820111145,0.0,0.013109838544676811,53.390625,4.0,4.400017797333412,5.977291782413255,0.0,0.0114633547801746,79.73828125,5.0,1.7334355659270915,4.381819283838947,0.0,0.0039402042806558546,52.921875,5.0,3.3336711490416207,4.672722644151216,0.0,0.004679414634147068,139.74609375,2.0,0.005396372365963044,51.1484375,2.0
2026-05-30T06:48:07Z,2.7335155677045133,46.153846153846146,0.0,0.020563530415147607,61.984375,4.0,6.800715638232396,4.83598265322242,0.0,0.008522222692096255,91.07421875,0.0,0.4000400044449779,24.25,0.0,0.0038932148102931497,56.16796875,5.0,16.535547034142237,4.515564691776957,0.0,0.010942474086248377,84.734375,5.0,0.2666888927411951,4.8,0.0,0.005382734251869997,79.7265625,7.0,0.4667288971862915,4.8,0.0,0.0031528018975812313,70.9765625,5.0,37.93560906193663,3.6298772820111145,0.0,0.013109838544676811,53.390625,4.0,4.400017797333412,5.977291782413255,0.0,0.0114633547801746,79.73828125,5.0,1.7334355659270915,4.381819283838947,0.0,0.003385773758320013,52.921875,5.0,3.3336711490416207,4.672722644151216,0.0,0.004432453388785423,139.8046875,2.0,0.005396372365963044,51.1484375,2.0
2026-05-30T06:48:12Z,3.0668711247416494,48.81944444444443,0.0,0.025728265264857147,61.984375,4.0,6.800715638232396,4.83598265322242,0.0,0.008251515964582784,91.07421875,0.0,0.4000400044449779,24.25,0.0,0.004150736502436253,56.16796875,5.0,16.535547034142237,4.515564691776957,0.0,0.010722196528981731,84.734375,5.0,0.4667466808914968,4.8,0.0,0.005399281614381944,80.03515625,7.0,0.4667288971862915,4.8,0.0,0.002990851989048028,70.9765625,5.0,31.06814682520753,3.5817442818013014,0.0,0.012420448403348976,53.4375,4.0,4.467248984610354,5.954506607724798,0.0,0.010948190888332565,79.73828125,5.0,2.4669467007450674,4.329989209962802,0.0,0.003988458498024373,53.12109375,5.0,3.3336711490416207,4.672722644151216,0.0,0.004375080654132989,139.8046875,2.0,0.005240374388427735,51.13671875,2.0
2026-05-30T06:48:17Z,3.0668711247416494,48.81944444444443,0.0,0.022085357305563914,61.984375,4.0,4.866662243259239,4.838393199770627,0.0,0.0077674599865866735,91.0078125,0.0,0.1333377780740938,24.25,0.0,0.004150736502436253,56.16796875,5.0,15.735440355622295,4.471202063986502,0.0,0.010722196528981731,84.734375,5.0,0.33338667733546706,4.8,0.0,0.00529259372861597,80.03515625,7.0,0.1333377780740938,4.777777229055189,0.0,0.0024693097115744897,70.9765625,5.0,28.867964587872795,3.3251848594347475,0.0,0.012420448403348976,53.4375,4.0,4.133893427573218,5.649941994715073,0.0,0.010663730623140884,79.76953125,5.0,2.0668844708181537,3.7817846430352504,0.0,0.004009631654302105,53.12109375,5.0,3.0666666802962963,4.644158902645202,0.0,0.004438334853280125,139.8984375,2.0,0.0051579852711931455,51.13671875,2.0
2026-05-30T06:48:22Z,3.0668711247416494,48.81944444444443,0.0,0.019941335200159147,61.984375,4.0,4.866662243259239,4.838393199770627,0.0,0.008064813326905557,91.0078125,0.0,0.1333377780740938,24.25,0.0,0.0034228529725277754,56.16796875,5.0,15.133328954962943,4.4461536936191095,0.0,0.010365343779748704,84.828125,5.0,0.33338667733546706,4.8,0.0,0.005166953560956859,79.8671875,7.0,0.1333377780740938,4.777777229055189,0.0,0.0022200720458204876,70.9765625,5.0,28.867964587872795,3.3251848594347475,0.0,0.012420448403348976,53.4375,4.0,4.133893427573218,5.649941994715073,0.0,0.010663730623140886,79.76953125,5.0,2.0668844708181537,3.7817846430352504,0.0,0.004009631654302105,53.12109375,5.0,3.0666666802962963,4.644158902645202,0.0,0.0042173555367202385,139.8984375,2.0,0.0051579852711931455,51.13671875,2.0
2026-05-30T06:48:27Z,2.8,48.897058823529406,0.0,0.018557602750696043,61.984375,4.0,4.866662243259239,4.838393199770627,0.0,0.008001330511037184,90.6875,0.0,0.1333377780740938,24.25,0.0,0.0030769582639914206,56.16796875,5.0,15.133328954962943,4.4461536936191095,0.0,0.010409802356241699,84.828125,5.0,0.06666666666666667,4.8,0.0,0.005166953560956859,79.8671875,7.0,0.1333377780740938,4.777777229055189,0.0,0.001970834380066485,70.9765625,5.0,29.93698731804601,3.1350908518912397,0.0,0.011131454771988155,53.4375,4.0,4.066662240296276,5.1111419075579825,0.0,0.010799329678757878,79.76953125,5.0,1.2667066693335112,3.559994844295501,0.0,0.0037493083586562265,52.9296875,5.0,3.0666666802962963,4.644158902645202,0.0,0.0042173555367202385,139.8984375,2.0,0.005015230283424573,51.46875,2.0
2026-05-30T06:48:32Z,2.8,48.897058823529406,0.0,0.025268618356331395,62.2578125,4.0,5.400720096012802,4.816807229911318,0.0,0.008001330511037184,90.6875,0.0,0.06667555674089878,24.25,0.0,0.003778799702713429,56.28515625,5.0,17.60085354668848,4.439551212577459,0.0,0.010409802356241699,84.828125,5.0,0.06667555674089878,4.8,0.0,0.00510689866437976,79.8671875,7.0,0.06667555674089878,4.777777777777777,0.0,0.0027540811541116534,71.05859375,5.0,29.337805262961055,2.736974451267895,0.0,0.01003226895466929,53.4375,4.0,3.866768930077729,4.928091214986689,0.0,0.01054077816676789,80.0,5.0,1.1334133440014225,2.857188573460407,0.0,0.0037493083586562265,52.9296875,5.0,3.6004800640085346,4.634149667754908,0.0,0.0035329255926165068,139.8984375,2.0,0.005015230283424573,51.46875,2.0
2026-05-30T06:48:37Z,2.8,48.897058823529406,0.0,0.025268618356331395,62.2578125,4.0,5.400720096012802,4.816807229911318,0.0,0.005791087398892783,90.6875,0.0,0.06667555674089878,24.25,0.0,0.003778799702713429,56.28515625,5.0,20.670125046034233,4.4582701618309155,0.0,0.011919630897453381,88.25,5.0,0.06667555674089878,4.8,0.0,0.005177255318758252,79.87109375,7.0,0.06667555674089878,4.777777777777777,0.0,0.0027540811541116534,71.05859375,5.0,29.337805262961055,2.736974451267895,0.0,0.008933083137350424,53.4375,4.0,3.866768930077729,4.928091214986689,0.0,0.01054077816676789,80.0,5.0,1.1334133440014225,2.857188573460407,0.0,0.003707216200798883,52.9375,5.0,3.6004800640085346,4.634149667754908,0.0,0.004267609254498471,139.96875,2.0,0.0035167054679325497,51.46875,2.0
2026-05-30T06:48:42Z,2.667022269635951,56.00000000000008,0.0,0.02594677882236782,61.78125,4.0,5.400720096012802,4.816807229911318,0.0,0.007482085413200239,90.765625,0.0,0.06667555674089878,24.25,0.0,0.003778799702713429,56.28515625,5.0,20.670125046034233,4.4582701618309155,0.0,0.012640490265197552,88.25,5.0,0.1333555594080989,4.8,0.0,0.00521832208771385,79.87109375,7.0,0.06667555674089878,4.777777777777777,0.0,0.0027540811541116534,71.05859375,5.0,29.134244764177566,2.765394946319386,0.0,0.012948909535876092,53.65234375,4.0,3.4004533937858383,4.907344632768361,0.0,0.008437905294201164,80.0,5.0,1.1334844645952793,2.914285714285712,0.0,0.003721973825159564,52.9375,5.0,3.6004800640085346,4.634149667754908,0.0,0.004267609254498471,139.96875,2.0,0.004042110725728043,51.3671875,2.0
2026-05-30T06:48:47Z,2.667022269635951,56.00000000000008,0.0,0.02594677882236782,61.78125,4.0,5.133333333333334,4.810577495505244,0.0,0.007482085413200239,90.765625,0.0,0.06666666666666667,47.5,0.0,0.0035736307837573905,56.4921875,5.0,18.26877375475095,4.455632307031127,0.0,0.010780301672781899,88.25,5.0,0.0666800026672001,4.800000000000001,0.0,0.005143717907420057,79.8671875,7.0,0.06667111140742715,4.7333323456204806,0.0,0.0025643109464050943,71.109375,5.0,30.732555650073465,3.0695924540441126,0.0,0.012948909535876092,53.65234375,4.0,3.800213361781571,4.915852823321043,0.0,0.010016657198045913,79.75,5.0,1.0667377872605237,2.5999519960964625,0.0,0.003721973825159564,52.9375,5.0,3.4000000000000004,4.639512513508597,0.0,0.004267609254498471,139.96875,2.0,0.004766624392812181,51.3671875,2.0
2026-05-30T06:48:52Z,2.667022269635951,56.00000000000008,0.0,0.025152213035661068,61.78125,4.0,5.133333333333334,4.810577495505244,0.0,0.007482085413200239,90.765625,0.0,0.06666666666666667,47.5,0.0,0.0035736307837573905,56.4921875,5.0,14.9995155878497,4.459404982720127,0.0,0.012094555388093295,85.640625,5.0,0.0666800026672001,4.800000000000001,0.0,0.005143717907420057,79.8671875,7.0,0.06667111140742715,4.7333323456204806,0.0,0.0025643109464050943,71.109375,5.0,30.732555650073465,3.0695924540441126,0.0,0.013124200106063246,53.828125,4.0,3.800213361781571,4.915852823321043,0.0,0.010016657198045913,79.75,5.0,1.0667377872605237,2.5999519960964625,0.0,0.003864148856459285,52.9375,5.0,3.4000000000000004,4.639512513508597,0.0,0.004484169394867882,140.0546875,2.0,0.004766624392812181,51.3671875,2.0
2026-05-30T06:48:57Z,2.8,45.38461538461537,0.0,0.025152213035661068,61.78125,4.0,5.133333333333334,4.810577495505244,0.0,0.006623993900365072,90.46875,0.0,0.06666666666666667,47.5,0.0,0.0035736307837573905,56.4921875,5.0,14.9995155878497,4.459404982720127,0.0,0.01214256913808509,85.640625,5.0,0.06666222251849876,4.8,0.0,0.0050141639201367865,79.8671875,7.0,0.06667111140742715,4.7333323456204806,0.0,0.0025643109464050943,71.109375,5.0,32.80214250788994,2.947329000461707,0.0,0.01291786930634447,53.828125,4.0,4.666666666666667,4.890478344770367,0.0,0.010016657198045913,79.75,5.0,1.3332800035553185,2.720038400823323,0.0,0.003756188476177119,52.9375,5.0,3.4000000000000004,4.639512513508597,0.0,0.004484169394867882,140.0546875,2.0,0.004865723703717177,51.9296875,2.0
2026-05-30T06:49:02Z,2.8,45.38461538461537,0.0,0.024193342136354126,61.90234375,4.0,4.933991198826511,4.844036697247706,0.0,0.008013946061921509,90.46875,0.0,0.20002667022269635,47.5,0.0,0.0035736307837573905,56.4921875,5.0,14.533817939274334,4.472128908305658,0.0,0.01214256913808509,85.640625,5.0,0.20001333600029633,4.8,0.0,0.004256760531767013,79.8671875,7.0,0.20002222488922472,4.8,0.0,0.001757654993336276,71.125,5.0,31.070480508512247,2.7599689800815055,0.0,0.01291786930634447,53.828125,4.0,4.333582255411833,4.84318329037216,0.0,0.008017988037749765,79.75,5.0,1.7334044645945683,3.0667355570864534,0.0,0.003756188476177119,52.9375,5.0,2.800373383117749,4.647619047619047,0.0,0.004484169394867882,140.0546875,2.0,0.004925358830832046,51.9296875,2.0
2026-05-30T06:49:07Z,2.8,45.38461538461537,0.0,0.019038128270572743,61.90234375,4.0,4.933991198826511,4.844036697247706,0.0,0.008652579669142194,91.31640625,0.0,0.20002667022269635,47.5,0.0,0.00470395982527633,60.3828125,5.0,14.86864915322043,4.502456140350876,0.0,0.01252010770433275,85.17578125,5.0,0.20001333600029633,4.8,0.0,0.005139934639317474,79.87109375,7.0,0.20002222488922472,4.8,0.0,0.001972171899114147,71.125,5.0,31.070480508512247,2.7599689800815055,0.0,0.0134141688353005,53.81640625,4.0,4.333582255411833,4.84318329037216,0.0,0.007184777184819311,79.75,5.0,1.7334044645945683,3.0667355570864534,0.0,0.0029715311373605976,52.9375,5.0,2.800373383117749,4.647619047619047,0.0,0.0043976655753710835,140.03125,2.0,0.004925358830832046,51.9296875,2.0
2026-05-30T06:49:12Z,2.800373383117749,45.15625,0.0,0.023348356076695505,62.16796875,4.0,4.933991198826511,4.844036697247706,0.0,0.008652579669142194,91.31640625,0.0,0.20002667022269635,47.5,0.0,0.006016736526054941,60.3828125,5.0,14.86864915322043,4.502456140350876,0.0,0.01252010770433275,85.17578125,5.0,0.20002667022269635,4.8,0.0,0.005255362989079879,79.87109375,7.0,0.20002222488922472,4.8,0.0,0.002186688804892018,71.125,5.0,30.26862248299773,2.8824144077251823,0.0,0.008985102719921598,53.81640625,4.0,4.000533404453927,4.883516483516483,0.0,0.006351566331888856,79.75,5.0,1.7336178263789843,2.966666666666668,0.0,0.002796894548983303,52.9375,5.0,2.800373383117749,4.647619047619047,0.0,0.0043976655753710835,140.03125,2.0,0.005053234133985353,51.9296875,2.0
2026-05-30T06:49:17Z,2.800373383117749,45.15625,0.0,0.027660833725854733,62.16796875,4.0,6.733560015112118,4.88983045851807,0.0,0.008920737231756867,91.31640625,0.0,0.33333333333333337,45.0,0.0,0.006016736526054941,60.3828125,5.0,17.534346801795795,4.541766947555837,0.0,0.01252010770433275,85.17578125,5.0,0.20000889007423212,4.799999999999999,0.0,0.005255362989079879,79.87109375,7.0,0.26666666666666666,4.8,0.0,0.0029206923978569448,71.296875,5.0,33.800284482375424,3.298879602515675,0.0,0.008345500000001494,53.81640625,4.0,4.466951149042094,4.943782293417032,0.0,0.010517723756915155,79.75,5.0,1.7334933653397346,4.028549839350799,0.0,0.00404407944846962,52.9453125,5.0,3.533333333333333,4.66046511627907,0.0,0.0035686923991592877,140.03125,2.0,0.00511916553175808,51.66796875,2.0
2026-05-30T06:49:22Z,2.800373383117749,45.15625,0.0,0.027660833725854733,62.16796875,4.0,6.733560015112118,4.88983045851807,0.0,0.007348234276228925,91.31640625,0.0,0.33333333333333337,45.0,0.0,0.005544190542791368,60.37890625,5.0,21.533333333333335,4.530191456770876,0.0,0.010886285935130384,85.17578125,5.0,0.20000889007423212,4.799999999999999,0.0,0.005296165721924363,79.69140625,7.0,0.26666666666666666,4.8,0.0,0.0029206923978569448,71.296875,5.0,33.800284482375424,3.298879602515675,0.0,0.008345500000001494,53.81640625,4.0,4.466951149042094,4.943782293417032,0.0,0.010517723756915155,79.75,5.0,1.7334933653397346,4.028549839350799,0.0,0.00404407944846962,52.9453125,5.0,3.533333333333333,4.66046511627907,0.0,0.004448656049578532,140.03515625,2.0,0.00511916553175808,51.66796875,2.0
2026-05-30T06:49:27Z,3.533333333333333,46.70454545454544,0.0,0.02953922072203815,62.2890625,4.0,6.733560015112118,4.88983045851807,0.0,0.009320821114369467,90.52734375,0.0,0.33333333333333337,45.0,0.0,0.005544190542791368,60.37890625,5.0,21.533333333333335,4.530191456770876,0.0,0.01225140683205358,85.01171875,5.0,0.33333333333333337,4.8,0.0,0.005296165721924363,79.69140625,7.0,0.26666666666666666,4.8,0.0,0.0029206923978569448,71.296875,5.0,38.535835922120754,3.2562816268138803,0.0,0.008345500000001494,53.81640625,4.0,4.799835566517788,4.944565958200765,0.0,0.010517723756915155,79.75,5.0,2.133253338666311,3.986677610135943,0.0,0.004194516005611481,52.9453125,5.0,3.533333333333333,4.66046511627907,0.0,0.004448656049578532,140.03515625,2.0,0.005180902282453792,51.921875,2.0
2026-05-30T06:49:32Z,3.533333333333333,46.70454545454544,0.0,0.029912369914849735,62.2890625,4.0,6.333764474372523,4.878884311877574,0.0,0.009320821114369467,90.52734375,0.0,0.13334666814832594,24.25,0.0,0.0064057000221182615,60.37890625,5.0,21.867360047410727,4.51728945098669,0.0,0.01225140683205358,85.01171875,5.0,0.2666755567408988,4.8,0.0,0.005296165721924363,79.69140625,7.0,0.2000177795557531,4.800000000000001,0.0,0.0031208107245455736,71.296875,5.0,36.60344931916212,3.177748001742888,0.0,0.014071281882779021,53.82421875,4.0,4.533306686814697,4.961703962659324,0.0,0.010709316613631474,79.75,5.0,2.1333244557039013,3.9500249313066447,0.0,0.004194516005611481,52.9453125,5.0,3.3336711490416207,4.654114862660118,0.0,0.004448656049578532,140.03515625,2.0,0.005180902282453792,51.921875,2.0
2026-05-30T06:49:37Z,3.533333333333333,46.70454545454544,0.0,0.028299766023691705,62.07421875,4.0,6.333764474372523,4.878884311877574,0.0,0.009320821114369467,90.52734375,0.0,0.13334666814832594,24.25,0.0,0.005128003081456498,60.37890625,5.0,19.735920426153143,4.5030248234529076,0.0,0.012913120877839359,85.01171875,5.0,0.2666755567408988,4.8,0.0,0.005347631649128983,79.73828125,7.0,0.2000177795557531,4.800000000000001,0.0,0.0024488741687948732,71.296875,5.0,36.60344931916212,3.177748001742888,0.0,0.014071281882779021,53.82421875,4.0,4.533306686814697,4.961703962659324,0.0,0.010879565217392119,79.75,5.0,2.1333244557039013,3.9500249313066447,0.0,0.00412654734986515,52.9453125,5.0,3.3336711490416207,4.654114862660118,0.0,0.002811074999999619,140.03515625,2.0,0.005180902282453792,51.921875,2.0
2026-05-30T06:49:42Z,2.466831122074805,47.638888888888886,0.0,0.02526094425051894,62.07421875,4.0,6.333764474372523,4.878884311877574,0.0,0.008531829170024182,89.33203125,0.0,0.13334666814832594,24.25,0.0,0.005007549991987418,60.5859375,5.0,19.735920426153143,4.5030248234529076,0.0,0.012296972404015455,85.109375,5.0,0.06667555674089878,4.8,0.0,0.005347631649128983,79.73828125,7.0,0.2000177795557531,4.800000000000001,0.0,0.002188806608416076,71.296875,5.0,25.667853445050966,3.3291650219444495,0.0,0.01411705877745125,53.82421875,4.0,3.2670445016398437,4.986884587723779,0.0,0.010879565217392119,79.75,5.0,1.6001600177799113,3.9874948259720915,0.0,0.00412654734986515,52.9453125,5.0,3.3336711490416207,4.654114862660118,0.0,0.003081482135209733,140.03515625,2.0,0.004345003816767547,51.921875,2.0
2026-05-30T06:49:47Z,2.466831122074805,47.638888888888886,0.0,0.027894157802880917,62.07421875,4.0,4.333475566222854,4.85080649713945,0.0,0.008531829170024182,89.33203125,0.0,0.13333333392592592,24.25,0.0,0.003688047606989412,60.5859375,5.0,19.53588042348606,4.483807074558331,0.0,0.012296972404015455,85.109375,5.0,0.06666222251849876,4.8,0.0,0.004479411452176287,79.73828125,7.0,0.06666222251849876,4.799999999999999,0.0,0.0031322104032200327,70.49609375,5.0,22.46762676327206,3.42571015204483,0.0,0.013099249510553128,53.5234375,4.0,2.8003467217878537,6.208289348430802,0.0,0.00690652171203609,79.59765625,5.0,1.6668044607425385,4.011744342789802,0.0,0.004118989056429372,52.98046875,5.0,2.400080005333689,4.651851851851852,0.0,0.004109116842980237,140.00390625,2.0,0.00512954762156933,48.3984375,2.0
2026-05-30T06:49:52Z,2.466831122074805,47.638888888888886,0.0,0.030094553848080945,61.90234375,4.0,4.333475566222854,4.85080649713945,0.0,0.0082041347303284,89.3984375,0.0,0.13333333392592592,24.25,0.0,0.0038717341098502794,60.92578125,5.0,19.800004532444465,4.435866069476362,0.0,0.013002789359328904,85.109375,5.0,0.06666222251849876,4.8,0.0,0.0053158886865394646,79.73828125,7.0,0.06666222251849876,4.799999999999999,0.0,0.0031322104032200327,70.49609375,5.0,22.46762676327206,3.42571015204483,0.0,0.012530142843719675,53.5234375,4.0,2.8003467217878537,6.208289348430802,0.0,0.007765402951641141,79.59765625,5.0,1.6668044607425385,4.011744342789802,0.0,0.004112417952220535,52.98046875,5.0,2.400080005333689,4.651851851851852,0.0,0.004032388234044157,140.00390625,2.0,0.005129547621569329,48.3984375,2.0
2026-05-30T06:49:57Z,3.5999999999999996,46.739130434782595,0.0,0.030094553848080945,61.90234375,4.0,4.333475566222854,4.85080649713945,0.0,0.007543206928737356,89.3984375,0.0,0.13333333392592592,24.25,0.0,0.0038717341098502794,60.92578125,5.0,19.800004532444465,4.435866069476362,0.0,0.012839407215975448,85.2265625,5.0,0.2666622225184988,4.8,0.0,0.0053146495038449235,79.7421875,7.0,0.2667022305200991,4.7657134149245195,0.0,0.0031169282911166305,70.59375,5.0,33.803458191459285,3.3590319525042904,0.0,0.012530142843719675,53.5234375,4.0,3.933440007111585,5.931818181818183,0.0,0.008624284191246192,79.59765625,5.0,2.4000488933335506,3.9294194081398404,0.0,0.0041403480012169504,52.98046875,5.0,2.400080005333689,4.651851851851852,0.0,0.004032388234044157,140.00390625,2.0,0.00510353392796599,48.26171875,2.0
2026-05-30T06:50:02Z,3.5999999999999996,46.739130434782595,0.0,0.02452876731339068,61.90234375,4.0,6.600697858676643,4.7856,0.0,0.007543206928737356,89.3984375,0.0,0.2666933362966519,24.25,0.0,0.0038717341098502794,60.92578125,5.0,20.66679121185359,4.371526740914156,0.0,0.012839407215975448,85.2265625,5.0,0.3333511134817976,4.8,0.0,0.0053146495038449235,79.7421875,7.0,0.3333911214833979,4.74999930549961,0.0,0.0029387862380736,70.59375,5.0,36.870373767757634,2.9036740559019463,0.0,0.012530142843719675,53.5234375,4.0,4.266795564148721,4.976745213686344,0.0,0.010114378168481713,79.75390625,5.0,2.3334133410378666,3.160032711983432,0.0,0.0041403480012169504,52.98046875,5.0,3.266995592300722,4.641555343897018,0.0,0.004104241447513023,140.05078125,2.0,0.00510353392796599,48.26171875,2.0
2026-05-30T06:50:07Z,3.5999999999999996,46.739130434782595,0.0,0.027306641993493745,62.67578125,4.0,6.600697858676643,4.7856,0.0,0.007218944697433125,92.25,0.0,0.2666933362966519,24.25,0.0,0.003669658237808608,61.15625,5.0,21.335493575732983,4.344872038215415,0.0,0.011737751544435394,85.2265625,5.0,0.3333511134817976,4.8,0.0,0.005239257785890502,79.7421875,7.0,0.3333911214833979,4.74999930549961,0.0,0.0029387862380736,70.59375,5.0,36.870373767757634,2.9036740559019463,0.0,0.00913961683056496,53.4609375,4.0,4.266795564148721,4.976745213686344,0.0,0.010114378168481713,79.75390625,5.0,2.3334133410378666,3.160032711983432,0.0,0.0041403480012169504,52.98046875,5.0,3.266995592300722,4.641555343897018,0.0,0.0039624828174621395,140.05078125,2.0,0.00510353392796599,48.26171875,2.0
2026-05-30T06:50:12Z,2.466995599413255,47.58928571428571,0.0,0.02486073975555284,62.67578125,4.0,6.600697858676643,4.7856,0.0,0.007218944697433125,92.25,0.0,0.2666933362966519,24.25,0.0,0.003669658237808608,61.15625,5.0,21.335493575732983,4.344872038215415,0.0,0.011657955025690381,85.30078125,5.0,0.26670222696359513,4.8,0.0,0.005327449912687656,79.7421875,7.0,0.2666844468151309,4.74375,0.0,0.0028737277600803693,70.640625,5.0,29.20109785570953,2.890937767108598,0.0,0.011904094859770389,53.4609375,4.0,3.8669244616307754,5.055537858640316,0.0,0.010114378168481713,79.75390625,5.0,1.8668711354104497,3.044423701859918,0.0,0.003990985957462665,52.97265625,5.0,3.266995592300722,4.641555343897018,0.0,0.0037984309662137962,140.04296875,2.0,0.00510353392796599,48.26171875,2.0
2026-05-30T06:50:17Z,2.466995599413255,47.58928571428571,0.0,0.02486073975555284,62.67578125,4.0,5.799822234073284,4.788936247475091,0.0,0.007218944697433125,92.25,0.0,0.4666666666666667,24.25,0.0,0.004028321128832681,61.57421875,5.0,18.66805351824688,4.354900244023949,0.0,0.011657955025690378,85.30078125,5.0,0.40001778014846423,4.8,0.0,0.005327449912687656,79.7421875,7.0,0.4,4.724997499861102,0.0,0.0019333192655481334,70.640625,5.0,31.000128897482053,2.713583476521821,0.0,0.011904094859770389,53.4609375,4.0,4.333462230815387,5.194406993110591,0.0,0.008600632417805183,80.01171875,5.0,2.333457794372583,2.428525709713864,0.0,0.00247474368938545,52.97265625,5.0,2.8666666666666663,4.620895522388059,0.0,0.0037984309662137962,140.04296875,2.0,0.005030626914181585,48.35546875,2.0
2026-05-30T06:50:22Z,2.466995599413255,47.58928571428571,0.0,0.02486073975555284,62.67578125,4.0,5.799822234073284,4.788936247475091,0.0,0.007268965165328626,91.60546875,0.0,0.4666666666666667,24.25,0.0,0.0035475942811012354,61.57421875,5.0,15.933333333333334,4.362504426179978,0.0,0.011657955025690378,85.30078125,5.0,0.40001778014846423,4.8,0.0,0.005425879207364905,79.68359375,7.0,0.4,4.724997499861102,0.0,0.0021988703551912444,70.51171875,5.0,31.000128897482053,2.713583476521821,0.0,0.00975247931426214,53.4609375,4.0,4.333462230815387,5.194406993110591,0.0,0.010202041149193439,80.01171875,5.0,2.333457794372583,2.428525709713864,0.0,0.002868618937631125,52.97265625,5.0,2.8666666666666663,4.620895522388059,0.0,0.002987292491663713,140.04296875,2.0,0.005030626914181585,48.35546875,2.0
2026-05-30T06:50:27Z,3.2002133475565038,45.937499999999936,0.0,0.02532697575958673,62.55078125,4.0,5.799822234073284,4.788936247475091,0.0,0.007683375605257091,91.60546875,0.0,0.4666666666666667,24.25,0.0,0.003931084820416888,61.57421875,5.0,15.933333333333334,4.362504426179978,0.0,0.011428838993567067,85.39453125,5.0,0.5333333333333333,4.8,0.0,0.005425879207364905,79.68359375,7.0,0.5333688936302619,4.73845922405614,0.0,0.0024406736338797672,70.51171875,5.0,34.735729199744576,2.4910251143793705,0.0,0.012039829977799114,53.44921875,4.0,4.333462230815387,4.982035928143713,0.0,0.010202041149193439,80.01171875,5.0,2.6666666666666665,2.1714361906455073,0.0,0.0031948788964932294,52.97265625,5.0,2.8666666666666663,4.620895522388059,0.0,0.003831909128804336,140.04296875,2.0,0.005047078353253592,48.35546875,2.0
2026-05-30T06:50:32Z,3.2002133475565038,45.937499999999936,0.0,0.02532697575958673,62.55078125,4.0,6.401071297515048,4.7835292758065195,0.0,0.007683375605257091,91.60546875,0.0,0.33337778370449395,24.25,0.0,0.003897644445388563,61.57421875,5.0,16.601191269947105,4.379035135862761,0.0,0.011428838993567067,85.39453125,5.0,0.40001778014846423,4.8,0.0,0.005425879207364905,79.68359375,7.0,0.4000533404453927,4.738460696823605,0.0,0.0029016393442622785,70.51171875,5.0,34.2711072501513,2.5491485832940963,0.0,0.012628962938153977,53.44921875,4.0,4.267106716746845,4.9239134425760644,0.0,0.010202041149193439,80.01171875,5.0,2.400151131261946,2.47502645935246,0.0,0.003915119506345249,52.97265625,5.0,3.067075610081344,4.636838919391853,0.0,0.003983482377697607,140.04296875,2.0,0.004990981502207004,48.47265625,2.0
2026-05-30T06:50:37Z,3.2002133475565038,45.937499999999936,0.0,0.025060724138906334,62.55078125,4.0,6.401071297515048,4.7835292758065195,0.0,0.0065569073706863434,91.60546875,0.0,0.33337778370449395,24.25,0.0,0.004363330496565947,62.1015625,5.0,16.868915855447394,4.409485076892491,0.0,0.01109755968730065,85.46875,5.0,0.40001778014846423,4.8,0.0,0.004533268696798823,79.68359375,7.0,0.4000533404453927,4.738460696823605,0.0,0.0023648924863387847,70.51171875,5.0,34.2711072501513,2.5491485832940963,0.0,0.012628962938153977,53.44921875,4.0,4.267106716746845,4.9239134425760644,0.0,0.01042474781166957,79.75,5.0,2.400151131261946,2.47502645935246,0.0,0.0032964762476828885,52.97265625,5.0,3.067075610081344,4.636838919391853,0.0,0.003983482377697605,140.04296875,2.0,0.004990981502207004,48.47265625,2.0
2026-05-30T06:50:42Z,2.533671156154154,49.062500000000014,0.02439024390243903,0.024084831728476218,64.328125,4.0,6.401071297515048,4.7835292758065195,0.0,0.006135966211579373,91.60546875,0.0,0.33337778370449395,24.25,0.0,0.004308935408483041,62.1015625,5.0,16.868915855447394,4.409485076892491,0.0,0.010580108892919625,85.46875,5.0,0.13335111348179757,4.800000000000001,0.0,0.00568110026619455,80.6875,7.0,0.13335111348179757,4.748936363378443,0.0,0.0031495971351835315,71.33203125,5.0,28.935524726851817,2.6873206993191254,0.0,0.012487927360323576,54.71875,4.0,4.533791162376554,4.94535519125683,0.0,0.01042474781166957,79.75,5.0,1.8002400320042673,2.8222013699915545,0.0,0.0029702162888207845,52.97265625,5.0,3.067075610081344,4.636838919391853,0.0,0.003983482377697607,140.04296875,2.0,0.004990981502207004,48.47265625,2.0
2026-05-30T06:50:47Z,2.533671156154154,49.062500000000014,0.02439024390243903,0.024084831728476218,64.328125,4.0,4.934097915878485,4.78238742642162,0.0,0.005475549336029314,91.60546875,0.0,0.0,24.25,0.0,0.0037244043817922694,62.1015625,5.0,11.867986825205158,4.403234623530825,0.0,0.010580108892919625,85.46875,5.0,0.0,4.8,0.0,0.00568110026619455,80.6875,7.0,0.0,4.76,0.0,0.003173509275368576,71.33203125,5.0,17.600413360890727,2.7559541846861784,0.0,0.012243741800754774,54.71875,4.0,2.7335155677045133,4.985365853658536,0.0,0.010730835585711973,79.75,5.0,0.8667689016312694,2.7499799982035418,0.0,0.003960821766629453,53.91796875,5.0,1.1333688912594173,4.636068978029593,0.0,0.0032280319073047375,140.04296875,2.0,0.005185060423598252,50.38671875,2.0
2026-05-30T06:50:52Z,2.533671156154154,49.062500000000014,0.02439024390243903,0.021091425842981192,64.21875,4.0,4.934097915878485,4.782983632116606,0.0,0.004489068313655903,91.60546875,0.0,0.0,24.25,0.0,0.004058813206098631,62.99609375,5.0,6.933595573038202,4.486994734244627,0.0,0.009064067456138351,85.46875,5.0,0.0,4.8,0.0,0.00568110026619455,80.6875,7.0,0.0,4.76,0.0,0.003173509275368576,71.33203125,5.0,17.600413360890727,2.7559541846861784,0.0,0.012243741800754776,54.71875,4.0,2.7335155677045133,4.985365853658536,0.0,0.009924195333786625,81.30078125,5.0,0.8667689016312694,2.7499799982035418,0.0,0.003960821766629453,53.91796875,5.0,1.1333688912594173,4.636068978029593,0.0,0.004042058695245891,142.4609375,2.0,0.005185060423598252,50.38671875,2.0
2026-05-30T06:50:57Z,1.8,48.249999999999986,0.23893805309734512,0.021091425842981192,64.21875,4.0,4.934097915878485,4.7836394379224725,0.0,0.0038707648945608382,151.70703125,0.0,0.0,24.25,0.0,0.004058813206098631,62.99609375,5.0,6.933595573038202,4.486994734244627,0.0,0.00796460582048378,85.46875,5.0,0.0,4.8,0.0,0.005779429790710593,80.82421875,7.0,0.0,4.77777744854016,0.0,0.004043717537850412,75.49609375,5.0,5.600373358223882,2.9632954626081256,0.0,0.012243741800754776,54.71875,4.0,0.5333688912594172,5.2187594623049485,0.0,0.009924195333786625,81.30078125,5.0,0.20001333422228149,3.075015417437536,0.0,0.004128193771626608,53.91796875,5.0,1.1333688912594173,4.636068978029593,0.0,0.004042058695245891,142.4609375,2.0,0.005313667433145674,50.38671875,2.0
2026-05-30T06:51:02Z,1.8,48.249999999999986,0.23893805309734512,0.021091425842981192,64.21875,4.0,5.267457918249092,4.733610255468387,0.0,0.0032524614754657726,151.70703125,0.0,0.13334666814832594,24.035714285714285,0.0,0.004058813206098631,62.99609375,5.0,4.666777785185679,4.449501475728818,0.0,0.00838163541237744,87.0703125,5.0,0.0,4.8,0.0,0.005779429790710593,80.82421875,7.0,0.0,4.7666670370658455,0.0,0.004043717537850412,75.49609375,5.0,3.266884458963931,3.1634653014066902,0.0,0.009995761176729397,54.14453125,4.0,0.0,4.990000563002164,0.0,0.009083351820746162,81.30078125,5.0,0.0,2.600040891069745,0.0,0.003852959850606723,53.91796875,5.0,0.0,4.672729844070097,0.0,0.004312329521973014,142.4609375,2.0,0.004929037371213468,50.390625,2.0
2026-05-30T06:51:07Z,1.8,48.249999999999986,0.23893805309734512,0.013000775000000431,64.21875,4.0,5.267457918249092,4.732008156746117,0.0,0.0032524614754657726,151.70703125,0.0,0.13334666814832594,24.035714285714285,0.0,0.003556416199073148,62.99609375,5.0,3.466897793186212,4.52834435175145,0.0,0.00838163541237744,87.0703125,5.0,0.0,4.8,0.0,0.0056630393452717885,80.8203125,7.0,0.0,4.7666670370658455,0.0,0.004043717537850412,75.49609375,5.0,3.266884458963931,3.1634653014066902,0.0,0.008777858055913593,54.14453125,4.0,0.0,4.990000563002164,0.0,0.00795754281611667,81.296875,5.0,0.0,2.600040891069745,0.0,0.003852959850606723,53.91796875,5.0,0.0,4.672729844070097,0.0,0.004312329521973014,142.4609375,2.0,0.004929037371213468,50.390625,2.0
2026-05-30T06:51:12Z,2.6668444562970866,89.58333333333329,0.4666666666666667,0.014352462830208088,64.21875,4.0,5.267457918249092,4.730146631476531,0.0,0.0032524614754657726,151.70703125,0.0,0.13334666814832594,24.035714285714285,0.0,0.002722080958770587,62.99609375,5.0,3.466897793186212,4.52834435175145,0.0,0.007392568940494127,87.0703125,5.0,0.0,4.8,0.0,0.0057095608985225236,80.8203125,7.0,0.0,4.8,0.0,0.003964804558954329,71.2734375,5.0,6.867146701632356,3.5091069531250003,0.0,0.008777858055913593,54.14453125,4.0,0.33337778370449395,6.083325925349745,0.0,0.00795754281611667,81.296875,5.0,0.20002667022269638,3.3599999999999977,0.0,0.0037860917248259463,53.91796875,5.0,0.0,4.672729844070098,0.0,0.003940808984393177,143.44921875,2.0,0.004929037371213468,50.390625,2.0
2026-05-30T06:51:17Z,2.6668444562970866,89.58333333333329,0.4666666666666667,0.01895942400746256,64.10546875,4.0,2.600017778963042,74.9999444407402,0.0,0.03092108421122147,167.26171875,0.0,0.2666755561481876,9.75,0.0,0.0035610370475989126,62.8515625,5.0,10.466826677334044,4.575688182208853,0.0,0.00927755960172971,89.53515625,5.0,0.1333422228148543,4.8,0.0,0.0057095608985225236,80.8203125,7.0,0.1333422228148543,4.8,0.0,0.003964804558954328,71.2734375,5.0,15.733733362965333,3.921497515107912,0.0,0.009147282854726803,54.15234375,4.0,1.8000444503711606,7.874990624453091,0.0,0.005344706947274355,81.296875,5.0,0.866711115852405,3.839981865215883,0.0,0.0037860917248259463,53.91796875,5.0,2.466742227259595,4.666666666666666,0.0,0.003940808984393177,143.44921875,2.0,0.004950734684203164,50.390625,2.0
2026-05-30T06:51:22Z,2.6668444562970866,89.58333333333329,0.4666666666666667,0.01895942400746256,64.10546875,4.0,2.600017778963042,74.9999444407402,0.0,0.03600394646115103,167.26171875,0.0,0.2666755561481876,9.75,0.0,0.0035610370475989126,62.8515625,5.0,18.667373380447586,4.646753246753246,0.0,0.00927755960172971,89.53515625,5.0,0.1333422228148543,4.8,0.0,0.0047067092263165106,80.81640625,7.0,0.1333422228148543,4.8,0.0,0.004163544320125337,71.2734375,5.0,15.733733362965333,3.921497515107912,0.0,0.009147282854726803,54.15234375,4.0,1.8000444503711606,7.874990624453091,0.0,0.0055745512726709835,81.296875,5.0,0.866711115852405,3.839981865215883,0.0,0.0027528998454849534,53.91015625,5.0,2.466742227259595,4.666666666666666,0.0,0.003940808984393178,143.44921875,2.0,0.005176696299672913,50.4375,2.0
2026-05-30T06:51:27Z,2.8,98.33333333333329,0.42201834862385323,0.017370848330550102,64.10546875,4.0,2.600017778963042,74.9999444407402,0.0,0.04108680871108059,167.26171875,0.0,0.2666755561481876,9.75,0.0,0.0035610370475989126,62.8515625,5.0,18.667373380447586,4.646753246753246,0.0,0.010143767847808457,89.61328125,5.0,0.40000888948152097,4.8,0.0,0.005756327593615724,80.81640625,7.0,0.46672000651934825,22.0,0.0,0.0045128050429613575,73.44921875,5.0,28.66898696537245,4.039655525118549,0.0,0.0074480014690633594,54.15234375,4.0,3.4001288974820545,8.687501273216522,0.0,0.005023630070857394,81.296875,5.0,1.800017778963042,3.649999999999999,0.0,0.0035180266711202102,53.91015625,5.0,2.466742227259595,4.666666666666666,0.0,0.0041204564064210554,143.44140625,2.0,0.005176696299672914,50.4375,2.0
2026-05-30T06:51:32Z,2.8,98.33333333333329,0.42201834862385323,0.022788257960263483,64.16015625,4.0,5.8005422791176695,93.02955117689493,0.0,0.04616967096101014,167.26171875,0.0,0.5333866725933037,91.8749930550154,0.0,0.0035610370475989126,62.8515625,5.0,17.068226826981157,4.687838969706444,0.0,0.010143767847808457,89.61328125,5.0,0.5333511122963752,4.8,0.0,0.005756327593615724,80.81640625,7.0,0.6000622293342026,21.249991666018467,0.0,0.0045128050429613575,73.44921875,5.0,31.737404976662845,4.341171037594739,0.0,0.01080694956168387,54.2109375,4.0,4.00040448978325,9.219999999999999,0.0,0.009608225836601427,81.3359375,5.0,2.3334577920017385,4.589478953785379,0.0,0.0035180266711202102,53.91015625,5.0,2.600346712895053,4.715998730562855,0.0,0.003986664940444615,143.44140625,2.0,0.004931636863823568,50.4375,2.0
2026-05-30T06:51:37Z,2.8,98.33333333333329,0.42201834862385323,0.022788257960263483,64.16015625,4.0,5.8005422791176695,89.91971735146277,0.0,0.04822518045488165,167.26171875,0.0,0.5333866725933037,91.8749930550154,0.0,0.0037218913185375893,62.8515625,5.0,14.601395704906352,4.684049173230124,0.0,0.010195866241401398,89.61328125,5.0,0.5333511122963752,4.8,0.0,0.00466958091333769,80.81640625,7.0,0.6000622293342026,21.249991666018467,0.0,0.0045128050429613575,73.44921875,5.0,31.737404976662845,4.341171037594739,0.0,0.01080694956168387,54.2109375,4.0,4.00040448978325,9.219999999999999,0.0,0.010194274920075094,81.3359375,5.0,2.3334577920017385,4.589478953785379,0.0,0.00381175325070477,53.91015625,5.0,2.600346712895053,4.715998730562855,0.0,0.003986664940444615,143.44140625,2.0,0.004931636863823568,50.4375,2.0
2026-05-30T06:51:42Z,2.667022269635952,107.49999999999835,0.18032786885245902,0.0252162516382697,64.16015625,4.0,5.8005422791176695,87.39947391742436,0.0,0.0431423182049521,167.26171875,0.0,0.5333866725933037,91.8749930550154,0.0,0.0027600305387835257,62.8515625,5.0,14.601395704906352,4.684049173230124,0.0,0.010821717644611884,89.67578125,5.0,0.4666977798519901,4.8,0.0,0.005648335315101942,80.8203125,7.0,0.4666844456297086,19.750016667777842,0.0,0.004635849382501902,75.81640625,5.0,32.868591356180055,4.287662033624176,0.0,0.014158546964896483,54.2109375,4.0,4.200417824005531,9.23147914932986,0.0,0.010194274920075094,81.3359375,5.0,2.200257809781887,4.43999728868102,0.0,0.00381175325070477,53.91015625,5.0,2.600346712895053,4.715998730562855,0.0,0.004277124110113209,143.4375,2.0,0.004931134396354533,50.71484375,2.0
2026-05-30T06:51:47Z,2.667022269635952,107.49999999999835,0.18032786885245902,0.0252162516382697,64.16015625,4.0,5.6,78.66080177001555,0.0,0.057019742453556344,175.07421875,0.0,0.26666666666666666,90.0,0.0,0.004964762992576051,62.74609375,5.0,15.733835589039268,4.706769830217319,0.0,0.012931275668950144,89.67578125,5.0,0.3333466675556148,4.800000000000001,0.0,0.005648335315101942,80.8203125,7.0,0.33333333333333337,18.999999999999996,0.0,0.004635849382501902,75.81640625,5.0,33.13347556503767,4.287678947426537,0.0,0.015086163496055021,54.66015625,4.0,4.266808898371002,9.146548553071415,0.0,0.010194274920075094,81.3359375,5.0,1.8668000177801485,4.474064733219523,0.0,0.004101185993976352,53.91015625,5.0,3.3333333333333335,4.696200838081863,0.0,0.004277124110113209,143.4375,2.0,0.005258493037179246,50.71484375,2.0
2026-05-30T06:51:52Z,2.667022269635952,107.49999999999835,0.18032786885245902,0.02461454439238045,64.640625,4.0,5.6,76.59667623344212,0.0,0.057019742453556344,175.07421875,0.0,0.26666666666666666,90.0,0.0,0.006052109358270633,62.74609375,5.0,18.533333333333335,4.661042183622828,0.0,0.012931275668950144,89.67578125,5.0,0.3333466675556148,4.800000000000001,0.0,0.005648335315101942,80.8203125,7.0,0.33333333333333337,18.999999999999996,0.0,0.004635849382501902,75.81640625,5.0,33.13347556503767,4.287678947426537,0.0,0.015086163496055021,54.66015625,4.0,4.266808898371002,9.146548553071415,0.0,0.012427773851592704,81.3125,5.0,1.8668000177801485,4.474064733219523,0.0,0.0037439047164526218,53.90625,5.0,3.3333333333333335,4.696200838081863,0.0,0.0038896310072571894,143.4375,2.0,0.005258493037179246,50.71484375,2.0
2026-05-30T06:51:57Z,3.0666666666666664,79.99999999999999,0.0,0.032337562836904074,64.640625,4.0,5.6,74.75917955154671,0.0,0.054438111252187636,175.07421875,0.0,0.26666666666666666,90.0,0.0,0.006052109358270633,62.74609375,5.0,18.533333333333335,4.661042183622828,0.0,0.010421494662657878,89.67578125,5.0,0.2,4.800000000000001,0.0,0.004827530107196278,80.8203125,7.0,0.13333333333333333,18.999999999999996,0.0,0.004659526567724657,72.84765625,5.0,28.467640064893214,4.1965817448930585,0.0,0.015086163496055021,54.66015625,4.0,3.9334533413338666,8.975802520291515,0.0,0.012427773851592704,81.3125,5.0,1.3333333333333333,4.3925925925925915,0.0,0.0037439047164526218,53.90625,5.0,3.3333333333333335,4.696200838081863,0.0,0.004710047124492267,143.4296875,2.0,0.005258493037179246,50.71484375,2.0
2026-05-30T06:52:02Z,3.0666666666666664,79.99999999999999,0.0,0.032337562836904074,64.640625,4.0,4.400733460467263,33.81620942325644,0.0,0.054438111252187636,175.07421875,0.0,0.0,89.99999999999999,0.0,0.004883957645451052,62.7734375,5.0,19.467884606836467,4.621322328478848,0.0,0.012386490475534237,89.8515625,5.0,0.06666666666666667,4.8,0.0,0.005763002308599968,81.0390625,7.0,0.0,18.999999999999993,0.0,0.004659526567724657,72.84765625,5.0,25.202386920029454,4.122861870420341,0.0,0.017307177886752997,54.66015625,4.0,3.4003333697821043,8.82758915995224,0.0,0.012427773851592704,81.3125,5.0,0.666693336889363,4.360010382727799,0.0,0.003089235710377819,53.90625,5.0,3.8671822909721296,4.681720430107527,0.0,0.004710047124492267,143.4296875,2.0,0.004875081718573731,50.640625,2.0
2026-05-30T06:52:07Z,3.0666666666666664,79.99999999999999,0.0,0.030036022323690337,64.88671875,4.0,4.400733460467263,32.45255178783911,0.0,0.037156507413509066,176.41015625,0.0,0.0,89.99999999999999,0.0,0.004883957645451052,62.7734375,5.0,15.535831529554345,4.5937140999420265,0.0,0.012386490475534237,89.8515625,5.0,0.06666666666666667,4.8,0.0,0.005626017064424235,81.0390625,7.0,0.0,18.999999999999993,0.0,0.004357030608235158,72.44140625,5.0,25.202386920029454,4.122861870420342,0.0,0.015296961380119635,54.41015625,4.0,3.4003333697821043,8.82758915995224,0.0,0.008250994074955388,81.31640625,5.0,0.666693336889363,4.360010382727799,0.0,0.0031263863972696383,53.90625,5.0,3.8671822909721296,4.681720430107527,0.0,0.004710047124492267,143.4296875,2.0,0.004875081718573731,50.640625,2.0
2026-05-30T06:52:12Z,2.400320042672356,62.49999999999989,0.0,0.030036022323690337,64.88671875,4.0,4.400733460467263,11.478100073452344,0.0,0.037156507413509066,176.41015625,0.0,0.0,89.99999999999999,0.0,0.004883957645451052,62.7734375,5.0,15.535831529554345,4.5937140999420265,0.0,0.012386490475534237,89.8515625,5.0,0.0666800026672001,4.8,0.0,0.005651112222906451,81.48828125,7.0,0.06666666666666667,15.25008333703721,0.0,0.0034672791563949736,72.44140625,5.0,25.735755811288872,4.1045251932782705,0.0,0.015296961380119635,54.41015625,4.0,3.4003333697821043,8.583340972773957,0.0,0.010614600167182823,81.31640625,5.0,0.8001066808907855,4.423997212231335,0.0,0.0028141957511198996,53.90625,5.0,3.8671822909721296,4.681720430107527,0.0,0.004537817166445603,143.3828125,2.0,0.0049152104067061355,50.8046875,2.0
2026-05-30T06:52:17Z,2.400320042672356,62.49999999999989,0.0,0.027677942974098167,64.88671875,4.0,5.3333688912594175,4.90007253383312,0.0,0.006643384401263404,176.41015625,0.0,0.4666844456297086,24.25,0.0,0.0014970333333318802,62.7734375,5.0,13.801324703458816,4.552627785574851,0.0,0.01131467473524563,90.09375,5.0,0.3333644482969087,4.8,0.0,0.005651112222906451,81.48828125,7.0,0.33335111229637526,8.75,0.0,0.004010682004929537,72.44140625,5.0,27.06770229126386,3.8234754816443717,0.0,0.013367826788262599,54.6796875,4.0,3.6667866746672,7.519227580359231,0.0,0.010801204058440914,81.31640625,5.0,1.6667822352608397,4.015362996255353,0.0,0.003836640719219632,54.3203125,5.0,2.9332311179254713,4.636147727373131,0.0,0.004537817166445603,143.3828125,2.0,0.0049152104067061355,50.8046875,2.0
2026-05-30T06:52:22Z,2.400320042672356,62.49999999999989,0.0,0.027677942974098167,64.88671875,4.0,5.3333688912594175,4.8998830542949285,0.0,0.008322108853097008,179.1796875,0.0,0.4666844456297086,24.25,0.0,0.0014970333333318802,62.7734375,5.0,16.132795597330944,4.471111272438618,0.0,0.01131467473524563,90.09375,5.0,0.3333644482969087,4.8,0.0,0.005716323050687309,81.48828125,7.0,0.33335111229637526,8.75,0.0,0.0033458891810457725,72.44140625,5.0,27.06770229126386,3.8234754816443717,0.0,0.013367826788262599,54.6796875,4.0,3.6667866746672,7.519227580359231,0.0,0.010801204058440914,81.31640625,5.0,1.6667822352608397,4.015362996255353,0.0,0.0035895327464445037,54.3203125,5.0,2.9332311179254713,4.636147727373131,0.0,0.004537817166445603,143.3828125,2.0,0.0049067006980515904,50.8046875,2.0
2026-05-30T06:52:27Z,2.666666666666667,45.875,0.0,0.02106026213375369,64.88671875,4.0,5.3333688912594175,4.8996928548205005,0.0,0.010676156984104648,179.1796875,0.0,0.4666844456297086,24.25,0.0,0.0018411099227299652,62.7734375,5.0,16.132795597330944,4.471111272438618,0.0,0.011156897400974834,90.09375,5.0,0.4666844456297086,4.8,0.0,0.005645293345008925,81.5859375,7.0,0.466711115852405,8.87500138899692,0.0,0.003214737159991238,73.515625,5.0,27.400026668444564,3.6306817637991777,0.0,0.013367826788262599,54.6796875,4.0,3.9333333333333336,6.224999999999993,0.0,0.010801204058440914,81.31640625,5.0,1.9333688912594171,3.9666648764271737,0.0,0.0035895327464445037,54.3203125,5.0,2.9332311179254713,4.636147727373131,0.0,0.004216537063454003,143.39453125,2.0,0.004805573176258093,50.8046875,2.0
2026-05-30T06:52:32Z,2.666666666666667,45.875,0.0,0.023019058564379566,64.65625,4.0,4.600151121185857,4.811114021181645,0.0,0.010676156984104648,179.1796875,0.0,0.06667111140742715,24.25,0.0,0.003449454989268257,62.78515625,5.0,16.199915627555182,4.388575088496575,0.0,0.01099964977338193,90.515625,5.0,0.2,4.8,0.0,0.005645293345008925,81.5859375,7.0,0.20002667022269638,9.0,0.0,0.003214737159991238,73.515625,5.0,26.93409782874414,3.189559105581423,0.0,0.011421428899822903,55.0390625,4.0,3.8667866746672,4.996129816115724,0.0,0.010469429767383511,81.31640625,5.0,1.2666933351112297,3.34287238140388,0.0,0.003533818919750714,54.42578125,5.0,3.26699114696725,4.616,0.0,0.004216537063454003,143.39453125,2.0,0.004805573176258093,50.8046875,2.0
2026-05-30T06:52:37Z,2.666666666666667,45.875,0.0,0.023019058564379566,64.65625,4.0,4.600151121185857,4.810922096273572,0.0,0.010239286911593608,179.5625,0.0,0.06667111140742715,24.25,0.0,0.003449454989268257,62.78515625,5.0,14.001369038239924,4.402594194244003,0.0,0.01099964977338193,90.515625,5.0,0.2,4.8,0.0,0.005645293345008925,81.5859375,7.0,0.20002667022269638,9.0,0.0,0.003214737159991238,73.515625,5.0,26.93409782874414,3.189559105581423,0.0,0.011421428899822903,55.0390625,4.0,3.8667866746672,4.996129816115724,0.0,0.010338135575314778,81.3125,5.0,1.2666933351112297,3.34287238140388,0.0,0.0037385644455872075,54.42578125,5.0,3.26699114696725,4.616,0.0,0.004216537063454003,143.39453125,2.0,0.004760283687943653,50.96484375,2.0
2026-05-30T06:52:42Z,2.400320042672356,39.772727272727266,0.0,0.023019058564379566,64.65625,4.0,4.600151121185857,4.810844883363412,0.0,0.010239286911593608,179.5625,0.0,0.06667111140742715,24.25,0.0,0.003449454989268257,62.78515625,5.0,14.001369038239924,4.402594194244003,0.0,0.009026199375798058,90.99609375,5.0,0.0,4.8,0.0,0.004442046710049675,81.6484375,7.0,0.0,8.999999999999998,0.0,0.0032994132383972956,73.515625,5.0,25.80172011467431,3.2290141422248686,0.0,0.011421428899822903,55.0390625,4.0,3.4002266817787854,4.979730720573605,0.0,0.010338135575314778,81.3125,5.0,0.7333822254816988,3.485709205897668,0.0,0.0037385644455872075,54.42578125,5.0,3.26699114696725,4.616,0.0,0.004287018640471344,143.41015625,2.0,0.0038335096702732485,50.96484375,2.0
2026-05-30T06:52:47Z,2.400320042672356,39.772727272727266,0.0,0.02275271363006676,64.44921875,4.0,4.0669377958530575,4.810945901275962,0.0,0.01065693453113463,179.5625,0.0,0.0,24.25,0.0,0.003763288537550978,62.78515625,5.0,14.33472459527706,4.431925863756856,0.0,0.010588745210727788,90.99609375,5.0,0.0,4.8,0.0,0.0054489526081106555,81.6484375,7.0,0.0,9.0,0.0,0.0032212626935246465,74.296875,5.0,23.401560104006933,3.195419847328244,0.0,0.007471424999999954,55.0390625,4.0,3.000200013334222,5.555555555555555,0.0,0.010338135575314778,81.3125,5.0,0.6000400026668444,3.457125713142778,0.0,0.003651970935512718,54.48828125,5.0,3.2001066737782518,4.6285747764159355,0.0,0.004287018640471344,143.41015625,2.0,0.004126338739188579,50.96484375,2.0
2026-05-30T06:52:52Z,2.400320042672356,39.772727272727266,0.0,0.0216564998059788,64.44921875,4.0,4.0669377958530575,4.810869106571808,0.0,0.010041957602063285,179.78125,0.0,0.0,24.25,0.0,0.003763288537550978,62.78515625,5.0,15.400520034668977,4.432790240170496,0.0,0.010588745210727788,90.99609375,5.0,0.0,4.8,0.0,0.0054489526081106555,81.6484375,7.0,0.0,9.0,0.0,0.0032212626935246465,74.296875,5.0,23.401560104006933,3.195419847328244,0.0,0.011098092404619052,55.61328125,4.0,3.000200013334222,5.555555555555555,0.0,0.010055380375115547,81.4765625,5.0,0.6000400026668444,3.457125713142778,0.0,0.0025469315921675976,54.48828125,5.0,3.2001066737782518,4.6285747764159355,0.0,0.004287018640471344,143.41015625,2.0,0.004799908424909035,48.9375,2.0
2026-05-30T06:52:57Z,2.866475568295447,41.24999999999994,0.0,0.023463698417625217,64.6953125,4.0,4.0669377958530575,4.8107922494535265,0.0,0.010041957602063285,179.78125,0.0,0.0,24.25,0.0,0.003763288537550978,62.78515625,5.0,15.400520034668977,4.432790240170496,0.0,0.010413958337140835,91.515625,5.0,0.06666666666666667,4.8,0.0,0.0053477479522557525,81.6640625,7.0,0.0666800026672001,19.000133339259516,0.0,0.0032632255956881223,73.9921875,5.0,24.26919584566517,3.2530146056580067,0.0,0.011098092404619052,55.61328125,4.0,2.933528901926795,5.1562499999999964,0.0,0.010055380375115547,81.4765625,5.0,0.8000177789630419,3.5428723812910135,0.0,0.0028309860393136046,54.48828125,5.0,3.2001066737782518,4.6285747764159355,0.0,0.0043885516045084625,143.41015625,2.0,0.004799908424909035,48.9375,2.0
2026-05-30T06:53:02Z,2.866475568295447,41.25000000000002,0.0,0.023463698417625217,64.6953125,4.0,4.800488944006678,4.791578573797152,0.0,0.010041957602063285,179.78125,0.0,0.13334666814832594,46.24999999999999,0.0,0.0036282138949665227,62.8359375,5.0,15.200520036447111,4.440657141396262,0.0,0.010555126020499869,91.515625,5.0,0.13334222340756546,4.8,0.0,0.005238543430923962,81.6640625,7.0,0.1333555594080989,22.74999166601847,0.0,0.0032632255956881223,73.9921875,5.0,26.536022524184634,3.326077813014871,0.0,0.011098092404619052,55.61328125,4.0,3.266884458963931,4.953021279185255,0.0,0.010055380375115547,81.4765625,5.0,1.066711115259694,3.6857447625820248,0.0,0.003373506676037115,54.5234375,5.0,3.266995592300722,4.648189897980522,0.0,0.004423073117641392,143.4296875,2.0,0.004007089046990937,48.9375,2.0
2026-05-30T06:53:07Z,2.866475568295447,41.25000000000002,0.0,0.018656292836942267,64.6953125,4.0,4.800488944006678,4.791495131243165,0.0,0.009166327478653284,180.25,0.0,0.13334666814832594,46.24999999999999,0.0,0.0036282138949665227,62.8359375,5.0,16.135560377848726,4.49999571974539,0.0,0.00915554562997609,91.515625,5.0,0.13334222340756546,4.8,0.0,0.005238543430923962,81.6640625,7.0,0.1333555594080989,22.74999166601847,0.0,0.002537033076594059,73.9921875,5.0,26.536022524184634,3.326077813014871,0.0,0.011065950965602813,55.61328125,4.0,3.266884458963931,4.953021279185255,0.0,0.007783527251143965,81.4765625,5.0,1.066711115259694,3.6857447625820248,0.0,0.003373506676037115,54.5234375,5.0,3.266995592300722,4.648189897980522,0.0,0.004423073117641392,143.4296875,2.0,0.004635713622436162,48.7109375,2.0
2026-05-30T06:53:12Z,2.4671600986864037,46.53846153846153,0.0,0.021498759732766905,64.05859375,4.0,4.800488944006678,4.791411621849136,0.0,0.009166327478653284,180.25,0.0,0.13334666814832594,46.24999999999999,0.0,0.0036282138949665227,62.8359375,5.0,16.135560377848726,4.49999571974539,0.0,0.011160305481661845,91.98046875,5.0,0.1333555594080989,4.799999999999999,0.0,0.005213350618436403,81.6953125,7.0,0.13334222340756546,23.9999962960768,0.0,0.0029923639541829267,74.8828125,5.0,28.93435564208229,3.4444531179946978,0.0,0.01184899863668613,55.7109375,4.0,3.667040042079171,5.374990624244733,0.0,0.006986610346741514,81.4765625,5.0,1.1334577925944496,3.8857142857142843,0.0,0.003373506676037115,54.5234375,5.0,3.266995592300722,4.648189897980522,0.0,0.004565200302342215,143.4296875,2.0,0.004666848237968516,48.7109375,2.0
2026-05-30T06:53:17Z,2.4671600986864037,46.53846153846153,0.0,0.026004467058423,64.05859375,4.0,6.3999999999999995,4.794545392834024,0.0,0.009166327478653282,180.25,0.0,0.26666666666666666,48.75,0.0,0.0037831067036199085,59.76171875,5.0,18.00170700806828,4.530841023628186,0.0,0.01134659228717134,91.98046875,5.0,0.20001333600053345,4.8,0.0,0.005213350618436403,81.6953125,7.0,0.2,24.25,0.0,0.0029923639541829267,74.8828125,5.0,33.733591145486066,3.6447068579958266,0.0,0.011928067440078146,55.7109375,4.0,4.333591145486064,6.545426719626954,0.0,0.01045490081370462,82.6640625,5.0,1.600080010668089,4.290902221764279,0.0,0.0034190927400907945,54.51953125,5.0,3.533333333333333,4.660869565217391,0.0,0.003736901772485999,143.4296875,2.0,0.004666848237968516,48.7109375,2.0
2026-05-30T06:53:22Z,2.4671600986864037,46.53846153846153,0.0,0.026004467058423,64.05859375,4.0,6.3999999999999995,4.794545392834024,0.0,0.007675545324046326,180.25,0.0,0.26666666666666666,48.75,0.0,0.003783106703619909,59.76171875,5.0,19.666666666666668,4.504259804323393,0.0,0.01120530547544733,92.171875,5.0,0.20001333600053345,4.8,0.0,0.005213350618436403,81.6953125,7.0,0.2,24.25,0.0,0.0029923639541829267,74.8828125,5.0,33.733591145486066,3.6447068579958266,0.0,0.011928067440078146,55.7109375,4.0,4.333591145486064,6.545426719626954,0.0,0.01045490081370462,82.6640625,5.0,1.600080010668089,4.290902221764279,0.0,0.0034190927400907945,54.51953125,5.0,3.533333333333333,4.660869565217391,0.0,0.004526347737015232,143.41796875,2.0,0.0047449529917635135,48.9609375,2.0
2026-05-30T06:53:27Z,3.333333333333333,49.27631578947367,0.0,0.022195679449932646,64.05859375,4.0,6.3999999999999995,4.794545392834024,0.0,0.01029996306631647,180.984375,0.0,0.26666666666666666,48.75,0.0,0.003783106703619909,59.76171875,5.0,19.666666666666668,4.504259804323393,0.0,0.01120530547544733,92.171875,5.0,0.3333200008888296,4.8,0.0,0.005326361922928339,81.69921875,7.0,0.3333600035560297,23.687481248541552,0.0,0.002949311345395579,74.9609375,5.0,33.80207138729608,3.5679808267851487,0.0,0.012713131091486436,55.73046875,4.0,4.533333333333333,5.8249718871396325,0.0,0.01045490081370462,82.6640625,5.0,2.0667377825188344,4.090897777023519,0.0,0.0034245345257293467,54.5078125,5.0,3.533333333333333,4.660869565217391,0.0,0.004472106402070426,143.41796875,2.0,0.004786159726412296,48.9609375,2.0
2026-05-30T06:53:32Z,3.333333333333333,49.27631578947367,0.0,0.02678506157260554,63.5703125,4.0,4.60059563378813,4.810300184630539,0.0,0.01029996306631647,180.984375,0.0,0.2666933362966519,46.875,0.0,0.0027977509860652285,59.76171875,5.0,18.067680132758284,4.504153354632589,0.0,0.011198594508073693,92.171875,5.0,0.33332889037035063,4.799999999999999,0.0,0.005326361922928339,81.69921875,7.0,0.3333688930375507,23.125,0.0,0.003508404903471251,74.9609375,5.0,29.603636038582806,3.5242809544784057,0.0,0.013863750284807777,55.73046875,4.0,3.9335733653376006,4.984242424242424,0.0,0.010454900813704619,82.6640625,5.0,1.9335022388166323,4.046153846153846,0.0,0.0034163540689798517,54.5078125,5.0,2.600346712895053,4.658820887124438,0.0,0.004329123960550402,143.4140625,2.0,0.004786159726412296,48.9609375,2.0
2026-05-30T06:53:37Z,3.333333333333333,49.27631578947367,0.0,0.026785061572605535,63.5703125,4.0,4.60059563378813,4.810300184630539,0.0,0.010920464334941418,180.609375,0.0,0.2666933362966519,46.875,0.0,0.0031170936510783666,59.765625,5.0,13.734737936611873,4.500994102573606,0.0,0.010942889505992554,92.1796875,5.0,0.33332889037035063,4.799999999999999,0.0,0.005364755647556783,81.79296875,7.0,0.3333688930375507,23.125,0.0,0.003508404903471251,74.9609375,5.0,29.603636038582806,3.5242809544784057,0.0,0.013863750284807777,55.73046875,4.0,3.9335733653376006,4.984242424242424,0.0,0.011343996423060027,82.6640625,5.0,1.9335022388166323,4.046153846153846,0.0,0.003416354068979852,54.5078125,5.0,2.600346712895053,4.658820887124438,0.0,0.004329123960550402,143.4140625,2.0,0.0038510891266779353,48.9609375,2.0
2026-05-30T06:53:42Z,1.5334355623708247,47.777777777777786,0.0,0.026785061572605535,63.5703125,4.0,4.60059563378813,4.810300184630539,0.0,0.010920464334941418,180.609375,0.0,0.2666933362966519,46.875,0.0,0.003990582215850299,59.765625,5.0,13.734737936611873,4.500994102573606,0.0,0.01128080537555062,92.1796875,5.0,0.1333422228148543,4.8,0.0,0.005465248158200016,81.79296875,7.0,0.20000888948152096,22.500009259739393,0.0,0.003256151915162379,73.59765625,5.0,24.13510245632739,3.49320249340252,0.0,0.012666065804742754,55.734375,4.0,3.3337778370449396,4.978822489115823,0.0,0.011028395806622982,82.45703125,5.0,1.4001689102249881,3.9076670057356795,0.0,0.0027036456709561727,54.5078125,5.0,2.600346712895053,4.658820887124438,0.0,0.004244567978720367,143.4140625,2.0,0.003459702370440087,48.9609375,2.0
2026-05-30T06:53:47Z,1.5334355623708247,47.777777777777786,0.0,0.025108580060426617,64.09375,4.0,5.266684445629709,4.88054298642534,0.0,0.010920464334941418,180.609375,0.0,0.2666755561481876,43.124999999999986,0.0,0.003990582215850299,59.765625,5.0,12.667080027557391,4.509825149600993,0.0,0.01118855364074815,92.50390625,5.0,0.1333422228148543,4.8,0.0,0.005465248158200016,81.79296875,7.0,0.20000888948152096,20.874999999999993,0.0,0.0032674558460470435,73.59765625,5.0,24.400217805929618,3.4168838985968955,0.0,0.012666065804742754,55.734375,4.0,3.4668711383740054,4.956469016120543,0.0,0.011028395806622982,82.45703125,5.0,1.5334222328902323,4.09408862422622,0.0,0.003700334597367843,54.5234375,5.0,2.5999999999999996,4.643835616438356,0.0,0.004244567978720367,143.4140625,2.0,0.004858525580378823,48.71484375,2.0
2026-05-30T06:53:52Z,1.5334355623708247,47.777777777777786,0.0,0.025108580060426617,64.09375,4.0,5.266684445629709,4.88054298642534,0.0,0.01228318206086493,183.375,0.0,0.2666755561481876,43.124999999999986,0.0,0.003910222169466241,59.765625,5.0,13.333355557037136,4.496060418686003,0.0,0.01118855364074815,92.50390625,5.0,0.1333422228148543,4.8,0.0,0.004419594373087514,81.79296875,7.0,0.20000888948152096,20.874999999999993,0.0,0.003267455846047043,73.59765625,5.0,24.400217805929618,3.4168838985968955,0.0,0.012700718827756695,55.7734375,4.0,3.4668711383740054,4.956469016120543,0.0,0.010755328128294774,82.45703125,5.0,1.5334222328902323,4.09408862422622,0.0,0.003700334597367843,54.5234375,5.0,2.5999999999999996,4.643835616438356,0.0,0.004107112574683712,143.421875,2.0,0.005048839511603947,48.71484375,2.0
2026-05-30T06:53:57Z,3.2002133475565038,45.808823529411754,0.0,0.024193422568929854,64.09375,4.0,5.266684445629709,4.88054298642534,0.0,0.012283182060864928,183.375,0.0,0.2666755561481876,43.124999999999986,0.0,0.003910222169466241,59.765625,5.0,13.333355557037136,4.496060418686003,0.0,0.010564176629490551,92.50390625,5.0,0.2666755561481876,4.800000000000001,0.0,0.003080525000001444,81.79296875,7.0,0.2000177795557531,16.749833318517197,0.0,0.0035146794305060364,73.59765625,5.0,29.86863584388846,3.284576592422352,0.0,0.012700718827756695,55.7734375,4.0,3.9332000088882966,4.911112381820258,0.0,0.010626815821384836,82.4609375,5.0,2.066613339259022,4.035294117647057,0.0,0.0035449139562115156,54.53515625,5.0,2.5999999999999996,4.643835616438356,0.0,0.004107112574683712,143.421875,2.0,0.005048839511603947,48.71484375,2.0
2026-05-30T06:54:02Z,3.2002133475565038,45.808823529411754,0.0,0.024193422568929854,64.09375,4.0,5.333866725933038,4.880365532105631,0.0,0.012283182060864928,183.375,0.0,0.13335111348179757,24.25,0.0,0.0038394870726848078,59.765625,5.0,13.667617904609504,4.4960093462875665,0.0,0.01068562748394841,92.29296875,5.0,0.20000889007423212,4.799999999999999,0.0,0.0053068735186390745,79.51171875,7.0,0.13335111348179757,4.779999999999999,0.0,0.0035934612211223987,74.3515625,5.0,30.737031630882342,3.0758825838559276,0.0,0.012700718827756695,55.7734375,4.0,4.000133377781927,4.8444459693303,0.0,0.010626815821384836,82.4609375,5.0,1.800026684445867,3.7231056423020488,0.0,0.0035605904059031034,54.53515625,5.0,3.067075610081344,4.618461538461538,0.0,0.0038834245252634333,143.421875,2.0,0.004937105334520393,48.734375,2.0
2026-05-30T06:54:07Z,3.2002133475565038,45.808823529411754,0.0,0.01876552740966307,64.09375,4.0,5.333866725933038,4.880365532105631,0.0,0.009585405847849369,182.2890625,0.0,0.13335111348179757,24.25,0.0,0.0037928308823530366,60.04296875,5.0,14.735298039738632,4.54386186042453,0.0,0.01068562748394841,92.29296875,5.0,0.20000889007423212,4.799999999999999,0.0,0.0053068735186390745,79.51171875,7.0,0.13335111348179757,4.779999999999999,0.0,0.0035934612211223987,74.3515625,5.0,30.737031630882342,3.0758825838559276,0.0,0.012700718827756695,55.7734375,4.0,4.000133377781927,4.8444459693303,0.0,0.010626815821384836,82.4609375,5.0,1.800026684445867,3.7231056423020488,0.0,0.0035605904059031034,54.53515625,5.0,3.067075610081344,4.618461538461538,0.0,0.003192530940348024,143.421875,2.0,0.004914900169378016,48.734375,2.0
2026-05-30T06:54:12Z,2.6003467128950524,46.102941176470566,0.0,0.01613456580427182,64.09375,4.0,5.333866725933038,4.880365532105631,0.0,0.011393602159448775,182.2890625,0.0,0.13335111348179757,24.25,0.0,0.0037928308823530366,60.04296875,5.0,14.735298039738632,4.54386186042453,0.0,0.010686615701980358,92.29296875,5.0,0.20002667022269635,4.8,0.0,0.005209086086058233,79.51171875,7.0,0.20000889007423212,4.8,0.0,0.003106147166362955,73.1875,5.0,30.86868471351736,2.976405220884389,0.0,0.008843018326864604,55.7734375,4.0,4.067208961194826,4.846061114782927,0.0,0.010769902609776661,82.4609375,5.0,1.7335644752633685,3.8000126504160088,0.0,0.0040293329739017,53.6796875,5.0,3.067075610081344,4.618461538461538,0.0,0.004079713857794825,143.41796875,2.0,0.004854735725505051,48.734375,2.0
2026-05-30T06:54:17Z,2.6003467128950524,46.102941176470566,0.0,0.02599024121599145,63.91796875,4.0,5.066831122074805,4.866355071277782,0.0,0.011393602159448775,182.2890625,0.0,0.33333333333333337,24.25,0.0,0.003086386646468665,60.04296875,5.0,15.134346801795795,4.563248617054301,0.0,0.009018167825508674,92.29296875,5.0,0.3333511134817976,4.8,0.0,0.005401508138548189,79.953125,7.0,0.33333333333333337,4.799999999999999,0.0,0.003106147166362955,73.1875,5.0,30.400275592301195,2.94678274303452,0.0,0.01229903705254164,55.66796875,4.0,3.933608925634529,4.869511422721317,0.0,0.007772790872957666,82.4609375,5.0,2.0668000177801487,3.973323969787748,0.0,0.00416011716896746,53.6796875,5.0,2.5999999999999996,4.612698412698412,0.0,0.004079713857794825,143.41796875,2.0,0.004854735725505051,48.734375,2.0
2026-05-30T06:54:22Z,2.6003467128950524,46.102941176470566,0.0,0.02599024121599145,63.91796875,4.0,5.066831122074805,4.866355071277782,0.0,0.009652817993959438,182.2890625,0.0,0.33333333333333337,24.25,0.0,0.004378766816143327,60.28125,5.0,17.066666666666666,4.542955407134568,0.0,0.011100093504685377,92.41796875,5.0,0.3333511134817976,4.8,0.0,0.005401508138548189,79.953125,7.0,0.33333333333333337,4.799999999999999,0.0,0.003106147166362955,73.1875,5.0,30.400275592301195,2.94678274303452,0.0,0.01229903705254164,55.66796875,4.0,3.933608925634529,4.869511422721317,0.0,0.008577232451421531,82.4609375,5.0,2.0668000177801487,3.973323969787748,0.0,0.00416011716896746,53.6796875,5.0,2.5999999999999996,4.612698412698412,0.0,0.004150404168887723,143.421875,2.0,0.0037074157501602307,49.02734375,2.0
2026-05-30T06:54:27Z,2.8666666666666667,45.965909090909086,0.0,0.02599024121599145,63.91796875,4.0,5.066831122074805,4.866355071277782,0.0,0.010707520554570363,181.6328125,0.0,0.33333333333333337,24.25,0.0,0.004378766816143327,60.28125,5.0,17.066666666666666,4.542955407134568,0.0,0.011100093504685377,92.41796875,5.0,0.4,4.799999999999999,0.0,0.005370084791986383,79.953125,7.0,0.40001333422228147,4.78,0.0,0.003159903381641824,73.07421875,5.0,31.93447118696802,2.9053120489562536,0.0,0.013374371714136593,55.66796875,4.0,4.133333333333333,4.867059594951046,0.0,0.010827598394383004,82.4609375,5.0,2.066733337778074,3.8800020149401884,0.0,0.003451490086011947,53.80859375,5.0,2.5999999999999996,4.612698412698412,0.0,0.004150404168887723,143.421875,2.0,0.004107475000577679,49.02734375,2.0
2026-05-30T06:54:32Z,2.8666666666666667,45.965909090909086,0.0,0.02748617767589983,63.91796875,4.0,5.8672400625259264,4.824786422033405,0.0,0.010707520554570363,181.6328125,0.0,0.20002222488922472,24.25,0.0,0.004378766816143327,60.28125,5.0,17.66772902905563,4.531108656040928,0.0,0.011100093504685375,92.41796875,5.0,0.26667111140742716,4.799999999999999,0.0,0.005370084791986383,79.953125,7.0,0.2666844456297086,4.78,0.0,0.003159903381641824,73.07421875,5.0,34.20310255885456,2.8785064377990963,0.0,0.01373135735430107,55.78515625,4.0,4.466960039116326,4.886366515311456,0.0,0.01081370742435687,80.16015625,5.0,1.8001644613352497,3.1555993984988353,0.0,0.004006269364833244,53.80859375,5.0,3.200426723563142,4.614285714285714,0.0,0.004320185467479519,143.421875,2.0,0.00480071100500938,49.02734375,2.0
2026-05-30T06:54:37Z,2.8666666666666667,45.965909090909086,0.0,0.02748617767589983,63.91796875,4.0,5.8672400625259264,4.824786422033405,0.0,0.00934180823830579,181.6328125,0.0,0.20002222488922472,24.25,0.0,0.0038955925240793878,60.28125,5.0,14.40189802936678,4.530169550363041,0.0,0.010442921448554524,92.38671875,5.0,0.26667111140742716,4.799999999999999,0.0,0.0045068172663530965,80.60546875,7.0,0.2666844456297086,4.78,0.0,0.003159903381641824,73.07421875,5.0,34.20310255885456,2.8785064377990963,0.0,0.01373135735430107,55.78515625,4.0,4.466960039116326,4.886366515311456,0.0,0.01081370742435687,80.16015625,5.0,1.8001644613352497,3.1555993984988353,0.0,0.004006269364833244,53.80859375,5.0,3.200426723563142,4.614285714285714,0.0,0.004281945227801569,143.421875,2.0,0.004881367626203971,48.84375,2.0
2026-05-30T06:54:42Z,2.400320042672356,46.64772727272726,0.0,0.02748617767589983,63.91796875,4.0,5.8672400625259264,4.824786422033405,0.0,0.00934180823830579,181.6328125,0.0,0.20002222488922472,24.25,0.0,0.0035029154154287635,60.28125,5.0,14.40189802936678,4.530169550363041,0.0,0.010442921448554524,92.38671875,5.0,0.13334666814832594,4.8,0.0,0.005626517740545588,80.60546875,7.0,0.1333422228148543,4.780000222234568,0.0,0.0026217289735495516,70.8515625,5.0,31.53653369308054,3.011303744417221,0.0,0.013762256819160996,55.78515625,4.0,4.067208961194826,4.905555555555555,0.0,0.009443111023955508,80.16015625,5.0,1.4001377928906866,3.2666673251484055,0.0,0.003879387031760083,54.13671875,5.0,3.200426723563142,4.614285714285714,0.0,0.004281945227801569,143.421875,2.0,0.004881367626203971,48.84375,2.0
2026-05-30T06:54:47Z,2.400320042672356,46.64772727272726,0.0,0.025162608012565757,63.8671875,4.0,4.4,4.825974050961643,0.0,0.009280733738041974,179.0859375,0.0,0.13333333333333333,24.25,0.0,0.004030479825517416,60.73828125,5.0,12.334169000311153,4.5607087087474625,0.0,0.010205260248462664,92.38671875,5.0,0.13334222340756546,4.8,0.0,0.005626517740545588,80.60546875,7.0,0.1333377780740938,4.77999977777037,0.0,0.0030583907066984188,70.8515625,5.0,27.93456898786066,3.3006143254337172,0.0,0.013762256819160996,55.78515625,4.0,3.666915588745166,5.324917437472489,0.0,0.009240001830055931,80.16015625,5.0,1.0000400026668443,3.4799697747947893,0.0,0.004104049817662786,54.13671875,5.0,3.2,4.6421052631578945,0.0,0.004281945227801569,143.421875,2.0,0.004968387690976457,48.84375,2.0
2026-05-30T06:54:52Z,2.400320042672356,46.64772727272726,0.0,0.025162608012565757,63.8671875,4.0,4.4,4.825974050961643,0.0,0.009216928781485738,179.0859375,0.0,0.13333333333333333,24.25,0.0,0.004161957097123153,60.73828125,5.0,12.600000000000001,4.592620020971366,0.0,0.011017517548791277,97.03515625,5.0,0.13334222340756546,4.8,0.0,0.005549079020811947,80.359375,7.0,0.1333377780740938,4.77999977777037,0.0,0.003008293033096446,70.98828125,5.0,27.93456898786066,3.3006143254337172,0.0,0.008842533333336178,55.78515625,4.0,3.666915588745166,5.324917437472489,0.0,0.010610802708996302,80.16015625,5.0,1.0000400026668443,3.4799697747947893,0.0,0.004104049817662786,54.13671875,5.0,3.2,4.6421052631578945,0.0,0.0037172800351690225,139.07421875,2.0,0.005009725434384478,46.25390625,2.0
2026-05-30T06:54:57Z,2.533333333333333,46.81818181818181,0.0,0.025162608012565757,63.8671875,4.0,4.4,4.825974050961643,0.0,0.009216928781485738,179.0859375,0.0,0.13333333333333333,24.25,0.0,0.004161957097123153,60.73828125,5.0,12.600000000000001,4.592620020971366,0.0,0.011017517548791277,97.03515625,5.0,0.06666666666666667,4.8,0.0,0.005549079020811946,80.359375,7.0,0.06666666666666667,4.774999305520831,0.0,0.003008293033096446,70.98828125,5.0,24.134084494521854,3.4162661111728925,0.0,0.01033185137629954,55.78515625,4.0,3.4000000000000004,6.480769230769227,0.0,0.010399036180678702,80.16015625,5.0,0.7333333333333333,3.7272767677665546,0.0,0.002886275670498065,54.13671875,5.0,3.2,4.6421052631578945,0.0,0.004377089855072394,139.07421875,2.0,0.005009725434384477,46.25390625,2.0
2026-05-30T06:55:02Z,2.533333333333333,46.81818181818181,0.0,0.025162608012565757,63.8671875,4.0,4.5340890198753625,4.8465116567533375,0.0,0.009424326726169784,182.01171875,0.0,0.0,24.25,0.0,0.0038860662490177223,61.140625,5.0,13.734293461350402,4.5840957750675555,0.0,0.008632332054728168,93.84765625,5.0,0.0,4.8,0.0,0.00541649816849856,80.359375,7.0,0.0,4.766666666666666,0.0,0.0030447761194021183,70.98828125,5.0,23.535506906398997,3.5989264856515577,0.0,0.0136968902529994,53.1015625,4.0,3.26688891852247,6.37502870540477,0.0,0.010399036180678702,80.16015625,5.0,0.8000622305196248,3.50003166832416,0.0,0.00329673241095107,53.8984375,5.0,3.200315590226351,4.635446371002679,0.0,0.004377089855072394,139.07421875,2.0,0.0051060097695780566,46.25390625,2.0
2026-05-30T06:55:07Z,2.533333333333333,46.81818181818181,0.0,0.024826245695556668,61.90625,4.0,4.5340890198753625,4.8465116567533375,0.0,0.007751168826219518,182.01171875,0.0,0.0,24.25,0.0,0.003161673962343241,61.140625,5.0,15.268164608315756,4.612169315880216,0.0,0.010666820691165695,93.84765625,5.0,0.0,4.8,0.0,0.005225884845462612,80.125,7.0,0.0,4.766666666666666,0.0,0.0029258166111752384,70.98828125,5.0,23.535506906398997,3.5989264856515577,0.0,0.0136968902529994,53.1015625,4.0,3.26688891852247,6.37502870540477,0.0,0.010493518299668445,80.15625,5.0,0.8000622305196248,3.50003166832416,0.0,0.00329673241095107,53.8984375,5.0,3.200315590226351,4.635446371002679,0.0,0.004354837592631637,139.06640625,2.0,0.005093766630616776,46.0390625,2.0
2026-05-30T06:55:12Z,2.400320042672356,49.342105263157904,0.0,0.024826245695556668,61.90625,4.0,4.5340890198753625,4.8465116567533375,0.0,0.00952934451219513,182.01171875,0.0,0.0,24.25,0.0,0.003161673962343241,61.140625,5.0,15.268164608315756,4.612169315880216,0.0,0.010666820691165695,93.84765625,5.0,0.0,4.800000000000001,0.0,0.005225884845462612,80.125,7.0,0.0,4.800000000000001,0.0,0.002992071579470519,70.98828125,5.0,24.735004667288973,3.6751597776257614,0.0,0.0136968902529994,53.1015625,4.0,3.533804507267636,6.499999999999998,0.0,0.010387644977833444,80.15625,5.0,0.8000844542234273,3.7750209733449673,0.0,0.0034275619115518036,53.9140625,5.0,3.200315590226351,4.635446371002679,0.0,0.004393517913892373,139.06640625,2.0,0.005095800670648988,46.0390625,2.0
2026-05-30T06:55:17Z,2.400320042672356,49.342105263157904,0.0,0.0167296669480042,61.90625,4.0,4.133195564740129,4.8151515151515145,0.0,0.00941181173826605,181.5546875,0.0,0.0,24.25,0.0,0.003019217544837487,56.625,5.0,15.40053781363202,4.600810997740783,0.0,0.009114650130313708,93.84765625,5.0,0.0,4.8,0.0,0.004225679520785236,80.125,7.0,0.0,4.8,0.0,0.002992071579470519,70.98828125,5.0,24.533582255411833,3.7211519583378085,0.0,0.013240964278191015,53.1015625,4.0,3.466915588745166,6.363611292942511,0.0,0.01023332120771429,80.16015625,5.0,0.7333555570371358,4.022222222222221,0.0,0.0034275619115518036,53.9140625,5.0,2.8667555614818765,4.64,0.0,0.004393517913892373,139.06640625,2.0,0.005095800670648988,46.0390625,2.0
2026-05-30T06:55:22Z,2.400320042672356,49.342105263157904,0.0,0.01426686666666986,61.90625,4.0,4.133195564740129,4.8151515151515145,0.0,0.00941181173826605,89.94921875,0.0,0.0,24.25,0.0,0.002096390009621521,56.625,5.0,12.933706691557214,4.595934959349594,0.0,0.010776352591558427,89.546875,5.0,0.0,4.8,0.0,0.0049455046456553485,80.12109375,7.0,0.0,4.8,0.0,0.003082576986858931,72.640625,5.0,24.533582255411833,3.7211519583378085,0.0,0.01191415711070277,53.2734375,4.0,3.466915588745166,6.363611292942511,0.0,0.01010296450750578,80.16015625,5.0,0.7333555570371358,4.022222222222221,0.0,0.0034275619115518036,53.9140625,5.0,2.8667555614818765,4.64,0.0,0.004285711145305149,139.12109375,2.0,0.005089964956991728,46.0390625,2.0
2026-05-30T06:55:27Z,2.3331777881474567,47.75,0.0,0.02226152085994668,62.33203125,4.0,4.133195564740129,4.8151515151515145,0.0,0.007816209065858996,89.94921875,0.0,0.0,24.25,0.0,0.00233189049655643,56.625,5.0,12.933706691557214,4.595934959349594,0.0,0.010776352591558427,89.546875,5.0,0.06667111140742715,4.8,0.0,0.0049455046456553485,80.12109375,7.0,0.06667111140742715,4.8,0.0,0.002921436701656755,72.640625,5.0,24.868426901364625,3.7264946920917876,0.0,0.01191415711070277,53.2734375,4.0,2.8,6.568181818181812,0.0,0.01010296450750578,80.16015625,5.0,1.1333822254816988,4.088888888888888,0.0,0.0032502176726665047,53.3671875,5.0,2.8667555614818765,4.64,0.0,0.004285711145305149,139.12109375,2.0,0.004929680794539088,46.1171875,2.0
2026-05-30T06:55:32Z,2.3331777881474567,47.75,0.0,0.02226152085994668,62.33203125,4.0,4.867306751418669,4.816410260150736,0.0,0.009468672566371697,90.828125,0.0,0.13334666814832594,24.25,0.0,0.002860080785268002,56.82421875,5.0,13.334729049501197,4.540479579008807,0.0,0.010776352591558427,89.546875,5.0,0.1333422228148543,4.8,0.0,0.0049455046456553485,80.12109375,7.0,0.1333422228148543,4.800000000000001,0.0,0.0028166951522679657,72.69140625,5.0,26.003302662280877,3.5741507109996147,0.0,0.006840808150206456,53.2734375,4.0,3.0002400320042675,5.83334238741251,0.0,0.006484450000004927,80.16015625,5.0,1.4001289022237433,4.000016667524735,0.0,0.0032502176726665047,53.3671875,5.0,3.133644478818924,4.631582444067095,0.0,0.004285711145305148,139.12109375,2.0,0.004929680794539088,46.1171875,2.0
2026-05-30T06:55:37Z,2.3331777881474567,47.75,0.0,0.023766082956912286,62.2578125,4.0,4.867306751418669,4.816410260150736,0.0,0.009468672566371697,90.828125,0.0,0.13334666814832594,24.25,0.0,0.002860080785268002,56.82421875,5.0,16.201586840020564,4.486168550510305,0.0,0.010833049797327238,89.51171875,5.0,0.1333422228148543,4.8,0.0,0.004946160397149601,79.93359375,7.0,0.1333422228148543,4.800000000000001,0.0,0.0028166951522679657,72.69140625,5.0,26.003302662280877,3.5741507109996147,0.0,0.00766011567163965,53.2734375,4.0,3.0002400320042675,5.83334238741251,0.0,0.010274131530103004,79.90625,5.0,1.4001289022237433,4.000016667524735,0.0,0.0032502176726665047,53.3671875,5.0,3.133644478818924,4.631582444067095,0.0,0.004362665087097628,139.1171875,2.0,0.004855364283485616,46.1171875,2.0
2026-05-30T06:55:42Z,2.600173344889659,45.53571428571426,0.0,0.023766082956912286,62.2578125,4.0,4.867306751418669,4.816410260150736,0.0,0.009468672566371697,90.828125,0.0,0.13334666814832594,24.25,0.0,0.002860080785268002,56.82421875,5.0,16.201586840020564,4.486168550510305,0.0,0.010833049797327238,89.51171875,5.0,0.1333422228148543,4.800000000000001,0.0,0.004946160397149601,79.93359375,7.0,0.1333377780740938,4.8,0.0,0.0028184913888140714,72.69140625,5.0,27.66852913692194,3.420719146380274,0.0,0.00730273373079049,53.2734375,4.0,4.200560074676623,5.187499999999987,0.0,0.010274131530103004,79.90625,5.0,1.266786679408889,3.6857314297143624,0.0,0.002989156444160143,53.37109375,5.0,3.133644478818924,4.631582444067095,0.0,0.004362665087097628,139.1171875,2.0,0.004803180571273906,46.17578125,2.0
2026-05-30T06:55:47Z,2.600173344889659,45.53571428571426,0.0,0.02349232865159047,62.2578125,4.0,4.466537787554983,4.7950248778221525,0.0,0.009570510761323472,92.21484375,0.0,0.13333333392592592,47.5,0.0,0.0031385227811815478,56.921875,5.0,16.200102294222678,4.483459464452796,0.0,0.010833049797327238,89.51171875,5.0,0.1333422228148543,4.8,0.0,0.0049461603971496,79.93359375,7.0,0.1333377780740938,4.8,0.0,0.002403664260379867,72.69140625,5.0,26.73298675674347,3.129040747055934,0.0,0.010891024901342477,53.59375,4.0,4.000213383116327,4.979728792862909,0.0,0.010274131530103004,79.90625,5.0,1.2666800056296887,2.959951996878808,0.0,0.0036405523938808043,53.37109375,5.0,2.6665777837033087,4.636107721905353,0.0,0.004362665087097628,139.1171875,2.0,0.004803180571273906,46.17578125,2.0
2026-05-30T06:55:52Z,2.600173344889659,45.53571428571426,0.0,0.023542914382121752,61.765625,4.0,4.466537787554983,4.7950248778221525,0.0,0.009570510761323472,92.21484375,0.0,0.13333333392592592,47.5,0.0,0.0031385227811815478,56.921875,5.0,16.199537812146094,4.442619635572347,0.0,0.011004089102398574,89.51171875,5.0,0.1333422228148543,4.8,0.0,0.005210388734294798,80.0078125,7.0,0.1333377780740938,4.8,0.0,0.0029228771914767498,72.59375,5.0,26.73298675674347,3.129040747055934,0.0,0.010891024901342477,53.59375,4.0,4.000213383116327,4.979728792862909,0.0,0.010040990099015129,79.90625,5.0,1.2666800056296887,2.959951996878808,0.0,0.003637977324087066,53.38671875,5.0,2.6665777837033087,4.636107721905353,0.0,0.0043973700365108805,139.1171875,2.0,0.004667993723118579,46.17578125,2.0
2026-05-30T06:55:57Z,3.000200013334222,44.06249999999996,0.0,0.023542914382121752,61.765625,4.0,4.466537787554983,4.7950248778221525,0.0,0.011000827940455867,93.39453125,0.0,0.13333333392592592,47.5,0.0,0.0031385227811815478,56.921875,5.0,16.199537812146094,4.442619635572347,0.0,0.010678230588232775,89.81640625,5.0,0.20000444474076048,4.8,0.0,0.005210388734294798,80.0078125,7.0,0.20002222488922472,4.799999999999999,0.0,0.0029228771914767498,72.59375,5.0,29.53492479292607,2.868416523252047,0.0,0.011541791486370953,53.71875,4.0,3.5332266737773037,4.984721957509997,0.0,0.007734909372941323,79.90625,5.0,1.733377785481679,2.6799395516046762,0.0,0.003637977324087066,53.38671875,5.0,2.6665777837033087,4.636107721905353,0.0,0.004225430907121709,139.1953125,2.0,0.004666006665360196,46.25,2.0
2026-05-30T06:56:02Z,3.000200013334222,44.06250000000003,0.0,0.023542914382121752,61.765625,4.0,6.134533569824602,4.791928156197086,0.0,0.011613492510417841,93.39453125,0.0,0.4000666782242967,44.375,0.0,0.003362361963190932,56.921875,5.0,15.734738052202163,4.463327020392697,0.0,0.009400805507291653,89.81640625,5.0,0.3333600035560297,4.8,0.0,0.005210388734294798,80.0078125,7.0,0.33337778370449395,4.799999999999999,0.0,0.0029228771914767498,72.59375,5.0,34.47200980223604,2.728557470913136,0.0,0.012406196932157184,53.71875,4.0,4.267133426685337,4.947096500016919,0.0,0.010111187896900856,79.90625,5.0,2.1335911496362283,1.600035557926084,0.0,0.0035626770748718927,53.38671875,5.0,3.0671778663862748,4.634670047046184,0.0,0.004225430907121709,139.1953125,2.0,0.004666006665360196,46.25,2.0
2026-05-30T06:56:07Z,3.000200013334222,44.06250000000003,0.0,0.021184176941314182,61.765625,4.0,6.134533569824602,4.791928156197086,0.0,0.011613492510417841,93.39453125,0.0,0.4000666782242967,44.375,0.0,0.003691868360093382,56.96484375,5.0,13.335951628250706,4.475,0.0,0.011392556701642572,89.81640625,5.0,0.3333600035560297,4.8,0.0,0.005391817349263622,80.015625,7.0,0.33337778370449395,4.799999999999999,0.0,0.0027221915135740085,72.59375,5.0,34.47200980223604,2.728557470913136,0.0,0.012040996114015311,54.01171875,4.0,4.267133426685337,4.947096500016919,0.0,0.010241497385589228,79.90625,5.0,2.1335911496362283,1.600035557926084,0.0,0.0035626770748718927,53.38671875,5.0,3.0671778663862748,4.634670047046184,0.0,0.0043763851409557315,139.1953125,2.0,0.004678121078109669,46.25,2.0
2026-05-30T06:56:12Z,2.0002667022269636,44.16666666666666,0.0,0.024543947374262815,61.95703125,4.0,6.134533569824602,4.791928156197086,0.0,0.011613492510417841,93.39453125,0.0,0.4000666782242967,44.375,0.0,0.003691868360093382,56.96484375,5.0,13.335951628250706,4.475,0.0,0.01027077639437265,90.09375,5.0,0.26670222696359513,4.8,0.0,0.005391817349263622,80.015625,7.0,0.3333600035560297,4.8,0.0,0.0027174708274577517,72.8359375,5.0,29.603458464729353,2.6643965368682085,0.0,0.012040996114015311,54.01171875,4.0,4.200840168033606,4.910464842229741,0.0,0.01083258404470631,83.90234375,5.0,1.600222258376811,1.3500411138520307,0.0,0.0037385029043971174,53.38671875,5.0,3.0671778663862748,4.634670047046184,0.0,0.00443281526657606,139.2265625,2.0,0.004678121078109668,46.25,2.0
2026-05-30T06:56:17Z,2.0002667022269636,44.16666666666666,0.0,0.02454394737426282,61.95703125,4.0,3.999866675554963,4.790196089111726,0.0,0.011969238527483606,92.18359375,0.0,0.13333333333333333,44.37499305516972,0.0,0.004114344729784544,56.96484375,5.0,11.66788024271521,4.459657271581525,0.0,0.01027077639437265,90.09375,5.0,0.13334222340756546,4.8,0.0,0.005391817349263621,80.015625,7.0,0.2,4.799999999999999,0.0,0.0027174708274577517,72.8359375,5.0,24.73370674134827,2.4218126199470547,0.0,0.012040996114015311,54.01171875,4.0,3.5337067413482695,4.84523953147753,0.0,0.011144655167487208,83.90234375,5.0,1.000035557926084,0.49595556046503037,0.0,0.003515840333828107,53.39453125,5.0,2.9333333333333336,4.618181818181818,0.0,0.00443281526657606,139.2265625,2.0,0.004701073430226669,46.5078125,2.0
2026-05-30T06:56:22Z,2.0002667022269636,44.16666666666666,0.0,0.02454394737426282,61.95703125,4.0,3.999866675554963,4.790196089111726,0.0,0.011969238527483606,92.18359375,0.0,0.13333333333333333,44.37499305516972,0.0,0.0039075642111207,57.02734375,5.0,11.533333333333333,4.454863664733116,0.0,0.009039902088001801,90.09375,5.0,0.13334222340756546,4.8,0.0,0.004557399098917213,80.015625,7.0,0.2,4.799999999999999,0.0,0.0027973769605196585,72.8359375,5.0,24.73370674134827,2.4218126199470547,0.0,0.007460549999996147,54.01171875,4.0,3.5337067413482695,4.84523953147753,0.0,0.011144655167487208,83.90234375,5.0,1.000035557926084,0.49595556046503037,0.0,0.003515840333828107,53.39453125,5.0,2.9333333333333336,4.618181818181818,0.0,0.0041898655905226135,139.2265625,2.0,0.004701073430226669,46.5078125,2.0
2026-05-30T06:56:27Z,2.1333333333333333,43.47222222222226,0.0,0.022374071800562664,62.4296875,4.0,3.999866675554963,4.790196089111726,0.0,0.010920507838670773,90.9140625,0.0,0.13333333333333333,44.37499305516972,0.0,0.0039075642111207,57.02734375,5.0,11.533333333333333,4.454863664733116,0.0,0.009291505873373403,90.39453125,5.0,0.1333377780740938,4.8,0.0,0.00551980054622263,80.25,7.0,0.06666666666666667,4.8,0.0,0.002924209281702804,71.7109375,5.0,25.534960240030465,2.3808009619784976,0.0,0.010135482462300498,53.89453125,4.0,3.399884452147635,4.8,0.0,0.01095875908672041,83.89453125,5.0,0.9333333333333333,0.4976189678290092,0.0,0.003345506614627892,53.39453125,5.0,2.9333333333333336,4.618181818181818,0.0,0.004138195583085354,139.48046875,2.0,0.0047043643582081116,46.5078125,2.0
2026-05-30T06:56:32Z,2.1333333333333333,43.47222222222226,0.0,0.022374071800562664,62.4296875,4.0,3.7337067081531266,4.791346340623231,0.0,0.011209399208931126,90.9140625,0.0,0.0,24.25,0.0,0.0039152160734389745,57.02734375,5.0,11.53408009956883,4.4584142802805165,0.0,0.009291505873373403,90.39453125,5.0,0.06667111140742715,4.800000000000001,0.0,0.00551980054622263,80.25,7.0,0.0,4.8,0.0,0.0024484148646290085,71.7109375,5.0,24.73628486109105,2.495045041253127,0.0,0.011899054559776742,53.89453125,4.0,3.333431147262539,4.8,0.0,0.010958759086720409,83.89453125,5.0,0.8000444503711606,1.8501244503706564,0.0,0.002869348092627047,53.39453125,5.0,2.800373383117749,4.635619791384423,0.0,0.004138195583085354,139.48046875,2.0,0.0047043643582081116,46.5078125,2.0
2026-05-30T06:56:37Z,2.1333333333333333,43.47222222222226,0.0,0.021756207608371693,62.4296875,4.0,3.7337067081531266,4.791346340623231,0.0,0.011209399208931126,90.9140625,0.0,0.0,24.25,0.0,0.0035384780232722924,57.00390625,5.0,12.13451568416336,4.494326185860961,0.0,0.007349189438808575,90.59765625,5.0,0.06667111140742715,4.800000000000001,0.0,0.005543633949368409,79.91015625,7.0,0.0,4.8,0.0,0.002948846382619458,71.7109375,5.0,24.73628486109105,2.495045041253127,0.0,0.011899054559776742,53.89453125,4.0,3.333431147262539,4.8,0.0,0.008639557416815432,83.89453125,5.0,0.8000444503711606,1.8501244503706564,0.0,0.003289740225661777,53.390625,5.0,2.800373383117749,4.635619791384423,0.0,0.003382421228073524,139.48046875,2.0,0.004779764603470766,46.52734375,2.0
2026-05-30T06:56:42Z,2.400320042672356,40.78124999999996,0.0,0.022167729756577596,62.375,4.0,3.7337067081531266,4.791346340623231,0.0,0.011209399208931126,90.9140625,0.0,0.0,24.25,0.0,0.0035384780232722915,57.00390625,5.0,12.13451568416336,4.494326185860961,0.0,0.008969657779548168,90.59765625,5.0,0.06667111140742715,4.8,0.0,0.005543633949368409,79.91015625,7.0,0.06666666666666667,4.8,0.0,0.0028891319317861284,71.50390625,5.0,26.533782472612252,2.6936340296517294,0.0,0.011923574443205633,54.0546875,4.0,3.333662258374677,4.8,0.0,0.007451500000001943,83.89453125,5.0,0.8667822376316843,2.72004018081366,0.0,0.0031846766442398702,53.390625,5.0,2.800373383117749,4.635619791384423,0.0,0.004205684473925118,139.7265625,2.0,0.004830526943930533,46.52734375,2.0
2026-05-30T06:56:47Z,2.400320042672356,40.78124999999996,0.0,0.022167729756577596,62.375,4.0,5.466857790519368,4.7926702397927095,0.0,0.008738879653922425,91.5078125,0.0,0.1333377780740938,24.25,0.0,0.002647818320229776,57.04296875,5.0,15.533782252150143,4.490491825303176,0.0,0.008969657779548168,90.59765625,5.0,0.1333422228148543,4.8,0.0,0.005543633949368409,79.91015625,7.0,0.1333377780740938,4.8,0.0,0.0028891319317861284,71.50390625,5.0,29.732466741033186,2.7415354152140576,0.0,0.011375778656847099,54.0546875,4.0,3.733448896593106,4.8,0.0,0.010838339753722932,83.89453125,5.0,1.1334133434087112,2.6999838879042617,0.0,0.0032314938940410268,53.140625,5.0,3.8666666666666667,4.616216216216216,0.0,0.004205684473925118,139.7265625,2.0,0.005055748341923038,46.421875,2.0
2026-05-30T06:56:52Z,2.400320042672356,40.78124999999996,0.0,0.02190630141995663,62.375,4.0,5.466857790519368,4.7926702397927095,0.0,0.008738879653922423,91.5078125,0.0,0.1333377780740938,24.25,0.0,0.003108467265010449,57.04296875,5.0,17.46668000088895,4.443724780970813,0.0,0.007392542784743057,90.59765625,5.0,0.1333422228148543,4.8,0.0,0.005671194059019733,79.91015625,7.0,0.1333377780740938,4.8,0.0,0.002429125685497922,71.390625,5.0,29.732466741033186,2.7415354152140576,0.0,0.011430466512703102,53.9296875,4.0,3.733448896593106,4.8,0.0,0.010838339753722932,83.89453125,5.0,1.1334133434087112,2.6999838879042617,0.0,0.003149656593405786,53.140625,5.0,3.8666666666666667,4.616216216216216,0.0,0.004205684473925118,139.7265625,2.0,0.005055748341923038,46.421875,2.0
2026-05-30T06:56:57Z,2.7331511232584496,44.999999999999986,0.0,0.022338442221937326,62.34375,4.0,5.466857790519368,4.7926702397927095,0.0,0.006402147198465612,91.5078125,0.0,0.1333377780740938,24.25,0.0,0.003108467265010449,57.04296875,5.0,17.46668000088895,4.443724780970813,0.0,0.010133493943350856,87.10546875,5.0,0.06667111140742715,4.8,0.0,0.005482250005017151,79.91015625,7.0,0.06667111140742715,4.8,0.0,0.002862762659318138,71.390625,5.0,26.335769360685926,2.7164597378618085,0.0,0.011553735175451942,53.9296875,4.0,3.600106673778252,4.800000000000001,0.0,0.010465083698546502,83.98046875,5.0,1.2666755561481877,2.899999999999999,0.0,0.003149656593405786,53.140625,5.0,3.8666666666666667,4.616216216216216,0.0,0.004058361744122761,139.8984375,2.0,0.0042560928331987465,46.421875,2.0
2026-05-30T06:57:02Z,2.7331511232584496,45.0,0.0,0.022338442221937326,62.34375,4.0,4.333760046820386,4.792964743981692,0.0,0.007669538422839907,91.5078125,0.0,0.06667111140742715,24.25,0.0,0.0032083547162061197,55.34375,5.0,16.60054225837278,4.409917050429222,0.0,0.010133493943350856,87.10546875,5.0,0.06667111140742715,4.8,0.0,0.005482250005017151,79.91015625,7.0,0.06667111140742715,4.800000000000001,0.0,0.002862762659318138,71.390625,5.0,23.736462740244562,2.661351205997112,0.0,0.011553735175451942,53.9296875,4.0,3.1335422361490766,4.824837149648603,0.0,0.00978590440657923,83.98046875,5.0,1.7334044491855012,3.1600113783340507,0.0,0.0027438086190737466,53.140625,5.0,1.8001777973356645,4.630982318006685,0.0,0.004058361744122761,139.8984375,2.0,0.004448957860965276,46.421875,2.0
2026-05-30T06:57:07Z,2.7331511232584496,45.0,0.0,0.022379698740253966,62.56640625,4.0,4.333760046820386,4.792964743981692,0.0,0.0060871848205676544,91.5078125,0.0,0.06667111140742715,24.25,0.0,0.003080134647518699,55.34375,5.0,16.06826684387307,4.3875,0.0,0.00995059231435767,87.16796875,5.0,0.06667111140742715,4.8,0.0,0.004666760167953906,79.9140625,7.0,0.06667111140742715,4.800000000000001,0.0,0.002862762659318138,71.390625,5.0,23.736462740244562,2.661351205997112,0.0,0.00986483767055715,54.12890625,4.0,3.1335422361490766,4.824837149648603,0.0,0.00978590440657923,83.98046875,5.0,1.7334044491855012,3.1600113783340507,0.0,0.0035098763831251786,53.140625,5.0,1.8001777973356645,4.630982318006685,0.0,0.004058361744122761,139.8984375,2.0,0.005086807884544564,46.421875,2.0
2026-05-30T06:57:12Z,2.133617815708761,46.590909090909065,0.0,0.022987224103704445,62.56640625,4.0,4.333760046820386,4.79296474398169,0.0,0.00544805661866433,91.5078125,0.0,0.06667111140742715,24.25,0.0,0.003080134647518699,55.34375,5.0,16.06826684387307,4.3875,0.0,0.009955438963007426,87.16796875,5.0,0.20002222488922472,4.800000000000001,0.0,0.005700169171060706,79.9140625,7.0,0.20000444474076048,4.733333827189759,0.0,0.002860238714409962,71.26953125,5.0,26.00082672178145,2.6725682238136255,0.0,0.011756333811355883,54.12890625,4.0,3.4002266817787854,4.8472049689441,0.0,0.009780398427605044,84.40625,5.0,2.0001955768914175,2.7599815095496947,0.0,0.0035098763831251786,53.140625,5.0,1.8001777973356645,4.630982318006685,0.0,0.004027816511995357,139.9921875,2.0,0.005086807884544564,46.421875,2.0
2026-05-30T06:57:17Z,2.133617815708761,46.590909090909065,0.0,0.022987224103704445,62.56640625,4.0,4.733342222814854,4.793103300297407,0.0,0.008325449262886036,92.55859375,0.0,0.20000444474076048,24.25,0.0,0.0026395812776981845,55.34375,5.0,15.001071253055903,4.396498978448182,0.0,0.009955438963007426,87.16796875,5.0,0.20002222488922472,4.8,0.0,0.005700169171060706,79.9140625,7.0,0.20000444474076048,4.760000533361779,0.0,0.002860238714409962,71.26953125,5.0,27.133466675556146,2.7716950071728084,0.0,0.011756333811355883,54.12890625,4.0,3.6667911194079608,4.896814060107603,0.0,0.009780398427605044,84.40625,5.0,1.4001333505207707,3.424953121371823,0.0,0.0030748967206371486,53.140625,5.0,3.2,4.612117289903403,0.0,0.004027816511995357,139.9921875,2.0,0.0034949250000011036,46.421875,2.0
2026-05-30T06:57:22Z,2.133617815708761,46.590909090909065,0.0,0.023045780330765785,62.6875,4.0,4.733342222814854,4.793103300297407,0.0,0.008325449262886036,92.55859375,0.0,0.20000444474076048,24.25,0.0,0.0026064275911605356,55.34375,5.0,14.133346667555614,4.4304316688604075,0.0,0.010563444462451888,83.44921875,5.0,0.20002222488922472,4.8,0.0,0.004700011154785093,79.9140625,7.0,0.20000444474076048,4.760000533361779,0.0,0.002860238714409962,71.26953125,5.0,27.133466675556146,2.7716950071728084,0.0,0.009336390465736701,54.12890625,4.0,3.6667911194079608,4.896814060107603,0.0,0.009780398427605043,84.40625,5.0,1.4001333505207707,3.424953121371823,0.0,0.0036016861510796785,53.140625,5.0,3.2,4.612117289903403,0.0,0.004027816511995357,139.9921875,2.0,0.005340876656472866,46.44140625,2.0
2026-05-30T06:57:27Z,2.6,49.0625,0.0,0.023056906425932673,62.6875,4.0,4.733342222814854,4.793103300297407,0.0,0.00833820233402888,92.1875,0.0,0.20000444474076048,24.25,0.0,0.0023282825556873304,55.34375,5.0,14.133346667555614,4.4304316688604075,0.0,0.01086595519053878,83.44921875,5.0,0.1333377780740938,4.8,0.0,0.004246930018443986,79.9140625,7.0,0.1333422228148543,4.76,0.0,0.002924513191314346,71.2890625,5.0,25.534266728893037,2.854677775331173,0.0,0.011342887286793014,54.06640625,4.0,3.400106673778252,4.955102017368267,0.0,0.00825216305695597,85.0390625,5.0,1.000044447407605,3.3142425368040387,0.0,0.0036016861510796785,53.140625,5.0,3.2,4.612117289903403,0.0,0.004142305174925499,140.01953125,2.0,0.005340876656472866,46.44140625,2.0
2026-05-30T06:57:32Z,2.6,49.0625,0.0,0.023056906425932673,62.6875,4.0,5.667044469631309,4.796190435875836,0.0,0.00833820233402888,92.1875,0.0,0.2666844456297086,24.25,0.0,0.003314903505038103,55.32421875,5.0,17.400688934817875,4.505042116225603,0.0,0.01086595519053878,83.44921875,5.0,0.20000888948152096,4.799999999999999,0.0,0.005599249958020701,80.34375,7.0,0.20001333422228146,4.766666666666666,0.0,0.002924513191314346,71.2890625,5.0,26.401760117341155,2.9155683432819477,0.0,0.011342887286793014,54.06640625,4.0,3.466897793186212,4.983447942483868,0.0,0.009868844221110964,85.0390625,5.0,1.4667644509633975,3.3999888882098337,0.0,0.0036016861510796785,53.140625,5.0,3.133644478818924,4.6441114316174374,0.0,0.0041423051749254975,140.01953125,2.0,0.005340876656472866,46.44140625,2.0
2026-05-30T06:57:37Z,2.6,49.0625,0.0,0.019559558002892448,62.6875,4.0,5.667044469631309,4.796190435875836,0.0,0.00833820233402888,92.1875,0.0,0.2666844456297086,24.25,0.0,0.003362124210724382,55.32421875,5.0,20.001333422228146,4.569289154875566,0.0,0.006702624999996943,83.44921875,5.0,0.20000888948152096,4.799999999999999,0.0,0.005832482302426879,80.34375,7.0,0.20001333422228146,4.766666666666666,0.0,0.002924513191314346,71.2890625,5.0,26.401760117341155,2.9155683432819477,0.0,0.011915740934813915,54.078125,4.0,3.466897793186212,4.983447942483868,0.0,0.009868844221110964,85.0390625,5.0,1.4667644509633975,3.3999888882098337,0.0,0.0036591050618276495,53.140625,5.0,3.133644478818924,4.6441114316174374,0.0,0.0041423051749254975,140.01953125,2.0,0.005170682908168279,46.44140625,2.0
2026-05-30T06:57:42Z,3.000400053340446,49.312500000000014,0.0,0.017546828214519666,62.6875,4.0,5.667044469631309,4.796190435875836,0.0,0.00833820233402888,92.1875,0.0,0.2666844456297086,24.25,0.0,0.003600195273654395,55.34765625,5.0,20.001333422228146,4.569289154875566,0.0,0.007916669284405894,83.44921875,5.0,0.2666844456297086,4.800000000000001,0.0,0.005832482302426879,80.34375,7.0,0.2666755561481876,4.775000555580247,0.0,0.002518985132678169,71.2890625,5.0,29.53530235349023,3.0600107895302657,0.0,0.0119691168042788,54.078125,4.0,3.8669244616307754,5.1874986110339485,0.0,0.01227195108715251,93.1328125,5.0,1.9333955597039802,3.174985137980652,0.0,0.0036733238231096174,53.125,5.0,3.133644478818924,4.6441114316174374,0.0,0.004180033307037312,140.01953125,2.0,0.004878481673440022,46.6875,2.0
2026-05-30T06:57:47Z,3.000400053340446,49.312500000000014,0.0,0.025130781344170326,62.31640625,4.0,4.600142231704336,4.829596455009772,0.0,0.005986301069643554,94.8984375,0.0,0.1333377780740938,37.5,0.0,0.003642814251401417,55.34765625,5.0,17.267804520301354,4.628870930559577,0.0,0.01244466707144188,84.42578125,5.0,0.20000888948152096,4.800000000000001,0.0,0.005782174302187086,80.1328125,7.0,0.2,4.777778052135007,0.0,0.0030043356892555614,71.0390625,5.0,27.801844567415603,3.3716278071731423,0.0,0.0119691168042788,54.078125,4.0,3.666911127408494,7.449978776551534,0.0,0.013085544198576507,93.1328125,5.0,1.7333733360001777,3.519983554459184,0.0,0.003556698996278281,53.125,5.0,2.7333289010370176,4.644739883886003,0.0,0.0042920814310301765,139.9921875,2.0,0.004922793819176013,46.6875,2.0
2026-05-30T06:57:52Z,3.000400053340446,49.312500000000014,0.0,0.025130781344170326,62.31640625,4.0,4.600142231704336,4.829596455009772,0.0,0.006713795989179996,94.8984375,0.0,0.1333377780740938,37.5,0.0,0.003642814251401417,55.34765625,5.0,16.800493366224416,4.640926063755975,0.0,0.01244466707144188,84.42578125,5.0,0.20000888948152096,4.800000000000001,0.0,0.005782174302187086,80.1328125,7.0,0.2,4.777778052135007,0.0,0.00291172804532537,71.0390625,5.0,27.801844567415603,3.3716278071731423,0.0,0.012151097337299528,54.078125,4.0,3.666911127408494,7.449978776551534,0.0,0.052095288351459365,91.55859375,5.0,1.7333733360001777,3.519983554459184,0.0,0.0036465041882398344,53.14453125,5.0,2.7333289010370176,4.644739883886003,0.0,0.0042920814310301765,139.9921875,2.0,0.004922793819176013,46.6875,2.0
2026-05-30T06:57:57Z,2.6,91.04166666666663,0.0,0.026485863184370503,62.390625,4.0,4.600142231704336,4.829596455009772,0.0,0.00872993903443732,94.8984375,0.0,0.1333377780740938,37.5,0.0,0.0034421442794891474,55.3671875,5.0,16.800493366224416,4.640926063755975,0.0,0.013367041198503378,84.42578125,5.0,0.06666666666666667,4.8,0.0,0.005399614219937145,80.52734375,7.0,0.06666666666666667,4.8,0.0,0.00291172804532537,71.0390625,5.0,26.334964553192435,3.475763272006176,0.0,0.012491193737771132,54.1015625,4.0,3.4001111185190123,20.0,0.0,0.06730179696275232,91.55859375,5.0,1.4667066693335111,3.745464940564214,0.0,0.0036465041882398344,53.14453125,5.0,2.7333289010370176,4.644739883886003,0.0,0.00442537076271186,139.9921875,2.0,0.004922793819176012,46.6875,2.0
2026-05-30T06:58:02Z,2.6,91.04166666666663,0.0,0.026485863184370503,62.390625,4.0,4.667297863715518,4.828837268245648,0.0,0.008327344848573878,93.74609375,0.0,0.0,42.5,0.0,0.002366570009738471,55.3671875,5.0,17.534462376317553,4.647102667599084,0.0,0.013367041198503378,84.42578125,5.0,0.0666800026672001,4.8,0.0,0.005399614219937146,80.52734375,7.0,0.0666800026672001,4.8,0.0,0.0023889272747872003,71.0390625,5.0,27.335840275588744,3.7195788076154477,0.0,0.012491193737771132,54.1015625,4.0,3.466897808596702,50.00079170625196,0.0,0.06730179696275232,91.55859375,5.0,1.4667733493358226,3.9692583045006344,0.0,0.0036210430072282874,53.125,5.0,2.867142304310976,4.678048780487805,0.0,0.00442537076271186,139.9921875,2.0,0.004794214934195987,46.46484375,2.0
2026-05-30T06:58:07Z,2.6,91.04166666666663,0.0,0.027858932925101568,62.390625,4.0,4.667297863715518,4.828837268245648,0.0,0.00832734484857388,93.74609375,0.0,0.0,42.5,0.0,0.002888125056670412,55.3984375,5.0,16.802822715051967,4.618691588785046,0.0,0.013844305161885328,84.42578125,5.0,0.0666800026672001,4.8,0.0,0.0037568154793678425,80.30859375,7.0,0.0666800026672001,4.8,0.0,0.002146283271010085,71.0390625,5.0,27.335840275588744,3.71957880761545,0.0,0.013503013366554904,54.1015625,4.0,3.466897808596702,50.00079170625196,0.0,0.10536458664406946,92.06640625,5.0,1.4667733493358226,3.9692583045006344,0.0,0.003711024445923576,53.125,5.0,2.867142304310976,4.678048780487805,0.0,0.004266274734728918,140.0234375,2.0,0.004464713917134935,46.46484375,2.0
2026-05-30T06:58:12Z,2.4004800960192036,169.5454545454544,0.0,0.028081592491676265,62.203125,4.0,4.667297863715518,4.828837268245648,0.0,0.00832734484857388,93.74609375,0.0,0.0,42.5,0.0,0.0032127356146741,55.3984375,5.0,16.802822715051967,4.618691588785046,0.0,0.01030097062491046,84.42578125,5.0,0.20003111614899766,4.8,0.0,0.004184286575505338,80.30859375,7.0,0.20001333600053345,4.8,0.0,0.0019202410633188324,71.0390625,5.0,27.80276919737077,3.7376299437141576,0.0,0.013735979726039389,54.09765625,4.0,3.467128950526737,78.28940873590966,0.0,0.14316892275069432,92.06640625,5.0,1.4002400426744903,3.84616554978118,0.0,0.003711024445923576,53.125,5.0,2.867142304310976,4.678048780487805,0.0,0.004221267685038703,140.0234375,2.0,0.004464713917134935,46.46484375,2.0
2026-05-30T06:58:17Z,2.4004800960192036,169.5454545454544,0.0,0.028081592491676265,62.203125,4.0,4.933493345185896,4.82775121387716,0.0,0.008380951043451393,93.74609375,0.0,0.2666577783703309,41.2500833370372,0.0,0.003895326696044255,55.3984375,5.0,15.668338117993573,4.57316864035559,0.0,0.01252231717190105,85.359375,5.0,0.20001333600029633,4.8,0.0,0.005129653153649948,80.30859375,7.0,0.1999955558518321,4.8,0.0,0.0028328537543263373,71.09765625,5.0,28.60116453986011,3.893965583716131,0.0,0.013735979726039389,54.09765625,4.0,3.6002311419300352,86.69354838709677,0.0,0.14316892275069432,92.06640625,5.0,1.333457805042332,4.188886364758753,0.0,0.0036281147483772157,53.125,5.0,2.8666666666666663,4.679014448442201,0.0,0.004221267685038703,140.0234375,2.0,0.004499879036010226,46.44140625,2.0
2026-05-30T06:58:22Z,2.4004800960192036,169.5454545454544,0.0,0.01866820827494215,62.453125,4.0,4.933493345185896,4.82775121387716,0.0,0.007946820964553708,93.7265625,0.0,0.2666577783703309,41.2500833370372,0.0,0.0032155921875845323,55.3984375,5.0,13.066253360887051,4.543324983050174,0.0,0.01143787660466513,85.359375,5.0,0.20001333600029633,4.8,0.0,0.004218313274757883,80.30859375,7.0,0.1999955558518321,4.8,0.0,0.0028328537543263373,71.09765625,5.0,28.60116453986011,3.893965583716131,0.0,0.013735979726039389,54.09765625,4.0,3.6002311419300352,86.69354838709677,0.0,0.16046598047914723,92.63671875,5.0,1.333457805042332,4.188886364758753,0.0,0.002973488410365671,53.125,5.0,2.8666666666666663,4.679014448442201,0.0,0.0041632752391470886,140.04296875,2.0,0.004572966787934188,46.44140625,2.0
2026-05-30T06:58:27Z,1.8665422305179655,182.49999999999994,0.0,0.020835276389741864,62.453125,4.0,4.933493345185896,4.82775121387716,0.0,0.007322990001774811,93.7265625,0.0,0.2666577783703309,41.2500833370372,0.0,0.0034582104051230906,55.5625,5.0,13.066253360887051,4.543324983050174,0.0,0.010646908671426708,84.55078125,5.0,0.06666222251849876,4.800000000000001,0.0,0.004952161947506808,80.32421875,7.0,0.13333333392592592,4.8,0.0,0.0028196776814739953,71.14453125,5.0,23.933973378373214,3.9660979598516803,0.0,0.012473908139234217,54.29296875,4.0,3.333333333333333,89.99999027723223,0.0,0.20477528116104834,92.63671875,5.0,1.1332933359998223,4.2888936353568505,0.0,0.003592001059463045,53.125,5.0,2.8666666666666663,4.679014448442201,0.0,0.003978773171159219,140.04296875,2.0,0.004572966787934187,46.44140625,2.0
2026-05-30T06:58:32Z,1.8665422305179655,182.49999999999994,0.0,0.019793133333334684,62.453125,4.0,5.067173389636386,4.789,0.0,0.007322990001774811,93.7265625,0.0,0.13335111348179757,24.25,0.0,0.003178958455236148,55.5625,5.0,13.867342390535747,4.508075431915087,0.0,0.010646908671426708,84.55078125,5.0,0.06667555674089878,4.800000000000001,0.0,0.004717152295026416,80.32421875,7.0,0.13334666814832594,4.8,0.0,0.0028196776814739953,71.14453125,5.0,23.20224025484587,3.913637272994254,0.0,0.012473908139234217,54.29296875,4.0,3.266906698670934,92.04083932766706,0.0,0.20477528116104834,92.63671875,5.0,1.2000666817793781,4.2588378015174575,0.0,0.0030335346947430284,53.125,5.0,2.9336266992631708,4.68,0.0,0.003978773171159219,140.04296875,2.0,0.004447909687113013,46.46875,2.0
2026-05-30T06:58:37Z,1.8665422305179655,182.49999999999994,0.0,0.020628538091589977,62.453125,4.0,5.067173389636386,4.789,0.0,0.007183480300946504,93.8828125,0.0,0.13335111348179757,24.25,0.0,0.003178958455236148,55.5625,5.0,17.136227174314268,4.490033825647428,0.0,0.010646908671426708,84.55078125,5.0,0.06667555674089878,4.800000000000001,0.0,0.004717152295026416,80.32421875,7.0,0.13334666814832594,4.8,0.0,0.0028196776814739953,71.14453125,5.0,23.20224025484587,3.913637272994254,0.0,0.013259533898302556,54.3515625,4.0,3.266906698670934,92.04083932766706,0.0,0.20477528116104834,92.63671875,5.0,1.2000666817793781,4.2588378015174575,0.0,0.0035188648938077544,53.125,5.0,2.9336266992631708,4.68,0.0,0.003917289719626394,140.0859375,2.0,0.004447909687113013,46.46875,2.0
2026-05-30T06:58:42Z,3.1337511668222433,174.31818181818178,0.0,0.025873737106582227,62.2265625,4.0,5.067173389636386,4.789,0.0,0.007183480300946504,93.8828125,0.0,0.13335111348179757,24.25,0.0,0.003390946590933878,55.609375,5.0,17.136227174314268,4.490033825647428,0.0,0.010872522201822124,84.140625,5.0,0.2000177795557531,4.8,0.0,0.004770832953365819,80.61328125,7.0,0.13334222340756546,4.8,0.0,0.002682737705482868,71.19921875,5.0,30.003075923012904,3.9126270077631577,0.0,0.013259533898302556,54.3515625,4.0,3.9340001173546706,93.03571527787699,0.0,0.2000137391197982,88.5078125,5.0,1.7336311641578883,4.162490276697409,0.0,0.003411490542015711,53.125,5.0,2.9336266992631708,4.68,0.0,0.003917289719626394,140.0859375,2.0,0.003679210853084184,46.46875,2.0
2026-05-30T06:58:47Z,3.1337511668222433,174.31818181818178,0.0,0.02531272477023643,62.2265625,4.0,4.533333333333334,4.789423067882764,0.0,0.006947825275340667,93.8828125,0.0,0.2,24.25,0.0,0.003390946590933878,55.609375,5.0,16.601827032073082,4.467160517328361,0.0,0.006416371722202751,84.140625,5.0,0.2666755561481876,4.8,0.0,0.004777825207819042,80.61328125,7.0,0.2,4.8,0.0,0.0016350373734964258,71.19921875,5.0,29.33482682313292,3.7970511192434073,0.0,0.013259533898302556,54.3515625,4.0,3.80042675201707,92.6886946137212,0.0,0.2000137391197982,88.5078125,5.0,1.8002000400080016,4.119967344511594,0.0,0.003411490542015711,53.125,5.0,2.6666666666666665,4.659742833221401,0.0,0.003908137745287135,140.0859375,2.0,0.004744354892428008,46.51171875,2.0
2026-05-30T06:58:52Z,3.1337511668222433,174.31818181818178,0.0,0.02531272477023643,62.2265625,4.0,4.533333333333334,4.789423067882764,0.0,0.007127236749718074,92.2265625,0.0,0.2,24.25,0.0,0.003390946590933878,55.609375,5.0,13.933333333333334,4.4815382577204765,0.0,0.005776074999999991,84.140625,5.0,0.2666755561481876,4.8,0.0,0.004777825207819042,80.61328125,7.0,0.2,4.8,0.0,0.0018459541469300887,71.19921875,5.0,29.33482682313292,3.797051119243408,0.0,0.011326588512238892,54.3515625,4.0,3.80042675201707,92.6886946137212,0.0,0.1977592942092843,88.5078125,5.0,1.8002000400080016,4.119967344511594,0.0,0.003575188618237268,53.1328125,5.0,2.6666666666666665,4.659742833221401,0.0,0.003908137745287135,140.0859375,2.0,0.004744354892428008,46.51171875,2.0
2026-05-30T06:58:57Z,2.6666666666666665,95.62499999999999,0.0,0.024191091026468953,62.2265625,4.0,4.533333333333334,4.789423067882764,0.0,0.007127236749718074,92.2265625,0.0,0.2,24.25,0.0,0.0031030398409676524,55.62109375,5.0,13.933333333333334,4.4815382577204765,0.0,0.00844412887107272,84.03125,5.0,0.20000444474076048,4.8,0.0,0.004999555018753156,80.80078125,7.0,0.20000889007423212,4.7666656789611315,0.0,0.0016297749999992562,71.19921875,5.0,29.067591190522627,3.772989011842389,0.0,0.012927379215655314,54.359375,4.0,3.66653334222163,91.11111111111111,0.0,0.1977592942092843,88.5078125,5.0,1.5333333333333332,4.1866654221890345,0.0,0.003575188618237268,53.1328125,5.0,2.6666666666666665,4.659742833221401,0.0,0.004266763391106693,140.12109375,2.0,0.004744354892428008,46.51171875,2.0
2026-05-30T06:59:02Z,2.6666666666666665,95.62499999999999,0.0,0.024484445962789435,62.25,4.0,4.4004444942282275,4.790430628114974,0.0,0.00719052303656336,92.2265625,0.0,0.06667111140742715,24.25,0.0,0.0031030398409676524,55.62109375,5.0,12.400395581927684,4.4967511233875985,0.0,0.010332685455135025,84.03125,5.0,0.06667111140742715,4.8,0.0,0.004999555018753156,80.80078125,7.0,0.06667555674089878,4.760000533373633,0.0,0.0027090742647891694,71.29296875,5.0,29.73504902104466,3.6312771421439507,0.0,0.012927379215655314,54.359375,4.0,3.8666577949629235,87.49996969521465,0.0,0.13184548540393687,88.3671875,5.0,1.2000311131853234,3.7600106670222257,0.0,0.0036612385173766192,53.1328125,5.0,3.0003022560040695,4.653333333333332,0.0,0.004266763391106693,140.12109375,2.0,0.004721666492638228,46.5078125,2.0
2026-05-30T06:59:07Z,2.6666666666666665,95.62499999999999,0.0,0.024484445962789435,62.25,4.0,4.4004444942282275,4.790430628114974,0.0,0.007083492424550146,91.90625,0.0,0.06667111140742715,24.25,0.0,0.002615639955850217,55.61328125,5.0,12.267484498966597,4.523435055000642,0.0,0.010332685455135025,84.03125,5.0,0.06667111140742715,4.8,0.0,0.004468162183343129,80.80078125,7.0,0.06667555674089878,4.760000533373633,0.0,0.0027090742647891694,71.29296875,5.0,29.73504902104466,3.6312771421439507,0.0,0.012927379215655314,54.359375,4.0,3.8666577949629235,87.49996969521465,0.0,0.0995900117443076,88.3671875,5.0,1.2000311131853234,3.7600106670222257,0.0,0.0035610836942286768,53.1328125,5.0,3.0003022560040695,4.653333333333332,0.0,0.004376815754722802,140.12109375,2.0,0.004721666492638228,46.5078125,2.0
2026-05-30T06:59:12Z,2.000133342222815,86.42857142857139,0.0,0.025628531306787845,62.4453125,4.0,4.4004444942282275,4.790430628114974,0.0,0.007083492424550146,91.90625,0.0,0.06667111140742715,24.25,0.0,0.0031743096338876895,55.61328125,5.0,12.267484498966597,4.523435055000642,0.0,0.010802353312525187,85.79296875,5.0,0.06667111140742715,4.800000000000001,0.0,0.0052867123956772556,80.62109375,7.0,0.13333333333333333,4.766667407456793,0.0,0.0027090742647891694,71.29296875,5.0,26.201022305785404,3.534904860868186,0.0,0.013662314870305474,54.359375,4.0,3.600355594671329,82.81248524189401,0.0,0.0995900117443076,88.3671875,5.0,1.1334088939262617,3.7399835540936963,0.0,0.0035610836942286768,53.1328125,5.0,3.0003022560040695,4.653333333333332,0.0,0.004308657031934005,140.1171875,2.0,0.004721666492638228,46.5078125,2.0
2026-05-30T06:59:17Z,2.000133342222815,86.42857142857139,0.0,0.025628531306787845,62.4453125,4.0,6.1331111259249385,4.792488262910798,0.0,0.007083492424550146,91.90625,0.0,0.2666577783703309,24.25,0.0,0.0031743096338876895,55.61328125,5.0,14.667057808001738,4.549246106226935,0.0,0.011352122001755212,85.79296875,5.0,0.19999555644442468,4.800000000000001,0.0,0.0052867123956772556,80.62109375,7.0,0.2666577783703309,4.771428208604109,0.0,0.002745253353500036,71.26953125,5.0,30.26687558785586,3.557071020791221,0.0,0.013662314870305474,54.359375,4.0,4.133564475263368,72.16711631428215,0.0,0.07181323690639044,88.37109375,5.0,1.8666933374816,3.533287403324737,0.0,0.0030729590341079943,53.1328125,5.0,2.8,4.649997083211801,0.0,0.004308657031934005,140.1171875,2.0,0.0049788495629295,46.5078125,2.0
2026-05-30T06:59:22Z,2.000133342222815,86.42857142857139,0.0,0.01989388299680765,62.33984375,4.0,6.1331111259249385,4.792488262910798,0.0,0.007177321428571441,91.90625,0.0,0.2666577783703309,24.25,0.0,0.0033026404156798806,55.625,5.0,16.266635557629492,4.538931297709922,0.0,0.011352122001755212,85.79296875,5.0,0.19999555644442468,4.800000000000001,0.0,0.005236862147753439,80.62109375,7.0,0.2666577783703309,4.771428208604109,0.0,0.0027452533535000366,71.26953125,5.0,30.26687558785586,3.557071020791221,0.0,0.013662314870305474,54.359375,4.0,4.133564475263368,72.16711631428215,0.0,0.010696596227075094,88.37109375,5.0,1.8666933374816,3.533287403324737,0.0,0.0036737009882040644,53.1328125,5.0,2.8,4.649997083211801,0.0,0.00451360875110863,140.1171875,2.0,0.00391275340026722,46.5078125,2.0
2026-05-30T06:59:27Z,2.8668577905193677,43.611111111111114,0.0,0.022019184315840573,62.33984375,4.0,6.1331111259249385,4.792488262910798,0.0,0.007666142557652,94.078125,0.0,0.2666577783703309,24.25,0.0,0.0032351186954153724,55.625,5.0,16.266635557629492,4.538931297709922,0.0,0.011260442260444063,85.79296875,5.0,0.19999111170366418,4.8,0.0,0.005339584913465232,80.62109375,7.0,0.13332444503699753,4.7666656789611315,0.0,0.0029349052470148407,71.26953125,5.0,33.60101784859712,3.4363489898898054,0.0,0.012762232501119304,54.359375,4.0,4.466666666666667,43.749999999999964,0.0,0.010696596227075094,88.37109375,5.0,1.8666933374816,3.5333180240109443,0.0,0.004429868655748101,58.13671875,5.0,2.8,4.649997083211801,0.0,0.00451360875110863,140.1171875,2.0,0.003497849270023096,46.5078125,2.0
2026-05-30T06:59:32Z,2.8668577905193677,43.611111111111114,0.0,0.022283996860192074,62.33984375,4.0,4.40058674489932,4.793396226415094,0.0,0.007666142557652,94.078125,0.0,0.0,24.25,0.0,0.0032351186954153724,55.625,5.0,14.467537893941415,4.541371331193324,0.0,0.010710548805407817,84.578125,5.0,0.06666666666666667,4.800000000000001,0.0,0.005339584913465232,80.62109375,7.0,0.0,4.76,0.0,0.0029349052470148407,71.26953125,5.0,28.402471371289327,3.2540528320587203,0.0,0.010396114595411786,54.359375,4.0,3.7335555851891367,10.599554640934798,0.0,0.010701276337111392,88.39453125,5.0,1.0000888977787654,2.480027556780301,0.0,0.004429868655748101,58.13671875,5.0,3.200426723563142,4.638352965674962,0.0,0.00451360875110863,140.1171875,2.0,0.004444672177813347,46.50390625,2.0
2026-05-30T06:59:37Z,2.8668577905193677,43.611111111111114,0.0,0.02502998236332052,62.23046875,4.0,4.40058674489932,4.793396226415094,0.0,0.007730597680642295,94.078125,0.0,0.0,24.25,0.0,0.0027419158638584784,55.625,5.0,14.668622482997733,4.5239669421487605,0.0,0.010710548805407817,84.578125,5.0,0.06666666666666667,4.800000000000001,0.0,0.005187327870524044,80.62890625,7.0,0.0,4.76,0.0,0.002817668314949338,71.21875,5.0,28.402471371289327,3.2540528320587203,0.0,0.008816960632666944,54.359375,4.0,3.7335555851891367,10.599554640934798,0.0,0.010701276337111392,88.39453125,5.0,1.0000888977787654,2.480027556780301,0.0,0.004553801025303775,58.13671875,5.0,3.200426723563142,4.638352965674962,0.0,0.003532191202644017,140.109375,2.0,0.004444672177813347,46.50390625,2.0
2026-05-30T06:59:42Z,2.666844456297086,42.499999999999986,0.0,0.021380242889786797,62.23046875,4.0,4.40058674489932,4.793396226415094,0.0,0.007635462710667074,93.77734375,0.0,0.0,24.25,0.0,0.0029893734728688153,55.625,5.0,14.668622482997733,4.5239669421487605,0.0,0.010754331700102843,84.578125,5.0,0.0,4.8,0.0,0.005060792770589324,80.62890625,7.0,0.0,4.8,0.0,0.0027414987587334352,71.21875,5.0,28.069253601215767,3.174117712891564,0.0,0.0077969041015147665,54.359375,4.0,3.467008926523003,6.175000000000002,0.0,0.010656191880971316,88.39453125,5.0,0.8667822376316843,2.519973330962751,0.0,0.004116786442557071,58.13671875,5.0,3.200426723563142,4.638352965674962,0.0,0.0043347008633065716,140.109375,2.0,0.004444672177813347,46.50390625,2.0
2026-05-30T06:59:47Z,2.666844456297086,42.499999999999986,0.0,0.024992247452920065,62.23046875,4.0,5.133502233482233,4.791891888645329,0.0,0.007635462710667074,93.77734375,0.0,0.0,24.25,0.0,0.0029893734728688153,55.625,5.0,17.134417922389652,4.49333031208527,0.0,0.010754331700102843,84.578125,5.0,0.0,4.8,0.0,0.005060792770589324,80.62890625,7.0,0.0,4.800000000000001,0.0,0.0027414987587334352,71.21875,5.0,30.60115563259773,3.068157215112873,0.0,0.012204558587479233,53.9296875,4.0,3.8667866746672,5.62498083218326,0.0,0.010496976288888057,88.40234375,5.0,1.0667377872605237,2.9999585146333922,0.0,0.004116786442557071,58.13671875,5.0,3.9333333333333336,4.637037037037037,0.0,0.0043347008633065716,140.109375,2.0,0.004338519676224446,46.75390625,2.0
2026-05-30T06:59:52Z,2.666844456297086,42.499999999999986,0.0,0.020651718876534175,62.23046875,4.0,5.133502233482233,4.791891888645329,0.0,0.007742211406404353,93.81640625,0.0,0.0,24.25,0.0,0.0029893734728688153,55.625,5.0,16.06619558696087,4.4566839155875035,0.0,0.0086845261352718,84.578125,5.0,0.0,4.8,0.0,0.005060792770589324,80.62890625,7.0,0.0,4.800000000000001,0.0,0.0027657683763160014,70.6640625,5.0,30.60115563259773,3.068157215112873,0.0,0.012204558587479233,53.9296875,4.0,3.8667866746672,5.62498083218326,0.0,0.010496976288888057,88.40234375,5.0,1.0667377872605237,2.9999585146333922,0.0,0.0043302216499587895,58.13671875,5.0,3.9333333333333336,4.637037037037037,0.0,0.004309916918961303,140.11328125,2.0,0.004338519676224446,46.75390625,2.0
2026-05-30T06:59:57Z,2.3333333333333335,41.339285714285694,0.0,0.023602776199935796,62.43359375,4.0,5.133502233482233,4.791891888645329,0.0,0.007742211406404353,93.81640625,0.0,0.0,24.25,0.0,0.003227640541012871,55.5390625,5.0,16.06619558696087,4.4566839155875035,0.0,0.0071748036901178305,84.578125,5.0,0.06666666666666667,4.800000000000001,0.0,0.005113814812193568,80.0078125,7.0,0.06667555674089878,4.800000000000001,0.0,0.0027657683763160014,70.6640625,5.0,25.801551309951908,3.0045078954478104,0.0,0.012184603116589247,53.9296875,4.0,3.8667866746672,5.0277777777777795,0.0,0.01014152350535732,87.93359375,5.0,1.0666311134813236,3.0000029630288076,0.0,0.0043302216499587895,58.13671875,5.0,3.9333333333333336,4.637037037037037,0.0,0.0043662748239060144,140.11328125,2.0,0.004293425127804373,46.5,2.0
2026-05-30T07:00:02Z,2.3333333333333335,41.339285714285694,0.0,0.023000412505422434,62.43359375,4.0,4.066704078201238,4.811764574960529,0.0,0.007742211406404353,93.81640625,0.0,0.13309867198500375,24.25,0.0,0.003227640541012871,55.5390625,5.0,13.666570821316263,4.408155694460383,0.0,0.00994568233414278,84.16796875,5.0,0.13308978191077162,4.8,0.0,0.005113814812193568,80.0078125,7.0,0.13309867198500375,4.8,0.0,0.002687226926205936,70.6640625,5.0,23.13604572359135,2.803397005196701,0.0,0.011588661746453423,53.9296875,4.0,3.4003333697821043,4.9349124016830075,0.0,0.009957088178997497,87.93359375,5.0,1.1995484645633903,2.840154549829395,0.0,0.0043302216499587895,58.13671875,5.0,2.4003200426723565,4.635,0.0,0.0043662748239060144,140.11328125,2.0,0.0028688093794421734,46.5,2.0
2026-05-30T07:00:07Z,2.3333333333333335,41.339285714285694,0.0,0.023000412505422434,62.43359375,4.0,4.066704078201238,4.811764574960529,0.0,0.0045545249999999985,93.81640625,0.0,0.13309867198500375,24.25,0.0,0.003660938358423018,54.7890625,5.0,13.268375501075402,4.550638032120828,0.0,0.00994568233414278,84.16796875,5.0,0.13308978191077162,4.8,0.0,0.005113814812193568,80.0078125,7.0,0.13309867198500375,4.8,0.0,0.002687226926205936,70.6640625,5.0,23.13604572359135,2.803397005196701,0.0,0.011588661746453423,53.9296875,4.0,3.4003333697821043,4.9349124016830075,0.0,0.009957088178997497,87.93359375,5.0,1.1995484645633903,2.840154549829395,0.0,0.002125549999999521,58.13671875,5.0,2.4003200426723565,4.635,0.0,0.0043662748239060144,140.11328125,2.0,0.003219978926336298,46.5,2.0
2026-05-30T07:00:12Z,2.4671600986864037,75.0,0.0,0.02644691856052787,62.43359375,4.0,4.066704078201238,4.811764574960529,0.0,0.005086437068542849,93.81640625,0.0,0.13309867198500375,24.25,0.0,0.003660938358423018,54.7890625,5.0,13.268375501075402,4.550638032120828,0.0,0.010080976587671682,84.16796875,5.0,0.19978312057850517,4.799999999999999,0.0,0.004174220007563683,80.0078125,7.0,0.1997564485774383,4.733305700095483,0.0,0.0029137614678898358,70.6640625,5.0,29.86807666905128,3.0864172246306865,0.0,0.008507905857921995,53.72265625,4.0,3.467128950526737,5.875000000000001,0.0,0.008210614912401335,87.93359375,5.0,1.5330329220470844,3.3667634820970562,0.0,0.0024368965270698886,58.13671875,5.0,2.4003200426723565,4.635,0.0,0.00417462828904477,140.16796875,2.0,0.0038765226699666038,45.96875,2.0
2026-05-30T07:00:17Z,2.4671600986864037,75.0,0.0,0.02644691856052787,62.43359375,4.0,5.467701780216839,4.8836535398006,0.0,0.00852314833340004,93.14453125,0.0,0.2671842234417525,46.25,0.0,0.003660938358423018,54.7890625,5.0,13.670070493820354,4.665878578918745,0.0,0.010080976587671682,84.16796875,5.0,0.2672108954428194,4.8,0.0,0.005429908005480947,79.375,7.0,0.2671842234417525,4.76,0.0,0.0030793948700436227,70.6640625,5.0,33.46846825907043,3.6384157377152366,0.0,0.009651964413972071,53.72265625,4.0,4.066915588745166,7.514691925160536,0.0,0.010642672548233511,83.140625,5.0,1.667817351181856,3.9199934218275323,0.0,0.003545967342898913,57.28125,5.0,3.4000000000000004,4.648192771084338,0.0,0.00417462828904477,140.16796875,2.0,0.004581350758130681,45.96875,2.0
2026-05-30T07:00:22Z,2.4671600986864037,75.0,0.0,0.02866310861846301,61.51171875,4.0,5.467701780216839,4.8836535398006,0.0,0.00852314833340004,93.14453125,0.0,0.2671842234417525,46.25,0.0,0.0042053079790703215,54.7890625,5.0,14.46873689376701,4.691187700641217,0.0,0.01336460912437948,82.97265625,5.0,0.2672108954428194,4.8,0.0,0.005718897615787099,79.375,7.0,0.2671842234417525,4.76,0.0,0.0030793948700436227,70.6640625,5.0,33.46846825907043,3.6384157377152366,0.0,0.010796022970022145,53.72265625,4.0,4.066915588745166,7.514691925160536,0.0,0.010642672548233511,83.140625,5.0,1.667817351181856,3.9199934218275323,0.0,0.003545967342898913,57.28125,5.0,3.4000000000000004,4.648192771084338,0.0,0.004062286897222222,140.16796875,2.0,0.004581350758130681,45.96875,2.0
2026-05-30T07:00:27Z,2.933137790813946,82.49999999999994,0.0,0.02866310861846301,61.51171875,4.0,5.467701780216839,4.8836535398006,0.0,0.00980207667379468,91.33984375,0.0,0.2671842234417525,46.25,0.0,0.0032679273084189673,54.7890625,5.0,14.46873689376701,4.691187700641217,0.0,0.01336460912437948,82.97265625,5.0,0.2671842234417525,4.8,0.0,0.005718897615787099,79.375,7.0,0.2672020035902168,19.00005000333355,0.0,0.0033449916590835575,72.48828125,5.0,33.0037218484379,3.656527348384403,0.0,0.01450637931858477,53.359375,4.0,4.733333333333333,7.837498013776334,0.0,0.010647355076239822,83.08984375,5.0,1.667759561846725,3.86000240014934,0.0,0.0037632840974479516,57.28125,5.0,3.4000000000000004,4.648192771084338,0.0,0.004369798926845768,139.265625,2.0,0.0047852038285607496,45.5,2.0
2026-05-30T07:00:32Z,2.933137790813946,82.49999999999994,0.0,0.03158020247867363,61.9375,4.0,6.0672489514147365,4.88516770731086,0.0,0.00980207667379468,91.33984375,0.0,0.4000400044449779,46.87499999999999,0.0,0.004174632606766075,54.9296875,5.0,17.734635724763006,4.713336290972423,0.0,0.011740151224930426,82.95703125,5.0,0.3333466675556148,4.8,0.0,0.004674269480043388,79.375,7.0,0.333364447704079,21.249999999999993,0.0,0.0033449916590835575,72.48828125,5.0,34.1374938845177,3.818515162084548,0.0,0.01450637931858477,53.359375,4.0,4.733626705782993,7.964288813539234,0.0,0.010815318472821831,83.08984375,5.0,1.8001555706683063,4.200014222896494,0.0,0.0038465574686266683,57.484375,5.0,3.5336889285973734,4.650635670402792,0.0,0.004369798926845768,139.265625,2.0,0.004994951597794055,45.5,2.0
2026-05-30T07:00:37Z,2.933137790813946,82.49999999999994,0.0,0.0306304736268723,61.9375,4.0,6.0672489514147365,4.88516770731086,0.0,0.00980207667379468,91.33984375,0.0,0.4000400044449779,46.87499999999999,0.0,0.004174632606766075,54.9296875,5.0,19.735266877950995,4.724092409240924,0.0,0.0131750004057607,82.95703125,5.0,0.3333466675556148,4.8,0.0,0.004398993742039425,79.375,7.0,0.333364447704079,21.249999999999993,0.0,0.00359976423699856,72.48828125,5.0,34.1374938845177,3.818515162084548,0.0,0.01450637931858477,53.359375,4.0,4.733626705782993,7.964288813539234,0.0,0.010815318472821831,83.08984375,5.0,1.8001555706683063,4.200014222896494,0.0,0.0038465574686266683,57.484375,5.0,3.5336889285973734,4.650635670402792,0.0,0.004426688959419345,139.265625,2.0,0.00430187431386903,45.5,2.0
2026-05-30T07:00:42Z,2.667022269635951,99.99999999999991,0.0,0.03675411807770824,61.9375,4.0,6.0672489514147365,4.88516770731086,0.0,0.010077339102217439,89.921875,0.0,0.4000400044449779,46.87499999999999,0.0,0.005030961885752455,54.8671875,5.0,19.735266877950995,4.724092409240924,0.0,0.017218190169963288,82.95703125,5.0,0.4666977798519901,4.8,0.0,0.0039077824346674,79.375,7.0,0.4666622242962766,67.49916659258595,0.0,0.0051380550443191645,72.390625,5.0,32.93543138018332,3.947426418736717,0.0,0.011805936217434,53.359375,4.0,3.800400046227912,8.076088489931585,0.0,0.011131087772758726,82.96875,5.0,2.066840016298015,4.15,0.0,0.0038728741166417645,57.484375,5.0,3.5336889285973734,4.650635670402792,0.0,0.004426688959419345,139.265625,2.0,0.005181974633004574,44.9453125,2.0
2026-05-30T07:00:47Z,2.667022269635951,99.99999999999991,0.0,0.031235691437885228,61.9375,4.0,5.133506678222992,4.872574706538863,0.0,0.010077339102217439,89.921875,0.0,0.4,79.99999999999994,0.0,0.005030961885752455,54.8671875,5.0,17.933964486521322,4.782575640265037,0.0,0.019114150080573152,83.59375,5.0,0.4666844456297086,4.8,0.0,0.005699900984096298,79.74609375,7.0,0.46664889007399507,79.99999999999999,0.0,0.0051380550443191645,72.390625,5.0,28.733440007111586,4.114197525432942,0.0,0.01719474283672527,53.265625,4.0,3.2667733404449186,8.413789040587805,0.0,0.011748628553301626,82.96875,5.0,2.0667422272595948,4.486739226078856,0.0,0.0041696111754383845,57.109375,5.0,2.7333333333333334,4.761799328970836,0.0,0.004857908113391343,139.30078125,2.0,0.005423994258938826,44.9453125,2.0
2026-05-30T07:00:52Z,2.667022269635951,99.99999999999991,0.0,0.03973026386261021,61.7109375,4.0,5.133506678222992,4.872574706538863,0.0,0.007735943096398821,89.921875,0.0,0.4,79.99999999999997,0.0,0.005030961885752455,54.8671875,5.0,19.400728937484722,4.816236223543282,0.0,0.019114150080573152,83.59375,5.0,0.4666844456297086,4.8,0.0,0.005699900984096298,79.74609375,7.0,0.46664889007399507,79.99999999999999,0.0,0.0076023723374124075,74.6640625,5.0,28.733440007111586,4.114197525432942,0.0,0.017194742836725268,53.265625,4.0,3.2667733404449186,8.413789040587805,0.0,0.011748628553301626,82.96875,5.0,2.0667422272595948,4.486739226078856,0.0,0.0033639946602688265,57.109375,5.0,2.7333333333333334,4.761799328970836,0.0,0.005304157363705955,139.30078125,2.0,0.005423994258938826,44.9453125,2.0
2026-05-30T07:00:57Z,3.6002400160010666,142.85714285714286,0.0,0.041015278150054936,61.7109375,4.0,5.133506678222992,4.872574706538863,0.0,0.006481700000000014,89.921875,0.0,0.4,79.99999999999997,0.0,0.006045579713122308,55.16015625,5.0,19.400728937484722,4.816236223543282,0.0,0.019114150080573152,83.59375,5.0,0.33332444503699754,4.8,0.0,0.005773873625108114,79.5234375,7.0,0.3333511134817976,299.87539218085954,0.0,0.008951690482862555,74.6640625,5.0,30.068862515002,4.131783056417137,0.0,0.017194742836725268,53.265625,4.0,4.133333333333334,8.525864585887687,0.0,0.01067681907094767,83.2109375,5.0,1.9333333333333333,4.575041600576083,0.0,0.0037409402821089407,57.109375,5.0,2.7333333333333334,4.761799328970836,0.0,0.005387212921338402,138.41015625,2.0,0.005633798876670498,44.9453125,2.0
2026-05-30T07:01:02Z,3.6002400160010666,142.85714285714286,0.0,0.041015278150054936,61.7109375,4.0,6.667555674089879,4.887058952514237,0.0,0.011483411894720205,90.265625,0.0,0.40005334044539276,399.9999999999999,0.0,0.006045579713122308,55.16015625,5.0,20.001937987580288,4.836628084595121,0.0,0.01346540000000118,83.59375,5.0,0.3333511152596939,4.8,0.0,0.005773873625108114,79.5234375,7.0,0.33337778370449395,400.0000000000001,0.0,0.008951690482862555,74.6640625,5.0,34.60428501577988,4.231635394877604,0.0,0.013742240486741874,53.265625,4.0,4.866986709339024,8.959473971878701,0.0,0.01285043434470327,83.2109375,5.0,2.200160021336178,4.728210122276389,0.0,0.005090245610863828,57.3515625,5.0,3.2005289798680723,4.95056179775281,0.0,0.005387212921338402,138.41015625,2.0,0.005633798876670498,44.9453125,2.0
2026-05-30T07:01:07Z,3.6002400160010666,142.85714285714286,0.0,0.04535704814271058,60.26953125,4.0,6.667555674089879,4.887058952514237,0.0,0.011483411894720205,90.265625,0.0,0.40005334044539276,399.9999999999999,0.0,0.005795166949692151,55.16015625,5.0,16.202160288038407,4.901321582625311,0.0,0.014747222497477792,83.59375,5.0,0.3333511152596939,4.8,0.0,0.005773873625108114,79.5234375,7.0,0.33337778370449395,400.0000000000001,0.0,0.011511033781805078,69.61328125,5.0,34.60428501577988,4.231635394877604,0.0,0.01232794229891563,53.265625,4.0,4.866986709339024,8.959473971878701,0.0,0.014774058334945531,83.49609375,5.0,2.200160021336178,4.728210122276389,0.0,0.005090245610863828,57.3515625,5.0,3.2005289798680723,4.95056179775281,0.0,0.005387212921338402,138.41015625,2.0,0.005954346180254996,44.95703125,2.0
2026-05-30T07:01:12Z,2.3336444859314573,308.92857142857116,0.0,0.04872598522167099,60.26953125,4.0,6.667555674089879,4.887058952514237,0.0,0.011993063005077582,89.94921875,0.0,0.40005334044539276,399.9999999999999,0.0,0.005137899999999718,55.16015625,5.0,16.202160288038407,4.901321582625311,0.0,0.013109633870870815,83.59375,5.0,0.26670667288989647,4.8,0.0,0.006706688097151501,80.1171875,7.0,0.26669333688936303,406.249861104938,0.0,0.014829325556680945,69.61328125,5.0,30.06815592211175,4.443221340165014,0.0,0.011667560152010908,53.265625,4.0,4.200560074676623,9.597821959357283,0.0,0.014774058334945531,83.49609375,5.0,1.8002400320042673,5.499984720948964,0.0,0.005090245610863828,57.3515625,5.0,3.2005289798680723,4.95056179775281,0.0,0.005685535610884707,138.4609375,2.0,0.006173829194541119,44.95703125,2.0
2026-05-30T07:01:17Z,2.3336444859314573,308.92857142857116,0.0,0.04872598522167099,60.26953125,4.0,4.133195564740129,4.9982686099183695,0.0,0.011855919054175131,89.94921875,0.0,0.0,456.25,0.0,0.010013601894705584,53.9140625,5.0,12.200951237942837,5.750082385664937,0.0,0.023486925370965743,82.94140625,5.0,0.0666800026672001,4.8,0.0,0.005516540007732832,80.1171875,7.0,0.06666666666666667,412.49999999999983,0.0,0.014829325556680945,69.61328125,5.0,25.73273342133387,4.577174161793108,0.0,0.025436472434761968,52.390625,4.0,3.600240032004267,16.340860878718146,0.0,0.016109535752676925,83.49609375,5.0,1.2000800106680891,9.036161193630676,0.0,0.00456768139482991,57.3515625,5.0,2.333333333333333,7.000004166898149,0.0,0.005685535610884707,138.4609375,2.0,0.006173829194541119,44.95703125,2.0
2026-05-30T07:01:22Z,2.3336444859314573,308.92857142857116,0.0,0.0511254731150486,60.26953125,4.0,4.133195564740129,4.9982686099183695,0.0,0.011855919054175131,89.94921875,0.0,0.0,456.25,0.0,0.010013601894705584,53.9140625,5.0,10.332631204728258,20.536461886728702,0.0,0.02615610771113904,82.94140625,5.0,0.0666800026672001,4.8,0.0,0.006185268264401014,80.1171875,7.0,0.06666666666666667,412.49999999999983,0.0,0.012598706644959197,69.61328125,5.0,25.73273342133387,4.577174161793108,0.0,0.025436472434761968,52.390625,4.0,3.600240032004267,16.340860878718146,0.0,0.013438127237778848,83.49609375,5.0,1.2000800106680891,9.036161193630676,0.0,0.00410562969414964,57.3515625,5.0,2.333333333333333,7.000004166898149,0.0,0.005685535610884707,138.4609375,2.0,0.005069862786929466,44.95703125,2.0
2026-05-30T07:01:27Z,1.732293956959158,1235.714285714285,0.0,0.03939175098953565,60.26953125,4.0,4.133195564740129,4.9982686099183695,0.0,0.011105516343126934,89.94921875,0.0,0.0,456.25,0.0,0.010013601894705584,53.9140625,5.0,10.332631204728258,20.536461886728702,0.0,0.02615610771113904,82.94140625,5.0,0.0,4.8,0.0,0.00519000000000176,80.1171875,7.0,0.0666800026672001,1675.6991454888466,0.0,0.013034943188126487,69.61328125,5.0,24.431591286823654,4.782581785403752,0.0,0.03005606780292318,52.390625,4.0,3.4598061346434736,61.962946341290106,0.0,0.013491774851039253,83.49609375,5.0,1.2666666666666666,163.8164188214401,0.0,0.0036435779934693695,57.3515625,5.0,2.333333333333333,7.000004166898149,0.0,0.0038299999999992455,138.4609375,2.0,0.003753599999998869,44.95703125,2.0
2026-05-30T07:01:32Z,1.732293956959158,1235.714285714285,0.0,0.029407133333324963,60.26953125,4.0,2.2594780461799835,86.0424389663662,0.0,0.009980975419727147,89.94921875,0.0,0.0,481.25,0.0,0.011073579339901045,53.9140625,5.0,8.390759154523359,77.01600552251534,0.0,0.02729858971105757,82.94140625,5.0,0.0,4.799999999999999,0.0,0.005692014302282565,80.1171875,7.0,0.1333555594080989,2200.0,0.0,0.011631412197992002,69.61328125,5.0,18.94800213783731,7.235448410236197,0.0,0.03005606780292318,52.390625,4.0,2.5238805779801305,176.3759150672326,0.0,0.012000089174861703,83.49609375,5.0,1.0658868396366663,679.0822911887736,0.0,0.0035321670666228874,57.3515625,5.0,1.528689663209406,78.12500000000003,0.0,0.004191199489863585,138.4609375,2.0,0.004243329164052121,44.95703125,2.0
2026-05-30T07:01:37Z,1.732293956959158,1235.714285714285,0.0,0.0337873222436875,60.26953125,4.0,2.2594780461799835,86.0424389663662,0.0,0.008856434496327361,89.94921875,0.0,0.0,481.25,0.0,0.008448864196861,53.9140625,5.0,3.858323557512714,131.1649699441704,0.0,0.02729858971105757,82.94140625,5.0,0.0,4.799999999999999,0.0,0.005023286045614383,80.1171875,7.0,0.1333555594080989,2200.0,0.0,0.010227881207857519,69.61328125,5.0,18.94800213783731,7.235448410236197,0.0,0.03005606780292318,52.390625,4.0,2.5238805779801305,176.3759150672326,0.0,0.01050840349868416,83.49609375,5.0,1.0658868396366663,679.0822911887736,0.0,0.0030221363006566067,57.3515625,5.0,1.528689663209406,78.12500000000003,0.0,0.003723778603594623,138.4609375,2.0,0.0036828059134475064,44.95703125,2.0
2026-05-30T07:01:42Z,0.26670222696359513,2049.9999999999995,0.0,0.02905095880255154,60.26953125,4.0,2.2594780461799835,86.0424389663662,0.0,0.005387766666666671,89.94921875,0.0,0.0,481.25,0.0,0.009318614098954774,53.9140625,5.0,3.858323557512714,131.1649699441704,0.0,0.02729858971105757,82.94140625,5.0,0.0666800026672001,2125.289658846248,0.0,0.004354557788946201,80.1171875,7.0,0.06667555674089878,2275.044140672715,0.0,0.009930499388453341,69.61328125,5.0,6.649544235000683,41.650698920574726,0.0,0.03005606780292318,52.390625,4.0,1.064034451335057,233.74838159569092,0.0,0.010402821262279949,83.49609375,5.0,0.46574492017596025,818.7509043988132,0.0,0.0025121055346903247,57.3515625,5.0,1.528689663209406,78.12500000000003,0.0,0.003256357717325662,138.4609375,2.0,0.002546399999998054,44.95703125,2.0
2026-05-30T07:01:47Z,0.26670222696359513,2049.9999999999995,0.0,0.024314595361415576,60.26953125,4.0,0.0,148.75055439130324,0.0,0.006401952279392742,89.94921875,0.0,0.13334222340756546,27999.999999999996,0.0,0.00818781039308576,53.9140625,5.0,0.7335289410509469,163.74320007116137,0.0,0.02729858971105757,82.94140625,5.0,0.13334666933386677,2350.0,0.0,0.004532637911782943,80.1171875,7.0,0.0,2350.0,0.0,0.008371135132929364,69.61328125,5.0,1.266528947839984,71.52345718952846,0.0,0.03005606780292318,52.390625,4.0,0.2666355647392991,306.26710947846664,0.0,0.008643537424313409,83.49609375,5.0,0.06652474720596062,871.8667109123446,0.0,0.0025121055346903247,57.3515625,5.0,0.0,92.1882977955867,0.0,0.0027876503342654907,138.4609375,2.0,0.0027657089465509465,44.95703125,2.0
2026-05-30T07:01:52Z,0.26670222696359513,2049.9999999999995,0.0,0.024314595361415576,60.26953125,4.0,0.0,148.75055439130324,0.0,0.005240094549153229,89.94921875,0.0,0.13334222340756546,27999.999999999996,0.0,0.007057006687216747,53.9140625,5.0,0.599960002666489,242.5347090959519,0.0,0.02729858971105757,82.94140625,5.0,0.13334666933386677,2350.0,0.0,0.0037042898221279893,80.1171875,7.0,0.0,2350.0,0.0,0.008371135132929364,69.61328125,5.0,1.266528947839984,71.52345718952846,0.0,0.03005606780292318,52.390625,4.0,0.2666355647392991,306.26710947846664,0.0,0.006884253586346868,83.49609375,5.0,0.06652474720596062,871.8667109123446,0.0,0.0025121055346903247,57.3515625,5.0,0.0,92.1882977955867,0.0,0.0023195074665701425,138.4609375,2.0,0.0021493262974421994,44.95703125,2.0
2026-05-30T07:01:57Z,0.0,2281.818181818181,0.0,0.024314595361415576,60.26953125,4.0,0.0,148.75055439130324,0.0,0.004078236818913716,89.94921875,0.0,0.13334222340756546,27999.999999999996,0.0,0.007057006687216747,53.9140625,5.0,0.599960002666489,242.5347090959519,0.0,0.02729858971105757,82.94140625,5.0,0.06666666666666667,2387.5237360221204,0.0,0.0037042898221279893,80.1171875,7.0,0.0,2387.524569410667,0.0,0.008371135132929364,69.61328125,5.0,0.9335156038705674,94.20752716072352,0.0,0.03005606780292318,52.390625,4.0,0.1333822474219741,412.4957916662047,0.0,0.006884253586346868,83.49609375,5.0,0.0,899.9975041053851,0.0,0.0025121055346903247,57.3515625,5.0,0.0,92.1882977955867,0.0,0.0023195074665701425,138.4609375,2.0,0.0021493262974421994,44.95703125,2.0
2026-05-30T07:02:02Z,0.0,2281.818181818181,0.0,0.024314595361415576,60.26953125,4.0,1.200400138716463,425.03250757746923,0.0,0.004078236818913716,89.94921875,0.0,0.0,29000.0,0.0,0.007057006687216747,53.9140625,5.0,1.8671335387475883,17811.46568668808,0.0,0.02729858971105757,82.94140625,5.0,0.0,2425.0,0.0,0.0037042898221279893,80.1171875,7.0,0.0,2425.0,0.0,0.008371135132929364,69.61328125,5.0,0.7335600827013495,1253.1488233911696,0.0,0.03005606780292318,52.390625,4.0,0.06670669068107532,462.5043936080863,0.0,0.006884253586346868,83.49609375,5.0,0.0,921.8858832753226,0.0,0.0025121055346903247,57.3515625,5.0,0.0,148.75541161582527,0.0,0.0023195074665701425,138.4609375,2.0,0.0021493262974421994,44.95703125,2.0
2026-05-30T07:02:07Z,0.0,2281.818181818181,0.0,0.024314595361415576,60.26953125,4.0,1.200400138716463,425.03250757746923,0.0,0.004078236818913716,89.94921875,0.0,0.0,29000.0,0.0,0.007057006687216747,53.9140625,5.0,2.000604660230986,22376.007989382197,0.0,,82.94140625,5.0,0.0,2425.0,0.0,0.0037042898221279893,80.1171875,7.0,0.0,2425.0,0.0,0.008371135132929364,69.61328125,5.0,0.7335600827013495,1253.1488233911696,0.0,,52.390625,4.0,0.06670669068107532,462.5043936080863,0.0,0.006884253586346868,83.49609375,5.0,0.0,921.8858832753226,0.0,,57.3515625,5.0,0.0,148.75541161582527,0.0,0.0023195074665701425,138.4609375,2.0,0.0021493262974421994,44.95703125,2.0
2026-05-30T07:02:12Z,0.06667111140742715,52500.0,0.0,,60.26953125,4.0,1.200400138716463,425.03250757746923,0.0,0.004078236818913716,89.94921875,0.0,0.0,29000.0,0.0,0.007057006687216747,53.9140625,5.0,2.000604660230986,22376.007989382197,0.0,,82.94140625,5.0,0.0,2425.0,0.0,0.0037042898221279893,80.1171875,7.0,0.0,2425.0,0.0,,69.61328125,5.0,4.000177829944263,2340.7466133126572,0.0,,52.390625,4.0,0.5334044539271903,4462.746072281129,0.0,0.006884253586346868,83.49609375,5.0,0.0,941.6795305964296,0.0,,57.3515625,5.0,0.0,148.75541161582527,0.0,0.0023195074665701425,138.4609375,2.0,0.0021493262974421994,44.95703125,2.0
2026-05-30T07:02:17Z,0.06667111140742715,52500.0,0.0,,60.26953125,4.0,0.5332622411801298,974.9966663703439,0.0,0.004078236818913716,89.94921875,0.0,0.0,29000.0,0.0,,53.9140625,5.0,0.9333778050349839,26736.825852455157,0.0,,82.94140625,5.0,0.0,2425.0,0.0,,80.1171875,7.0,0.0,0.0,0.0,,69.61328125,5.0,6.73260466720365,3140.575166671282,0.0,,52.390625,4.0,1.0665956029541164,4805.552468724225,0.0,,83.49609375,5.0,0.0,962.5,0.0,,57.3515625,5.0,1.0665600402863435,232.856952359786,0.0,,138.4609375,2.0,,44.95703125,2.0
2026-05-30T07:02:22Z,0.06667111140742715,52500.0,0.0,,60.26953125,4.0,0.5332622411801298,974.9966663703439,0.0,,89.94921875,0.0,0.0,29000.0,0.0,,53.9140625,5.0,0.3999466808850973,27631.593167843523,0.0,,82.94140625,5.0,0.0,2425.0,0.0,,80.1171875,7.0,0.0,0.0,0.0,,69.61328125,5.0,6.73260466720365,3140.575166671282,0.0,,52.390625,4.0,1.0665956029541164,4805.552468724225,0.0,,83.49609375,5.0,0.0,962.5,0.0,,57.3515625,5.0,1.0665600402863435,232.856952359786,0.0,,138.4609375,2.0,,44.95703125,2.0
2026-05-30T07:02:27Z,0.7995735607675907,57833.33333333333,0.0,,60.26953125,4.0,0.5332622411801298,974.9966663703439,0.0,,89.94921875,0.0,0.0,29000.0,0.0,,53.9140625,5.0,0.3999466808850973,27631.593167843523,0.0,,82.94140625,5.0,0.0,2425.0,0.0,,80.1171875,7.0,0.0,0.0,0.0,,69.61328125,5.0,3.599240215943304,2487.754589690138,0.0,,52.390625,4.0,0.5331911490269262,4875.0,0.0,,83.49609375,5.0,0.0,0.0,0.0,,57.3515625,5.0,1.0665600402863435,232.856952359786,0.0,,138.4609375,2.0,,44.95703125,2.0
2026-05-30T07:02:32Z,0.7995735607675907,57833.33333333333,0.0,,60.26953125,4.0,0.0,891.6666666666666,0.0,,89.94921875,0.0,0.0,0.0,0.0,,53.9140625,5.0,0.8665777896280495,27578.943120905646,0.0,,82.94140625,5.0,0.0,0.0,0.0,,80.1171875,7.0,0.0,0.0,0.0,,69.61328125,5.0,0.8666711185180642,2396.5019507369498,0.0,,52.390625,4.0,0.0,4875.0,0.0,,83.49609375,5.0,0.0,0.0,0.0,,57.3515625,5.0,0.0,232.85638088465004,0.0,,138.4609375,2.0,,44.95703125,2.0
2026-05-30T07:02:37Z,0.7995735607675907,57833.33333333333,0.0,,60.26953125,4.0,0.0,891.6666666666666,0.0,,89.94921875,0.0,0.0,0.0,0.0,,53.9140625,5.0,1.3332000148130372,27761.903048606917,0.0,,82.94140625,5.0,0.0,0.0,0.0,,80.1171875,7.0,0.0,0.0,0.0,,69.61328125,5.0,0.8666711185180642,2396.5019507369498,0.0,,52.390625,4.0,0.0,4875.0,0.0,,83.49609375,5.0,0.0,0.0,0.0,,57.3515625,5.0,0.0,232.85638088465004,0.0,,138.4609375,2.0,,44.95703125,2.0
2026-05-30T07:02:42Z,0.06409023905659168,132000.0,0.0,,60.26953125,4.0,0.0,891.6666666666666,0.0,,89.94921875,0.0,0.0,0.0,0.0,,53.9140625,5.0,1.3332000148130372,27761.903048606917,0.0,,82.94140625,5.0,0.0,0.0,0.0,,80.1171875,7.0,0.0,0.0,0.0,,69.61328125,5.0,0.26663111585121985,2337.058884954455,0.0,,52.390625,4.0,0.0,4875.0,0.0,,83.49609375,5.0,0.0,0.0,0.0,,57.3515625,5.0,0.0,232.85638088465004,0.0,,138.4609375,2.0,,44.95703125,2.0
2026-05-30T07:02:47Z,0.06409023905659168,132000.0,0.0,,60.26953125,4.0,1.1996007779776803,2391.666666666666,0.0,0.004324009758317102,89.94921875,0.0,0.0,0.0,0.0,,53.9140625,5.0,0.7333155691892561,27913.040453648206,0.0,,82.94140625,5.0,0.0,0.0,0.0,,80.1171875,7.0,0.0,0.0,0.0,,69.61328125,5.0,0.0,2305.6827856820705,0.0,,52.390625,4.0,0.0,4875.0,0.0,,83.49609375,5.0,0.0,0.0,0.0,,57.3515625,5.0,0.0,232.8567618878299,0.0,,138.4609375,2.0,,44.95703125,2.0
2026-05-30T07:02:52Z,0.06409023905659168,132000.0,0.0,,60.26953125,4.0,1.1996007779776803,2391.666666666666,0.0,0.004324009758317102,89.94921875,0.0,0.0,0.0,0.0,0.006332197393364232,53.9140625,5.0,0.06669334400426838,28391.307330430234,0.0,0.012686592620598484,83.50390625,5.0,0.0,0.0,0.0,,80.1171875,7.0,0.0,0.0,0.0,0.011542539322184681,69.61328125,5.0,0.0,2305.6827856820705,0.0,0.008203495703977133,52.390625,4.0,0.0,4875.0,0.0,,83.49609375,5.0,0.0,0.0,0.0,,57.3515625,5.0,0.0,232.8567618878299,0.0,0.003476164446516872,138.4609375,2.0,0.006001062467053377,44.95703125,2.0
2026-05-30T07:02:57Z,2.0833333333333335,56166.66666666666,0.6976744186046512,,60.26953125,4.0,1.1996007779776803,2391.666666666666,0.0,0.004324009758317102,94.6328125,0.0,0.0,0.0,0.0,0.006332197393364232,53.9140625,5.0,0.06669334400426838,28391.307330430234,0.0,0.012686592620598484,83.50390625,5.0,0.0,0.0,0.0,0.04903827103872702,81.015625,7.0,0.0,0.0,0.0,0.011542539322184681,71.58984375,5.0,0.0,2237.5,0.0,0.008203495703977133,52.390625,4.0,0.0,4875.0,0.0,,83.49609375,5.0,0.0,0.0,0.0,,57.3515625,5.0,0.0,232.8567618878299,0.0,0.003476164446516872,138.4609375,2.0,0.006001062467053377,46.91015625,2.0
2026-05-30T07:03:02Z,2.0833333333333335,56166.66666666666,0.6976744186046512,0.017545144236177014,60.26953125,4.0,0.0,2408.3453779986585,0.0,0.004324009758317102,94.6328125,0.0,0.0,0.0,0.0,0.006332197393364232,47.80859375,5.0,0.0,28799.994444629625,0.0,0.012686592620598484,83.50390625,5.0,0.0,0.0,0.0,0.04903827103872702,81.015625,7.0,0.0,0.0,0.0,0.011542539322184681,71.58984375,5.0,0.0,2282.4944001991043,0.0,0.008203495703977133,44.54296875,4.0,0.0,0.0,0.0,,83.49609375,5.0,0.0,0.0,0.0,,57.3515625,5.0,0.0,0.0,0.0,0.003476164446516872,141.31640625,2.0,0.006001062467053377,46.91015625,2.0
2026-05-30T07:03:07Z,2.0833333333333335,56166.66666666666,0.6976744186046512,0.017545144236177014,50.5,4.0,0.0,2408.3453779986585,0.0,0.004324009758317102,94.34375,0.0,0.0,0.0,0.0,0.006332197393364232,47.80859375,5.0,0.0,28950.003888845677,0.0,0.012686592620598484,83.50390625,5.0,0.0,0.0,0.0,0.04903827103872702,81.015625,7.0,0.0,0.0,0.0,0.011542539322184681,71.58984375,5.0,0.0,2282.4944001991043,0.0,0.008203495703977133,44.54296875,4.0,0.0,0.0,0.0,,46.06640625,5.0,0.0,0.0,0.0,0.011811197056491684,49.1328125,5.0,0.0,0.0,0.0,0.003476164446516872,141.31640625,2.0,0.006001062467053377,46.91015625,2.0
2026-05-30T07:03:12Z,2.0688734650293648,27375.000000000015,0.9838709677419356,0.017545144236177014,50.5,4.0,0.0,2408.3453779986585,0.0,0.0055075998709049265,94.34375,0.0,0.0,0.0,0.0,0.006332197393364232,54.05859375,5.0,0.0,28950.003888845677,0.0,0.012686592620598484,49.015625,5.0,0.0,0.0,0.0,0.04903827103872702,81.015625,7.0,0.0,0.0,0.0,0.011542539322184681,45.796875,5.0,0.0,2387.5,0.0,0.008203495703977133,52.07421875,4.0,0.0,0.0,0.0,0.07664993319627804,46.06640625,5.0,0.0,0.0,0.0,0.011811197056491684,49.1328125,5.0,0.0,0.0,0.0,0.003476164446516872,142.75,2.0,0.006001062467053377,48.43359375,2.0
2026-05-30T07:03:17Z,2.0688734650293648,27375.000000000015,0.9838709677419356,0.017545144236177014,50.5,5.0,0.0,2425.0,0.0,0.006691189983492751,94.34375,0.0,0.0,0.0,0.0,0.00786437833446088,54.05859375,6.0,0.0,29000.0,0.0,0.014551554932155606,49.015625,6.0,0.0,0.0,0.0,0.04903827103872702,62.0703125,8.0,0.0,0.0,0.0,0.013724535072989928,45.796875,6.0,0.0,0.0,0.0,0.010289678269899656,52.07421875,4.0,0.0,0.0,0.0,0.07664993319627804,46.06640625,6.0,0.0,0.0,0.0,0.011811197056491684,49.1328125,5.0,0.0,0.0,0.0,0.0043832344688316364,142.75,2.0,0.007155623612762705,48.43359375,2.0
2026-05-30T07:03:22Z,2.0688734650293648,27375.000000000015,0.9838709677419356,0.017545144236177014,64.46484375,5.0,0.0,2425.0,0.0,0.005592699999999991,94.34375,0.0,0.0,0.0,0.0,0.00939655927555753,54.05859375,6.0,1.8001200080005333,26402.60028892099,0.0,0.016416517243712733,49.015625,6.0,0.0,0.0,0.0,0.05651213613234064,62.0703125,8.0,0.0,0.0,0.0,0.015906530823795176,45.796875,6.0,0.0,0.0,0.0,0.01237586083582218,52.07421875,4.0,0.0,0.0,0.0,0.07664993319627804,46.06640625,6.0,0.0,0.0,0.0,0.011811197056491684,49.1328125,5.0,0.0,0.0,0.0,0.0052903044911464005,142.75,2.0,0.008310184758472033,48.43359375,2.0
2026-05-30T07:03:27Z,2.4011205229106913,22749.999999999975,0.8041237113402062,0.020628107553024144,64.46484375,5.0,0.0,2425.0,0.0,0.008411448785390916,95.44921875,0.0,0.0,0.0,0.0,0.014031735238490195,56.94140625,6.0,1.8001200080005333,26402.60028892099,0.0,0.05656274478684137,74.41015625,6.0,0.0,0.0,0.0,0.07236927131452618,48.53125,8.0,0.06667111140742715,487.5,0.0,0.04678696909022,75.98046875,6.0,1.7382002941569727,42.91666666666666,0.0,0.01034830000000208,52.07421875,4.0,0.0,0.0,0.0,0.07664993319627804,46.06640625,6.0,0.33377837116154874,0.0,0.0,0.011811197056491684,54.02734375,5.0,0.0,0.0,0.0,0.0064553634173338415,143.8359375,2.0,0.008783068406685988,49.87109375,2.0
2026-05-30T07:03:32Z,2.4011205229106913,22749.999999999975,0.8041237113402062,0.023711070869871266,64.46484375,5.0,4.809535272007871,19.93739153531007,0.0,0.009469239852354901,95.44921875,0.0,0.1333422228148543,2425.0,0.0,0.01593621560746175,56.94140625,6.0,8.93392892859524,202.90439917755805,0.0,0.07020032862838163,74.41015625,6.0,0.0,0.0,0.0,0.08121501876320776,48.53125,9.0,0.1333422228148543,487.5,0.0,0.05231917467720151,75.98046875,6.0,10.00541810867794,32.542645842581884,0.0,0.01786914315239788,55.296875,5.0,1.8667911194079605,1808.5018749999995,0.0,0.07664993319627804,82.046875,6.0,1.0004894852358202,18.999131963765045,0.0,0.013774233397485515,54.02734375,6.0,2.0031926320171625,39.37508342046137,0.0,0.007400954824337686,143.8359375,2.0,0.00984329406733747,49.87109375,2.0
2026-05-30T07:03:37Z,2.4011205229106913,22749.999999999975,0.8041237113402062,0.029306558428117493,64.45703125,5.0,4.809535272007871,19.93739153531007,0.0,0.010527030919318886,95.44921875,0.0,0.1333422228148543,2425.0,0.0,0.01784069597643331,56.94140625,6.0,14.467631175411693,156.6751976530819,0.0,0.06015613968733904,75.84375,6.0,0.0,0.0,0.0,0.10614896938417896,48.53125,9.0,0.1333422228148543,487.5,0.0,0.051469663075236816,73.72265625,6.0,10.00541810867794,32.542645842581884,0.0,0.020062443036700715,55.296875,5.0,1.8667911194079605,1787.4999999999977,0.0,0.08634877328185035,82.046875,6.0,1.0004894852358202,18.999131963765045,0.0,0.010333075819224564,53.52734375,6.0,2.0031926320171625,39.37508342046137,0.0,0.006664150000000291,143.8359375,2.0,0.012722707927817803,49.87109375,2.0
2026-05-30T07:03:42Z,2.3336444859314573,1734.999999999997,0.47058823529411764,0.032792778263970826,64.45703125,5.0,4.809535272007871,19.93739153531007,0.0,0.012044589308996094,95.5546875,0.0,0.1333422228148543,2425.0,0.0,0.019295338082253786,56.94140625,6.0,14.467631175411693,156.6751976530819,0.0,0.06015613968733904,75.84375,6.0,0.0,0.0,0.0,0.10614896938417896,48.53125,9.0,0.06667111140742715,487.5,0.0,0.05146966307523682,73.72265625,6.0,25.735155691270204,5.501551079795774,0.0,0.020619230693129806,56.76953125,5.0,3.4670044811895315,1806.2541717654904,0.0,0.11638608102686783,82.046875,6.0,1.2001155680014617,18.249749347665563,0.0,0.01166326071771707,53.52734375,6.0,2.0031926320171625,39.37508342046137,0.0,0.006664150000000291,143.8359375,2.0,0.01102757491258337,50.41796875,2.0
2026-05-30T07:03:47Z,2.3336444859314573,1734.999999999997,0.47058823529411764,0.04183463803024004,64.45703125,5.0,4.600142231704336,13.561378744047392,0.0,0.012044589308996094,95.5546875,0.0,0.1333377780740938,2387.449454723686,0.0,0.016784909861687774,57.5625,6.0,14.800964508745027,112.06000205358399,0.0,0.06015613968733904,75.84375,6.0,0.06666666666666667,242.5,0.0,0.10222516255262035,84.15625,9.0,0.06666666666666667,925.096115382906,0.0,0.05146966307523682,73.72265625,6.0,28.735337925641385,4.838127181765589,0.0,0.02472338053859335,56.76953125,5.0,3.1336489241523955,1366.8454526679723,0.0,0.08153819870802352,81.38671875,6.0,1.2001066785199408,14.870044583474229,0.0,0.012993445616209572,53.52734375,6.0,2.5999955671110913,4.904344587116198,0.0,0.008929479897538844,142.765625,2.0,0.01102757491258337,50.41796875,2.0
2026-05-30T07:03:52Z,2.3336444859314573,1734.999999999997,0.47058823529411764,0.03333244509456092,64.45703125,5.0,4.600142231704336,13.561378744047392,0.0,0.012044589308996094,95.5546875,0.0,0.1333377780740938,2387.449454723686,0.0,0.016784909861687774,57.5625,6.0,16.40107118252328,82.29166236422857,0.0,0.060439949999999965,75.84375,6.0,0.06666666666666667,242.5,0.0,0.10222516255262035,84.15625,9.0,0.06666666666666667,925.096115382906,0.0,0.05146966307523682,73.72265625,6.0,28.735337925641385,4.838127181765589,0.0,0.02472338053859335,56.76953125,5.0,3.1336489241523955,1356.307367519274,0.0,0.08153819870802352,81.38671875,6.0,1.2001066785199408,14.870044583474229,0.0,0.01596221878191007,53.52734375,6.0,2.5999955671110913,4.904344587116198,0.0,0.008929479897538844,142.765625,2.0,0.01102757491258337,50.41796875,2.0
2026-05-30T07:03:57Z,2.6,1699.9999999999993,0.15454545454545454,0.029846225258707584,64.45703125,5.0,4.600142231704336,13.561378744047392,0.0,0.011299178530710103,95.5546875,0.0,0.1333377780740938,2387.449454723686,0.0,0.016784909861687774,57.5625,6.0,16.40107118252328,82.29166236422857,0.0,0.06613502353026139,75.84375,6.0,0.2,227.5576692297435,0.0,0.11008407278806799,84.15625,9.0,0.20001778014846422,937.5239362294315,0.0,0.05016500918258158,73.72265625,6.0,25.401555659266172,4.701088921981546,0.0,0.019610104710812884,56.76953125,5.0,3.3334355623708247,208.74874841465925,0.0,0.08153819870802352,81.38671875,6.0,1.6000355579260839,9.892674022344817,0.0,0.012423328368715686,53.52734375,6.0,2.5999955671110913,4.904344587116198,0.0,0.008929479897538844,142.765625,2.0,0.007948670564007335,50.41796875,2.0
2026-05-30T07:04:02Z,2.6,1699.9999999999993,0.15454545454545454,0.026360005422854247,64.45703125,5.0,4.4528943004871175,6.247738702700536,0.0,0.008890899866620878,95.5546875,0.0,0.13316933957220406,2274.9999999999995,0.0,0.016242619661794584,57.5625,6.0,15.717021873026752,69.83340244507475,0.0,0.058859763527372475,75.84375,6.0,0.20000889007423212,220.00033334814879,0.0,0.09231650344007382,84.15625,9.0,0.20002667022269635,924.9999999999999,0.0,0.04482356128124565,73.72265625,6.0,23.17785539716032,4.660513985637307,0.0,0.017526257424640992,56.76953125,5.0,3.0633818737948,113.38449723262512,0.0,0.08153819870802352,81.38671875,6.0,1.5321409266342678,11.496044802360641,0.0,0.011093143470223181,53.52734375,6.0,2.0601765863752584,4.887843500774498,0.0,0.006847489765263796,142.765625,2.0,0.007138685129470981,50.41796875,2.0
2026-05-30T07:04:07Z,2.6,1699.9999999999993,0.15454545454545454,0.025603340727264327,64.45703125,5.0,4.4528943004871175,6.247738702700536,0.0,0.007589150621118003,95.5546875,0.0,0.13316933957220406,2274.9999999999995,0.0,0.012364017441721888,57.5625,6.0,10.116870781476452,52.87525233381839,0.0,0.051584503524483565,75.84375,6.0,0.20000889007423212,220.00033334814879,0.0,0.08314283070773483,84.15625,9.0,0.20002667022269635,924.9999999999999,0.0,0.03948211337990973,73.72265625,6.0,23.17785539716032,4.660513985637307,0.0,0.01547784024083536,56.76953125,5.0,3.0633818737948,111.3348966958221,0.0,0.00510263333333872,81.38671875,6.0,1.5321409266342678,11.496044802360641,0.0,0.0022816333333347907,53.52734375,6.0,2.0601765863752584,4.887843500774498,0.0,0.006161471655233861,142.765625,2.0,0.006328699694934625,50.41796875,2.0
2026-05-30T07:04:12Z,0.6663113006396588,1962.5000000000023,0.0,0.02152416717354666,64.45703125,5.0,4.4528943004871175,6.247738702700536,0.0,0.006682896815247832,95.5546875,0.0,0.13316933957220406,2274.9999999999995,0.0,0.005092691904761561,57.5625,6.0,10.116870781476452,52.87525233381839,0.0,0.008561133333326627,75.84375,6.0,0.06667555674089878,220.00033334814879,0.0,0.07396915797539581,84.15625,9.0,0.06667555674089878,937.4997222098759,0.0,0.0031787999999986975,73.72265625,6.0,12.168205179419758,4.675891693095482,0.0,0.007001066666665186,56.76953125,5.0,1.728312798343153,95.62370270060262,0.0,0.00510263333333872,81.38671875,6.0,0.7319722514006748,14.311458513750964,0.0,0.002737178064683069,53.52734375,6.0,2.0601765863752584,4.887843500774498,0.0,0.004428219849631502,142.765625,2.0,0.004263875010640729,50.41796875,2.0
2026-05-30T07:04:17Z,0.6663113006396588,1962.5000000000023,0.0,0.017444993619828986,64.45703125,5.0,0.0,105.6349664513892,0.0,0.005776643009377658,95.5546875,0.0,0.0,950.0,0.0,0.004473707777777476,57.5625,6.0,3.3337778370449396,43.9589489543809,0.0,0.009717148041643133,75.84375,6.0,0.0,219.94533090359567,0.0,0.05931665907079784,84.15625,9.0,0.0,950.0,0.0,0.0035640322340410933,73.72265625,6.0,3.2578031798901907,4.678027539398203,0.0,0.008840415731634915,56.76953125,5.0,0.46493092454835283,69.37058803942446,0.0,0.006449138953618895,81.38671875,6.0,0.13316465809974032,12.50325751964101,0.0,0.002287789950499111,53.52734375,6.0,0.0,4.843638057502497,0.0,0.00390522852442789,142.765625,2.0,0.0036327601647028764,50.41796875,2.0
2026-05-30T07:04:22Z,0.6663113006396588,1962.5000000000023,0.0,0.017444993619828986,64.45703125,5.0,0.0,105.6349664513892,0.0,0.004870389203507485,95.5546875,0.0,0.0,950.0,0.0,0.0038547236507933905,57.5625,6.0,0.0,69.3902784779711,0.0,0.007672551811865089,75.84375,6.0,0.0,219.94533090359567,0.0,0.0513321848386269,84.15625,9.0,0.0,950.0,0.0,0.002859510957445637,73.72265625,6.0,3.2578031798901907,4.678027539398203,0.0,0.007153249097100216,56.76953125,5.0,0.46493092454835283,69.37058803942446,0.0,0.005431218164172135,81.38671875,6.0,0.13316465809974032,12.50325751964101,0.0,0.0018384018363151531,53.52734375,6.0,0.0,4.843638057502497,0.0,0.0033822371992242783,142.765625,2.0,0.003001645318765023,50.41796875,2.0
2026-05-30T07:04:27Z,0.0,374.9999999999994,0.0,0.017444993619828986,64.45703125,5.0,0.0,105.6349664513892,0.0,0.004870389203507485,95.5546875,0.0,0.0,950.0,0.0,0.0038547236507933905,57.5625,6.0,0.0,69.3902784779711,0.0,0.007672551811865089,75.84375,6.0,0.0,219.94566545923243,0.0,0.0513321848386269,84.15625,9.0,0.0,949.9999999999999,0.0,0.002859510957445637,73.72265625,6.0,0.13329778725673155,4.696331108830183,0.0,0.005466082462565518,56.76953125,5.0,0.0,20.874221706751193,0.0,0.004413297374725374,81.38671875,6.0,0.0,10.004159599904881,0.0,0.0018384018363151531,53.52734375,6.0,0.0,4.843638057502499,0.0,0.0033822371992242783,142.765625,2.0,0.003001645318765023,50.41796875,2.0
2026-05-30T07:04:32Z,0.0,374.9999999999994,0.0,0.017444993619828986,64.45703125,5.0,0.0,169.37579082773863,0.0,0.004870389203507485,95.5546875,0.0,0.0,925.0066586762553,0.0,0.0038547236507933905,57.5625,6.0,0.0,133.6471645014538,0.0,0.007672551811865089,75.84375,6.0,0.0,9.250305189328358,0.0,0.0513321848386269,84.15625,9.0,0.0,925.0294091534602,0.0,0.002859510957445637,73.72265625,6.0,0.0,4.7626001236393165,0.0,0.005466082462565518,56.76953125,5.0,0.0,58.126533001853424,0.0,0.004413297374725374,81.38671875,6.0,0.0,13.374587642159598,0.0,0.0018384018363151531,53.52734375,6.0,0.0,5.250000000000006,0.0,0.0033822371992242783,142.765625,2.0,0.003001645318765023,50.41796875,2.0
2026-05-30T07:04:37Z,0.0,374.9999999999994,0.0,0.017444993619828986,64.45703125,5.0,0.0,169.37579082773863,0.0,0.004870389203507485,95.5546875,0.0,0.0,925.0066586762553,0.0,0.0038547236507933905,57.5625,6.0,0.0,464.59422494943124,0.0,0.007672551811865089,75.84375,6.0,0.0,9.250305189328358,0.0,0.0513321848386269,84.15625,9.0,0.0,925.0294091534602,0.0,0.002859510957445637,73.72265625,6.0,0.0,4.7626001236393165,0.0,0.005466082462565518,56.76953125,5.0,0.0,58.126533001853424,0.0,0.004413297374725374,81.38671875,6.0,0.0,13.374587642159598,0.0,0.0018384018363151531,53.52734375,6.0,0.0,5.250000000000007,0.0,0.0033822371992242783,142.765625,2.0,0.003001645318765023,50.41796875,2.0
2026-05-30T07:04:42Z,0.0,2874.999999999998,0.0,,64.45703125,5.0,0.0,169.37579082773863,0.0,0.004870389203507485,95.5546875,0.0,0.0,925.0066586762553,0.0,0.0038547236507933905,57.5625,6.0,0.0,464.59422494943124,0.0,0.007672551811865089,75.84375,6.0,0.0,4.8,0.0,0.0513321848386269,84.15625,9.0,0.0,24.25,0.0,0.002859510957445637,73.72265625,6.0,0.0,7.250458720039739,0.0,0.005466082462565518,56.76953125,5.0,0.0,53.75416139556553,0.0,0.004413297374725374,81.38671875,6.0,0.0,19.376174074687626,0.0,0.0018384018363151531,53.52734375,6.0,0.0,5.250000000000006,0.0,0.0033822371992242783,142.765625,2.0,0.003001645318765023,50.41796875,2.0
2026-05-30T07:04:47Z,0.0,2874.999999999998,0.0,,64.45703125,5.0,0.0,233.12377002701768,0.0,,95.5546875,0.0,0.0,0.0,0.0,,57.5625,6.0,0.33340001333600056,40198.999933328814,0.0,,75.84375,6.0,0.0,0.0,0.0,,84.15625,9.0,0.0,0.0,0.0,,73.72265625,6.0,0.0,453.2257386627839,0.0,0.005466082462565518,56.76953125,5.0,0.0,7.253162660629868,0.0,0.004413297374725374,81.38671875,6.0,0.0,21.999733333333328,0.0,,53.52734375,6.0,0.0,9.249999999999998,0.0,,142.765625,2.0,,50.41796875,2.0
2026-05-30T07:04:52Z,0.0,2874.999999999998,0.0,,64.45703125,5.0,0.0,233.12377002701768,0.0,,95.5546875,0.0,0.0,0.0,0.0,,57.5625,6.0,0.6667555703731364,56850.0366674815,0.0,,75.84375,6.0,0.0,0.0,0.0,,84.15625,9.0,0.0,0.0,0.0,,73.72265625,6.0,0.0,453.2257386627839,0.0,,56.76953125,5.0,0.0,7.253162660629868,0.0,,81.38671875,6.0,0.0,21.999733333333328,0.0,,53.52734375,6.0,0.0,9.249999999999998,0.0,,142.765625,2.0,,50.41796875,2.0
2026-05-30T07:04:57Z,0.0,0.0,0.0,,64.45703125,5.0,0.0,233.12377002701768,0.0,,95.5546875,0.0,0.0,0.0,0.0,,57.5625,6.0,0.6667555703731364,56850.0366674815,0.0,,75.84375,6.0,0.0,0.0,0.0,,84.15625,9.0,0.0,0.0,0.0,,73.72265625,6.0,0.6000311291872203,8900.035555555554,0.0,,56.76953125,5.0,0.26663111585121985,9.75,0.0,,81.38671875,6.0,0.0,4.8,0.0,,53.52734375,6.0,0.0,9.249999999999998,0.0,,142.765625,2.0,,50.41796875,2.0
2026-05-30T07:05:02Z,0.0,0.0,0.0,,64.45703125,5.0,0.1330942266515321,2425.0,0.0,,95.5546875,0.0,0.0,0.0,0.0,,57.5625,6.0,0.40002666844456297,58500.0,0.0,,75.84375,6.0,0.0,0.0,0.0,,84.15625,9.0,0.0,0.0,0.0,,73.72265625,6.0,0.6667022405946476,9708.333796342597,0.0,,56.76953125,5.0,0.5333155614809284,9750.0,0.0,,81.38671875,6.0,0.0,0.0,0.0,,53.52734375,6.0,0.0,0.0,0.0,,142.765625,2.0,,50.41796875,2.0
2026-05-30T07:05:07Z,0.0,0.0,0.0,,64.45703125,5.0,0.1330942266515321,2425.0,0.0,,95.5546875,0.0,0.0,0.0,0.0,,57.5625,6.0,0.39557520297432625,209863.31814646054,0.0,,75.84375,6.0,0.0,0.0,0.0,,84.15625,9.0,0.0,0.0,0.0,,73.72265625,6.0,0.6667022405946476,9708.333796342597,0.0,,56.76953125,5.0,0.5333155614809284,9750.0,0.0,,81.38671875,6.0,0.0,0.0,0.0,,53.52734375,6.0,0.0,0.0,0.0,,142.765625,2.0,,50.41796875,2.0
2026-05-30T07:05:12Z,0.666266906522753,288000.0,0.0,,64.45703125,5.0,0.1330942266515321,2425.0,0.0,,95.5546875,0.0,0.0,0.0,0.0,,57.5625,6.0,0.39557520297432625,209863.31814646054,0.0,,75.84375,6.0,0.0,0.0,0.0,,84.15625,9.0,0.0,0.0,0.0,,73.72265625,6.0,0.33137894014146196,9750.0,0.0,,56.76953125,5.0,0.2666844456297086,9750.0,0.0,,81.38671875,6.0,0.0,0.0,0.0,,53.52734375,6.0,0.0,0.0,0.0,,142.765625,2.0,,50.41796875,2.0
2026-05-30T07:05:17Z,0.666266906522753,288000.0,0.0,,64.45703125,5.0,0.0,2425.0,0.0,,95.5546875,0.0,0.0,0.0,0.0,,57.5625,6.0,0.5918371093806111,239999.99999999988,0.0,,75.84375,6.0,0.0,0.0,0.0,,84.15625,9.0,0.0,0.0,0.0,,73.72265625,6.0,0.7905738643614588,9694.570626464098,0.0,,56.76953125,5.0,0.0,9750.0,0.0,,81.38671875,6.0,0.0,0.0,0.0,,53.52734375,6.0,0.0,0.0,0.0,,142.765625,2.0,,50.41796875,2.0
2026-05-30T07:05:22Z,0.666266906522753,288000.0,0.0,,64.45703125,5.0,0.0,2425.0,0.0,,95.5546875,0.0,0.0,0.0,0.0,,57.5625,6.0,0.262933017813712,239999.99999999997,0.0,,75.84375,6.0,0.0,0.0,0.0,,84.15625,9.0,0.0,0.0,0.0,,73.72265625,6.0,0.7905738643614588,9694.570626464098,0.0,,56.76953125,5.0,0.0,9750.0,0.0,,81.38671875,6.0,0.0,0.0,0.0,,53.52734375,6.0,0.0,0.0,0.0,,142.765625,2.0,,50.41796875,2.0
2026-05-30T07:05:27Z,0.06668444918644972,288000.0,0.0,,64.45703125,5.0,0.0,2425.0,0.0,,95.5546875,0.0,0.0,0.0,0.0,,57.5625,6.0,0.262933017813712,239999.99999999997,0.0,,75.84375,6.0,0.0,0.0,0.0,,84.15625,9.0,0.0,0.0,0.0,,73.72265625,6.0,0.7905738643614588,9705.619735138893,0.0,,56.76953125,5.0,0.0,9750.0,0.0,,81.38671875,6.0,0.0,0.0,0.0,,53.52734375,6.0,0.0,0.0,0.0,,142.765625,2.0,,50.41796875,2.0
2026-05-30T07:05:32Z,0.06668444918644972,288000.0,0.0,,64.45703125,5.0,0.0,2425.0,0.0,,95.5546875,0.0,0.0,0.0,0.0,,57.5625,6.0,0.262933017813712,257948.7827254716,0.0,,75.84375,6.0,0.0,0.0,0.0,,84.15625,9.0,0.0,0.0,0.0,,73.72265625,6.0,0.7905738643614588,9681.738864666015,0.0,,56.76953125,5.0,0.0,9750.0,0.0,,81.38671875,6.0,0.0,0.0,0.0,,53.52734375,6.0,0.0,0.0,0.0,,142.765625,2.0,,50.41796875,2.0
2026-05-30T07:05:37Z,0.06668444918644972,288000.0,0.0,,64.45703125,5.0,0.0,2425.0,0.0,,95.5546875,0.0,0.0,0.0,0.0,,57.5625,6.0,0.0,270000.0,0.0,,75.84375,6.0,0.0,0.0,0.0,,84.15625,9.0,0.0,0.0,0.0,,73.72265625,6.0,0.6186598942463802,9636.107516444747,0.0,,56.76953125,5.0,0.0,9750.0,0.0,,81.38671875,6.0,0.0,0.0,0.0,,53.52734375,6.0,0.0,0.0,0.0,,142.765625,2.0,,50.41796875,2.0
2026-05-30T07:05:42Z,0.0,286800.0,0.0,,64.45703125,5.0,0.0,2425.0,0.0,,95.5546875,0.0,0.0,0.0,0.0,,57.5625,6.0,0.0,270000.0,0.0,,75.84375,6.0,0.0,0.0,0.0,,84.15625,9.0,0.0,0.0,0.0,,73.72265625,6.0,0.24832381425378694,9608.27863893994,0.0,,56.76953125,5.0,0.0,9750.0,0.0,,81.38671875,6.0,0.0,0.0,0.0,,53.52734375,6.0,0.0,0.0,0.0,,142.765625,2.0,,50.41796875,2.0
2026-05-30T07:05:47Z,0.0,286800.0,0.0,,64.45703125,5.0,0.0,2425.0,0.0,,95.5546875,0.0,0.0,0.0,0.0,,57.5625,6.0,0.0,269999.99999999994,0.0,,75.84375,6.0,0.0,0.0,0.0,,84.15625,9.0,0.0,0.0,0.0,,73.72265625,6.0,0.0,9598.478864939942,0.0,,56.76953125,5.0,0.0,9750.0,0.0,,81.38671875,6.0,0.0,0.0,0.0,,53.52734375,6.0,0.0,0.0,0.0,,142.765625,2.0,,50.41796875,2.0
2026-05-30T07:05:52Z,0.0,286800.0,0.0,,64.45703125,5.0,0.0,2425.0,0.0,,95.5546875,0.0,0.0,0.0,0.0,,57.5625,6.0,0.0,270000.0,0.0,,75.84375,6.0,0.0,0.0,0.0,,84.15625,9.0,0.0,0.0,0.0,,73.72265625,6.0,0.0,9596.736303785638,0.0,,56.76953125,5.0,0.0,9750.0,0.0,,81.38671875,6.0,0.0,0.0,0.0,,53.52734375,6.0,0.0,0.0,0.0,,142.765625,2.0,,50.41796875,2.0
2026-05-30T07:05:57Z,0.0,29000.0,0.0,,64.45703125,5.0,0.0,2425.0,0.0,,95.5546875,0.0,0.0,0.0,0.0,,57.5625,6.0,0.0,270000.0,0.0,,75.84375,6.0,0.0,0.0,0.0,,84.15625,9.0,0.0,0.0,0.0,,73.72265625,6.0,0.0,9480.562864400712,0.0,,56.76953125,5.0,0.0,0.0,0.0,,81.38671875,6.0,0.0,0.0,0.0,,53.52734375,6.0,0.0,0.0,0.0,,142.765625,2.0,,50.41796875,2.0
2026-05-30T07:06:02Z,0.0,29000.0,0.0,,64.45703125,5.0,0.13330667199893353,487.5,0.0,,95.5546875,0.0,0.0,0.0,0.0,,57.5625,6.0,0.6665333599946677,58500.0,0.0,,75.84375,6.0,0.0,0.0,0.0,,84.15625,9.0,0.0,0.0,0.0,,73.72265625,6.0,0.0,9464.617750806325,0.0,,56.76953125,5.0,0.0,0.0,0.0,,81.38671875,6.0,0.0,0.0,0.0,,53.52734375,6.0,0.0,0.0,0.0,,142.765625,2.0,,50.41796875,2.0
2026-05-30T07:06:07Z,0.0,29000.0,0.0,,64.45703125,5.0,0.13330667199893353,487.5,0.0,,95.5546875,0.0,0.0,0.0,0.0,,57.5625,6.0,1.3246878946794116,58500.0,0.0,,75.84375,6.0,0.0,0.0,0.0,,84.15625,9.0,0.0,0.0,0.0,,73.72265625,6.0,0.0,9461.149207072734,0.0,,56.76953125,5.0,0.0,0.0,0.0,,81.38671875,6.0,0.0,0.0,0.0,,53.52734375,6.0,0.0,0.0,0.0,,142.765625,2.0,,50.41796875,2.0
2026-05-30T07:06:12Z,0.0,29000.0,0.0,,64.45703125,5.0,0.13330667199893353,487.5,0.0,,95.5546875,0.0,0.0,0.0,0.0,,57.5625,6.0,1.3246878946794116,58500.0,0.0,,75.84375,6.0,0.0,0.0,0.0,,84.15625,9.0,0.0,0.0,0.0,,73.72265625,6.0,0.3333422234075655,9359.280192359147,0.0,,56.76953125,5.0,0.06667555674089878,9750.0,0.0,,81.38671875,6.0,0.0,0.0,0.0,,53.52734375,6.0,0.0,0.0,0.0,,142.765625,2.0,,50.41796875,2.0
2026-05-30T07:06:17Z,0.0,29000.0,0.0,,64.45703125,5.0,1.187345554084258,2350.0,0.0,,95.5546875,0.0,0.0,0.0,0.0,,57.5625,6.0,1.1874300887700897,58195.28711091133,0.0,,75.84375,6.0,0.0,0.0,0.0,,84.15625,9.0,0.0,0.0,0.0,,73.72265625,6.0,0.5318205561895701,4707.590537985754,0.0,,56.76953125,5.0,0.13283500100156698,9750.0,0.0,,81.38671875,6.0,0.0,0.0,0.0,,53.52734375,6.0,0.0,0.0,0.0,,142.765625,2.0,,50.41796875,2.0
2026-05-30T07:06:22Z,0.0,29000.0,0.0,,64.45703125,5.0,1.187345554084258,2350.0,0.0,,95.5546875,0.0,0.0,0.0,0.0,,57.5625,6.0,1.0696335412518434,57604.064418041555,0.0,,75.84375,6.0,0.0,0.0,0.0,,84.15625,9.0,0.0,0.0,0.0,,73.72265625,6.0,0.5318205561895701,4703.063094172037,0.0,,56.76953125,5.0,0.13283500100156698,9750.0,0.0,,81.38671875,6.0,0.0,0.0,0.0,,53.52734375,6.0,0.0,0.0,0.0,,142.765625,2.0,,50.41796875,2.0
2026-05-30T07:06:27Z,0.5992409614488314,288000.0,0.0,,64.45703125,5.0,1.187345554084258,2350.0,0.0,,95.5546875,0.0,0.0,0.0,0.0,,57.5625,6.0,1.0696335412518434,57604.064418041555,0.0,,75.84375,6.0,0.0,0.0,0.0,,84.15625,9.0,0.0,0.0,0.0,,73.72265625,6.0,0.33182055559685897,4692.262716198484,0.0,,56.76953125,5.0,0.06615944426066821,9750.0,0.0,,81.38671875,6.0,0.0,0.0,0.0,,53.52734375,6.0,0.0,0.0,0.0,,142.765625,2.0,,50.41796875,2.0
2026-05-30T07:06:32Z,0.5992409614488314,288000.0,0.0,,64.45703125,5.0,0.0,2350.0,0.0,,95.5546875,0.0,0.0,0.0,0.0,,57.5625,6.0,0.6075487417186715,57234.89602422886,0.0,,75.84375,6.0,0.0,0.0,0.0,,84.15625,9.0,0.0,0.0,0.0,,73.72265625,6.0,0.26772373191920157,4641.859918008207,0.0,,56.76953125,5.0,0.0,9750.0,0.0,,81.38671875,6.0,0.0,0.0,0.0,,53.52734375,6.0,0.0,0.0,0.0,,142.765625,2.0,,50.41796875,2.0
2026-05-30T07:06:37Z,0.5992409614488314,288000.0,0.0,,64.45703125,5.0,0.0,2350.0,0.0,,95.5546875,0.0,0.0,0.0,0.0,,57.5625,6.0,0.13387075721937375,57150.0,0.0,,75.84375,6.0,0.0,0.0,0.0,,84.15625,9.0,0.0,0.0,0.0,,73.72265625,6.0,0.26772373191920157,4624.998611242281,0.0,,56.76953125,5.0,0.0,9750.0,0.0,,81.38671875,6.0,0.0,0.0,0.0,,53.52734375,6.0,0.0,0.0,0.0,,142.765625,2.0,,50.41796875,2.0
2026-05-30T07:06:42Z,0.33368926855312336,288000.0,0.0,,64.45703125,5.0,0.0,2350.0,0.0,,95.5546875,0.0,0.0,0.0,0.0,,57.5625,6.0,0.13387075721937375,57150.0,0.0,,75.84375,6.0,0.0,0.0,0.0,,84.15625,9.0,0.0,0.0,0.0,,73.72265625,6.0,0.26759051403308043,4708.329014071698,0.0,,56.76953125,5.0,0.0,9750.0,0.0,,81.38671875,6.0,0.0,0.0,0.0,,53.52734375,6.0,0.0,0.0,0.0,,142.765625,2.0,,50.41796875,2.0
2026-05-30T07:06:47Z,0.33368926855312336,288000.0,0.0,,64.45703125,5.0,0.5332269248907111,3375.000000000002,0.0,,95.5546875,0.0,0.0,0.0,0.0,,57.5625,6.0,0.0666800026672001,57078.94321268397,0.0,,75.84375,6.0,0.0,0.0,0.0,,84.15625,9.0,0.0,0.0,0.0,,73.72265625,6.0,0.5333957587471818,8750.251318909337,0.0,,56.76953125,5.0,0.0,9750.0,0.0,,81.38671875,6.0,0.0,0.0,0.0,,53.52734375,6.0,0.0,0.0,0.0,,142.765625,2.0,,50.41796875,2.0
2026-05-30T07:06:52Z,0.33368926855312336,288000.0,0.0,,64.45703125,5.0,0.5332269248907111,3375.000000000002,0.0,,95.5546875,0.0,0.0,0.0,0.0,,57.5625,6.0,0.0,55493.70577863089,0.0,,75.84375,6.0,0.0,0.0,0.0,,84.15625,9.0,0.0,0.0,0.0,,73.72265625,6.0,0.5333957587471818,8750.251318909337,0.0,,56.76953125,5.0,0.0,9750.0,0.0,,81.38671875,6.0,0.0,0.0,0.0,,53.52734375,6.0,0.0,0.0,0.0,,142.765625,2.0,,50.41796875,2.0
2026-05-30T07:06:57Z,0.0,283200.0,0.0,,64.45703125,5.0,0.5332269248907111,3375.000000000002,0.0,,95.5546875,0.0,0.0,0.0,0.0,,57.5625,6.0,0.0,55493.70577863089,0.0,,75.84375,6.0,0.0,0.0,0.0,,84.15625,9.0,0.0,0.0,0.0,,73.72265625,6.0,0.6671381686609472,9374.995832777702,0.0,,56.76953125,5.0,0.0,9750.0,0.0,,81.38671875,6.0,0.0,0.0,0.0,,53.52734375,6.0,0.0,0.0,0.0,,142.765625,2.0,,50.41796875,2.0
2026-05-30T07:07:02Z,0.0,283200.0,0.0,,64.45703125,5.0,0.0,4500.0,0.0,,95.5546875,0.0,0.0,0.0,0.0,,57.5625,6.0,0.0,28249.604134839476,0.0,,75.84375,6.0,0.0,0.0,0.0,,84.15625,9.0,0.0,0.0,0.0,,73.72265625,6.0,0.2669514148424987,9468.792769636479,0.0,,56.76953125,5.0,0.0,0.0,0.0,,81.38671875,6.0,0.0,0.0,0.0,,53.52734375,6.0,0.0,0.0,0.0,,142.765625,2.0,,50.41796875,2.0
2026-05-30T07:07:07Z,0.0,283200.0,0.0,,64.45703125,5.0,0.0,4500.0,0.0,,95.5546875,0.0,0.0,0.0,0.0,,57.5625,6.0,0.0,28799.89326217478,0.0,,75.84375,6.0,0.0,0.0,0.0,,84.15625,9.0,0.0,0.0,0.0,,73.72265625,6.0,0.2669514148424987,9468.792769636479,0.0,,56.76953125,5.0,0.0,0.0,0.0,,81.38671875,6.0,0.0,0.0,0.0,,53.52734375,6.0,0.0,0.0,0.0,,142.765625,2.0,,50.41796875,2.0
2026-05-30T07:07:12Z,0.0,240000.0,0.0,,64.45703125,5.0,0.0,4500.0,0.0,,95.5546875,0.0,0.0,0.0,0.0,,57.5625,6.0,0.0,28799.89326217478,0.0,,75.84375,6.0,0.0,0.0,0.0,,84.15625,9.0,0.0,0.0,0.0,,73.72265625,6.0,0.0,9562.413766245327,0.0,,56.76953125,5.0,0.0,0.0,0.0,,81.38671875,6.0,0.0,0.0,0.0,,53.52734375,6.0,0.0,0.0,0.0,,142.765625,2.0,,50.41796875,2.0
2026-05-30T07:07:17Z,0.0,240000.0,0.0,,64.45703125,5.0,0.0,4500.0,0.0,,95.5546875,0.0,0.0,0.0,0.0,,57.5625,6.0,0.0,29000.0,0.0,,75.84375,6.0,0.0,0.0,0.0,,84.15625,9.0,0.0,0.0,0.0,,73.72265625,6.0,0.0,9625.0,0.0,,56.76953125,5.0,0.0,0.0,0.0,,81.38671875,6.0,0.0,0.0,0.0,,53.52734375,6.0,0.0,0.0,0.0,,142.765625,2.0,,50.41796875,2.0
2026-05-30T07:07:22Z,0.0,240000.0,0.0,,64.45703125,5.0,0.0,4500.0,0.0,,95.5546875,0.0,0.0,0.0,0.0,,57.5625,6.0,0.19981350739309978,29000.0,0.0,,75.84375,6.0,0.0,0.0,0.0,,84.15625,9.0,0.0,0.0,0.0,,73.72265625,6.0,0.0,9625.0,0.0,,56.76953125,5.0,0.0,0.0,0.0,,81.38671875,6.0,0.0,0.0,0.0,,53.52734375,6.0,0.0,0.0,0.0,,142.765625,2.0,,50.41796875,2.0
2026-05-30T07:07:27Z,0.3333333333333333,278400.0,0.0,,64.45703125,5.0,0.0,4499.999999999999,0.0,,95.5546875,0.0,0.0,0.0,0.0,,57.5625,6.0,0.19981350739309978,29000.0,0.0,,75.84375,6.0,0.0,0.0,0.0,,84.15625,9.0,0.0,0.0,0.0,,73.72265625,6.0,0.0,9688.598191567198,0.0,,56.76953125,5.0,0.0,0.0,0.0,,81.38671875,6.0,0.0,0.0,0.0,,53.52734375,6.0,0.0,0.0,0.0,,142.765625,2.0,,50.41796875,2.0
2026-05-30T07:07:32Z,0.3333333333333333,278400.0,0.0,,64.45703125,5.0,0.0,0.0,0.0,,95.5546875,0.0,0.0,0.0,0.0,,57.5625,6.0,0.5728643169133565,58500.0,0.0,,75.84375,6.0,0.0,0.0,0.0,,84.15625,9.0,0.0,0.0,0.0,,73.72265625,6.0,0.07461016190405133,9750.0,0.0,,56.76953125,5.0,0.0,0.0,0.0,,81.38671875,6.0,0.0,0.0,0.0,,53.52734375,6.0,0.0,0.0,0.0,,142.765625,2.0,,50.41796875,2.0
2026-05-30T07:07:37Z,0.3333333333333333,278400.0,0.0,,64.45703125,5.0,0.0,0.0,0.0,,95.5546875,0.0,0.0,0.0,0.0,,57.5625,6.0,1.0404293466265033,58199.986666074044,0.0,,75.84375,6.0,0.0,0.0,0.0,,84.15625,9.0,0.0,0.0,0.0,,73.72265625,6.0,0.07461016190405133,9750.0,0.0,,56.76953125,5.0,0.0,0.0,0.0,,81.38671875,6.0,0.0,0.0,0.0,,53.52734375,6.0,0.0,0.0,0.0,,142.765625,2.0,,50.41796875,2.0
2026-05-30T07:07:42Z,0.33342224593224856,288000.0,0.0,,64.45703125,5.0,0.0,0.0,0.0,,95.5546875,0.0,0.0,0.0,0.0,,57.5625,6.0,1.0404293466265033,58199.986666074044,0.0,,75.84375,6.0,0.0,0.0,0.0,,84.15625,9.0,0.0,0.0,0.0,,73.72265625,6.0,0.47458349701504393,2425.0,0.0,,56.76953125,5.0,0.0,0.0,0.0,,81.38671875,6.0,0.0,0.0,0.0,,53.52734375,6.0,0.0,0.0,0.0,,142.765625,2.0,,50.41796875,2.0
2026-05-30T07:07:47Z,0.33342224593224856,288000.0,0.0,,64.45703125,5.0,1.4001511354118725,970.0002518931626,0.0,,95.5546875,0.0,0.0,0.0,0.0,,57.5625,6.0,1.2674985611110476,58050.0,0.0,,75.84375,6.0,0.0,0.0,0.0,,84.15625,9.0,0.0,0.0,0.0,,73.72265625,6.0,1.400133367117394,3937.4944441975185,0.0,,56.76953125,5.0,0.1333600053344002,4875.0,0.0,,81.38671875,6.0,0.1333600053344002,975.0,0.0,,53.52734375,6.0,0.0,0.0,0.0,,142.765625,2.0,,50.41796875,2.0
2026-05-30T07:07:52Z,0.33342224593224856,288000.0,0.0,,64.45703125,5.0,1.4001511354118725,970.0002518931626,0.0,,95.5546875,0.0,0.0,0.0,0.0,,57.5625,6.0,0.6667555940721028,57975.00499977778,0.0,,75.84375,6.0,0.0,0.0,0.0,,84.15625,9.0,0.0,0.0,0.0,,73.72265625,6.0,1.400133367117394,3937.4944441975185,0.0,,56.76953125,5.0,0.1333600053344002,4875.0,0.0,,81.38671875,6.0,0.1333600053344002,975.0,0.0,,53.52734375,6.0,0.0,0.0,0.0,,142.765625,2.0,,50.41796875,2.0
2026-05-30T07:07:57Z,0.13331555792560992,285600.0,0.0,,64.45703125,5.0,1.4001511354118725,970.0002518931626,0.0,,95.5546875,0.0,0.0,0.0,0.0,,57.5625,6.0,0.6667555940721028,57975.00499977778,0.0,,75.84375,6.0,0.0,0.0,0.0,,84.15625,9.0,0.0,0.0,0.0,,73.72265625,6.0,3.333822301643064,3468.4350315256825,0.0,,56.76953125,5.0,0.33340001333600056,4814.194249700205,0.0,,81.38671875,6.0,0.39997334933226725,975.0,0.0,,53.52734375,6.0,0.0,0.0,0.0,,142.765625,2.0,,50.41796875,2.0
2026-05-30T07:08:02Z,0.13331555792560992,285600.0,0.0,,64.45703125,5.0,0.6667777970404944,952.4743482115518,0.0,,95.5546875,0.0,0.0,0.0,0.0,,57.5625,6.0,1.533169132626306,56313.652186105486,0.0,,75.84375,6.0,0.0,0.0,0.0,,84.15625,9.0,0.0,0.0,0.0,,73.72265625,6.0,4.800715744293217,2490.429966574607,0.0,,56.76953125,5.0,0.5334400213376009,4713.828936130763,0.0,,81.38671875,6.0,0.46649341595469296,2308.988985752927,0.0,,53.52734375,6.0,0.6670670136696676,234.91014866516227,0.0,,142.765625,2.0,,50.41796875,2.0
2026-05-30T07:08:07Z,0.13331555792560992,285600.0,0.0,,64.45703125,5.0,0.6667777970404944,951.6951581883326,0.0,,95.5546875,0.0,0.0,0.0,0.0,,57.5625,6.0,3.2662935945547376,54600.04222353488,0.0,,75.84375,6.0,0.0,0.0,0.0,,84.15625,9.0,0.0,0.0,0.0,,73.72265625,6.0,4.800715744293217,2485.512628923385,0.0,,56.76953125,5.0,0.5334400213376009,4701.609236100477,0.0,,81.38671875,6.0,0.46649341595469296,2326.76896269756,0.0,,53.52734375,6.0,0.6670670136696676,234.91014866516227,0.0,,142.765625,2.0,,50.41796875,2.0
2026-05-30T07:08:12Z,0.4670091400360264,266400.0,0.0,,64.45703125,5.0,0.6667777970404944,951.6951581883326,0.0,,95.5546875,0.0,0.0,0.0,0.0,,57.5625,6.0,3.2662935945547376,54600.04222353488,0.0,,75.84375,6.0,0.200133422281521,0.0,0.0,,84.15625,9.0,0.20005334755934914,9750.0,0.0,,73.72265625,6.0,5.40014683287534,2213.075052310405,0.0,,56.76953125,5.0,0.6666666933333344,4673.070798066303,0.0,,81.38671875,6.0,0.5333245534506572,2383.2311772624853,0.0,,53.52734375,6.0,0.6670670136696676,234.91014866516227,0.0,,142.765625,2.0,,50.41796875,2.0
2026-05-30T07:08:17Z,0.4670091400360264,266400.0,0.0,,64.45703125,5.0,1.1997202159618245,1889.1503958457208,0.0,,95.5546875,0.0,0.4000534044710098,29000.0,0.0,,57.5625,6.0,2.4662489682793916,53947.178542630565,0.0,,75.84375,6.0,0.4002401458674335,975.0,0.0,,84.15625,9.0,0.40016007114526164,9750.0,0.0,,73.72265625,6.0,5.732346890610148,2240.48013859471,0.0,,56.76953125,5.0,0.86645782902426,4516.819307389675,0.0,,81.38671875,6.0,0.6668489923364753,2387.502515143211,0.0,,53.52734375,6.0,0.2666311205900649,232.0758464781456,0.0,,142.765625,2.0,,50.41796875,2.0
2026-05-30T07:08:22Z,0.4670091400360264,266400.0,0.0,,64.45703125,5.0,1.1997202159618245,1887.4837487916398,0.0,,95.5546875,0.0,0.4000534044710098,29000.0,0.0,,57.5625,6.0,0.9997556162809915,37803.239175330156,0.0,,75.84375,6.0,0.4002401458674335,975.0,0.0,,84.15625,9.0,0.40016007114526164,9750.0,0.0,,73.72265625,6.0,5.732346890610148,2247.3712788659027,0.0,,56.76953125,5.0,0.86645782902426,4495.337475833333,0.0,,81.38671875,6.0,0.6668489923364753,2387.498750000001,0.0,,53.52734375,6.0,0.2666311205900649,232.00004000391152,0.0,,142.765625,2.0,,50.41796875,2.0
2026-05-30T07:08:27Z,0.26652452025586354,256800.00000000003,0.0,,64.45703125,5.0,1.1997202159618245,1887.4837487916393,0.0,,95.5546875,0.0,0.4000534044710098,29000.0,0.0,,57.5625,6.0,0.9997556162809915,37803.239175330156,0.0,,75.84375,6.0,0.20010672358591247,975.0,0.0,,84.15625,9.0,0.20010672358591247,9750.0,0.0,,73.72265625,6.0,5.733502714116114,2157.9965035470705,0.0,,56.76953125,5.0,0.999951167697327,4340.639895981876,0.0,,81.38671875,6.0,0.4000711775093107,2390.3835502867546,0.0,,53.52734375,6.0,0.2666311205900649,232.00004000391152,0.0,,142.765625,2.0,,50.41796875,2.0
2026-05-30T07:08:32Z,0.26652452025586354,256800.00000000003,0.0,,64.45703125,5.0,0.26672893928776054,2062.529303992427,0.0,,95.5546875,0.0,0.0,28999.999999999996,0.0,,57.5625,6.0,0.46658223792294373,23199.97372894734,0.0,,75.84375,6.0,0.0,975.0,0.0,,84.15625,9.0,0.0,9750.0,0.0,,73.72265625,6.0,3.134222518613167,2037.5018055408962,0.0,,56.76953125,5.0,0.46676001867040073,4068.2751909658555,0.0,,81.38671875,6.0,0.06666666666666667,2403.5724660046753,0.0,,53.52734375,6.0,0.0,232.49999999999997,0.0,,142.765625,2.0,,50.41796875,2.0
2026-05-30T07:08:37Z,0.26652452025586354,256800.00000000003,0.0,,64.45703125,5.0,0.26672893928776054,2062.529303992427,0.0,,95.5546875,0.0,0.0,28999.999999999996,0.0,,57.5625,6.0,0.26680017382362764,24249.89537834646,0.0,,75.84375,6.0,0.0,975.0,0.0,,84.15625,9.0,0.0,9750.0,0.0,,73.72265625,6.0,3.134222518613167,2037.5018055408962,0.0,,56.76953125,5.0,0.46676001867040073,4063.066684027197,0.0,,81.38671875,6.0,0.06666666666666667,2403.5724660046753,0.0,,53.52734375,6.0,0.0,232.49999999999997,0.0,,142.765625,2.0,,50.41796875,2.0
2026-05-30T07:08:42Z,0.0,28625.0,0.0,,64.45703125,5.0,0.26672893928776054,2062.529303992427,0.0,,95.5546875,0.0,0.0,28999.999999999996,0.0,,57.5625,6.0,0.26680017382362764,24249.89537834646,0.0,,75.84375,6.0,0.0,975.0,0.0,,84.15625,9.0,0.0,9750.0,0.0,,73.72265625,6.0,0.2665911504917724,1946.8618218705415,0.0,,56.76953125,5.0,0.0,3374.9999999999977,0.0,,81.38671875,6.0,0.0,2414.2865306407525,0.0,,53.52734375,6.0,0.0,232.49999999999997,0.0,,142.765625,2.0,,50.41796875,2.0
2026-05-30T07:08:47Z,0.0,28625.0,0.0,,64.45703125,5.0,0.200133422281521,2162.519587199725,0.0,,95.5546875,0.0,0.0,29000.0,0.0,,57.5625,6.0,0.8005960235030878,26888.73741714331,0.0,,75.84375,6.0,0.0,975.0,0.0,,84.15625,9.0,0.0,9750.0,0.0,,73.72265625,6.0,0.20004009512437154,2146.4442851904946,0.0,,56.76953125,5.0,0.0,2496.25,0.0,,81.38671875,6.0,0.0,2411.3639257969326,0.0,,53.52734375,6.0,0.0,229.99981479149227,0.0,,142.765625,2.0,,50.41796875,2.0
2026-05-30T07:08:52Z,0.0,28625.0,0.0,,64.45703125,5.0,0.200133422281521,2162.519587199725,0.0,,95.5546875,0.0,0.0,29000.0,0.0,,57.5625,6.0,1.3337780742717367,28166.666666666668,0.0,,75.84375,6.0,0.0,975.0,0.0,,84.15625,9.0,0.0,9750.0,0.0,,73.72265625,6.0,0.20004009512437154,2146.4442851904946,0.0,,56.76953125,5.0,0.0,2496.25,0.0,,81.38671875,6.0,0.0,2411.3639257969326,0.0,,53.52734375,6.0,0.0,229.99981479149227,0.0,,142.765625,2.0,,50.41796875,2.0
2026-05-30T07:08:57Z,0.4666044527396347,255999.99999999994,0.2727272727272727,,,5.0,0.200133422281521,2162.519587199725,0.0,,95.5546875,0.0,0.0,29000.0,0.0,,57.5625,6.0,1.3337780742717367,28166.666666666668,0.0,,,6.0,0.0,975.0,0.0,,84.15625,9.0,0.0,9750.0,0.0,,,6.0,0.7338760169794485,2843.7649320410396,0.0,,56.76953125,5.0,0.06665777896280496,5750.044448395402,0.0,,81.38671875,6.0,0.0,2410.0013335526264,0.0,,,6.0,0.0,229.99981479149227,0.0,,142.765625,2.0,,50.41796875,2.0
2026-05-30T07:09:02Z,0.4666044527396347,255999.99999999994,0.2727272727272727,,,5.0,0.0,912.5016670741736,0.0,,,0.0,0.0,0.0,0.0,,57.5625,6.0,0.7333377780740937,28583.310179268035,0.0,,,6.0,0.0,975.0,0.0,,84.15625,9.0,0.0,0.0,0.0,,,6.0,1.0004804039029975,3549.9842205736577,0.0,,,5.0,0.1333288903702321,8750.0444513591,0.0,,81.38671875,6.0,0.0,2425.0,0.0,,,6.0,0.0,235.0,0.0,,142.765625,2.0,,,2.0
2026-05-30T07:09:07Z,0.4666044527396347,255999.99999999994,0.2727272727272727,,,5.0,0.0,912.5016670741736,0.0,,,0.0,0.0,0.0,0.0,,,6.0,0.2666311194058275,29000.0,0.0,,,6.0,0.0,975.0,0.0,,,9.0,0.0,0.0,0.0,,,6.0,1.0004804039029975,3549.9842205736577,0.0,,,5.0,0.1333288903702321,8750.0444513591,0.0,,,6.0,0.0,2425.0,0.0,,,6.0,0.0,235.0,0.0,,,2.0,,,2.0
2026-05-30T07:09:12Z,0.2667200106688004,280000.0,0.2727272727272727,,,5.0,0.0,912.5016670741736,0.0,,,0.0,0.0,0.0,0.0,,,6.0,0.2666311194058275,29000.0,0.0,,,6.0,0.0,0.0,0.0,,,9.0,0.0,0.0,0.0,,,6.0,0.5333333404434966,4803.454406828449,0.0,,,5.0,0.06667111140742715,9750.0,0.0,,,6.0,0.0,2425.0,0.0,,,6.0,0.0,235.0,0.0,,,2.0,,,2.0
2026-05-30T07:09:17Z,0.2667200106688004,280000.0,0.2727272727272727,,,5.0,0.33331111259249385,0.475,0.0,,,0.0,0.0,0.0,0.0,,,6.0,0.7332577881463904,29000.0,0.0,,,6.0,0.0,0.0,0.0,,,9.0,0.0,0.0,0.0,,,6.0,0.1999688945174323,7124.752716653085,0.0,,,5.0,0.0,9750.0,0.0,,,6.0,0.0,0.0,0.0,,,6.0,0.0,0.0,0.0,,,2.0,,,2.0
2026-05-30T07:09:22Z,0.2667200106688004,280000.0,0.2727272727272727,,,5.0,0.33331111259249385,0.475,0.0,,,0.0,0.0,0.0,0.0,,,6.0,0.9334044752666883,29000.0,0.0,,,6.0,0.0,0.0,0.0,,,9.0,0.0,0.0,0.0,,,6.0,0.1999688945174323,7124.752716653085,0.0,,,5.0,0.0,9750.0,0.0,,,6.0,0.0,0.0,0.0,,,6.0,0.0,0.0,0.0,,,2.0,,,2.0
2026-05-30T07:09:27Z,0.4666977798519901,269142.8571428571,0.5,,,5.0,0.33331111259249385,0.475,0.0,,,0.0,0.0,0.0,0.0,,,6.0,0.9334044752666883,29000.0,0.0,,,6.0,0.0,0.0,0.0,,,9.0,0.0,0.0,0.0,,,6.0,0.600066676445689,6874.704135044198,0.0,,,5.0,0.0,9750.0,0.0,,,6.0,0.0,0.0,0.0,,,6.0,0.0,0.0,0.0,,,2.0,,,2.0
2026-05-30T07:09:32Z,0.4666977798519901,269142.8571428571,0.5,,,5.0,0.0666800026672001,0.475,0.0,,,0.0,0.0,0.0,0.0,,,6.0,0.4001066951186983,29000.0,0.0,,,6.0,0.0,0.0,0.0,,,9.0,0.0,0.0,0.0,,,6.0,1.0668444752647912,5999.9666807440335,0.0,,,5.0,0.0,9750.0,0.0,,,6.0,0.0,0.0,0.0,,,6.0,0.0,0.0,0.0,,,2.0,,,2.0
2026-05-30T07:09:37Z,0.4666977798519901,269142.8571428571,0.5,,,5.0,0.0666800026672001,0.475,0.0,,,0.0,0.0,0.0,0.0,,,6.0,0.0,29000.0,0.0,,,6.0,0.0,0.0,0.0,,,9.0,0.0,0.0,0.0,,,6.0,1.0668444752647912,5999.9666807440335,0.0,,,5.0,0.0,9750.0,0.0,,,6.0,0.0,0.0,0.0,,,6.0,0.0,0.0,0.0,,,2.0,,,2.0
2026-05-30T07:09:42Z,0.06668444918644972,264000.0,0.5,,,5.0,0.0666800026672001,0.475,0.0,,,0.0,0.0,0.0,0.0,,,6.0,0.0,29000.0,0.0,,,6.0,0.0,0.0,0.0,,,9.0,0.0,0.0,0.0,,,6.0,0.5334400213376008,4758.302987077748,0.0,,,5.0,0.0,9750.0,0.0,,,6.0,0.0,0.0,0.0,,,6.0,0.0,0.0,0.0,,,2.0,,,2.0
2026-05-30T07:09:47Z,0.06668444918644972,264000.0,0.5,,,5.0,0.6665333599946677,0.475,0.0,,,0.0,0.0,0.0,0.0,,,6.0,0.6665333599946677,29000.0,0.0,,,6.0,0.0,0.0,0.0,,,9.0,0.0,0.0,0.0,,,6.0,0.39992001599680066,4803.591841264557,0.0,,,5.0,0.0,0.0,0.0,,,6.0,0.0,0.0,0.0,,,6.0,0.0,0.0,0.0,,,2.0,,,2.0
2026-05-30T07:09:52Z,0.06668444918644972,264000.0,0.5,,,5.0,0.6665333599946677,0.475,0.0,,,0.0,0.0,0.0,0.0,,,6.0,1.3569980427261459,29000.0,0.0,,,6.0,0.0,0.0,0.0,,,9.0,0.0,0.0,0.0,,,6.0,0.39992001599680066,4803.591841264557,0.0,,,5.0,0.0,0.0,0.0,,,6.0,0.0,0.0,0.0,,,6.0,0.0,0.0,0.0,,,2.0,,,2.0
2026-05-30T07:09:57Z,1.0663112295901365,59250.0,0.8333333333333333,,,5.0,0.6665333599946677,0.475,0.0,,,0.0,0.0,0.0,0.0,,,6.0,1.3569980427261459,29000.0,0.0,,,6.0,0.0,0.0,0.0,,,9.0,0.0,0.0,0.0,,,6.0,1.1381750495538476,4718.75,0.0,,,5.0,0.0,0.0,0.0,,,6.0,0.0,0.0,0.0,,,6.0,0.0,0.0,0.0,,,2.0,,,2.0
2026-05-30T07:10:02Z,1.0663112295901365,59250.0,0.8333333333333333,,,5.0,0.19997333688841487,0.475,0.0,,,0.0,0.06665777896280496,0.475,0.0,,,6.0,0.7571224616942832,28999.999999999996,0.0,,,6.0,0.0,0.0,0.0,,,9.0,0.0,0.0,0.0,,,6.0,1.1382017073338766,4550.000277768519,0.0,,,5.0,0.0,0.0,0.0,,,6.0,0.0,0.0,0.0,,,6.0,0.0,0.0,0.0,,,2.0,,,2.0
2026-05-30T07:10:07Z,1.0663112295901365,59250.0,0.8333333333333333,,,5.0,0.19997333688841487,0.475,0.0,,,0.0,0.06665777896280496,0.475,0.0,,,6.0,0.26669778696440527,29000.0,0.0,,,6.0,0.0,0.0,0.0,,,9.0,0.0,0.0,0.0,,,6.0,1.1382017073338766,4550.000277768519,0.0,,,5.0,0.0,0.0,0.0,,,6.0,0.0,0.0,0.0,,,6.0,0.0,0.0,0.0,,,2.0,,,2.0
2026-05-30T07:10:12Z,0.0,53625.00000000001,0.8235294117647058,,,5.0,0.19997333688841487,0.475,0.0,,,0.0,0.06665777896280496,0.475,0.0,,,6.0,0.26669778696440527,29000.0,0.0,,,6.0,0.0,0.0,0.0,,,9.0,0.0,0.0,0.0,,,6.0,0.533351156167438,4270.800382995589,0.0,,,5.0,0.0,0.0,0.0,,,6.0,0.0,0.0,0.0,,,6.0,0.0,0.0,0.0,,,2.0,,,2.0
2026-05-30T07:10:17Z,0.0,53625.00000000001,0.8235294117647058,,,5.0,0.5335111703901301,0.475,0.0,,,0.0,0.0,0.475,0.0,,,6.0,0.8002400746904967,29000.0,0.0,,,6.0,0.0,0.0,0.0,,,9.0,0.0,0.0,0.0,,,6.0,0.4668489638844396,4541.609563671387,0.0,,,5.0,0.0,0.0,0.0,,,6.0,0.0,0.0,0.0,,,6.0,0.0,0.0,0.0,,,2.0,,,2.0
2026-05-30T07:10:22Z,0.0,53625.00000000001,0.8235294117647058,,,5.0,0.5335111703901301,0.475,0.0,,,0.0,0.0,0.475,0.0,,,6.0,1.0665869012548235,29000.0,0.0,,,6.0,0.0,0.0,0.0,,,9.0,0.0,0.0,0.0,,,6.0,0.4668489638844396,4541.609563671387,0.0,,,5.0,0.0,0.0,0.0,,,6.0,0.0,0.0,0.0,,,6.0,0.0,0.0,0.0,,,2.0,,,2.0
2026-05-30T07:10:27Z,1.13265374108868,47624.99999999999,0.8484848484848485,,,5.0,0.5335111703901301,0.475,0.0,,,0.0,0.0,0.475,0.0,,,6.0,1.0665869012548235,29000.0,0.0,,,6.0,0.0,0.0,0.0,,,9.0,0.0,0.0,0.0,,,6.0,1.199649172325388,5374.026696329256,0.0,,,5.0,0.0,0.0,0.0,,,6.0,0.0,0.0,0.0,,,6.0,0.0,0.0,0.0,,,2.0,,,2.0
2026-05-30T07:10:32Z,1.13265374108868,47624.99999999999,0.8484848484848485,,,5.0,0.5335111703901301,0.475,0.0,,,0.0,0.0,0.47500000000000003,0.0,,,6.0,1.0665869012548235,29000.0,0.0,,,6.0,0.0,0.0,0.0,,,9.0,0.0,0.0,0.0,,,6.0,1.199649172325388,5549.107440885484,0.0,,,5.0,0.0,0.0,0.0,,,6.0,0.0,0.0,0.0,,,6.0,0.0,0.0,0.0,,,2.0,,,2.0
2026-05-30T07:10:37Z,1.13265374108868,47624.99999999999,0.8484848484848485,,,5.0,0.5335111703901301,0.4749999999999999,0.0,,,0.0,0.0,0.475,0.0,,,6.0,1.0665869012548235,29000.0,0.0,,,6.0,0.0,0.0,0.0,,,9.0,0.0,0.0,0.0,,,6.0,1.199649172325388,5439.92296612183,0.0,,,5.0,0.0,0.0,0.0,,,6.0,0.0,0.0,0.0,,,6.0,0.0,0.0,0.0,,,2.0,,,2.0
2026-05-30T07:10:42Z,1.13265374108868,28200.0,0.823529411764706,,,5.0,0.5335111703901301,0.475,0.0,,,0.0,0.0,0.475,0.0,,58.29296875,6.0,1.0665869012548235,29000.0,0.0,,,6.0,0.0,0.0,0.0,,,9.0,0.0,0.0,0.0,,,6.0,1.199649172325388,6545.524571631229,0.0,,,5.0,0.0,0.0,0.0,,,6.0,0.0,0.0,0.0,,,6.0,0.0,0.0,0.0,,123.0859375,2.0,,,2.0
2026-05-30T07:10:47Z,1.13265374108868,28200.0,0.8235294117647058,,64.5,5.0,0.5335111703901301,0.475,0.0,,,0.0,0.0,0.0,0.0,,58.29296875,6.0,1.0665869012548235,29000.0,0.0,,,6.0,0.0,0.0,0.0,,,9.0,0.0,0.0,0.0,,79.515625,6.0,1.199649172325388,8129.210220673633,0.0,,61.9453125,5.0,0.0,0.0,0.0,,,6.0,0.0,0.0,0.0,,54.51953125,6.0,0.0,0.0,0.0,,123.0859375,2.0,,,2.0
2026-05-30T07:10:52Z,1.13265374108868,28200.0,0.8235294117647058,,64.5,,0.5335111703901301,0.475,0.0,,102.59765625,,0.0,0.0,0.0,,58.29296875,,1.0665869012548235,29000.0,0.0,,,,0.0,0.0,0.0,,,,0.0,0.0,0.0,,79.515625,,1.199649172325388,8111.786501281333,0.0,,61.9453125,,0.0,0.0,0.0,,,,0.0,0.0,0.0,,54.51953125,,0.0,0.0,0.0,,123.0859375,,,50.2109375,
2026-05-30T07:10:57Z,1.13265374108868,28299.999999999996,0.823529411764706,,64.5,,0.5335111703901301,0.47500000000000003,0.0,,102.59765625,,0.0,0.0,0.0,,58.29296875,,1.0665869012548235,29000.0,0.0,,83.3671875,,0.0,0.0,0.0,,90.30078125,,0.0,0.0,0.0,,79.515625,,1.199649172325388,8135.21598316362,0.0,,61.9453125,,0.0,0.0,0.0,,86.16015625,,0.0,0.0,0.0,,54.51953125,,0.0,0.0,0.0,0.020557148297835604,123.0859375,,,50.2109375,
2026-05-30T07:11:02Z,1.13265374108868,28299.999999999996,0.823529411764706,0.012548125619734151,64.5,,,0.0,0.0,,102.59765625,,,0.0,0.0,0.005988997943734796,58.29296875,,0.4663868345659271,29000.0,0.0,,83.3671875,,0.0,0.0,0.0,,90.30078125,,0.0,0.0,0.0,0.0028290250021709507,79.515625,,0.8662046908315566,7499.999999999996,0.0,0.006153089196102186,61.9453125,,0.0,0.0,0.0,,86.16015625,,0.0,0.0,0.0,0.0018351127402597275,54.51953125,,,0.0,0.0,0.020557148297835604,123.0859375,,,50.2109375,
2026-05-30T07:11:07Z,1.13265374108868,28300.0,0.8235294117647058,0.012548125619734151,64.5,,,0.0,0.0,,102.59765625,,,0.0,0.0,0.005988997943734796,58.29296875,,0.37349503471306794,6356.21629500073,0.0,,83.3671875,,0.0,0.0,0.0,,90.30078125,,0.0,0.0,0.0,0.0028290250021709507,79.515625,,0.8662046908315566,7499.999999999995,0.0,0.006153089196102186,61.9453125,,0.0,0.0,0.0,,86.16015625,,0.0,0.0,0.0,0.0018351127402597275,54.51953125,,,0.0,0.0,0.020557148297835604,123.0859375,,,50.2109375,
2026-05-30T07:11:12Z,2.2413641557528345,5999.999999999987,0.8235294117647057,0.012548125619734151,64.5,6.0,,0.0,0.0,0.0038105976045884143,102.59765625,0.0,,0.0,0.0,0.005988997943734796,58.29296875,7.0,0.37349503471306794,4976.6945958694605,0.0,0.007402554435132344,83.3671875,7.0,0.04393673110720562,0.0,0.0,0.0024963396094998284,90.30078125,10.0,,0.0,0.0,0.0028290250021709507,79.515625,7.0,3.5623621131504226,219.99999999999937,0.0,0.006153089196102186,61.9453125,6.0,0.21993973651219567,0.0,0.0,,86.16015625,7.0,0.26370728491374573,0.0,0.0,0.0018351127402597275,54.51953125,7.0,,0.0,0.0,0.020557148297835604,123.0859375,3.0,0.0029165875468174633,50.2109375,2.0
2026-05-30T07:11:17Z,2.2413641557528345,5999.999999999987,0.8235294117647057,0.012548125619734151,64.5,6.0,,0.0,0.0,0.0038105976045884143,102.59765625,0.0,,0.0,0.0,0.005988997943734796,58.29296875,7.0,0.37349503471306794,4886.8904914504255,0.0,0.007402554435132344,83.3671875,7.0,0.04393673110720562,0.0,0.0,0.0024963396094998284,90.30078125,10.0,0.04392997561886353,0.0,0.0,0.0028290250021709507,79.515625,7.0,3.5623621131504226,219.99999999999937,0.0,0.006153089196102186,61.9453125,6.0,0.21993973651219567,0.0,0.0,,86.16015625,7.0,0.26370728491374573,0.0,0.0,0.0018351127402597275,54.51953125,7.0,,0.0,0.0,0.020557148297835604,127.19921875,3.0,0.0029165875468174633,50.2109375,2.0
2026-05-30T07:11:22Z,2.2413641557528345,5999.999999999987,0.8235294117647057,0.012548125619734151,66.57421875,6.0,,0.0,0.0,0.0038105976045884143,102.59765625,0.0,,0.0,0.0,0.005988997943734796,60.39453125,7.0,9.133333333333333,7.222222222222216,0.0,0.007402554435132344,83.3671875,7.0,0.04393673110720562,0.0,0.0,0.0024963396094998284,90.30078125,10.0,0.04392997561886353,0.0,0.0,0.0028290250021709507,84.96484375,7.0,3.5623621131504226,219.99999999999937,0.0,0.006153089196102186,62.66015625,6.0,0.21993973651219567,0.0,0.0,,86.16015625,7.0,0.26370728491374573,0.0,0.0,0.0018351127402597275,54.9140625,7.0,,0.0,0.0,0.024626903662468884,127.19921875,3.0,0.0029165875468174633,50.2109375,2.0
2026-05-30T07:11:27Z,2.466666666666667,3166.666666666662,0.0,0.015171500268449269,66.57421875,6.0,,0.0,0.0,0.0038105976045884143,102.59765625,0.0,,0.0,0.0,0.006942341243544539,60.39453125,7.0,9.133333333333333,7.222222222222213,0.0,0.007402554435132344,83.3671875,7.0,0.06667111140742715,9.75,0.0,0.0024963396094998284,90.30078125,10.0,,0.0,0.0,0.0034234329111869923,84.96484375,7.0,15.533333333333333,3.745121219003758,0.0,0.007441397480288486,62.66015625,6.0,1.7333333333333334,2004.9999999999995,0.0,0.010207150265783036,86.16015625,7.0,0.4666666666666667,23.25,0.0,0.0022361952117943974,54.9140625,7.0,,0.0,0.0,0.02869665902710216,127.19921875,3.0,0.0029165875468174633,50.2109375,2.0
2026-05-30T07:11:32Z,2.466666666666667,3166.666666666668,0.0,0.01779487491716438,66.57421875,6.0,4.733648909927328,4.84865280251838,0.0,0.0038105976045884143,100.50390625,0.0,0.06667111140742715,24.25,0.0,0.005504182629682095,60.33984375,7.0,15.733773362668622,4.994747979933874,0.0,0.007402554435132344,80.43359375,7.0,0.06667111140742715,9.75,0.0,0.0024963396094998284,88.71875,10.0,0.06667111140742715,242.5,0.0,0.004017840820203034,84.96484375,7.0,27.600804498077647,3.8185212919289833,0.0,0.008729705764474783,62.66015625,6.0,3.600124452741294,1654.6489668171894,0.0,0.010207150265783036,86.16015625,7.0,0.8000222237038025,22.66274966816279,0.0,0.002637277683329067,54.9140625,7.0,3.200315590226351,9.700253908049634,0.0,0.032766414391735436,127.19921875,3.0,0.0029165875468174633,50.21875,2.0
2026-05-30T07:11:37Z,2.466666666666667,3166.666666666665,0.0,0.0204182495658795,66.57421875,6.0,4.866991132742182,4.847517075846126,0.0,0.004432898549257783,100.50390625,0.0,0.1333422228148543,24.25,0.0,0.0061889655790631,60.33984375,7.0,13.867591172744849,4.83197424533141,0.0,0.008756350052384053,80.43359375,7.0,0.1333422228148543,9.649814891142743,0.0,0.0030162587184055286,88.71875,10.0,0.1333422228148543,239.31487215886932,0.0,0.004612248729219077,84.96484375,7.0,27.934160055114784,3.8017307026583227,0.0,0.009599195050218858,62.96484375,6.0,3.600124452741294,1636.8966096713064,0.0,0.010207150265783036,86.16015625,7.0,0.9333644465186568,22.441144785133382,0.0,0.002047766666667409,54.9140625,7.0,3.200315590226351,9.697999165224738,0.0,0.02522211066363976,129.109375,3.0,0.0033746087702882796,50.21875,2.0
2026-05-30T07:11:42Z,3.1337511668222433,1974.9999999999966,0.22619047619047622,0.019485123298893472,67.0625,6.0,4.866991132742182,4.847589671639098,0.0,0.005055199493927152,100.50390625,0.0,0.1333422228148543,24.25,0.0,0.0068737485284441025,60.33984375,7.0,13.867591172744849,4.829240107571156,0.0,0.009032937908878727,80.98046875,7.0,0.06667111140742715,9.418250388940908,0.0,0.002682366666666288,88.71875,10.0,0.1333422228148543,239.23864418444597,0.0,0.0036515666666673495,84.96484375,7.0,20.60137342489499,3.6353286896297528,0.0,0.010859535639900117,62.96484375,6.0,3.266884458963931,803.0992523566113,0.0,0.010207150265783036,86.16015625,7.0,0.6667111140742716,20.58378769182084,0.0,0.002047766666667409,54.9140625,7.0,3.200315590226351,9.696422869333972,0.0,0.03331924172303189,129.109375,3.0,0.0038326299937590956,50.21875,2.0
2026-05-30T07:11:47Z,3.1337511668222433,1974.9999999999932,0.2261904761904762,0.026146046538228274,67.0625,6.0,5.133346689481541,4.821437623772253,0.0,0.00567750043859652,100.50390625,0.0,0.19999555644442468,23.743037421663796,0.0,0.008217395392572036,60.33984375,7.0,10.200288934223506,4.854921794371329,0.0,0.010268566316199629,80.98046875,7.0,0.06667111140742715,9.41332998764917,0.0,0.003876924433720837,87.4375,10.0,0.06667111140742715,232.1109051586335,0.0,0.00539969845849885,77.671875,7.0,11.800351163557115,3.745014769825624,0.0,0.012119876229581376,62.96484375,6.0,1.6000800071114665,1191.6006408739445,0.0,0.010207150265783036,85.1640625,7.0,0.40001777955563456,21.08142746794492,0.0,0.005148736424120821,56.41796875,7.0,0.46665333422216293,8.946685682395993,0.0,0.025097299953004804,129.78125,3.0,0.004062557223868957,50.82421875,2.0
2026-05-30T07:11:52Z,3.1337511668222433,1974.9999999999982,0.2261904761904762,0.026146046538228274,67.0625,6.0,5.13333780000002,4.8242061051759535,0.0,0.005963509952766562,186.05859375,0.0,0.2666577783703309,22.75,0.0,0.006990219846252715,61.3046875,7.0,4.7998044574806125,4.828266818745265,0.0,0.011504194723520532,80.98046875,7.0,0.0,9.517210168314246,0.0,0.004361309904837161,87.4375,10.0,0.0,235.3847890886099,0.0,0.00539969845849885,77.671875,7.0,11.46699560651998,3.8125651699739405,0.0,0.011571914913063282,62.828125,6.0,1.6000800071114665,1247.1800111083332,0.0,0.010207150265783036,85.1640625,7.0,0.26667555674078025,21.274281653058086,0.0,0.005148736424120821,56.41796875,7.0,0.46665333422216293,8.947068298349135,0.0,0.025097299953004804,129.78125,3.0,0.0053250049629906425,50.82421875,2.0
2026-05-30T07:11:57Z,1.8665422305179655,1299.999999999997,0.4017857142857143,0.026146046538228274,67.0625,6.0,5.13333780000002,4.825908139085129,0.0,0.0053412090080971935,186.05859375,0.0,0.2666577783703309,22.749999999999996,0.0,0.006990219846252715,61.3046875,7.0,4.7998044574806125,4.822972286449852,0.0,0.011308260713321916,81.875,7.0,0.0,9.477433980091003,0.0,0.004845695375953484,87.4375,10.0,0.0,235.798515625,0.0,0.00539969845849885,77.671875,7.0,4.93333782192891,3.7806365989439055,0.0,0.011571914913063282,62.828125,6.0,0.1999866675554963,964.7918749999862,0.0,0.010207150265783036,85.1640625,7.0,0.06666222251849876,20.90464484889079,0.0,0.005148736424120821,56.41796875,7.0,0.46665333422216293,8.947371515789154,0.0,0.025097299953004804,129.78125,3.0,0.0053250049629906425,50.82421875,2.0
2026-05-30T07:12:02Z,1.8665422305179655,1299.999999999997,0.4017857142857143,0.020979112775571216,66.859375,6.0,4.9338044960061245,4.761226623837416,0.0,0.004718908063427825,186.05859375,0.0,0.13333333333333333,22.749999999999996,0.0,0.004249447532310967,61.3046875,7.0,5.600497844156999,4.826903426661959,0.0,0.011308260713321916,81.875,7.0,0.0,9.4375104170139,0.0,0.00549027270591626,87.80078125,10.0,0.0,233.12518750625023,0.0,0.00539969845849885,77.671875,7.0,6.000800106680891,3.885162961641239,0.0,0.011571914913063282,62.828125,6.0,0.4667288971862915,1089.9753322369868,0.0,0.008743639549855062,85.9765625,7.0,0.13335111348179757,20.99994860896596,0.0,0.004449019946630695,56.3984375,7.0,0.7334133428160001,8.949996888695292,0.0,0.012141781681306925,129.78125,3.0,0.005056105610561877,50.85546875,2.0
2026-05-30T07:12:07Z,1.8665422305179655,1299.999999999997,0.4017857142857143,0.016330873342987728,66.859375,6.0,4.800471162672791,4.759883362460323,0.0,0.004096607118758456,186.05859375,0.0,0.0,22.75,0.0,0.0037220525623600964,61.16796875,7.0,9.134551273503135,4.700373920513838,0.0,0.011308260713321916,81.875,7.0,0.0,9.5,0.0,0.00549027270591626,87.80078125,10.0,0.0,234.9999166592586,0.0,0.0038686671584610565,77.859375,7.0,6.000800106680891,3.8888662559175993,0.0,0.009066993537889447,62.72265625,6.0,0.4667288971862915,1089.9753322369868,0.0,0.008743639549855062,85.9765625,7.0,0.13335111348179757,21.124938885184932,0.0,0.004330883661793363,56.3984375,7.0,0.7334133428160001,8.949996888695292,0.0,0.00959069216855033,129.78125,3.0,0.005056105610561877,50.85546875,2.0
2026-05-30T07:12:12Z,3.200640128025605,50.0,0.46341463414634143,0.019414467974307202,66.75390625,6.0,4.800471162672791,4.756558553431809,0.0,0.004096607118758456,186.05859375,0.0,0.0,22.75,0.0,0.0037220525623600964,61.16796875,7.0,9.134551273503135,4.700373920513838,0.0,0.01271578819906972,83.078125,7.0,0.26664889007399506,4.8,0.0,0.00549027270591626,87.80078125,10.0,0.0,234.9999166592586,0.0,0.0038686671584610565,77.859375,7.0,21.934151236168024,3.7582512864467765,0.0,0.009066993537889447,62.72265625,6.0,1.6669689451958933,7.944431755046603,0.0,0.008743639549855062,85.9765625,7.0,1.2669111588241992,3.399983702606229,0.0,0.004330883661793363,56.3984375,7.0,0.7334133428160001,8.949996888695292,0.0,0.008578877028441418,129.78125,3.0,0.003990963735219242,51.3828125,2.0
2026-05-30T07:12:17Z,3.200640128025605,50.0,0.46341463414634143,0.019414467974307202,66.75390625,6.0,2.4,9.124966663703404,0.0,0.038518296788323296,193.078125,0.0,0.3333333333333333,77.49949995555158,0.0,0.004191167397861733,62.203125,7.0,13.334053429346136,4.735759957568008,0.0,0.01144850365564107,83.078125,7.0,0.26664889007399506,4.8,0.0,0.005205635297236939,87.80078125,10.0,0.26666666666666666,4.8,0.0,0.004081962212692007,78.78125,7.0,30.933573381342935,3.6616630150168805,0.0,0.009066993537889447,62.72265625,6.0,3.266906714676269,6.24998444368391,0.0,0.004077632706472227,85.9765625,7.0,1.9335600453424018,3.799978665315465,0.0,0.004242600636617609,56.4921875,7.0,2.5999999999999996,7.049999999999996,0.0,0.007140320430595265,131.15625,3.0,0.004884618204030528,51.3828125,2.0
2026-05-30T07:12:22Z,3.200640128025605,50.0,0.46341463414634143,0.01738993546248364,68.140625,6.0,6.533057796146924,21.42596460324576,0.0,0.04344466615297302,193.078125,0.0,0.7333066684443259,82.49997222129626,0.0,0.004300165023862004,62.203125,7.0,18.533871158224613,4.749851474462124,0.0,0.01364668050936402,84.40625,7.0,0.6666222251849876,4.8,0.0,0.0052160654160638845,87.88671875,10.0,0.6666400017776593,4.8,0.0,0.0030264406264686543,78.78125,7.0,31.80018227408342,3.6715412643254455,0.0,0.006830229768964936,62.72265625,6.0,3.266906714676269,6.24998444368391,0.0,0.006855601136185601,86.3359375,7.0,2.733506715564387,3.6666503695527672,0.0,0.002614044911391596,56.4921875,7.0,2.5999999999999996,7.049999999999996,0.0,0.007140320430595265,131.15625,3.0,0.004884618204030528,51.3828125,2.0
2026-05-30T07:12:27Z,2.7333333333333334,59.99999999999985,0.3247863247863248,0.019230880547542566,68.140625,6.0,6.533057796146924,20.461755414587287,0.0,0.05911643237579675,193.078125,0.0,0.7333066684443259,82.49997222129623,0.0,0.004300165023862004,62.203125,7.0,18.533871158224613,4.749851474462123,0.0,0.01364668050936402,84.40625,7.0,0.6000000053336889,4.800000000000001,0.0,0.005216065416063885,87.88671875,10.0,0.6666400017776593,4.8,0.0,0.003964379866347613,78.78125,7.0,31.668644719739643,3.71144045030249,0.0,0.009541046586862539,62.65234375,6.0,4.2666666666666675,6.458329166527767,0.0,0.00894831335213923,86.3359375,7.0,2.7999466702219853,2.7599717322026187,0.0,0.003382563291138194,56.4921875,7.0,2.5999999999999996,7.049999999999996,0.0,0.007140320430595265,131.15625,3.0,0.004836426478323072,51.39453125,2.0
2026-05-30T07:12:32Z,2.7333333333333334,59.99999999999985,0.3247863247863248,0.022091341020707127,68.140625,6.0,7.000297910836529,9.482009619886137,0.0,0.05132117031642648,193.265625,0.0,0.6000133431125929,79.99999999999994,0.0,0.003515613635646433,62.203125,7.0,18.002018120950492,4.760903365858495,0.0,0.01382028793645792,84.40625,7.0,0.6000000053336889,4.800000000000001,0.0,0.005084472865339064,87.88671875,10.0,0.666693345779793,4.800000000000001,0.0,0.003964379866347613,78.78125,7.0,33.93843201053113,3.542849872383928,0.0,0.009541046586862537,62.65234375,6.0,4.667160098686404,6.750014815802524,0.0,0.00894831335213923,86.3359375,7.0,2.9334667075627867,3.4444966282202287,0.0,0.003624135463867858,56.58984375,7.0,2.7338801093552045,6.541665277638877,0.0,0.008024051035555492,132.2890625,3.0,0.004725359764663043,51.39453125,2.0
2026-05-30T07:12:37Z,2.7333333333333334,59.99999999999985,0.3247863247863248,0.023171709271270092,67.3203125,6.0,6.4679424750132055,8.07293931941091,0.0,0.05132117031642648,193.265625,0.0,0.3333911214833979,80.0,0.0,0.004141721713189637,62.3984375,7.0,18.00221812717443,4.746010087377401,0.0,0.01382028793645792,84.40625,7.0,0.33337778370449395,4.8,0.0,0.004922101827427835,87.86328125,10.0,0.400071124150598,4.8,0.0,0.0037215156224444613,78.3828125,7.0,33.40520090149514,3.5462615317337245,0.0,0.011578984485186416,62.65234375,6.0,4.667160098686404,6.750014815802524,0.0,0.009748263754917285,86.3515625,7.0,2.4002222643043964,3.520041868737297,0.0,0.003624135463867858,56.58984375,7.0,2.7338801093552045,6.541665277638877,0.0,0.009251759348696155,132.2890625,3.0,0.004120736856775061,51.39453125,2.0
2026-05-30T07:12:42Z,3.3337778370449396,67.9166666666667,0.08633093525179857,0.024453043873598777,67.3203125,6.0,6.4679424750132055,7.811090895947673,0.0,0.04115258985402294,192.95703125,0.0,0.3333911214833979,80.0,0.0,0.004141721713189637,62.3984375,7.0,18.00221812717443,4.746010087377401,0.0,0.019069506672157382,84.28125,7.0,0.20002222488922472,4.8,0.0,0.004922101827427835,87.86328125,10.0,0.400071124150598,4.8,0.0,0.0037215156224444613,78.3828125,7.0,32.53584517849711,3.4039331121633274,0.0,0.011578984485186416,62.65234375,6.0,4.734129027876963,6.5909090909090855,0.0,0.009748263754917285,86.3515625,7.0,2.400302269638085,3.3091073293827873,0.0,0.003624135463867858,56.58984375,7.0,2.7338801093552045,6.541665277638877,0.0,0.009251759348696155,132.2890625,3.0,0.0037269568763864734,51.39453125,2.0
2026-05-30T07:12:47Z,3.3337778370449396,67.9166666666667,0.08633093525179857,0.025559036463486562,67.3203125,6.0,6.33385348358205,7.387263268738684,0.0,0.04115258985402294,192.95703125,0.0,0.13335111348179757,79.99999999999999,0.0,0.004141721713189637,62.3984375,7.0,19.533475648594052,4.740861287897788,0.0,0.019069506672157382,84.28125,7.0,0.20002222488922472,4.8,0.0,0.004921291370330148,87.86328125,10.0,0.13335111348179757,4.8,0.0,0.003920978927713616,78.3828125,7.0,29.66520905540555,3.314152012783208,0.0,0.012357232776377331,62.6171875,6.0,4.266835604745522,6.596138558851177,0.0,0.011247572390873857,86.3671875,7.0,2.333391125037768,3.51425795698071,0.0,0.003984296496073643,56.92578125,7.0,3.1332311179254715,6.093751736207571,0.0,0.007068126976745535,132.2890625,3.0,0.00491758154335803,51.1875,2.0
2026-05-30T07:12:52Z,3.3337778370449396,67.9166666666667,0.08633093525179857,0.027761267853509304,67.87109375,6.0,5.132991133924405,6.625513971006401,0.0,0.021392674310064926,192.95703125,0.0,0.0,80.0,0.0,0.004832002505086978,62.3984375,7.0,14.799404484145501,4.72031558911612,0.0,0.017098019367038655,84.765625,7.0,0.06667111140742715,4.800000000000001,0.0,0.004723001779874997,87.8671875,10.0,0.0,4.8,0.0,0.0036672445104828887,78.578125,7.0,29.33183127170106,3.3141514166212045,0.0,0.014080457863305551,62.6171875,6.0,4.266835604745522,6.596138558851177,0.0,0.011247572390873857,86.3671875,7.0,2.066688898074173,3.514259045224279,0.0,0.003984296496073643,56.92578125,7.0,3.1332311179254715,6.093751736207571,0.0,0.009112963763435096,134.34765625,3.0,0.00491758154335803,51.1875,2.0
2026-05-30T07:12:57Z,2.5998266782214516,48.534482758620676,0.0,0.027761267853509304,67.87109375,6.0,5.132991133924405,6.333257137801862,0.0,0.027236201298701284,192.95703125,0.0,0.0,80.0,0.0,0.004003085085478154,62.42578125,7.0,14.799404484145501,4.72031558911612,0.0,0.016984106265355407,84.765625,7.0,0.0,4.8,0.0,0.004723001779874998,87.8671875,10.0,0.0,4.8,0.0,0.0036672445104828887,78.578125,7.0,30.13556511715649,3.321608775073513,0.0,0.014080457863305551,62.6171875,6.0,3.999866675554963,5.958333333333324,0.0,0.011247572390873857,86.3671875,7.0,1.5332755594071505,3.4571577328277106,0.0,0.003984296496073643,56.92578125,7.0,3.1332311179254715,6.093751736207571,0.0,0.011516264135136367,134.34765625,3.0,0.00491758154335803,51.1875,2.0
2026-05-30T07:13:02Z,2.5998266782214516,48.534482758620676,0.0,0.02717326088446425,67.87109375,6.0,4.400240090681959,4.886937619226804,0.0,0.02061884278560871,191.69921875,0.0,0.0,69.99911101233467,0.0,0.004003085085478154,62.42578125,7.0,11.801186904047476,4.7013355276720885,0.0,0.016984106265355407,84.765625,7.0,0.0,4.8,0.0,0.003821877127179948,87.8125,10.0,0.0,4.799999999999999,0.0,0.0036672445104828887,78.578125,7.0,27.73848102953924,3.319747144811243,0.0,0.01356150536422356,62.54296875,6.0,3.6670000666800027,6.062547225370576,0.0,0.009216731617651863,86.3671875,7.0,1.2001066880042675,3.2333977806421004,0.0,0.003835597795774324,57.0625,7.0,2.7336933928999727,4.928813559322034,0.0,0.011516264135136367,134.34765625,3.0,0.004756215875682697,51.26171875,2.0
2026-05-30T07:13:07Z,2.5998266782214516,48.534482758620676,0.0,0.02717326088446425,67.87109375,6.0,4.534071236170157,4.825792988182281,0.0,0.02061884278560871,191.69921875,0.0,0.0,24.25,0.0,0.0033725233295005676,62.42578125,7.0,13.802235932806866,4.699049242264124,0.0,0.013782319165898158,84.765625,7.0,0.0,4.799999999999999,0.0,0.0046069531286741135,87.8125,10.0,0.0,4.800000000000001,0.0,0.003245639785874755,78.578125,7.0,27.73848102953924,3.3151385946074767,0.0,0.013154241065134468,62.54296875,6.0,3.6670000666800027,6.062547225370576,0.0,0.01075710395713534,86.234375,7.0,1.2001066880042675,3.290980718446235,0.0,0.003835597795774324,57.0625,7.0,2.7336933928999727,4.928813559322034,0.0,0.011516264135136367,134.34765625,3.0,0.004756215875682697,51.26171875,2.0
2026-05-30T07:13:12Z,2.533840101353604,47.0625,0.0,0.025116303555520067,68.22265625,6.0,4.534071236170157,4.825094730883568,0.0,0.018835087719298246,191.50390625,0.0,0.0,24.25,0.0,0.003419339245541744,62.40625,7.0,13.802235932806866,4.699049242264124,0.0,0.014407444092266148,84.73828125,7.0,0.0,4.8,0.0,0.0046069531286741135,87.8125,10.0,0.0,4.800000000000001,0.0,0.0032284902048000524,78.2265625,7.0,22.668973778753617,3.2641390641309447,0.0,0.013154241065134468,62.54296875,6.0,3.46724009868427,5.795476035098267,0.0,0.01075710395713534,86.234375,7.0,1.13352003200569,3.650019353298632,0.0,0.003835597795774324,57.0625,7.0,2.7336933928999727,4.928813559322034,0.0,0.0116555646878617,136.69921875,3.0,0.0047255317309351135,51.2734375,2.0
2026-05-30T07:13:17Z,2.533840101353604,47.0625,0.0,0.025116303555520067,68.22265625,6.0,4.866848944301611,4.808025204987293,0.0,0.010361863968687695,191.50390625,0.0,0.06666222251849876,24.25,0.0,0.003032962680021297,62.40625,7.0,18.067035740756367,4.661690543420848,0.0,0.014407444092266145,84.73828125,7.0,0.0,4.8,0.0,0.0046069531286741135,87.8125,10.0,0.0,4.8,0.0,0.003225534197080583,78.2265625,7.0,22.13292007555692,3.217034290256547,0.0,0.012068276486568363,62.48046875,6.0,3.2668089274112404,4.9641961407601105,0.0,0.01075710395713534,86.234375,7.0,1.1333777908160791,3.1499837494270766,0.0,0.003103398063805886,57.0625,7.0,3.066564451258805,4.924590163934425,0.0,0.01236332924669694,136.69921875,3.0,0.0047255317309351135,51.2734375,2.0
2026-05-30T07:13:22Z,2.533840101353604,47.0625,0.0,0.024785461198879487,68.22265625,6.0,4.266631129481324,4.791999908441362,0.0,0.00968122262240826,191.1953125,0.0,0.13332888918516544,24.25,0.0,0.003032962680021297,62.40625,7.0,19.132653378663644,4.641480731976121,0.0,0.012092766973727622,84.73828125,7.0,0.06666666666666667,4.8,0.0,0.0045112808627395945,87.734375,10.0,0.06666666666666667,4.8,0.0,0.003225534197080583,78.2265625,7.0,22.266253408890254,3.2338154623048374,0.0,0.012068276486568363,62.48046875,6.0,3.2668089274112404,4.9641961407601105,0.0,0.009720859031812802,86.26953125,7.0,1.2667111241494127,2.942829930532402,0.0,0.0034403836446241336,57.62890625,7.0,3.066564451258805,4.924590163934425,0.0,0.01236332924669694,136.69921875,3.0,0.0047255317309351135,51.2734375,2.0
2026-05-30T07:13:27Z,2.2,47.33333333333334,0.0,0.02043685203153608,68.22265625,6.0,4.266631129481324,4.791999908441362,0.0,0.00968122262240826,191.1953125,0.0,0.13332888918516544,24.25,0.0,0.0030329626800212964,62.40625,7.0,19.132653378663644,4.641480731976121,0.0,0.013078434596730651,85.41015625,7.0,0.13334666933386677,4.8,0.0,0.0045112808627395945,87.734375,10.0,0.06666666666666667,4.8,0.0,0.003225534197080583,78.2265625,7.0,23.067498037061714,3.24644475310215,0.0,0.01094253221080045,56.9375,6.0,2.7998133457769483,4.928378378378379,0.0,0.009720859031812802,86.26953125,7.0,1.0666577819258865,3.066639504596153,0.0,0.0034403836446241336,57.62890625,7.0,3.066564451258805,4.924590163934425,0.0,0.011218529074286372,137.48046875,3.0,0.004555331853849496,51.69140625,2.0
2026-05-30T07:13:32Z,2.2,47.33333333333334,0.0,0.0245531293874257,67.96484375,6.0,3.8004934160154695,4.791919466742272,0.0,0.008953997202354258,191.1953125,0.0,0.13334666933386677,24.25,0.0,0.0033058741285172085,61.74609375,7.0,16.134773621390945,4.650858239750937,0.0,0.013078434596730651,85.41015625,7.0,0.13334666933386677,4.8,0.0,0.004511280862739595,87.734375,10.0,0.13334222340756546,4.8,0.0,0.0031549084467577967,78.390625,7.0,22.93675171358641,3.2564501044063094,0.0,0.01094253221080045,56.9375,6.0,2.8002045090483776,4.902015781230261,0.0,0.009720859031812804,86.26953125,7.0,1.000120020448297,2.8400341357939523,0.0,0.003325030188997325,57.62890625,7.0,2.5338401013536043,4.85984251444895,0.0,0.010382903446703316,137.48046875,3.0,0.004555331853849496,51.69140625,2.0
2026-05-30T07:13:37Z,2.2,47.33333333333334,0.0,0.024420883331934262,67.96484375,6.0,4.533902312312575,4.812935178927778,0.0,0.0073179278079829775,191.1953125,0.0,0.20003111614899766,24.25,0.0,0.0036960732367832226,61.74609375,7.0,16.13596489133805,4.650371216178227,0.0,0.013078434596730651,85.41015625,7.0,0.20003111614899766,4.8,0.0,0.0047293822731247215,87.6328125,10.0,0.20002667022269635,4.799999999999999,0.0,0.003104723405410061,78.390625,7.0,23.13679616395757,3.262084127030841,0.0,0.010942532210800451,56.9375,6.0,2.8002045090483776,4.902015781230261,0.0,0.00951610670510914,86.26953125,7.0,1.133488914078559,3.3428741962156145,0.0,0.003325030188997325,57.62890625,7.0,2.5338401013536043,4.85984251444895,0.0,0.010382903446703316,137.48046875,3.0,0.004555331853849496,51.69140625,2.0
2026-05-30T07:13:42Z,2.867048939858648,53.33333333333311,0.0,0.024420883331934262,67.96484375,6.0,4.533902312312575,4.812935178927778,0.0,0.005246600000000013,191.1953125,0.0,0.20003111614899766,24.25,0.0,0.004369519087336886,61.7578125,7.0,16.13596489133805,4.650371216178227,0.0,0.014060820518281997,85.41015625,7.0,0.4000000035557926,4.799999999999999,0.0,0.0047293822731247215,87.6328125,10.0,0.20002667022269635,4.799999999999999,0.0,0.0032538966106349728,78.5546875,7.0,27.002173752081617,3.2333660979889505,0.0,0.011592646517386744,56.9609375,6.0,2.9338223069781755,4.932867661491747,0.0,0.007631719325274506,86.26953125,7.0,2.0002133623751117,3.2571491162622324,0.0,0.002553747873782033,57.62890625,7.0,2.5338401013536043,4.85984251444895,0.0,0.010382903446703316,137.48046875,3.0,0.004713826255953816,51.4765625,2.0
2026-05-30T07:13:47Z,2.867048939858648,53.33333333333311,0.0,0.024420883331934262,67.96484375,6.0,5.266862237630972,4.831840666861557,0.0,0.00929216981529011,190.0625,0.0,0.40001778014846423,38.74983331851717,0.0,0.004369519087336886,61.7578125,7.0,18.33452460328044,4.642422786268238,0.0,0.014822576133374316,85.87890625,7.0,0.4000000035557926,4.799999999999999,0.0,0.0050126669129685235,85.0859375,10.0,0.4667066705189334,4.8,0.0,0.0032538966106349728,78.5546875,7.0,30.000240032004267,3.347377421306619,0.0,0.011245813719288324,56.9609375,6.0,3.4001955816331066,4.964028156318184,0.0,0.009841863851474064,86.171875,7.0,2.2001200103713776,3.4749854156133466,0.0,0.0036548553695090863,56.11328125,7.0,2.8665733395551407,4.8890625,0.0,0.009978277574736672,131.15625,3.0,0.0047418461682857795,51.4765625,2.0
2026-05-30T07:13:52Z,2.867048939858648,53.33333333333311,0.0,0.02564567325859435,68.078125,6.0,6.199973335110992,4.829767478782189,0.0,0.00929216981529011,190.0625,0.0,0.46665333422216293,35.00016667037046,0.0,0.004369519087336886,61.7578125,7.0,21.133280003555317,4.631858370009853,0.0,0.01549489810339373,85.87890625,7.0,0.4666355576294914,4.8,0.0,0.004995602521819602,85.0859375,10.0,0.5333422245926321,4.8,0.0,0.0032876190476201737,78.5546875,7.0,30.26682225096626,3.3462758500730407,0.0,0.011245813719288325,56.9609375,6.0,3.4001955816331066,4.964028156318184,0.0,0.009841863851474064,86.171875,7.0,2.333391118518775,3.6599727090024943,0.0,0.0036548553695090863,56.11328125,7.0,2.8665733395551407,4.8890625,0.0,0.00900429341115714,131.15625,3.0,0.0047418461682857795,51.4765625,2.0
2026-05-30T07:13:57Z,2.9331377908139458,49.10000000000001,0.0,0.02564567325859435,68.078125,6.0,6.199973335110992,4.829767478782189,0.0,0.00929216981529011,190.0625,0.0,0.46665333422216293,35.00016667037046,0.0,0.004812361818706517,61.7578125,7.0,21.133280003555317,4.631858370009853,0.0,0.015054476087229726,86.01953125,7.0,0.2666666702226964,4.8,0.0,0.004995602521819602,85.0859375,10.0,0.5333422245926321,4.8,0.0,0.003211190727554953,78.828125,7.0,27.135004666102482,3.3022203121342666,0.0,0.011245813719288325,56.9609375,6.0,4.000137786963576,4.93768115942029,0.0,0.009841863851474064,86.171875,7.0,1.733306668444326,3.422212564847759,0.0,0.0036548553695090863,56.11328125,7.0,2.8665733395551407,4.8890625,0.0,0.009253881505402172,132.02734375,3.0,0.004635417799529997,51.9765625,2.0
2026-05-30T07:14:02Z,2.9331377908139458,49.10000000000001,0.0,0.02564567325859435,68.078125,6.0,5.800266707560652,4.829358062470748,0.0,0.008380920683127745,190.1796875,0.0,0.2666622242963951,33.75066668148182,0.0,0.004304117709325718,61.6171875,7.0,17.934106780458904,4.64956433445718,0.0,0.015054476087229726,86.01953125,7.0,0.2666666702226964,4.8,0.0,0.0036654249999998004,85.0859375,10.0,0.2666622242963951,4.8,0.0,0.003211190727554953,78.828125,7.0,25.736507088647713,3.3931438505203015,0.0,0.01267142146668048,57.30078125,6.0,3.8670444856345094,4.957244620778011,0.0,0.009841863851474064,86.171875,7.0,1.6667200124457484,4.100021668259359,0.0,0.004123946481246515,55.91015625,7.0,2.800471193496378,4.828787878787878,0.0,0.009253881505402172,132.02734375,3.0,0.004659866561122698,51.9765625,2.0
2026-05-30T07:14:07Z,2.9331377908139458,49.10000000000001,0.0,0.025816821034298897,71.90234375,6.0,5.334462484212796,4.826315789473684,0.0,0.008380920683127745,190.1796875,0.0,0.1333600059273485,33.74999999999995,0.0,0.004304117709325718,61.6171875,7.0,12.735480377846947,4.665617977528088,0.0,0.015054476087229726,86.01953125,7.0,0.1333644518536498,4.8,0.0,0.004158156400874802,85.0859375,10.0,0.1333600059273485,4.8,0.0,0.003211190727554953,78.828125,7.0,25.26991598435412,3.3708279967815797,0.0,0.01267142146668048,57.30078125,6.0,3.8670444856345094,4.957244620778011,0.0,0.010745904043586734,86.171875,7.0,1.4001155757076553,4.100028334592649,0.0,0.004123946481246515,55.91015625,7.0,2.800471193496378,4.828787878787878,0.0,0.009253881505402172,132.02734375,3.0,0.004677717371340411,51.78125,2.0
2026-05-30T07:14:12Z,3.2008535609495867,47.7717391304348,0.0,0.026716779294685175,71.90234375,6.0,5.334462484212796,4.826315789473684,0.0,0.009095559562245795,190.1015625,0.0,0.1333600059273485,33.74999999999995,0.0,0.003913677902676865,61.62890625,7.0,12.735480377846947,4.665617977528088,0.0,0.014681602632342266,82.91796875,7.0,0.3333511158531164,4.8,0.0,0.003708317170605937,85.0859375,10.0,0.1333600059273485,4.8,0.0,0.002784553958619073,78.96484375,7.0,31.868658078269597,3.346214533161082,0.0,0.01267142146668048,57.30078125,6.0,4.06736012268907,4.944302667526031,0.0,0.008103754886869846,86.171875,7.0,2.0004534435835333,4.023529411764706,0.0,0.004089334846939807,55.90625,7.0,2.800471193496378,4.828787878787878,0.0,0.009627084693118973,132.68359375,3.0,0.004102140405520541,51.78125,2.0
2026-05-30T07:14:17Z,3.2008535609495867,47.7717391304348,0.0,0.026167218002124393,71.85546875,6.0,5.8008357784298035,4.825861779605587,0.0,0.009095559562245795,190.1015625,0.0,0.26668444918644973,32.49949994443826,0.0,0.00461332745573446,61.62890625,7.0,12.601320267610026,4.65734368159489,0.0,0.014681602632342266,82.91796875,7.0,0.3333511158531164,4.8,0.0,0.005197508629744906,84.90625,10.0,0.2666977834087312,4.8,0.0,0.003318357918040267,78.96484375,7.0,35.267155655724366,3.214905457111493,0.0,0.010912762694523336,57.30078125,6.0,4.600453424018137,4.91514847519065,0.0,0.010872716449009483,84.5078125,7.0,2.000373432915444,4.055530820755008,0.0,0.004089334846939807,55.90625,7.0,3.1333333333333337,4.859375,0.0,0.009627084693118973,132.68359375,3.0,0.004762930918667317,51.78125,2.0
2026-05-30T07:14:22Z,3.2008535609495867,47.7717391304348,0.0,0.026167218002124393,71.85546875,6.0,5.133195564740128,4.807499723133074,0.0,0.005050250000000012,190.1015625,0.0,0.4,31.249805542591737,0.0,0.00461332745573446,61.62890625,7.0,11.266666666666666,4.670982614673356,0.0,0.014681602632342266,82.91796875,7.0,0.4666666666666667,4.800000000000001,0.0,0.005308921067286851,84.90625,10.0,0.40001333422228147,4.800000000000001,0.0,0.003318357918040267,78.96484375,7.0,35.53378675735147,3.201401386435005,0.0,0.013086181901420597,57.58984375,6.0,4.600453424018137,4.91514847519065,0.0,0.01097397035698278,84.5078125,7.0,2.2670045345425445,3.9764396584588053,0.0,0.002824435558029408,55.80859375,7.0,3.1333333333333337,4.859375,0.0,0.009627084693118973,132.68359375,3.0,0.0047993039443172065,51.81640625,2.0
2026-05-30T07:14:27Z,2.0665288980734617,46.190476190476176,0.0,0.026167218002124393,71.85546875,6.0,5.133195564740128,4.807499723133074,0.0,0.008551629689793129,190.53125,0.0,0.4,31.249805542591737,0.0,0.004374310156989054,61.6328125,7.0,11.266666666666666,4.670982614673356,0.0,0.012700465692462255,82.1796875,7.0,0.26667111140742716,4.799999999999999,0.0,0.005308921067286851,84.90625,10.0,0.40001333422228147,4.800000000000001,0.0,0.002768681146577781,78.96484375,7.0,30.534995803883184,3.1282472470698193,0.0,0.013004093304927205,57.58984375,6.0,4.333200008888296,4.887860255883079,0.0,0.01097397035698278,84.5078125,7.0,1.4666355576294914,4.035285043656277,0.0,0.003135909525882849,55.80859375,7.0,3.1333333333333337,4.859375,0.0,0.00846334243172311,135.05859375,3.0,0.004653345296079818,51.81640625,2.0
2026-05-30T07:14:32Z,2.0665288980734617,46.190476190476176,0.0,0.02550826517584437,71.85546875,6.0,5.000200054227616,4.79163188242382,0.0,0.010661402854708154,190.53125,0.0,0.3333511134817976,24.25,0.0,0.003835835339659161,61.6328125,7.0,10.934097879717296,4.694630033826409,0.0,0.012700465692462255,82.1796875,7.0,0.26667111140742716,4.799999999999999,0.0,0.005023444643574834,84.85546875,10.0,0.33333333333333337,4.8,0.0,0.0032153057037333887,79.171875,7.0,29.736844939323465,3.0414176667670954,0.0,0.013004093304927205,57.58984375,6.0,4.200160048004623,4.885876676637312,0.0,0.01097397035698278,84.5078125,7.0,1.3333644548157828,3.900010159471959,0.0,0.0037376876142412923,55.80859375,7.0,3.267102280304041,4.8285711086922305,0.0,0.0098753213670775,135.05859375,3.0,0.0046423681516144675,51.5703125,2.0
2026-05-30T07:14:37Z,2.0665288980734617,46.190476190476176,0.0,0.02426815727930545,71.18359375,6.0,5.867431211865207,4.791227978685212,0.0,0.009229694911352566,190.53125,0.0,0.2666933362966519,24.25,0.0,0.003835835339659161,61.6328125,7.0,12.867906800312001,4.708196662181045,0.0,0.012629224338136453,82.51953125,7.0,0.20001333422228146,4.800000000000001,0.0,0.004728843501196051,84.85546875,10.0,0.2666755561481876,4.8,0.0,0.0032153057037333887,79.171875,7.0,29.603529384953173,3.0345207271733443,0.0,0.013016648721938239,57.33203125,6.0,4.200160048004623,4.885876676637312,0.0,0.010905343184490577,84.44921875,7.0,1.2000489004454915,3.750010370967104,0.0,0.003205119041539884,55.80859375,7.0,3.267102280304041,4.8285711086922305,0.0,0.0098753213670775,135.05859375,3.0,0.0046423681516144675,51.5703125,2.0
2026-05-30T07:14:42Z,2.533502233482232,42.59615384615384,0.0,0.02426815727930545,71.18359375,6.0,5.867431211865207,4.791227978685212,0.0,0.008341244673460221,190.53125,0.0,0.2666933362966519,24.25,0.0,0.003973704526846144,61.59375,7.0,12.867906800312001,4.708196662181045,0.0,0.012629224338136453,82.51953125,7.0,0.2666755561481876,4.8,0.0,0.004680551587527335,84.71875,10.0,0.2666755561481876,4.8,0.0,0.003284099102996185,79.171875,7.0,32.13549362018632,2.9038027162899116,0.0,0.012774183225205024,57.33203125,6.0,4.40058674489932,4.926666666666666,0.0,0.010905343184490577,84.44921875,7.0,1.5335200237067856,3.766652344140666,0.0,0.003621675463987424,55.8046875,7.0,3.267102280304041,4.8285711086922305,0.0,0.008247237482473566,135.05859375,3.0,0.004766445690974038,51.5703125,2.0
2026-05-30T07:14:47Z,2.533502233482232,42.59615384615384,0.0,0.024018188714381616,71.20703125,6.0,5.467093389044386,4.791266100930706,0.0,0.010247643566000912,189.171875,0.0,0.2666755561481876,24.25,0.0,0.003973704526846144,61.59375,7.0,13.467142253928039,4.70781961728416,0.0,0.012266817013436645,82.51953125,7.0,0.2666755561481876,4.8,0.0,0.002990631593323663,84.71875,10.0,0.20000888948152096,4.8,0.0,0.0031118586412173512,79.26171875,7.0,29.800311151412703,2.686910721204776,0.0,0.012774183225205024,57.33203125,6.0,4.00029337244966,4.9038246373105014,0.0,0.007224625705102498,84.44921875,7.0,1.5334577931871607,2.533274809612699,0.0,0.0034709499955277424,55.8046875,7.0,2.8665688954069726,4.915152174290014,0.0,0.01030983926568834,137.3515625,3.0,0.003970594901977487,51.5703125,2.0
2026-05-30T07:14:52Z,2.533502233482232,42.59615384615384,0.0,0.023135812000864536,71.20703125,6.0,4.666684445629708,4.789565340394691,0.0,0.010247643566000912,189.171875,0.0,0.2666755561481876,24.25,0.0,0.003973704526846144,61.59375,7.0,13.733826699557747,4.696571428571428,0.0,0.010528609042632673,82.51953125,7.0,0.2666755561481876,4.8,0.0,0.00335517382903439,84.71875,10.0,0.20000888948152096,4.8,0.0,0.0031118586412173512,79.26171875,7.0,29.800311151412703,2.6836333920626503,0.0,0.010368431943554848,57.33203125,6.0,4.00029337244966,4.9038246373105014,0.0,0.0078273108562673,84.44140625,7.0,1.5334577931871607,2.466608142295712,0.0,0.003470949995527742,55.8046875,7.0,2.8665688954069726,4.915152174290014,0.0,0.01030983926568834,137.3515625,3.0,0.0035733910943963167,51.5703125,2.0
2026-05-30T07:14:57Z,2.533333333333333,42.946428571428534,0.0,0.023135812000864536,71.20703125,6.0,4.666684445629708,4.789565340394691,0.0,0.010247643566000912,189.171875,0.0,0.2666755561481876,24.25,0.0,0.0038637900469697716,61.625,7.0,13.733826699557747,4.696571428571428,0.0,0.011654711166480515,82.640625,7.0,0.2000177795557531,4.799999999999999,0.0,0.00450086339665047,84.97265625,10.0,0.20000888948152096,4.8,0.0,0.003041994385926681,79.26171875,7.0,26.26840912003074,2.669510769058822,0.0,0.009303916674787763,57.33203125,6.0,3.3333333333333335,4.904972615414536,0.0,0.0103119266055022,84.44140625,7.0,1.400017778963042,2.280027556167906,0.0,0.0033808739242465165,55.80078125,7.0,2.8665688954069726,4.915152174290014,0.0,0.009715315918732396,137.390625,3.0,0.0032226163201135192,51.5703125,2.0
2026-05-30T07:15:02Z,2.533333333333333,42.946428571428534,0.0,0.01946139519211612,71.20703125,6.0,4.800320041486934,4.789380871399907,0.0,0.009565553164531495,189.1484375,0.0,0.1333422228148543,24.25,0.0,0.0036423107844263812,61.625,7.0,17.00177353691384,4.671867684470811,0.0,0.011654711166480515,82.640625,7.0,0.2000177795557531,4.799999999999999,0.0,0.00450086339665047,84.97265625,10.0,0.2000177795557531,4.8,0.0,0.0029267826086953317,79.59375,7.0,24.53638262760953,2.8033904125892333,0.0,0.011967429453880216,56.953125,6.0,3.0001955816331067,4.911112090158289,0.0,0.0103119266055022,84.44140625,7.0,1.4000800094826669,1.7500983365001184,0.0,0.003180914328191823,55.80078125,7.0,3.2005334257943736,4.908571428571428,0.0,0.009715315918732396,137.390625,3.0,0.005265685913938496,53.58984375,2.0
2026-05-30T07:15:07Z,2.533333333333333,42.946428571428534,0.0,0.017205701608323815,71.20703125,6.0,4.467262301640218,4.791549288720897,0.0,0.009565553164531495,189.1484375,0.0,0.0,24.25,0.0,0.0036423107844263812,61.625,7.0,19.13524910195151,4.638311011147382,0.0,0.011654711166480515,82.640625,7.0,0.06667555674089878,4.8,0.0,0.00450086339665047,84.97265625,10.0,0.06667555674089878,4.8,0.0,0.0029267826086953317,79.59375,7.0,24.26969818197982,2.813646250089719,0.0,0.011967429453880216,56.953125,6.0,3.0001955816331067,4.911112090158289,0.0,0.010024027508227694,84.28125,7.0,1.1333955638529583,1.0668163001482593,0.0,0.003180914328191823,55.80078125,7.0,3.2005334257943736,4.908571428571428,0.0,0.009273646939808772,137.47265625,3.0,0.0054285639399242035,53.58984375,2.0
2026-05-30T07:15:12Z,2.2671200906848035,44.51388888888887,0.0,0.015328149298900558,71.20703125,6.0,4.467262301640218,4.791549288720897,0.0,0.008046693171595213,189.1484375,0.0,0.0,24.25,0.0,0.00337648428405203,61.36328125,7.0,19.13524910195151,4.638311011147382,0.0,0.012163626104945752,81.64453125,7.0,0.0,4.8,0.0,0.00379327766110372,84.97265625,10.0,0.06667555674089878,4.800000000000001,0.0,0.0027286037691468235,79.59375,7.0,22.667395805652784,2.886787238709469,0.0,0.011967429453880216,56.953125,6.0,2.867048939858648,4.918749999999999,0.0,0.010024027508227692,84.28125,7.0,0.8667822376316843,1.3333451859753565,0.0,0.0033897821895893633,55.51953125,7.0,3.2005334257943736,4.908571428571428,0.0,0.009055548448174949,137.47265625,3.0,0.005235296456832788,53.58984375,2.0
2026-05-30T07:15:17Z,2.2671200906848035,44.51388888888887,0.0,0.022903023032635795,71.375,6.0,4.266960039116327,4.79142838093952,0.0,0.007841853860056794,188.2890625,0.0,0.0,24.25,0.0,0.00337648428405203,61.36328125,7.0,15.267302264595418,4.640759737417097,0.0,0.012163626104945752,81.64453125,7.0,0.0,4.8,0.0,0.004549818993097137,84.23828125,10.0,0.0,4.799999999999999,0.0,0.0027286037691468235,79.59375,7.0,23.999422298073995,2.9274717796255825,0.0,0.011967429453880216,56.953125,6.0,3.133520024892208,4.872611972031551,0.0,0.009607000457549393,84.28125,7.0,0.9333866737787261,3.5499655525923335,0.0,0.0033897821895893633,55.51953125,7.0,2.6665777837033087,4.945039171799155,0.0,0.009055548448174949,137.47265625,3.0,0.005235296456832788,53.58984375,2.0
2026-05-30T07:15:22Z,2.2671200906848035,44.51388888888887,0.0,0.0229030230326358,71.375,6.0,3.9332088971846324,4.79603964970905,0.0,0.007841853860056794,188.2890625,0.0,0.0,24.25,0.0,0.00337648428405203,61.36328125,7.0,11.066666666666666,4.656130790190734,0.0,0.012163626104945752,81.64453125,7.0,0.0,4.8,0.0,0.004549818993097137,84.23828125,10.0,0.0,4.8,0.0,0.002200539355540313,79.59375,7.0,23.999422298073995,2.9345516637310043,0.0,0.011413599037235798,56.953125,6.0,3.133520024892208,4.872611972031551,0.0,0.00772683040966983,84.28125,7.0,0.9333866737787261,3.649969997333096,0.0,0.0026724336726297376,55.51953125,7.0,2.6665777837033087,4.945039171799155,0.0,0.007340855195211777,137.47265625,3.0,0.005408300205098466,53.58984375,2.0
2026-05-30T07:15:27Z,2.2666666666666666,45.526315789473664,0.0,0.022542685608305024,71.5546875,6.0,3.9332088971846324,4.79603964970905,0.0,0.006202321371277378,188.2890625,0.0,0.0,24.25,0.0,0.0030641954621615027,57.85546875,7.0,11.066666666666666,4.656130790190734,0.0,0.011985524554721025,81.76953125,7.0,0.0,4.8,0.0,0.004549818993097137,84.23828125,10.0,0.0,4.8,0.0,0.001973155708111411,79.59375,7.0,24.93735689674336,3.1706629034618667,0.0,0.0114135990372358,56.953125,6.0,3.466666666666667,4.825503355704697,0.0,0.00692624703820738,84.28125,7.0,0.8666666666666667,3.799999999999997,0.0,0.0032602565943801298,55.51953125,7.0,2.6665777837033087,4.945039171799155,0.0,0.005960752039831642,136.97265625,3.0,0.005408300205098466,53.58984375,2.0
2026-05-30T07:15:32Z,2.2666666666666666,45.526315789473664,0.0,0.022542685608305024,71.5546875,6.0,3.8669423105339686,4.795959773731045,0.0,0.0072824201769677195,188.60546875,0.0,0.0,24.25,0.0,0.0030641954621615027,57.85546875,7.0,12.268053610722145,4.640115445713921,0.0,0.011985524554721025,81.76953125,7.0,0.0,4.8,0.0,0.004698147390567685,80.9609375,10.0,0.0,4.799999999999999,0.0,0.002745158864447775,77.8828125,7.0,23.80602396349004,3.26344828384714,0.0,0.011393485946930484,54.375,6.0,3.266973394678936,4.82638976858694,0.0,0.009786211182269994,79.69921875,7.0,0.5333733413349336,4.022259260905422,0.0,0.0032602565943801298,55.51953125,7.0,3.334111296341246,4.857142226918982,0.0,0.007139765279683353,136.97265625,3.0,0.003304515445502847,53.59375,2.0
2026-05-30T07:15:37Z,2.2666666666666666,45.526315789473664,0.0,0.022376944395888897,71.5546875,6.0,4.267671352355293,4.798941798941799,0.0,0.0072824201769677195,188.60546875,0.0,0.0,24.25,0.0,0.0030641954621615027,57.85546875,7.0,15.003538628949228,4.628152492668622,0.0,0.01238363856805729,81.76953125,7.0,0.0,4.8,0.0,0.004698147390567685,80.9609375,10.0,0.0,4.8,0.0,0.002745158864447775,77.8828125,7.0,23.80602396349004,3.2697971867134834,0.0,0.011373009009009553,54.375,6.0,3.266973394678936,4.82638976858694,0.0,0.009745018617291329,79.69921875,7.0,0.5333733413349336,4.111142223604999,0.0,0.003258369325362295,55.33984375,7.0,3.334111296341246,4.857142226918982,0.0,0.007139765279683353,136.97265625,3.0,0.003698790219015491,53.59375,2.0
2026-05-30T07:15:42Z,2.4671600986864037,45.15624999999997,0.0,0.022376944395888897,71.5546875,6.0,4.267671352355293,4.798941798941799,0.0,0.0072824201769677195,188.60546875,0.0,0.0,24.25,0.0,0.003110856488112279,57.89453125,7.0,15.003538628949228,4.628152492668622,0.0,0.012478780908565074,81.94140625,7.0,0.0,0.0,0.0,0.004695944200464104,80.9609375,10.0,0.0,4.8,0.0,0.002834951092455129,77.921875,7.0,23.60155607772,3.2049541844593303,0.0,0.011257699050213097,54.38671875,6.0,3.2673201306928052,4.827338129496402,0.0,0.009745018617291329,79.69921875,7.0,0.5334400213376009,4.199999999999998,0.0,0.0033202241667489997,55.33984375,7.0,3.334111296341246,4.857142226918982,0.0,0.008411317994183166,137.95703125,3.0,0.004731297282151727,53.59375,2.0
2026-05-30T07:15:47Z,2.4671600986864037,45.15624999999997,0.0,0.016131417137909446,71.55859375,6.0,4.867097950560742,4.798958297161487,0.0,0.007207725707441251,188.60546875,0.0,0.06666222251849876,48.75,0.0,0.003110856488112279,57.89453125,7.0,17.401529504150247,4.642403555456838,0.0,0.012478780908565074,81.94140625,7.0,0.0,0.0,0.0,0.0047367351641219866,80.95703125,10.0,0.0,0.0,0.0,0.002906694683086547,77.921875,7.0,26.79867573630274,3.348910475111372,0.0,0.011257699050213097,54.38671875,6.0,3.666884522383667,4.8802791646470745,0.0,0.00974501861729133,79.69921875,7.0,0.8000355709654919,4.279977330814534,0.0,0.0033202241667489997,55.33984375,7.0,3.5998800079994666,4.8275359303433,0.0,0.008687551507723096,137.95703125,3.0,0.0048024291867030085,53.84375,2.0
2026-05-30T07:15:52Z,2.4671600986864037,45.15624999999997,0.0,0.018180918101955417,71.55859375,6.0,5.199826678221452,4.798009928245879,0.0,0.007373662442134028,189.11328125,0.0,0.13332888918516544,47.49997222037024,0.0,0.003110856488112279,57.89453125,7.0,18.399377819256497,4.643941558463375,0.0,0.012478780908565074,81.94140625,7.0,0.06666666666666667,4.800000000000001,0.0,0.004736735164121986,80.95703125,10.0,0.06666666666666667,4.800000000000001,0.0,0.002906694683086547,77.921875,7.0,27.132009069636073,3.3536285348976795,0.0,0.011661087364679615,54.5625,6.0,3.666884522383667,4.8802791646470745,0.0,0.010268015502857525,79.94140625,7.0,0.9333689042988252,4.309070888515249,0.0,0.003364381331403124,55.33984375,7.0,3.5998800079994666,4.8275359303433,0.0,0.008687551507723096,137.95703125,3.0,0.0048024291867030085,53.84375,2.0
2026-05-30T07:15:57Z,2.7998133457769487,44.4736842105263,0.0,0.020230419066001395,71.55859375,6.0,5.199826678221452,4.798009928245879,0.0,0.007373662442134028,189.11328125,0.0,0.13332888918516544,47.49997222037024,0.0,0.0031507031926946267,57.89453125,7.0,18.399377819256497,4.643941558463375,0.0,0.009608594114192865,81.94140625,7.0,0.1333377780740938,4.799999999999999,0.0,0.0038293569644601163,80.9609375,10.0,0.06666666666666667,4.800000000000001,0.0,0.002906694683086547,77.921875,7.0,29.800089012148543,3.363224343380503,0.0,0.011661087364679615,54.5625,6.0,3.6665377863697977,4.900661684982374,0.0,0.010268015502857525,79.94140625,7.0,1.0666355576294912,4.254538071148033,0.0,0.003249470913126293,55.33984375,7.0,3.5998800079994666,4.8275359303433,0.0,0.008353888272005398,138.20703125,3.0,0.00476363102663946,53.59375,2.0
2026-05-30T07:16:02Z,2.7998133457769487,44.4736842105263,0.0,0.022122628452181187,71.5078125,6.0,4.333680069347203,4.797959227640571,0.0,0.00713625419113842,189.13671875,0.0,0.06666666666666667,47.5000555592595,0.0,0.0031492970908495147,57.98828125,7.0,15.401266920050677,4.608284859932163,0.0,0.01199953175299811,83.0,7.0,0.1333377780740938,4.799999999999999,0.0,0.004770034211073962,80.9609375,10.0,0.13334666933386677,4.799999999999999,0.0,0.0022267335637427255,77.8828125,7.0,25.202689297554603,3.2596821102603295,0.0,0.007906705062138796,54.5625,6.0,3.0669333866773356,4.904828863531478,0.0,0.009794761261726195,79.61328125,7.0,0.7333600053344002,3.8333572857248663,0.0,0.003249470913126293,55.33984375,7.0,2.9337334009015725,4.798630136986302,0.0,0.008353888272005398,138.20703125,3.0,0.004802511388581762,53.59375,2.0
2026-05-30T07:16:07Z,2.7998133457769487,44.4736842105263,0.0,0.022122628452181187,71.5078125,6.0,4.400524525644289,4.795145909279533,0.0,0.00713625419113842,189.13671875,0.0,0.0,47.5,0.0,0.0031492970908495147,57.98828125,7.0,14.401804733682697,4.569470404984424,0.0,0.01199953175299811,83.0,7.0,0.06667111140742715,4.8,0.0,0.004770034211073962,80.9609375,10.0,0.0666800026672001,4.8,0.0,0.002499372003841745,77.8828125,7.0,24.869355964221267,3.259682355825029,0.0,0.006705575000000863,54.5625,6.0,3.0669333866773356,4.904828863531478,0.0,0.0071631528414467195,79.61328125,7.0,0.6000266720010669,3.833362964938402,0.0,0.00319849550641109,55.53515625,7.0,2.9337334009015725,4.798630136986302,0.0,0.009106729507218813,138.20703125,3.0,0.004802511388581762,53.59375,2.0
2026-05-30T07:16:12Z,2.800560112022404,44.79166666666665,0.0,0.022122628452181187,71.5078125,6.0,4.400524525644289,4.795058879787758,0.0,0.00713625419113842,189.13671875,0.0,0.0,47.5,0.0,0.0033078658570556345,57.98828125,7.0,14.401804733682697,4.569470404984424,0.0,0.012607356715140999,83.10546875,7.0,0.26666666666666666,4.8,0.0,0.003838102027180418,80.9609375,10.0,0.0666800026672001,4.8,0.0,0.0027720104439407645,77.8828125,7.0,28.13649379178259,3.03479608930185,0.0,0.010102217625462444,55.09375,6.0,3.4005423123118645,4.931944444444444,0.0,0.007965005788744369,79.61328125,7.0,1.0000844536309532,3.7000177793581637,0.0,0.003265414917205688,55.53515625,7.0,2.9337334009015725,4.798630136986302,0.0,0.009106729507218813,138.20703125,3.0,0.003932608879889623,53.84765625,2.0
2026-05-30T07:16:17Z,2.800560112022404,44.79166666666665,0.0,0.02241313081283595,71.5078125,6.0,5.266671134518538,4.79418866662139,0.0,0.007282305969422524,189.13671875,0.0,0.26664889007399506,42.49988887654184,0.0,0.0033078658570556345,57.98828125,7.0,15.066737844741057,4.594761448344904,0.0,0.012607356715140999,83.10546875,7.0,0.26666666666666666,4.8,0.0,0.005005900664406923,80.45703125,10.0,0.26664889007399506,4.8,0.0,0.003205288129552187,77.57421875,7.0,34.400449069339004,2.9067056922711094,0.0,0.011874368113305712,55.09375,6.0,4.400120047115319,4.922579731236177,0.0,0.009622235367571785,79.61328125,7.0,1.5333466734815409,3.23996017548317,0.0,0.003265414917205688,55.53515625,7.0,3.2665644512588052,4.79731543624161,0.0,0.0095391855167461,138.140625,3.0,0.004846115023191919,53.84765625,2.0
2026-05-30T07:16:22Z,2.800560112022404,44.79166666666665,0.0,0.02335765141181365,67.78515625,6.0,5.399826678221452,4.790320093641023,0.0,0.005710147139448819,189.13671875,0.0,0.5333155567406618,37.499861104937985,0.0,0.0036873834798156367,57.6484375,7.0,14.732866697775703,4.604395590038145,0.0,0.012607356715141,83.10546875,7.0,0.5333333333333333,4.8,0.0,0.005005900664406923,80.45703125,10.0,0.5333155567406618,4.8,0.0,0.003205288129552187,77.57421875,7.0,34.86711573600567,2.8950384376155167,0.0,0.011874368113305712,55.09375,6.0,4.400120047115319,4.922579731236177,0.0,0.009971440660043513,79.50390625,7.0,2.0666800068148743,3.266618761287247,0.0,0.0027811357437901,55.53515625,7.0,3.2665644512588052,4.79731543624161,0.0,0.0095391855167461,138.140625,3.0,0.004846115023191919,53.84765625,2.0
2026-05-30T07:16:27Z,2.1333333333333333,45.0,0.0,0.021630411006227004,67.78515625,6.0,5.399826678221452,4.790159277339155,0.0,0.005103288308663609,189.13671875,0.0,0.5333155567406618,37.499861104937985,0.0,0.003777743715510812,57.6484375,7.0,14.732866697775703,4.604395590038145,0.0,0.012566292199733677,83.10546875,7.0,0.26666666666666666,4.8,0.0,0.005005900664406923,80.45703125,10.0,0.5333155567406618,4.8,0.0,0.0031462793156644513,77.50390625,7.0,24.599964656606424,2.9420888285253346,0.0,0.0101309140150696,55.09375,6.0,3.733084461035931,4.917283950617284,0.0,0.009971440660043513,79.50390625,7.0,1.5999822269628838,3.166652838994036,0.0,0.0032479792619195054,55.8828125,7.0,3.2665644512588052,4.79731543624161,0.0,0.008610932274901352,138.140625,3.0,0.004846115023191919,53.84765625,2.0
2026-05-30T07:16:32Z,2.1333333333333333,45.0,0.0,0.021630411006227004,67.78515625,6.0,4.866942258967862,4.789413394929723,0.0,0.007800699126092387,87.453125,0.0,0.3333422234075655,24.25,0.0,0.003777743715510812,57.6484375,7.0,16.534506823131974,4.577180638866137,0.0,0.012225975461057224,82.61328125,7.0,0.26666666666666666,4.8,0.0,0.004130736965379863,80.45703125,10.0,0.26666666666666666,4.800000000000001,0.0,0.003136591505429511,77.50390625,7.0,19.53559587589332,2.685110745223781,0.0,0.011327692156666958,54.79296875,6.0,2.8667689211882474,4.874509154561027,0.0,0.00808328755962558,79.50390625,7.0,1.1333866720005927,1.6000088895473696,0.0,0.0032479792619195054,55.8828125,7.0,3.400564541943371,4.797122302158273,0.0,0.007862698447029977,138.34765625,3.0,0.004742823245268744,53.60546875,2.0
2026-05-30T07:16:37Z,2.1333333333333333,45.0,0.0,0.021630411006227007,67.78515625,6.0,5.067533487139265,4.803448909124901,0.0,0.007800699126092387,87.453125,0.0,0.13335111348179757,24.25,0.0,0.00398410373263882,57.87890625,7.0,18.13575143352447,4.563408346756463,0.0,0.012225975461057224,82.61328125,7.0,0.06667555674089878,4.800000000000001,0.0,0.004927904273229891,80.46875,10.0,0.06667555674089878,4.8,0.0,0.003136591505429511,77.50390625,7.0,19.26895587944935,2.6659614063190284,0.0,0.011327692156666958,54.79296875,6.0,2.8667689211882474,4.874509154561027,0.0,0.009802714139789892,79.50390625,7.0,0.7334044521490568,0.4943882299369389,0.0,0.0031463542272360747,55.8828125,7.0,3.400564541943371,4.797122302158273,0.0,0.007862698447029977,138.34765625,3.0,0.004742823245268744,53.60546875,2.0
2026-05-30T07:16:42Z,3.2668844589639305,45.588235294117624,0.0,0.02289623777276409,67.63671875,6.0,5.067533487139265,4.803286180523013,0.0,0.007800699126092387,87.453125,0.0,0.13335111348179757,24.25,0.0,0.0044299573147074285,57.87890625,7.0,18.13575143352447,4.563408346756463,0.0,0.010297695022190956,82.61328125,7.0,0.4000311137780346,4.800000000000001,0.0,0.004927904273229891,80.46875,10.0,0.06667555674089878,4.8,0.0,0.002525161234647055,77.2734375,7.0,32.60167133395564,2.2067609457473267,0.0,0.0108322247236972,54.79296875,6.0,4.000533404453927,4.900661759046001,0.0,0.009802714139789892,79.50390625,7.0,1.533537805040672,0.49956896551724145,0.0,0.0032025324027921687,56.0,7.0,3.400564541943371,4.797122302158273,0.0,0.008456123809214282,138.34765625,3.0,0.004742823245268744,53.60546875,2.0
2026-05-30T07:16:47Z,3.2668844589639305,45.588235294117624,0.0,0.02531927389215409,67.63671875,6.0,5.40075123883878,4.820115009640668,0.0,0.00868644161593802,88.40625,0.0,0.33336000237060737,24.25,0.0,0.0044299573147074285,57.87890625,7.0,16.735071309950243,4.593218848689061,0.0,0.012239259068694696,82.0,7.0,0.4000311137780346,4.800000000000001,0.0,0.005092529776325884,80.46875,10.0,0.4000088900742321,4.8,0.0,0.0030090698114997373,77.2734375,7.0,36.001244551714095,2.4555373857026055,0.0,0.011830191485406268,54.765625,6.0,4.600475609784397,4.911111437459703,0.0,0.009802714139789892,79.50390625,7.0,1.7335378032625388,2.3599633751733453,0.0,0.0032025324027921687,56.0,7.0,3.399995570666647,4.9537414965986395,0.0,0.007960666997861953,138.9375,3.0,0.004849138095784189,53.84765625,2.0
2026-05-30T07:16:52Z,3.2668844589639305,45.588235294117624,0.0,0.02360805188709707,67.734375,6.0,5.266671132148168,4.818340611353712,0.0,0.009235298248899711,88.40625,0.0,0.5333511122963752,24.25,0.0,0.004123990875731909,58.125,7.0,14.933826699557747,4.588043478260868,0.0,0.012239259068694696,82.0,7.0,0.6000222237038024,4.8,0.0,0.005092529776325883,80.46875,10.0,0.6,4.8,0.0,0.0030090698114997373,77.2734375,7.0,36.267884548158065,2.4890736948140435,0.0,0.009769847560458952,54.765625,6.0,4.600475609784397,4.911111437459703,0.0,0.010407798650984804,79.50390625,7.0,2.1335200231140745,2.533296787145619,0.0,0.0032633129930042843,56.0,7.0,3.399995570666647,4.9537414965986395,0.0,0.007960666997861953,138.9375,3.0,0.004849138095784189,53.84765625,2.0
2026-05-30T07:16:57Z,2.133475565037669,44.86111111111111,0.0,0.02360805188709707,67.734375,6.0,5.266671132148168,4.818340611353712,0.0,0.009235298248899711,88.40625,0.0,0.5333511122963752,24.25,0.0,0.004123990875731909,58.125,7.0,14.933826699557747,4.588043478260868,0.0,0.012239259068694696,82.0,7.0,0.26666666666666666,4.800000000000001,0.0,0.0036015630304862527,80.46875,10.0,0.6,4.8,0.0,0.003076548918069635,77.0859375,7.0,27.469182498995956,2.628270258634183,0.0,0.011900238102419103,54.765625,6.0,3.6001377869635753,4.909826282042635,0.0,0.010555988499660158,80.24609375,7.0,1.2666711143703901,2.7666666666666657,0.0,0.0032361489374386765,55.83203125,7.0,3.399995570666647,4.9537414965986395,0.0,0.006598045471336153,138.9375,3.0,0.004826486225231965,53.84765625,2.0
2026-05-30T07:17:02Z,2.133475565037669,44.86111111111111,0.0,0.01894312437373249,67.734375,6.0,5.266671132148168,4.820370745720126,0.0,0.008269261871406227,89.4765625,0.0,0.40000888948152097,24.25,0.0,0.003935853752482794,58.125,7.0,13.533733360001778,4.579944111906251,0.0,0.011629114577359613,82.0,7.0,0.26666666666666666,4.800000000000001,0.0,0.0050254060449609304,80.4609375,10.0,0.26666666666666666,4.800000000000001,0.0,0.0030785284212682,77.0859375,7.0,28.002551390255373,2.718899892718568,0.0,0.011900238102419103,54.765625,6.0,3.7334800097784298,4.941614994796809,0.0,0.010534293724140735,80.24609375,7.0,1.4000133371852443,3.1714546955362226,0.0,0.0032361489374386765,55.83203125,7.0,3.066968922078025,4.965217391304348,0.0,0.006577149240203992,139.01171875,3.0,0.004826486225231965,53.84765625,2.0
2026-05-30T07:17:07Z,2.133475565037669,44.86111111111111,0.0,0.018549182107739325,67.734375,6.0,5.6672622909714185,4.8203703703703695,0.0,0.009314343655585314,89.4765625,0.0,0.2666933362966519,24.25,0.0,0.003935853752482794,58.125,7.0,14.668222402985286,4.585074626865671,0.0,0.011685859974790958,82.609375,7.0,0.13335111348179757,4.8,0.0,0.0050254060449609304,80.4609375,10.0,0.13335111348179757,4.8,0.0,0.0030785284212682,77.0859375,7.0,28.002613620774998,2.759274303299379,0.0,0.011646605116372688,54.63671875,6.0,3.7334800097784298,4.941614994796809,0.0,0.010449718620011176,79.49609375,7.0,1.1333822308155062,3.00002963116606,0.0,0.0032512476125936174,55.83203125,7.0,3.066968922078025,4.965217391304348,0.0,0.006577149240203992,139.01171875,3.0,0.004896560205859427,53.875,2.0
2026-05-30T07:17:12Z,2.4668311220748045,44.04411764705881,0.0,0.02307558151366325,67.4140625,6.0,5.6672622909714185,4.8203703703703695,0.0,0.0103594254397644,89.4765625,0.0,0.2666933362966519,24.25,0.0,0.004093558052435351,56.45703125,7.0,14.668222402985286,4.585074626865671,0.0,0.011747804411472442,82.609375,7.0,0.33333778103729383,4.800000000000001,0.0,0.0050254060449609304,80.4609375,10.0,0.13335111348179757,4.8,0.0,0.0030871196259078322,77.0078125,7.0,30.73431118044962,2.6513614728379995,0.0,0.012640020290638846,54.63671875,6.0,4.266813343111763,4.936527109624205,0.0,0.010449718620011176,79.49609375,7.0,1.6669111528966138,2.83333333333333,0.0,0.0032830520638007423,55.73046875,7.0,3.066968922078025,4.965217391304348,0.0,0.006690679662344356,139.6015625,3.0,0.005008676545158953,53.875,2.0
2026-05-30T07:17:17Z,2.4668311220748045,44.04411764705881,0.0,0.02307558151366325,67.4140625,6.0,5.467102280304041,4.819213646467958,0.0,0.010496749186205532,89.4765625,0.0,0.2666844468151309,24.25,0.0,0.004093558052435351,56.45703125,7.0,15.401155709650176,4.602269583679423,0.0,0.011747804411472442,82.609375,7.0,0.33333778103729383,4.800000000000001,0.0,0.005328768760157117,80.4609375,10.0,0.3333511134817976,4.800000000000001,0.0,0.0031296221413491952,77.0078125,7.0,28.466728897186293,2.6450022298245326,0.0,0.012640020290638846,54.63671875,6.0,3.866666666666667,4.969832402234636,0.0,0.01041227951611738,79.49609375,7.0,1.4668755949705299,2.9999631717972113,0.0,0.0032830520638007423,55.73046875,7.0,3.3333333333333335,4.957241391359895,0.0,0.006858554306076855,139.6015625,3.0,0.005008676545158953,53.875,2.0
2026-05-30T07:17:22Z,2.4668311220748045,44.04411764705881,0.0,0.019198484901406514,67.515625,6.0,5.733551125630598,4.802608695652173,0.0,0.010662440537745605,90.015625,0.0,0.26666666666666666,24.25,0.0,0.003938209851115475,56.45703125,7.0,15.600000000000001,4.612034383954155,0.0,0.01170043397649163,82.66796875,7.0,0.3333200008888296,4.8,0.0,0.005328768760157117,80.4609375,10.0,0.33333333333333337,4.8,0.0,0.0031296221413491952,77.0078125,7.0,28.133333333333333,2.6466666666666665,0.0,0.012576939791406156,54.64453125,6.0,3.866666666666667,4.969832402234636,0.0,0.010496027496210251,79.49609375,7.0,1.4668400346736012,2.9428257570466103,0.0,0.0034349326351202675,55.73046875,7.0,3.3333333333333335,4.957241391359895,0.0,0.007728199257769479,140.73046875,3.0,0.005008676545158953,53.875,2.0
2026-05-30T07:17:27Z,3.53356890459364,41.92307692307692,0.0,0.02246852975724253,67.515625,6.0,5.733551125630598,4.802608695652173,0.0,0.010662440537745605,90.015625,0.0,0.26666666666666666,24.25,0.0,0.003938209851115475,56.45703125,7.0,15.600000000000001,4.612034383954155,0.0,0.01170043397649163,82.66796875,7.0,0.26669333866773354,4.799999999999999,0.0,0.005328768760157117,80.4609375,10.0,0.33333333333333337,4.8,0.0,0.0031892983510252867,77.0078125,7.0,31.60161794254088,2.7772222848577597,0.0,0.012576939791406156,54.64453125,6.0,3.9337600853504036,4.927373381830968,0.0,0.010496027496210251,79.49609375,7.0,1.4666088927404841,2.733356296806593,0.0,0.0034761791158719776,55.73046875,7.0,3.3333333333333335,4.957241391359895,0.0,0.007728199257769479,140.73046875,3.0,0.003888444296862943,53.875,2.0
2026-05-30T07:17:32Z,3.53356890459364,41.92307692307692,0.0,0.02246852975724253,67.515625,6.0,6.333924508748346,4.786026348687971,0.0,0.010443258262649895,90.015625,0.0,0.2666844468151309,24.25,0.0,0.003921485370184027,56.59375,7.0,17.40113792950171,4.600598426331395,0.0,0.011703237073535372,82.66796875,7.0,0.26669333866773354,4.799999999999999,0.0,0.005387759907266141,80.46484375,10.0,0.3333600035560297,4.799999999999999,0.0,0.003315621499376941,73.6171875,7.0,33.936791521240266,2.6142844557253717,0.0,0.011796642725906638,54.64453125,6.0,4.267377901059165,4.886363636363637,0.0,0.008937513191182698,79.49609375,7.0,1.8667066835570374,2.6333823470183275,0.0,0.0034761791158719776,55.73046875,7.0,3.0670756100813445,4.8,0.0,0.008029232800808927,140.73046875,3.0,0.005064711784020958,48.8359375,2.0
2026-05-30T07:17:37Z,3.53356890459364,41.92307692307692,0.0,0.02225549140731345,67.546875,6.0,4.800640085344713,4.787664920483531,0.0,0.009370483734204696,90.1796875,0.0,0.26670222696359513,24.25,0.0,0.004138572381586799,56.59375,7.0,14.801973596479531,4.6093828967315655,0.0,0.009734850124742336,82.66796875,7.0,0.2667111188161978,4.8,0.0,0.004067258416012581,80.46484375,10.0,0.33337778370449395,4.8,0.0,0.003315621499376941,73.6171875,7.0,34.07016041487053,2.5763640903982963,0.0,0.011796642725906638,54.64453125,6.0,4.267377901059165,4.886363636363637,0.0,0.00848265033131763,79.49609375,7.0,1.8667422438539658,2.766711976106536,0.0,0.003377857012250671,55.7578125,7.0,3.0670756100813445,4.8,0.0,0.006786552900912618,140.73046875,3.0,0.005064711784020958,48.8359375,2.0
2026-05-30T07:17:42Z,2.200146676445096,42.72727272727272,0.0,0.023203711014604278,67.546875,6.0,4.800640085344713,4.787664920483531,0.0,0.009370483734204696,90.1796875,0.0,0.26670222696359513,24.25,0.0,0.004138572381586799,56.59375,7.0,14.801973596479531,4.6093828967315655,0.0,0.011361314150904567,82.95703125,7.0,0.20001778014846422,4.8,0.0,0.004526076126357894,80.46484375,10.0,0.33337778370449395,4.8,0.0,0.003315102478080882,73.6171875,7.0,28.135431390852116,2.592855833150395,0.0,0.009263805227298432,54.64453125,6.0,3.800506734231231,4.8644053401852485,0.0,0.010001192508242792,79.49609375,7.0,1.6002133617815708,2.666641232401278,0.0,0.0030018235204977953,55.7578125,7.0,3.0670756100813445,4.8,0.0,0.007297688901688074,139.48828125,3.0,0.004984398334416097,49.484375,2.0
2026-05-30T07:17:47Z,2.200146676445096,42.72727272727272,0.0,0.023203711014604278,67.546875,6.0,4.3337556014869145,4.787664920483531,0.0,0.007261742911384663,90.1796875,0.0,0.20002222488922472,24.25,0.0,0.004138572381586799,56.59375,7.0,13.334640142831764,4.598254653135261,0.0,0.01113769428537655,82.95703125,7.0,0.20001778014846422,4.8,0.0,0.004440093687439184,80.46484375,10.0,0.13335111348179757,4.8,0.0,0.0031479576341960597,73.734375,7.0,26.734417867267517,2.4427876138120954,0.0,0.011547824302130113,52.83203125,6.0,3.5336800379304303,4.86589444694734,0.0,0.010001192508242792,79.49609375,7.0,1.4668222402985287,1.4499686084951515,0.0,0.003464219893633575,55.7578125,7.0,2.6668444562970866,4.8,0.0,0.007650153082770371,139.48828125,3.0,0.004968656676261335,49.484375,2.0
2026-05-30T07:17:52Z,2.200146676445096,42.72727272727272,0.0,0.01934015731431799,67.546875,6.0,5.466622245925729,4.788444568851947,0.0,0.0058794096336783315,90.1796875,0.0,0.1333377780740938,24.25,0.0,0.0029280904745861733,56.59375,7.0,16.000471142520613,4.587575294080286,0.0,0.011137694285376549,82.95703125,7.0,0.13333333333333333,4.8,0.0,0.0039812759770938705,80.46484375,10.0,0.06666666666666667,4.8,0.0,0.0031479576341960597,73.734375,7.0,26.734382306970588,2.398090579712928,0.0,0.011547824302130113,52.83203125,6.0,3.5336800379304303,4.86589444694734,0.0,0.010319119119119988,79.49609375,7.0,1.3334533466682668,1.5499541626956352,0.0,0.0035071333076940664,54.94140625,7.0,2.6668444562970866,4.8,0.0,0.007650153082770371,139.48828125,3.0,0.004968656676261335,49.484375,2.0
2026-05-30T07:17:57Z,3.333333333333333,41.875000000000014,0.0,0.023952350234373195,67.62890625,6.0,5.466622245925729,4.788444568851947,0.0,0.005274264391062942,90.1796875,0.0,0.1333377780740938,24.25,0.0,0.002603957186131276,56.59375,7.0,16.000471142520613,4.587575294080286,0.0,0.012023637095150487,80.90625,7.0,0.20002667200106689,4.8,0.0,0.0035224582667485564,80.46484375,10.0,0.06666666666666667,4.8,0.0,0.003170099514000923,73.734375,7.0,33.80584139236027,2.3494876424794535,0.0,0.012374501441374766,52.875,6.0,4.200124452741294,4.866665159060861,0.0,0.010351244991409983,79.49609375,7.0,1.8001111185190124,1.4000322238334086,0.0,0.003538433482265716,54.94140625,7.0,2.6668444562970866,4.8,0.0,0.007009109932532868,135.86328125,3.0,0.004968656676261335,49.484375,2.0
2026-05-30T07:18:02Z,3.333333333333333,41.875000000000014,0.0,0.023952350234373195,67.62890625,6.0,6.266675582814854,4.805063888898786,0.0,0.007693955605044664,90.8359375,0.0,0.26668000088894817,24.25,0.0,0.003538722322278799,56.609375,7.0,16.600511145187458,4.603383064868515,0.0,0.012023637095150487,80.90625,7.0,0.20002667200106689,4.8,0.0,0.00516670359374365,80.4609375,10.0,0.20001778014846422,4.800000000000001,0.0,0.0031700995140009234,73.734375,7.0,38.73950363650988,2.304660898343001,0.0,0.012374501441374766,52.875,6.0,5.0001777896304205,4.862636697191915,0.0,0.010351244991409983,79.49609375,7.0,2.066795564148721,1.8400554696250462,0.0,0.003538433482265716,54.94140625,7.0,3.466897793186212,4.799999999999999,0.0,0.0069606833091179245,135.86328125,3.0,0.004968656676261335,49.484375,2.0
2026-05-30T07:18:07Z,3.333333333333333,41.875000000000014,0.0,0.023952350234373195,67.62890625,6.0,6.734262380177882,4.8056451552195885,0.0,0.007693955605044664,90.8359375,0.0,0.4000533422238818,24.25,0.0,0.003538722322278799,56.609375,7.0,16.33557815859014,4.603286316426309,0.0,0.012204298320522503,80.90625,7.0,0.33340001333600056,4.8,0.0,0.00516670359374365,80.4609375,10.0,0.3333911214833979,4.8,0.0,0.002487629923628425,73.734375,7.0,39.00627699118082,2.2934445335040947,0.0,0.012334247800802172,52.875,6.0,5.0001777896304205,4.862636697191915,0.0,0.008507124920812237,79.49609375,7.0,2.3335422468185882,2.685775694715934,0.0,0.003644172333960465,54.98046875,7.0,3.466897793186212,4.799999999999999,0.0,0.0069606833091179245,135.86328125,3.0,0.0020526333333312627,49.484375,2.0
2026-05-30T07:18:12Z,2.600520104020804,43.65384615384613,0.0,0.0250096269089513,67.76171875,6.0,6.734262380177882,4.8056451552195885,0.0,0.007693955605044664,90.8359375,0.0,0.4000533422238818,24.25,0.0,0.0038175214362888375,56.4140625,7.0,16.33557815859014,4.603286316426309,0.0,0.012371379833203805,81.2109375,7.0,0.40004000800160033,4.8,0.0,0.00516670359374365,80.4609375,10.0,0.3333911214833979,4.8,0.0,0.0019646838702328515,73.734375,7.0,37.600373547861096,2.4018095278821026,0.0,0.012334247800802172,52.875,6.0,4.800462272005848,4.901604278074865,0.0,0.007641330286195999,79.49609375,7.0,2.466964485635932,2.924994721694393,0.0,0.0035576272847548866,54.98046875,7.0,3.466897793186212,4.799999999999999,0.0,0.005496956341500349,135.9921875,3.0,0.0020526333333312627,49.484375,2.0
2026-05-30T07:18:17Z,2.600520104020804,43.65384615384613,0.0,0.0250096269089513,67.76171875,6.0,5.667524597659048,4.805906870947534,0.0,0.007693955605044664,90.8359375,0.0,0.2667111194090275,24.25,0.0,0.0038175214362888375,56.4140625,7.0,15.935551490145574,4.602798358438816,0.0,0.012371379833203805,81.2109375,7.0,0.40004000800160033,4.8,0.0,0.005171610076670433,80.0859375,10.0,0.4000533422238818,4.8,0.0,0.002953696548170534,74.3046875,7.0,30.7332490728961,2.594882541097928,0.0,0.012775824260378332,52.87890625,6.0,3.733724489487013,4.950281704146861,0.0,0.01147268067658275,79.58203125,7.0,2.000266705783942,3.2222069670562465,0.0,0.0035576272847548866,54.98046875,7.0,3.0667644509633973,4.8,0.0,0.005496956341500349,135.9921875,3.0,0.004753414617895367,49.234375,2.0
2026-05-30T07:18:22Z,2.600520104020804,43.65384615384613,0.0,0.025775114714666415,62.21875,6.0,4.866626687703526,4.805173022882992,0.0,0.00817036245763962,90.8359375,0.0,0.1333377780740938,24.25,0.0,0.0038175214362888375,56.4140625,7.0,16.466546739258725,4.607933258319433,0.0,0.011364322742373948,81.453125,7.0,0.26666666666666666,4.8,0.0,0.005171610076670433,80.0859375,10.0,0.26668000088894817,4.8,0.0,0.002953696548170534,74.3046875,7.0,30.266475718225166,2.6000119288085637,0.0,0.011233830461310542,52.87890625,6.0,3.733724489487013,4.950281704146861,0.0,0.01147268067658275,79.58203125,7.0,1.7335200231140746,3.0499674965690833,0.0,0.0037018633540375026,54.98046875,7.0,3.0667644509633973,4.8,0.0,0.004607246643135204,135.9921875,3.0,0.004753414617895367,49.234375,2.0
2026-05-30T07:18:27Z,2.5998266782214516,42.499999999999986,0.0,0.025775114714666415,62.21875,6.0,4.866626687703526,4.805173022882992,0.0,0.00817036245763962,90.8359375,0.0,0.1333377780740938,24.25,0.0,0.0038175214362888375,56.4140625,7.0,16.466546739258725,4.607933258319433,0.0,0.013454652505194925,81.453125,7.0,0.06666666666666667,4.8,0.0,0.005213206347024288,80.08984375,10.0,0.26668000088894817,4.8,0.0,0.002953696548170534,74.3046875,7.0,23.13545356950987,2.7142279710369897,0.0,0.013261485092820914,52.7578125,6.0,3.5334400071115852,4.945355998200748,0.0,0.01147268067658275,79.58203125,7.0,1.000026668444563,2.9750000000000005,0.0,0.0037018633540375026,54.98046875,7.0,3.0667644509633973,4.8,0.0,0.0061516685117829675,136.1484375,3.0,0.004753414617895367,49.234375,2.0
2026-05-30T07:18:32Z,2.5998266782214516,42.499999999999986,0.0,0.025775114714666415,62.21875,6.0,5.26681783348654,4.820577496127514,0.0,0.008143723081831228,92.3125,0.0,0.26669333688936303,24.25,0.0,0.004133460909730555,59.07421875,7.0,18.133920199129605,4.611798741111814,0.0,0.013454652505194925,81.453125,7.0,0.06666666666666667,4.8,0.0,0.0035189377966833046,80.08984375,10.0,0.13334222340756546,4.8,0.0,0.0030077545822536755,74.34375,7.0,25.20309374583278,2.8680440578644406,0.0,0.013261485092820912,52.7578125,6.0,3.8002489220784996,4.918135630965714,0.0,0.01809480923530405,84.25390625,7.0,1.2000800106680891,3.509102884250164,0.0,0.0037018633540375026,54.98046875,7.0,2.867048939858648,4.8,0.0,0.0061516685117829675,136.1484375,3.0,0.004769223550023049,49.234375,2.0
2026-05-30T07:18:37Z,2.5998266782214516,42.499999999999986,0.0,0.019561919876831337,62.79296875,6.0,5.200822361209822,4.836065325006929,0.0,0.008119017524681424,92.3125,0.0,0.4000400044449779,24.25,0.0,0.004624606996593067,59.07421875,7.0,16.602173620482557,4.610526315789473,0.0,0.013087893278749749,82.2109375,7.0,0.20001333422228149,4.8,0.0,0.003975151737018348,80.08984375,10.0,0.26668889096318027,4.8,0.0,0.0030077545822536755,74.34375,7.0,25.536453747610675,2.8802406631237814,0.0,0.013261485092820912,52.7578125,6.0,3.8002489220784996,4.918135630965714,0.0,0.01999023022087153,84.25390625,7.0,1.4667733457793188,3.436377448147954,0.0,0.003754730018754974,54.98046875,7.0,2.867048939858648,4.8,0.0,0.006541494104999225,134.953125,3.0,0.004761328780600239,49.34375,2.0
2026-05-30T07:18:42Z,2.8003733831177495,48.571428571428555,0.0,0.02389574514405492,62.79296875,6.0,5.200822361209822,4.836065325006929,0.0,0.008119017524681424,92.3125,0.0,0.4000400044449779,24.25,0.0,0.005893753042350139,59.07421875,7.0,16.602173620482557,4.610526315789473,0.0,0.012751705552452476,82.2109375,7.0,0.40001333422228147,4.800000000000001,0.0,0.004171467960463395,80.0859375,10.0,0.26668889096318027,4.8,0.0,0.0030077545822536755,74.34375,7.0,29.535271367737803,2.9543421130327805,0.0,0.011001875382838594,52.7578125,6.0,3.6671556207494334,7.124999999999995,0.0,0.01999023022087153,84.25390625,7.0,2.0001733502240597,3.472740349842211,0.0,0.0036303518350654404,54.9375,7.0,2.867048939858648,4.8,0.0,0.006951807536289713,134.953125,3.0,0.0030149439048509814,49.34375,2.0
2026-05-30T07:18:47Z,2.8003733831177495,48.571428571428555,0.0,0.02389574514405492,62.79296875,6.0,5.400493428463233,4.8223211528959045,0.0,0.007458005611517396,92.64453125,0.0,0.26668000088894817,24.25,0.0,0.004984056358917716,59.0546875,7.0,18.467649017202117,4.5994416388959465,0.0,0.013625557631449828,82.34765625,7.0,0.40001333422228147,4.800000000000001,0.0,0.005188213735591025,80.0859375,10.0,0.3333466675556148,4.8,0.0,0.001967066859434616,74.76171875,7.0,28.733600033782164,3.043989479936214,0.0,0.012305121805317858,52.7734375,6.0,3.600240032004267,67.6920887390568,0.0,0.01999023022087153,84.25390625,7.0,1.9334266728893037,3.6181817447136915,0.0,0.0036303518350654404,54.9375,7.0,3.533333333333333,4.827481252988926,0.0,0.006951807536289713,134.953125,3.0,0.003410662959419355,49.34375,2.0
2026-05-30T07:18:52Z,2.8003733831177495,48.571428571428555,0.0,0.025249637292035238,63.203125,6.0,5.733333333333333,4.844239608209005,0.0,0.007458005611517396,92.64453125,0.0,0.13333333333333333,24.25,0.0,0.004984056358917716,59.0546875,7.0,22.600777829633085,4.587880093942471,0.0,0.013625557631449828,82.34765625,7.0,0.26666666666666666,4.800000000000001,0.0,0.004493310152527893,80.0859375,10.0,0.2,4.8,0.0,0.002214745889834341,74.76171875,7.0,28.400240032004266,3.0545955571547774,0.0,0.012305121805317858,52.7734375,6.0,3.600240032004267,67.6920887390568,0.0,0.018229366666658583,84.25390625,7.0,1.666733337778074,3.400009876762692,0.0,0.0034621383801882117,55.19140625,7.0,3.533333333333333,4.827481252988926,0.0,0.005734063272273143,134.953125,3.0,0.003527976414257256,49.484375,2.0
2026-05-30T07:18:57Z,2.8001866791119405,95.33333333333331,0.0,0.02414272833351138,63.203125,6.0,5.733333333333333,4.844239608209005,0.0,0.007313956608059519,92.703125,0.0,0.13333333333333333,24.25,0.0,0.004984056358917716,59.0546875,7.0,22.600777829633085,4.587880093942471,0.0,0.012013855471327167,82.34765625,7.0,0.13334222340756546,4.8,0.0,0.004961280781154269,80.08203125,10.0,0.2,4.8,0.0,0.002462424920234066,74.76171875,7.0,25.935004667288972,3.2921732725754937,0.0,0.011522745437587497,52.7734375,6.0,3.4000000000000004,85.18514662173672,0.0,0.018229366666658583,84.25390625,7.0,1.1333644465186568,3.5555781627066674,0.0,0.0034621383801882117,55.19140625,7.0,3.533333333333333,4.827481252988926,0.0,0.007775182967399173,135.2578125,3.0,0.004467277309558247,49.484375,2.0
2026-05-30T07:19:02Z,2.8001866791119405,95.33333333333331,0.0,0.020975873007497287,63.203125,6.0,5.066800008889482,4.860909280265208,0.0,0.004267270080592688,92.703125,0.0,0.06666666666666667,24.25,0.0,0.004523066113344146,59.3828125,7.0,18.601231193190657,4.5916461801306445,0.0,0.01180905249253851,82.34765625,7.0,0.13334222340756546,4.8,0.0,0.004760050191770364,80.08203125,10.0,0.1333377780740938,4.8,0.0,0.002497694414162987,74.76171875,7.0,24.402351379291993,3.4999787066506833,0.0,0.011599091767633506,52.7734375,6.0,3.2001066737782518,89.74360720380875,0.0,0.14267952325395145,85.12109375,7.0,1.200071115852168,3.5111336085177065,0.0,0.0034621383801882117,55.19140625,7.0,2.6669378082999904,4.85522388232978,0.0,0.007775182967399173,135.2578125,3.0,0.004467277309558246,49.484375,2.0
2026-05-30T07:19:07Z,2.8001866791119405,95.33333333333331,0.0,0.01896397897970467,63.203125,6.0,3.8669244616307754,4.863594421151392,0.0,0.004803036211643398,92.703125,0.0,0.0,24.25,0.0,0.004523066113344146,59.3828125,7.0,14.267617841189413,4.602576050251027,0.0,0.013336935755762898,82.51171875,7.0,0.06667555674089878,4.8,0.0,0.004760050191770364,80.08203125,10.0,0.06667111140742715,4.8,0.0,0.0029449946382388795,73.28515625,7.0,24.335684712625326,3.501228684607429,0.0,0.011599091767633506,52.7734375,6.0,3.2001066737782518,89.74360720380875,0.0,0.14267952325395145,85.12109375,7.0,1.0667377825188344,3.5555682859195863,0.0,0.003389670109963018,55.19140625,7.0,2.6669378082999904,4.85522388232978,0.0,0.007755403286287966,135.7265625,3.0,0.004338561840842209,49.62890625,2.0
2026-05-30T07:19:12Z,2.5336711561541536,124.64285714285663,0.0,0.024330185422126928,62.8359375,6.0,3.8669244616307754,4.863594421151392,0.0,0.005325599861243364,92.80078125,0.0,0.0,24.25,0.0,0.0025131510387910463,59.52734375,7.0,14.267617841189413,4.602576050251027,0.0,0.01319200314873421,82.51171875,7.0,0.0,4.8,0.0,0.0046936182659086025,80.08203125,10.0,0.06667111140742715,4.8,0.0,0.0029449946382388795,73.28515625,7.0,24.53411116296642,3.5320649083996307,0.0,0.011599091767633506,52.7734375,6.0,3.0668711247416494,91.72222222222221,0.0,0.14267952325395145,85.12109375,7.0,1.2001200133349337,3.6444334695590945,0.0,0.0032691142666867656,52.8203125,7.0,2.6669378082999904,4.85522388232978,0.0,0.007835692677180739,135.7265625,3.0,0.004338561840842209,49.62890625,2.0
2026-05-30T07:19:17Z,2.5336711561541536,124.64285714285663,0.0,0.024330185422126928,62.8359375,6.0,3.6667911194079608,4.848309458917687,0.0,0.006391806440586936,92.80078125,0.0,0.0,24.25,0.0,0.0029679965028533177,59.52734375,7.0,13.933831144298509,4.605862804517837,0.0,0.01319200314873421,82.51171875,7.0,0.0,4.8,0.0,0.004494405461785221,80.08203125,10.0,0.0,4.8,0.0,0.0029474450782855225,73.28515625,7.0,24.066764450963397,3.6264137301699835,0.0,0.011783526756927669,52.7734375,6.0,3.000097784296731,93.42590428185049,0.0,0.2048998559596767,85.12109375,7.0,0.9334133440014225,3.5499548576721907,0.0,0.0032691142666867656,52.8203125,7.0,3.0,4.853623155031688,0.0,0.007835692677180739,135.7265625,3.0,0.004086124105455043,49.62890625,2.0
2026-05-30T07:19:22Z,2.5336711561541536,124.64285714285663,0.0,0.025941756733573417,62.8359375,6.0,3.866666666666667,4.836548215104379,0.0,0.006249569973521981,92.64453125,0.0,0.0,24.25,0.0,0.0029679965028533177,59.52734375,7.0,13.2,4.616805552296109,0.0,0.011590627366668181,82.51171875,7.0,0.0,4.8,0.0,0.004517465753424608,80.0859375,10.0,0.0,4.8,0.0,0.0028543870692624594,73.375,7.0,24.066764450963397,3.625315076873009,0.0,0.011616819822166363,52.78515625,6.0,3.000097784296731,93.42590428185049,0.0,0.2048998559596767,85.12109375,7.0,0.9334133440014225,3.699961385827686,0.0,0.0026754604647886236,52.8203125,7.0,3.0,4.853623155031688,0.0,0.007477360886429529,136.0703125,3.0,0.004086124105455043,49.62890625,2.0
2026-05-30T07:19:27Z,2.6664889007399504,161.49999999999977,0.0,0.025223283724352397,62.6875,6.0,3.866666666666667,4.836548215104379,0.0,0.006249569973521981,92.64453125,0.0,0.0,24.25,0.0,0.0029966777408635885,59.47265625,7.0,13.2,4.616805552296109,0.0,0.012973995896228642,82.69140625,7.0,0.06668444918644972,4.799999999999999,0.0,0.004517804836719519,80.0859375,10.0,0.0,4.8,0.0,0.0028543870692624594,73.375,7.0,26.00203581810849,3.7114634918653087,0.0,0.01149929699776923,52.78515625,6.0,3.5334666755561486,93.93442239229876,0.0,0.2048998559596767,85.12109375,7.0,0.9333333333333333,3.93331818846228,0.0,0.003186831905595698,52.8203125,7.0,3.0,4.853623155031688,0.0,0.007353545004110518,136.0703125,3.0,0.003204934416596557,49.62890625,2.0
2026-05-30T07:19:32Z,2.6664889007399504,161.49999999999977,0.0,0.025223283724352397,62.6875,6.0,4.800364493043517,4.834782640436582,0.0,0.006307630821698837,92.64453125,0.0,0.06667555674089878,24.25,0.0,0.002953807566362193,59.47265625,7.0,16.80134240120905,4.613370074408522,0.0,0.012973995896228642,82.69140625,7.0,0.06668444918644972,4.799999999999999,0.0,0.004517804836719519,80.0859375,10.0,0.06667555674089878,4.799999999999999,0.0,0.002786238966885564,73.375,7.0,29.87051605991851,3.7614409357771392,0.0,0.01149929699776923,52.78515625,6.0,4.000400044449778,93.76984324357883,0.0,0.1969305028152393,81.765625,7.0,1.2667555674089879,4.072728080843998,0.0,0.003186831905595698,52.8203125,7.0,3.4004533937858383,4.825850625430305,0.0,0.007353545004110518,136.0703125,3.0,0.004329251026476966,45.8828125,2.0
2026-05-30T07:19:37Z,2.6664889007399504,161.49999999999977,0.0,0.023588602631503083,62.6875,6.0,5.934329062549853,4.8139997395351815,0.0,0.006752877032788751,92.37109375,0.0,0.13335111348179757,24.25,0.0,0.002953807566362193,59.47265625,7.0,20.536071476196827,4.613477111295532,0.0,0.011832393698297018,82.69140625,7.0,0.1333600059273485,4.799999999999999,0.0,0.003680643051017512,80.0859375,10.0,0.13335111348179757,4.799999999999999,0.0,0.0029481713279871846,73.8125,7.0,29.93719161665941,3.767858464896874,0.0,0.012087084221948577,52.78125,6.0,4.000400044449778,93.76984324357883,0.0,0.1969305028152393,81.765625,7.0,1.4001066808907854,4.150000833405871,0.0,0.003275475788965898,52.8203125,7.0,3.4004533937858383,4.825850625430305,0.0,0.006435813189391896,135.9921875,3.0,0.004411334042660572,45.8828125,2.0
2026-05-30T07:19:42Z,2.933724496599547,143.12499999999963,0.0,0.02437690393605751,62.67578125,6.0,5.934329062549853,4.8139997395351815,0.0,0.006752877032788751,92.37109375,0.0,0.13335111348179757,24.25,0.0,0.002953807566362193,59.47265625,7.0,20.536071476196827,4.613477111295532,0.0,0.012093250526864864,83.27734375,7.0,0.13333777925939755,4.8,0.0,0.0046542571193743274,80.08203125,10.0,0.13335111348179757,4.799999999999999,0.0,0.0029481713279871846,73.8125,7.0,30.40194691795888,3.6716710000066732,0.0,0.012087084221948576,52.78125,6.0,3.867057821634924,93.10344827586206,0.0,0.1969305028152393,81.765625,7.0,1.5335378050406723,3.999991514431528,0.0,0.0032498338870429883,52.8203125,7.0,3.4004533937858383,4.825850625430305,0.0,0.006435813189391896,135.9921875,3.0,0.004411334042660572,45.8828125,2.0
2026-05-30T07:19:47Z,2.933724496599547,143.12499999999963,0.0,0.02437690393605751,62.67578125,6.0,5.667462358247808,4.8140700892308725,0.0,0.006735405012444869,92.37109375,0.0,0.2000177795557531,24.25,0.0,0.0032074939738286515,59.41015625,7.0,20.468729119435185,4.606303749597386,0.0,0.012184606167802418,83.27734375,7.0,0.13333777925939755,4.8,0.0,0.0046542571193743274,80.08203125,10.0,0.13334222340756546,4.8,0.0,0.0029740931103118037,73.8125,7.0,29.40097339881926,3.431070887196295,0.0,0.012304790152753958,52.78125,6.0,3.733582238815921,91.19565217391305,0.0,0.1969305028152393,81.765625,7.0,1.2668089060762473,3.6749901380670615,0.0,0.003237094968031478,52.8203125,7.0,3.466897793186212,4.8,0.0,0.006435813189391896,135.9921875,3.0,0.004411334042660572,45.8828125,2.0
2026-05-30T07:19:52Z,2.933724496599547,143.12499999999963,0.0,0.019960105630572156,62.67578125,6.0,5.066831122074805,4.828971980668703,0.0,0.006750744259248725,92.22265625,0.0,0.2666755561481876,24.25,0.0,0.0032074939738286515,59.41015625,7.0,20.734000044447406,4.559173426990637,0.0,0.012184606167802418,83.27734375,7.0,0.1999955558518321,4.8,0.0,0.0046542571193743274,80.08203125,10.0,0.2,4.8,0.0,0.0029740931103118037,73.8125,7.0,29.600964508745026,3.4261016659985883,0.0,0.012304790152753958,52.78125,6.0,3.733582238815921,91.19565217391305,0.0,0.12321932915297916,81.4921875,7.0,1.4001244592611164,3.574987221114101,0.0,0.002796430292279835,52.8203125,7.0,3.466897793186212,4.8,0.0,0.005353702710631086,135.9921875,3.0,0.004664397240379039,45.953125,2.0
2026-05-30T07:19:57Z,2.466666666666667,117.14285714285694,0.0,0.024762094880218535,62.67578125,6.0,5.066831122074805,4.828971980668703,0.0,0.006910501379705317,92.22265625,0.0,0.2666755561481876,24.25,0.0,0.0032074939738286515,59.41015625,7.0,20.734000044447406,4.559173426990637,0.0,0.012170658994723626,83.53125,7.0,0.20000889007423212,4.800000000000001,0.0,0.00486185627130853,80.08203125,10.0,0.2,4.8,0.0,0.0029324192940332902,73.91015625,7.0,24.536302690455642,3.387150160129833,0.0,0.00964567373078486,52.78125,6.0,3.4002266817787854,89.68749999999999,0.0,0.12321932915297916,81.4921875,7.0,1.133328892740721,3.6000227784614385,0.0,0.003316635331084522,52.8203125,7.0,3.466897793186212,4.8,0.0,0.0056468801025164874,136.359375,3.0,0.004664397240379039,45.953125,2.0
2026-05-30T07:20:02Z,2.466666666666667,117.14285714285694,0.0,0.019126448436271468,62.67578125,6.0,4.933644485931458,4.828837392768202,0.0,0.006910501379705317,92.22265625,0.0,0.20000889007423212,24.25,0.0,0.003468294308807708,59.49609375,7.0,17.734266791127705,4.545243292585205,0.0,0.012170658994723626,83.53125,7.0,0.20000889007423212,4.800000000000001,0.0,0.00486185627130853,80.08203125,10.0,0.20001333600053345,4.800000000000001,0.0,0.0029324192940332902,73.91015625,7.0,23.93706284781369,3.2680368184112405,0.0,0.011733187410370879,52.7890625,6.0,3.4670267078568893,86.85477811894879,0.0,0.006543408314135978,81.125,7.0,1.2667066782233483,3.3714749226042757,0.0,0.002829099150291017,52.8203125,7.0,3.26699114696725,4.798540162562851,0.0,0.0056468801025164874,136.359375,3.0,0.004664397240379039,45.953125,2.0
2026-05-30T07:20:07Z,2.466666666666667,117.14285714285694,0.0,0.017062940529586592,62.67578125,6.0,5.200702317642708,4.8235294117647065,0.0,0.006990132017602355,91.74609375,0.0,0.1333555594080989,24.25,0.0,0.003468294308807708,59.49609375,7.0,14.201906923590347,4.529587849245458,0.0,0.009786736743744489,83.453125,7.0,0.1333555594080989,4.8,0.0,0.00486185627130853,80.08203125,10.0,0.1333600053344002,4.8,0.0,0.003001857347195427,74.02734375,7.0,23.803756186481422,3.2652593417990308,0.0,0.011733187410370879,52.7890625,6.0,3.4670267078568893,86.85477811894879,0.0,0.007348522966497275,81.125,7.0,1.1334000168910818,3.3143354212369274,0.0,0.0033755092880322518,53.234375,7.0,3.26699114696725,4.798540162562851,0.0,0.005341287247421277,136.359375,3.0,0.003586468133626686,46.23046875,2.0
2026-05-30T07:20:12Z,2.733880109355204,85.83333333333329,0.0,0.024779701070489133,63.12109375,6.0,5.200702317642708,4.8235294117647065,0.0,0.007321234206803958,91.74609375,0.0,0.1333555594080989,24.25,0.0,0.003637662921349314,59.49609375,7.0,14.201906923590347,4.529587849245458,0.0,0.01196731439704629,83.453125,7.0,0.13334666933386677,4.8,0.0,0.005129916931344928,80.08984375,10.0,0.1333600053344002,4.8,0.0,0.003001857347195427,74.02734375,7.0,33.60080039470863,3.0543214393938984,0.0,0.012106439259347217,52.8046875,6.0,4.200711236170868,80.11904761904759,0.0,0.009661375828335575,81.125,7.0,1.3335200266705782,2.966711114074266,0.0,0.0034208226768968576,53.234375,7.0,3.26699114696725,4.798540162562851,0.0,0.005897768762679554,136.65234375,3.0,0.0046980708464986545,46.23046875,2.0
2026-05-30T07:20:17Z,2.733880109355204,85.83333333333329,0.0,0.024779701070489133,63.12109375,6.0,5.133573397340209,4.823317988534454,0.0,0.007321234206803958,91.74609375,0.0,0.13334222518569888,39.99966662962551,0.0,0.003605273084635753,59.734375,7.0,13.000586824905366,4.5427670062917,0.0,0.01196731439704629,83.453125,7.0,0.13334666933386677,4.8,0.0,0.005129916931344928,80.08984375,10.0,0.20000444770419762,4.8,0.0,0.003001857347195427,74.02734375,7.0,34.131698014824615,2.8533670178651347,0.0,0.012106439259347217,52.8046875,6.0,4.200324543721267,51.66827784938599,0.0,0.009661375828335575,81.125,7.0,1.2667511303728793,1.0000088916546996,0.0,0.0034208226768968576,53.234375,7.0,2.9332355620736394,4.825174825174825,0.0,0.005897768762679554,136.65234375,3.0,0.0046980708464986545,46.23046875,2.0
2026-05-30T07:20:22Z,2.733880109355204,85.83333333333329,0.0,0.024779701070489133,63.12109375,6.0,5.133173343999289,4.824434389140271,0.0,0.007157644846093848,91.671875,0.0,0.13332444503699753,45.0,0.0,0.003605273084635753,59.734375,7.0,12.800035612444603,4.562262151166166,0.0,0.011804149023235531,83.73046875,7.0,0.13332888918516544,4.8,0.0,0.005327678075249264,80.08984375,10.0,0.1999866675554963,4.800000000000001,0.0,0.002833239831697738,74.29296875,7.0,34.264986899564214,2.848366703040349,0.0,0.01250724319578382,52.79296875,6.0,4.200324543721267,51.66827784938599,0.0,0.009784248001746562,81.00390625,7.0,1.2667155700754766,1.9999666644442955,0.0,0.003447986270023573,52.55859375,7.0,2.9332355620736394,4.825174825174825,0.0,0.006122484357648417,136.65234375,3.0,0.004712189243299281,46.3125,2.0
2026-05-30T07:20:27Z,3.533097793480435,46.49999999999999,0.0,0.025816122113715537,62.83203125,6.0,5.133173343999289,4.824434389140271,0.0,0.007157644846093849,91.671875,0.0,0.13332444503699753,45.0,0.0,0.003436447582835483,59.734375,7.0,12.800035612444603,4.562262151166166,0.0,0.011448267357256561,83.73046875,7.0,0.2667022305200991,4.8,0.0,0.005320334385698841,80.0859375,10.0,0.1999866675554963,4.800000000000001,0.0,0.002833239831697738,74.29296875,7.0,33.33473816774219,2.696575319507743,0.0,0.01250724319578382,52.79296875,6.0,4.33304446370242,4.8,0.0,0.009784248001746562,81.00390625,7.0,1.866711119407605,1.850000000000001,0.0,0.003447986270023573,52.55859375,7.0,2.9332355620736394,4.825174825174825,0.0,0.006242754941190415,137.09765625,3.0,0.00471218924329928,46.3125,2.0
2026-05-30T07:20:32Z,3.533097793480435,46.49999999999999,0.0,0.025816122113715537,62.83203125,6.0,6.2675646868792665,4.806896319839344,0.0,0.007157644846093849,91.671875,0.0,0.2000311208913982,44.99999999999999,0.0,0.003436447582835483,59.734375,7.0,17.469880775607816,4.570152851565046,0.0,0.011448267357256561,83.73046875,7.0,0.2667022305200991,4.8,0.0,0.005320334385698841,80.0859375,10.0,0.20002222785289897,4.8,0.0,0.002833239831697738,74.29296875,7.0,38.206881571927795,2.939709068852961,0.0,0.01299060907848408,52.82421875,6.0,5.133902427310394,4.8208795696030835,0.0,0.00922544394086976,80.8671875,7.0,2.26697340120196,3.0857559210108563,0.0,0.003447986270023573,52.55859375,7.0,4.0676180047959445,4.849664440742028,0.0,0.006242754941190415,137.09765625,3.0,0.00393260574327246,46.3125,2.0
2026-05-30T07:20:37Z,3.533097793480435,46.49999999999999,0.0,0.025816122113715537,62.83203125,6.0,6.7347025292590805,4.790717408387518,0.0,0.007651825154385432,91.85546875,0.0,0.2667289037072996,44.999999999999986,0.0,0.002759782416711986,59.734375,7.0,20.137436479334436,4.592717086834734,0.0,0.009616067568955626,83.73046875,7.0,0.33340001333600056,4.8,0.0,0.005328597792402105,80.09375,10.0,0.2667200106688004,4.8,0.0,0.0018380000000007611,74.29296875,7.0,38.1402726898554,2.956207772870856,0.0,0.010849238079866427,52.82421875,6.0,5.133902427310394,4.8208795696030835,0.0,0.011027671844474856,80.8671875,7.0,2.4003689668337627,3.08577714565092,0.0,0.0035939533341617664,52.6171875,7.0,4.0676180047959445,4.849664440742028,0.0,0.0057260508792164174,137.09765625,3.0,0.004733611743863173,46.3125,2.0
2026-05-30T07:20:42Z,2.4671600986864037,41.45833333333333,0.0,0.01622639334168651,62.84375,6.0,6.7347025292590805,4.790717408387518,0.0,0.007651825154385432,91.85546875,0.0,0.2667289037072996,44.999999999999986,0.0,0.002473411784809029,59.734375,7.0,20.137436479334436,4.592717086834734,0.0,0.008447843004989386,83.73046875,7.0,0.20002222785289897,4.799999999999999,0.0,0.00541566279487509,80.09375,10.0,0.2667200106688004,4.8,0.0,0.0020384577572973113,74.29296875,7.0,34.071774664348716,2.964220248868207,0.0,0.012069446382349351,52.82421875,6.0,4.867822501994842,4.819999999999999,0.0,0.011027671844474856,80.8671875,7.0,1.8004178767646477,2.9428330126556546,0.0,0.0035939533341617664,52.6171875,7.0,4.0676180047959445,4.849664440742028,0.0,0.007147105374617865,137.1796875,3.0,0.0047443148809029455,46.359375,2.0
2026-05-30T07:20:47Z,2.4671600986864037,41.45833333333333,0.0,0.018378520527341978,62.84375,6.0,5.133675628749612,4.790908893885073,0.0,0.0074340318696520975,91.84765625,0.0,0.20002222785289897,44.375020834953816,0.0,0.0037788324737682713,60.58984375,7.0,14.467657978393744,4.603862966247928,0.0,0.011461472874365981,84.390625,7.0,0.20002222785289897,4.799999999999999,0.0,0.00541566279487509,80.09375,10.0,0.20002667200106689,4.799999999999999,0.0,0.0028742830836519587,73.25,7.0,27.066440139571146,2.9762069769103174,0.0,0.01233960050051907,52.82421875,6.0,3.7336534257943734,4.8385774267869675,0.0,0.011027671844474856,80.8671875,7.0,1.2001689274147964,2.942784571672803,0.0,0.002956423618446344,52.6171875,7.0,2.733244450369975,4.848407646738169,0.0,0.007147105374617865,137.1796875,3.0,0.0047443148809029455,46.359375,2.0
2026-05-30T07:20:52Z,2.4671600986864037,41.45833333333333,0.0,0.020530647712997445,62.84375,6.0,4.6000489081483655,4.792682839574697,0.0,0.007505778917071409,91.84765625,0.0,0.1999955558518321,44.374999999999986,0.0,0.0037788324737682713,60.58984375,7.0,11.666346687998578,4.60677823307457,0.0,0.011461472874365981,84.390625,7.0,0.1999955558518321,4.8,0.0,0.00535046171131552,80.0859375,10.0,0.2,4.8,0.0,0.0028742830836519587,73.25,7.0,27.466400131569547,2.9669346127965257,0.0,0.013891108891108173,52.94921875,6.0,3.7336534257943734,4.8385774267869675,0.0,0.010668082536492108,80.83203125,7.0,1.2001155834126627,3.149915544294791,0.0,0.0030645358213886474,52.6171875,7.0,2.733244450369975,4.848407646738169,0.0,0.006909872077635581,137.2265625,3.0,0.004755390055387263,46.359375,2.0
2026-05-30T07:20:57Z,2.2,43.90624999999998,0.0,0.024621485411139094,62.89453125,6.0,4.6000489081483655,4.792682839574697,0.0,0.007505778917071409,91.84765625,0.0,0.1999955558518321,44.374999999999986,0.0,0.0037788324737682713,60.58984375,7.0,11.666346687998578,4.60677823307457,0.0,0.011679816995424442,84.390625,7.0,0.2666844468151309,4.8,0.0,0.005272435440148074,80.0859375,10.0,0.2,4.8,0.0,0.002883045685280195,73.25,7.0,28.268009206551632,2.9731162587569013,0.0,0.013891108891108173,52.94921875,6.0,3.5998933404439706,4.858762886597939,0.0,0.01066808253649211,80.83203125,7.0,0.9333155567406617,3.5799815096318808,0.0,0.0035475920854866156,52.6484375,7.0,2.733244450369975,4.848407646738169,0.0,0.005936661572025041,137.2265625,3.0,0.004803697259677701,46.1328125,2.0
2026-05-30T07:21:02Z,2.2,43.90624999999998,0.0,0.024621485411139094,62.89453125,6.0,5.600355579260839,4.7924686927811155,0.0,0.007505778917071409,91.84765625,0.0,0.3333466675556148,37.49966663703438,0.0,0.0039228295819938195,60.58984375,7.0,13.867133364446518,4.615477856006056,0.0,0.011577512898060145,84.5625,7.0,0.2666844468151309,4.8,0.0,0.005272435440148074,80.0859375,10.0,0.3333466675556148,4.8,0.0,0.0028244182007641136,73.22265625,7.0,34.06978256567062,3.042368108886147,0.0,0.01435209839702769,53.01171875,6.0,4.60017334488966,4.921926925618342,0.0,0.009236787743707859,80.83203125,7.0,1.1333644465186568,3.6599910217034775,0.0,0.0035475920854866156,52.6484375,7.0,3.9337244877088797,4.824836882708652,0.0,0.006877924668216813,137.2265625,3.0,0.0048036972596777,46.1328125,2.0
2026-05-30T07:21:07Z,2.2,43.90624999999998,0.0,0.025923458119117546,63.015625,6.0,6.333773365039466,4.79365080037027,0.0,0.0058908042588801625,91.84765625,0.0,0.333364447704079,24.25,0.0,0.004054990358401663,61.2890625,7.0,15.934417853042449,4.6207878251091055,0.0,0.011640751563620585,84.5625,7.0,0.26670222696359513,4.799999999999999,0.0,0.004409162010747829,80.0859375,10.0,0.333364447704079,4.799999999999999,0.0,0.002832662598986248,73.22265625,7.0,33.66980923589332,3.030650493713397,0.0,0.01435209839702769,53.01171875,6.0,4.60017334488966,4.921926925618342,0.0,0.011255239695655185,80.546875,7.0,1.1334000068155852,3.2749981247968507,0.0,0.0035360423614759396,52.6484375,7.0,3.9337244877088797,4.824836882708652,0.0,0.010813446207854873,137.6171875,3.0,0.004833162107273756,46.140625,2.0
2026-05-30T07:21:12Z,3.8669244616307754,42.279411764705856,0.0,0.024695667041179408,63.015625,6.0,6.333773365039466,4.79365080037027,0.0,0.005257884656750645,91.84765625,0.0,0.333364447704079,24.25,0.0,0.004054990358401663,61.2890625,7.0,15.934417853042449,4.6207878251091055,0.0,0.011640751563620585,84.5625,7.0,0.333364447704079,4.8,0.0,0.005457250796732095,80.0859375,10.0,0.333364447704079,4.799999999999999,0.0,0.0028031463229721,73.19921875,7.0,40.134804568604345,2.965144696541847,0.0,0.014050702823733253,53.01171875,6.0,5.33387117126651,4.937112701953115,0.0,0.011255239695655185,80.546875,7.0,1.9334800121492741,3.3749978469889776,0.0,0.0036029348735638154,52.75390625,7.0,3.9337244877088797,4.824836882708652,0.0,0.012071043699115491,137.6171875,3.0,0.004833162107273756,46.140625,2.0
2026-05-30T07:21:17Z,3.8669244616307754,42.279411764705856,0.0,0.024695667041179408,63.015625,6.0,6.867142256298884,4.793845966065609,0.0,0.008180366297573896,92.21875,0.0,0.4000355591115062,24.25,0.0,0.0028951876204239236,61.2890625,7.0,19.40131564622866,4.635353081349721,0.0,0.013334701875523797,85.55859375,7.0,0.333364447704079,4.8,0.0,0.005457250796732095,80.0859375,10.0,0.3333511134817976,4.8,0.0,0.0028031463229721,73.19921875,7.0,41.401555685345464,3.0566087977045733,0.0,0.011956952954346671,53.01171875,6.0,5.467213394081364,4.951996621997022,0.0,0.011255239695655185,80.546875,7.0,2.26683556918641,3.5110782418599857,0.0,0.0036029348735638154,52.75390625,7.0,4.066800008889482,4.8,0.0,0.012071043699115491,137.6171875,3.0,0.004833162107273756,46.140625,2.0
2026-05-30T07:21:22Z,3.8669244616307754,42.279411764705856,0.0,0.0261845072218309,62.859375,6.0,7.000222237038025,4.793258357949196,0.0,0.00808196209123098,92.21875,0.0,0.5333511122963752,24.25,0.0,0.003448894827520281,61.671875,7.0,20.801337866968908,4.64061559252829,0.0,0.011119040470156528,85.55859375,7.0,0.4666800008889481,4.799999999999999,0.0,0.005614708356943128,80.0859375,10.0,0.4666666666666667,4.8,0.0,0.0019575554204012925,73.19921875,7.0,41.668195681789435,3.051577782990885,0.0,0.01406506019060203,53.13671875,6.0,5.467213394081364,4.951996621997022,0.0,0.01103204054281111,80.5390625,7.0,2.533466675556148,3.5799767983856574,0.0,0.0035437571224035875,52.75390625,7.0,4.066800008889482,4.8,0.0,0.011074062831991402,137.8515625,3.0,0.0030813749999992982,46.140625,2.0
2026-05-30T07:21:27Z,2.8001866791119405,45.38461538461537,0.0,0.023828152315428414,62.859375,6.0,7.000222237038025,4.793258357949196,0.0,0.00808196209123098,92.21875,0.0,0.5333511122963752,24.25,0.0,0.004510029633006056,61.671875,7.0,20.801337866968908,4.64061559252829,0.0,0.01139366249741575,85.67578125,7.0,0.40001778014846423,4.800000000000001,0.0,0.005684462308044762,80.0859375,10.0,0.4666666666666667,4.8,0.0,0.0017892250000002719,73.19921875,7.0,33.73633810077863,3.1177466485109133,0.0,0.01406506019060203,53.13671875,6.0,4.733515567704513,4.989999577763703,0.0,0.01103204054281111,80.5390625,7.0,2.1333333404444446,3.440009777769873,0.0,0.0035614198774361486,53.0390625,7.0,4.066800008889482,4.8,0.0,0.012337668491995362,137.8515625,3.0,0.0050669470887761536,46.1796875,2.0
2026-05-30T07:21:32Z,2.8001866791119405,45.38461538461537,0.0,0.027704827222372247,62.859375,6.0,5.800284482375428,4.7931560311795,0.0,0.008173403714290733,93.15625,0.0,0.3333422234075655,24.25,0.0,0.004510029633006056,61.671875,7.0,18.868444638837886,4.629822615774612,0.0,0.013549321988833659,85.67578125,7.0,0.40001778014846423,4.800000000000001,0.0,0.005684462308044762,80.0859375,10.0,0.33334666933386675,4.800000000000001,0.0,0.0030864493522054118,73.53125,7.0,25.86978708272214,3.0330984025017433,0.0,0.014925807640338797,53.13671875,6.0,3.5335378050406723,4.975385148403141,0.0,0.009447373655910949,80.5390625,7.0,1.7333333440007113,3.5818581461213816,0.0,0.0035614198774361486,53.0390625,7.0,3.200426723563142,4.8,0.0,0.010555834991340298,137.8515625,3.0,0.0050669470887761536,46.1796875,2.0
2026-05-30T07:21:37Z,2.8001866791119405,45.38461538461537,0.0,0.026892531049734495,62.84375,6.0,4.933991198826511,4.79461544582986,0.0,0.008618146674246747,93.15625,0.0,0.13335111348179757,24.25,0.0,0.004307312901493109,61.45703125,7.0,18.06907587678357,4.621287128712871,0.0,0.013549321988833659,85.67578125,7.0,0.20002667022269635,4.8,0.0,0.0059396506607364875,80.0859375,10.0,0.1333555594080989,4.799999999999999,0.0,0.0030864493522054118,73.53125,7.0,25.469795972796373,3.0436940017007545,0.0,0.014925807640338797,53.13671875,6.0,3.5335378050406723,4.975385148403141,0.0,0.011054932310890605,80.375,7.0,1.3333511241491756,3.6182209005398076,0.0,0.0030462579560204673,53.0390625,7.0,3.200426723563142,4.8,0.0,0.009527695950340684,137.8515625,3.0,0.0050669470887761536,46.1796875,2.0
2026-05-30T07:21:42Z,3.0670756100813445,46.42045454545456,0.0,0.02839751928238072,62.84375,6.0,4.933991198826511,4.79461544582986,0.0,0.008618146674246747,93.15625,0.0,0.13335111348179757,24.25,0.0,0.004307312901493109,61.45703125,7.0,18.06907587678357,4.621287128712871,0.0,0.012943547832072334,86.0625,7.0,0.13334222340756546,4.8,0.0,0.0056716158848991805,80.0859375,10.0,0.1333555594080989,4.799999999999999,0.0,0.0030864493522054118,73.53125,7.0,25.60141795824571,3.085741910215721,0.0,0.013799854884288667,53.14453125,6.0,3.46700003585606,4.95670150214467,0.0,0.011054932310890605,80.375,7.0,1.0668444752647912,3.31112987779432,0.0,0.0034948523403756427,53.3828125,7.0,3.200426723563142,4.8,0.0,0.012425946220987636,138.26171875,3.0,0.0050633025704275815,46.19140625,2.0
2026-05-30T07:21:47Z,3.0670756100813445,46.42045454545456,0.0,0.02839751928238072,62.84375,6.0,5.0668889487467075,4.794656440052332,0.0,0.006158458152027976,93.15625,0.0,0.06667555674089878,24.25,0.0,0.004326084333714611,61.45703125,7.0,18.334017986390364,4.588233216563965,0.0,0.013569591257249413,86.0625,7.0,0.13334222340756546,4.8,0.0,0.005671615884899179,80.0859375,10.0,0.13334222340756546,4.8,0.0,0.002668498933971011,73.53125,7.0,26.932742280590084,3.0299401369591363,0.0,0.013799854884288667,53.14453125,6.0,3.6666800162963558,4.919371679136232,0.0,0.011054932310890605,80.375,7.0,1.0001022474118924,3.0499849993024446,0.0,0.0034948523403756427,53.3828125,7.0,3.6665422305179654,4.8,0.0,0.012425946220987636,138.26171875,3.0,0.005063302570427581,46.19140625,2.0
2026-05-30T07:21:52Z,3.0670756100813445,46.42045454545456,0.0,0.026821017887564743,62.95703125,6.0,4.733182232295625,4.794331983805668,0.0,0.007496640310872452,92.75390625,0.0,0.0,24.25,0.0,0.004326084333714611,61.45703125,7.0,19.198720085327647,4.558974358974358,0.0,0.013569591257249413,86.0625,7.0,0.06666666666666667,4.8,0.0,0.004513114017855836,80.08203125,10.0,0.06666666666666667,4.8,0.0,0.0023963142201836782,73.53125,7.0,26.866066723849187,3.034021815690356,0.0,0.012538923580138727,53.24609375,6.0,3.6666800162963558,4.919371679136232,0.0,0.008724210208548923,80.375,7.0,0.8667511339300947,3.149978887481387,0.0,0.0034948523403756427,53.3828125,7.0,3.6665422305179654,4.8,0.0,0.008799791625601395,138.26171875,3.0,0.005063302570427581,46.19140625,2.0
2026-05-30T07:21:57Z,2.3998400106659554,48.69047619047618,0.0,0.025845777484469715,62.95703125,6.0,4.733182232295625,4.794331983805668,0.0,0.007496640310872452,92.75390625,0.0,0.0,24.25,0.0,0.003924148198402157,61.46484375,7.0,19.198720085327647,4.558974358974358,0.0,0.011657598155793923,86.0625,7.0,0.06667555674089878,4.800000000000001,0.0,0.005517703991184086,80.08203125,10.0,0.06666666666666667,4.8,0.0,0.002124129506396345,73.53125,7.0,25.2009691638788,3.1943279363594317,0.0,0.012538923580138727,53.24609375,6.0,3.2665511188143013,4.905555764067256,0.0,0.007824640163741748,80.375,7.0,0.7333111125924938,3.299999999999998,0.0,0.0033553549446034858,52.5546875,7.0,3.6665422305179654,4.8,0.0,0.008799791625601395,138.26171875,3.0,0.004980328577604503,46.203125,2.0
2026-05-30T07:22:02Z,2.3998400106659554,48.69047619047618,0.0,0.025845777484469715,62.95703125,6.0,4.800622388192407,4.793777960311223,0.0,0.007496640310872452,92.75390625,0.0,0.06668444918644972,24.25,0.0,0.003924148198402157,61.46484375,7.0,18.201387267700426,4.553077346446791,0.0,0.01195607508148896,86.91015625,7.0,0.06667555674089878,4.800000000000001,0.0,0.005517703991184086,80.08203125,10.0,0.06667555674089878,4.8,0.0,0.003024238270296831,74.03125,7.0,25.404667684982105,2.9723898110296307,0.0,0.00936441793173067,53.3046875,6.0,3.267129012181026,4.869937862031213,0.0,0.010261034854605276,80.2734375,7.0,0.6667377967457989,2.7200512036411486,0.0,0.0033553549446034858,52.5546875,7.0,3.7340712735202075,4.8,0.0,0.0079670347692974,138.2421875,3.0,0.004980328577604503,46.203125,2.0
2026-05-30T07:22:07Z,2.3998400106659554,48.69047619047618,0.0,0.023342144560584463,62.94921875,6.0,4.467706915023541,4.79417475476774,0.0,0.007496640310872452,92.75390625,0.0,0.1333600059273485,24.25,0.0,0.00350750819205107,61.46484375,7.0,13.60322300315582,4.5487822670106555,0.0,0.01195607508148896,86.91015625,7.0,0.13335111348179757,4.799999999999999,0.0,0.004743386197754585,80.08203125,10.0,0.13335111348179757,4.799999999999999,0.0,0.003024238270296831,74.03125,7.0,25.604694355204803,2.961715020525703,0.0,0.011413912795397588,53.3046875,6.0,3.267129012181026,4.869937862031213,0.0,0.009640069268683344,80.2734375,7.0,0.8000889102275964,2.4500969488597724,0.0,0.0032637401326760934,52.56640625,7.0,3.7340712735202075,4.8,0.0,0.00817293929063441,138.2421875,3.0,0.004041451329113243,46.44140625,2.0
2026-05-30T07:22:12Z,2.4671600986864037,46.428571428571395,0.0,0.023342144560584463,62.94921875,6.0,4.467706915023541,4.79417475476774,0.0,0.0074591825613079185,92.7421875,0.0,0.1333600059273485,24.25,0.0,0.003332643132839867,61.48046875,7.0,13.60322300315582,4.5487822670106555,0.0,0.01195607508148896,86.91015625,7.0,0.06667555674089878,4.8,0.0,0.005086184940228574,80.0859375,10.0,0.13335111348179757,4.799999999999999,0.0,0.002649605547780444,74.03125,7.0,28.203383095041936,2.7431901461802637,0.0,0.011413912795397588,53.3046875,6.0,3.6675157561964955,4.824516410249057,0.0,0.009640069268683344,80.2734375,7.0,0.9334933641547867,3.099993888311671,0.0,0.003155154764806353,52.56640625,7.0,3.7340712735202075,4.8,0.0,0.00817293929063441,138.2421875,3.0,0.004797006503441392,46.44140625,2.0
2026-05-30T07:22:17Z,2.4671600986864037,46.428571428571395,0.0,0.023342144560584463,62.94921875,6.0,4.2669423140897615,4.794339433354086,0.0,0.006997886647454366,92.7421875,0.0,0.06667555674089878,24.25,0.0,0.003332643132839867,61.48046875,7.0,11.93406692004309,4.560362113216955,0.0,0.012252020768185557,86.91015625,7.0,0.06667555674089878,4.8,0.0,0.005086184940228574,80.0859375,10.0,0.06667555674089878,4.8,0.0,0.002668207024030358,74.3515625,7.0,28.53298235408662,2.983062753033387,0.0,0.011413912795397588,53.3046875,6.0,3.73360008534827,4.8237494721870355,0.0,0.009737591076728534,79.68359375,7.0,1.200053347556978,2.3332765371259963,0.0,0.003155154764806353,52.56640625,7.0,2.7332400062218074,4.8,0.0,0.00817293929063441,138.2421875,3.0,0.004797006503441392,46.44140625,2.0
2026-05-30T07:22:22Z,2.4671600986864037,46.428571428571395,0.0,0.024081306370877326,63.05859375,6.0,4.8663422438504105,4.790521325017612,0.0,0.006997886647454366,92.7421875,0.0,0.0,24.25,0.0,0.003110246245550852,61.48046875,7.0,14.799591138368553,4.575624967143359,0.0,0.009226690540001338,86.91015625,7.0,0.0,4.8,0.0,0.005050591492575186,80.09375,10.0,0.0,4.799999999999999,0.0,0.002668207024030358,74.3515625,7.0,28.332955683863926,2.9847580673033,0.0,0.009958595267868284,53.26953125,6.0,3.73360008534827,4.8237494721870355,0.0,0.009742543208132256,79.68359375,7.0,1.0667022340751804,1.1998777638009066,0.0,0.003303223912555012,52.5703125,7.0,2.7332400062218074,4.8,0.0,0.0070049994565792965,138.12109375,3.0,0.004014747992910753,46.44140625,2.0
2026-05-30T07:22:27Z,2.7333333333333334,45.3125,0.0,0.024081306370877326,63.05859375,6.0,4.8663422438504105,4.790521325017612,0.0,0.007038635437127077,92.05859375,0.0,0.0,24.25,0.0,0.0031676760789351123,61.484375,7.0,14.799591138368553,4.575624967143359,0.0,0.012919649005887724,92.05859375,7.0,0.06667555674089878,4.8,0.0,0.005050591492575186,80.09375,10.0,0.0,4.799999999999999,0.0,0.002668207024030358,74.3515625,7.0,26.86759585632461,3.068260067322713,0.0,0.012177919639504277,53.26953125,6.0,3.5997600159989336,4.8472049689441,0.0,0.009742543208132256,79.68359375,7.0,1.2666311134813235,0.4981707568252268,0.0,0.0033607303803677973,52.5703125,7.0,2.7332400062218074,4.8,0.0,0.0070049994565792965,138.12109375,3.0,0.0035668775616612023,46.44140625,2.0
2026-05-30T07:22:32Z,2.7333333333333334,45.3125,0.0,0.024081306370877326,63.05859375,6.0,5.533524506376199,4.790566350248036,0.0,0.0072543632473820625,92.05859375,0.0,0.06667555674089878,24.25,0.0,0.0031676760789351123,61.484375,7.0,18.134595723874295,4.586508261187924,0.0,0.012919649005887724,92.05859375,7.0,0.06667555674089878,4.8,0.0,0.005050591492575185,80.09375,10.0,0.06667555674089878,4.799999999999999,0.0,0.001872381942428352,73.140625,7.0,29.470236055472466,2.9542337085795047,0.0,0.012177919639504277,53.26953125,6.0,3.933497823708228,4.846625757335504,0.0,0.010035080239441612,79.6953125,7.0,1.4000889007423212,2.650088892642135,0.0,0.0033607303803677973,52.5703125,7.0,3.6004800640085346,4.8,0.0,0.0070049994565792965,138.12109375,3.0,0.004792764868216895,46.2734375,2.0
2026-05-30T07:22:37Z,2.7333333333333334,45.3125,0.0,0.023592669285290427,63.421875,6.0,5.334044539271903,4.790610428570098,0.0,0.0072543632473820625,92.05859375,0.0,0.13335111348179757,24.25,0.0,0.0025606853110876344,61.484375,7.0,17.00226696892919,4.580246817721194,0.0,0.012722247320961323,92.37109375,7.0,0.13335111348179757,4.800000000000001,0.0,0.0052237019196718455,80.08984375,10.0,0.13335111348179757,4.8,0.0,0.002105231962938895,73.140625,7.0,29.603587168954263,2.950843744019669,0.0,0.011993851956624856,53.16796875,6.0,3.933497823708228,4.846625757335504,0.0,0.008330343534834098,79.6953125,7.0,1.5334400142241187,3.0400536915232963,0.0,0.003355740630577886,52.6484375,7.0,3.6004800640085346,4.8,0.0,0.006758603567471991,138.05859375,3.0,0.004792764868216895,46.2734375,2.0
2026-05-30T07:22:42Z,2.8003733831177495,42.0833333333333,0.0,0.023592669285290427,63.421875,6.0,5.334044539271903,4.790610428570098,0.0,0.007394049613797058,92.08203125,0.0,0.13335111348179757,24.25,0.0,0.002618630038558635,61.484375,7.0,17.00226696892919,4.580246817721194,0.0,0.012580444118573625,92.37109375,7.0,0.06667555674089878,4.799999999999999,0.0,0.005199528378978522,80.08984375,10.0,0.13335111348179757,4.8,0.0,0.0023380819834494374,73.140625,7.0,31.335520291594435,2.7897083472187814,0.0,0.012503454866217093,53.16796875,6.0,4.333911188158421,4.846341463414634,0.0,0.010347181701481127,79.6953125,7.0,1.3334755721502027,2.9600352026597543,0.0,0.0033564236505419427,52.6484375,7.0,3.6004800640085346,4.8,0.0,0.00566687283730787,138.05859375,3.0,0.004861255521833454,46.2734375,2.0
2026-05-30T07:22:47Z,2.8003733831177495,42.0833333333333,0.0,0.023592669285290427,63.421875,6.0,4.933671156154154,4.7909906762436965,0.0,0.007394049613797058,92.08203125,0.0,0.06667555674089878,24.25,0.0,0.0029431860150187865,55.1171875,7.0,17.067671245054896,4.54612350149625,0.0,0.012580444118573625,92.37109375,7.0,0.06667555674089878,4.799999999999999,0.0,0.005199528378978522,80.08984375,10.0,0.06667555674089878,4.799999999999999,0.0,0.002794200246126515,73.140625,7.0,29.000311152598123,2.847156271288922,0.0,0.012503454866217093,53.16796875,6.0,3.866960039116327,4.8682627554068905,0.0,0.010347181701481127,79.6953125,7.0,1.2000533380745482,2.719966931422705,0.0,0.0033564236505419427,52.6484375,7.0,3.1333333333333337,4.7986013827348355,0.0,0.0069457256280489295,138.05859375,3.0,0.004910827630409426,46.28125,2.0
2026-05-30T07:22:52Z,2.8003733831177495,42.0833333333333,0.0,0.024002816108146058,63.421875,6.0,4.866666666666667,4.790909090909091,0.0,0.007401034092745195,92.08203125,0.0,0.0,24.25,0.0,0.0029431860150187865,55.1171875,7.0,21.266666666666666,4.520374138717285,0.0,0.012757497048405588,92.71875,7.0,0.0,4.800000000000001,0.0,0.003424250000000484,80.08984375,10.0,0.0,4.800000000000001,0.0,0.0028631627275633965,73.3203125,7.0,28.866960039116325,2.852034602101414,0.0,0.010271938242175893,53.16796875,6.0,3.866960039116327,4.8682627554068905,0.0,0.009868680847893264,79.9375,7.0,1.0667022245927504,2.799953774696088,0.0,0.003320730277092036,53.01953125,7.0,3.1333333333333337,4.7986013827348355,0.0,0.006781424552532495,138.0859375,3.0,0.004910827630409426,46.28125,2.0
2026-05-30T07:22:57Z,3.0666666666666664,43.12499999999999,0.0,0.018978126591107036,63.421875,6.0,4.866666666666667,4.790909090909091,0.0,0.007195628549752913,92.93359375,0.0,0.0,24.25,0.0,0.002955850860982474,55.1171875,7.0,21.266666666666666,4.520374138717285,0.0,0.012757497048405588,92.71875,7.0,0.06667555674089878,4.800000000000001,0.0,0.00532089736954758,80.09375,10.0,0.0,4.800000000000001,0.0,0.0028631627275633965,73.3203125,7.0,25.202400480096017,2.8682110509562255,0.0,0.011933642462509123,53.1796875,6.0,3.1333333333333333,4.89156626506024,0.0,0.009868680847893264,79.9375,7.0,1.0667022245927507,2.7999768878616775,0.0,0.003418422675369865,53.01953125,7.0,3.1333333333333337,4.7986013827348355,0.0,0.006781424552532495,138.0859375,3.0,0.004776925303995621,46.27734375,2.0
2026-05-30T07:23:02Z,3.0666666666666664,43.12499999999999,0.0,0.02409627374485199,63.30078125,6.0,4.9336622660799225,4.790741057973435,0.0,0.007195628549752913,92.93359375,0.0,0.06667555674089878,24.25,0.0,0.003089033681244304,55.11328125,7.0,21.86801795794995,4.492882816387146,0.0,0.008677796453410588,92.71875,7.0,0.06667555674089878,4.800000000000001,0.0,0.00532089736954758,80.09375,10.0,0.06667555674089878,4.799999999999999,0.0,0.002915227333871595,73.3203125,7.0,24.937262906197276,2.813626154150569,0.0,0.010966079602291791,53.1796875,6.0,3.2002311419300353,4.945224697788975,0.0,0.009832360534293169,79.9375,7.0,0.93342223170481,2.4000211132161837,0.0,0.003418422675369865,53.01953125,7.0,3.5339156554251687,4.798601382516411,0.0,0.00631183373928341,138.0859375,3.0,0.004776925303995621,46.27734375,2.0
2026-05-30T07:23:07Z,3.0666666666666664,43.12499999999999,0.0,0.022972095975622872,63.30078125,6.0,5.06751570343406,4.7935483137531145,0.0,0.007195628549752913,92.93359375,0.0,0.1333555594080989,24.25,0.0,0.003089033681244304,55.11328125,7.0,18.33632495268223,4.464435504043884,0.0,0.009793666703200364,93.41796875,7.0,0.1333555594080989,4.8,0.0,0.005294732061762035,80.08984375,10.0,0.1333555594080989,4.8,0.0,0.002981227949071217,73.3828125,7.0,25.203982916866078,2.8067879849392705,0.0,0.011617304165574317,53.23828125,6.0,3.2002311419300353,4.945224697788975,0.0,0.009832360534293169,79.9375,7.0,1.0667822370392102,2.840061869909527,0.0,0.0027739960727079962,53.01953125,7.0,3.5339156554251687,4.798601382516411,0.0,0.010458772569559766,138.26953125,3.0,0.0035940965502816655,46.27734375,2.0
2026-05-30T07:23:12Z,2.6003467128950524,43.5625,0.0,0.022972095975622872,63.30078125,6.0,5.06751570343406,4.7935483137531145,0.0,0.007236203585147226,92.93359375,0.0,0.1333555594080989,24.25,0.0,0.0030282379598553164,55.11328125,7.0,18.33632495268223,4.464435504043884,0.0,0.010835535056005156,93.41796875,7.0,0.13334666933386677,4.8,0.0,0.005343869476304729,80.08984375,10.0,0.1333555594080989,4.8,0.0,0.002981227949071217,73.3828125,7.0,27.601813578700092,2.917374085923744,0.0,0.011617304165574317,53.23828125,6.0,3.467128950526737,4.948051948051948,0.0,0.007842782380178947,79.9375,7.0,1.2668933751189941,2.9199935993457076,0.0,0.003556130389064766,52.21484375,7.0,3.5339156554251687,4.798601382516411,0.0,0.010458772569559766,138.26953125,3.0,0.004117985597250506,46.30078125,2.0
2026-05-30T07:23:17Z,2.6003467128950524,43.5625,0.0,0.022972095975622872,63.30078125,6.0,4.600520104020804,4.793396006272186,0.0,0.007201895934274255,92.51953125,0.0,0.13334666933386677,24.25,0.0,0.0030282379598553164,55.11328125,7.0,16.13497366139895,4.465425417787478,0.0,0.012502420233657548,93.41796875,7.0,0.13334666933386677,4.8,0.0,0.005343869476304729,80.08984375,10.0,0.13335111407462724,4.8,0.0,0.003055081319075552,73.3828125,7.0,27.00028448593217,3.1136323409047346,0.0,0.011617304165574317,53.23828125,6.0,3.3335644752633686,5.062443745624652,0.0,0.009784118583739312,79.6875,7.0,1.4668400346736012,2.9599797316217766,0.0,0.003556130389064766,52.21484375,7.0,2.5332444503699754,4.798620689655173,0.0,0.010458772569559766,138.26953125,3.0,0.004816060136022084,46.30078125,2.0
2026-05-30T07:23:22Z,2.6003467128950524,43.5625,0.0,0.024251427070145666,63.28515625,6.0,4.266524453925294,4.793301438255825,0.0,0.007201895934274255,92.51953125,0.0,0.13333333333333333,24.25,0.0,0.0030282379598553164,55.11328125,7.0,16.932742261627002,4.475624975606015,0.0,0.010546104027595985,93.41796875,7.0,0.13333333333333333,4.8,0.0,0.005156689321291644,80.08984375,10.0,0.1333377780740938,4.8,0.0,0.0029622036322657776,73.54296875,7.0,26.800231141930034,3.129319871482813,0.0,0.011339736842106311,53.265625,6.0,3.3335644752633686,5.062443745624652,0.0,0.009784118583739312,79.6875,7.0,1.4668133626725344,2.449929714371039,0.0,0.0036348556039420745,52.21484375,7.0,2.5332444503699754,4.798620689655173,0.0,0.010460929337874158,138.26953125,3.0,0.004816060136022084,46.30078125,2.0
2026-05-30T07:23:27Z,2.133475565037669,45.150000000000006,0.0,0.024251427070145666,63.28515625,6.0,4.266524453925294,4.793301438255825,0.0,0.006980502701432899,92.51953125,0.0,0.13333333333333333,24.25,0.0,0.002545413343275071,55.1171875,7.0,16.932742261627002,4.475624975606015,0.0,0.012721940115566007,93.75390625,7.0,0.06666666666666667,4.8,0.0,0.005164873271405805,80.08984375,10.0,0.1333377780740938,4.8,0.0,0.002962203632265777,73.54296875,7.0,25.13428006311532,3.1833073883572403,0.0,0.011339736842106311,53.265625,6.0,3.4001200080005334,5.777763373632017,0.0,0.009784118583739312,79.6875,7.0,1.2666666666666666,2.2499486065875662,0.0,0.003652456983413162,52.26953125,7.0,2.5332444503699754,4.798620689655173,0.0,0.009618391935087777,138.26953125,3.0,0.004834920521265247,46.3046875,2.0
2026-05-30T07:23:32Z,2.133475565037669,45.150000000000006,0.0,0.024251427070145666,63.28515625,6.0,4.867044557946098,4.793035055365716,0.0,0.007125312184241136,92.55078125,0.0,0.13334666933386677,24.25,0.0,0.0030626324053536417,55.1171875,7.0,17.934529285698485,4.468880673800651,0.0,0.012721940115566007,93.75390625,7.0,0.06666666666666667,4.8,0.0,0.005164873271405805,80.08984375,10.0,0.06666666666666667,4.8,0.0,0.002414415311677159,73.54296875,7.0,28.137053951226275,3.0803299793526215,0.0,0.01170055328610486,53.61328125,6.0,3.8672000906837365,5.861141154711372,0.0,0.010417747059327423,79.6875,7.0,1.2667866906714675,2.84001280152036,0.0,0.003652456983413162,52.26953125,7.0,3.2672134284615737,4.8,0.0,0.009618391935087777,138.26953125,3.0,0.0047663707264433445,46.3046875,2.0
2026-05-30T07:23:37Z,2.133475565037669,45.150000000000006,0.0,0.01854762551492564,63.265625,6.0,5.334209039730712,4.809900883344952,0.0,0.007125312184241136,92.55078125,0.0,0.13335111407462724,24.25,0.0,0.003114919126795576,55.0703125,7.0,18.335747065852043,4.4498320741531545,0.0,0.0125038117134589,93.75390625,7.0,0.06667111140742715,4.8,0.0,0.004341950487220043,80.08984375,10.0,0.06667111140742715,4.8,0.0,0.0028917403930568096,73.83984375,7.0,28.27040061878189,3.075412159785108,0.0,0.010371837445621859,53.61328125,6.0,3.8672000906837365,5.861141154711372,0.0,0.010297666542957063,79.6875,7.0,1.2667955801529884,2.7600202685583994,0.0,0.0038641587990389105,52.26953125,7.0,3.2672134284615737,4.8,0.0,0.01117475342758806,138.26953125,3.0,0.0047663707264433445,46.3046875,2.0
2026-05-30T07:23:42Z,2.4668311220748045,47.02380952380952,0.0,0.024023736048216355,63.265625,6.0,5.334209039730712,4.809900883344952,0.0,0.007272677390475669,92.55078125,0.0,0.13335111407462724,24.25,0.0,0.003114919126795576,55.0703125,7.0,18.335747065852043,4.4498320741531545,0.0,0.013192540381793821,92.3984375,7.0,0.13333333392592592,4.8,0.0,0.005269845905027018,80.09375,10.0,0.06667111140742715,4.8,0.0,0.0028917403930568096,73.83984375,7.0,32.06969392100417,3.0576696348179033,0.0,0.012244095727930521,53.61328125,6.0,3.8673201146874705,5.7222222222222205,0.0,0.010297666542957063,79.6875,7.0,1.6669200411922382,2.4799941327857287,0.0,0.0038641587990389105,52.26953125,7.0,3.2672134284615737,4.8,0.0,0.00920400326309927,138.296875,3.0,0.004775422765508414,46.56640625,2.0
2026-05-30T07:23:47Z,2.4668311220748045,47.02380952380952,0.0,0.024023736048216355,63.265625,6.0,5.067022269043241,4.827488061207509,0.0,0.007272677390475669,92.55078125,0.0,0.1333377780740938,24.25,0.0,0.003006077116512724,55.0703125,7.0,18.467293375113897,4.499029076077008,0.0,0.013192540381793821,92.3984375,7.0,0.13333333392592592,4.8,0.0,0.005269845905027018,80.09375,10.0,0.20000444474076048,4.8,0.0,0.0028917403930568096,73.83984375,7.0,31.00025336622655,2.93814554775226,0.0,0.010200420105430829,53.61328125,6.0,3.600240032004267,4.993629634473972,0.0,0.010297666542957065,79.6875,7.0,1.8001333505207706,3.422188583430308,0.0,0.003800871140578112,52.4140625,7.0,2.533333333333333,4.8,0.0,0.00920400326309927,138.296875,3.0,0.0048924988673887575,46.56640625,2.0
2026-05-30T07:23:52Z,2.4668311220748045,47.02380952380952,0.0,0.023855204063626543,62.97265625,6.0,5.0,4.825000240395144,0.0,0.005724051648641257,92.55078125,0.0,0.13333333333333333,24.25,0.0,0.002566622042935414,55.0703125,7.0,18.000573371558104,4.516133919007599,0.0,0.012858099782693488,92.640625,7.0,0.13332888918516544,4.8,0.0,0.005295374560079704,80.09765625,10.0,0.2,4.8,0.0,0.0028438153706241043,74.13671875,7.0,31.066906698670934,2.9381453033752556,0.0,0.011970022831447064,53.3359375,6.0,3.600240032004267,4.993629634473972,0.0,0.00806851223635047,79.6875,7.0,1.8001244610392497,3.2249677736044595,0.0,0.0036842013687509306,52.4140625,7.0,2.533333333333333,4.8,0.0,0.0051571689921651115,138.296875,3.0,0.004848191815770001,46.31640625,2.0
2026-05-30T07:23:57Z,2.6,47.734374999999986,0.0,0.023855204063626546,62.97265625,6.0,5.0,4.825000240395144,0.0,0.0052696927470059106,92.55078125,0.0,0.13333333333333333,24.25,0.0,0.0031146681001722994,55.08203125,7.0,18.000573371558104,4.516133919007599,0.0,0.012858099782693488,92.640625,7.0,0.13334666933386677,4.799999999999999,0.0,0.005322683706070822,80.09765625,10.0,0.2,4.8,0.0,0.0028438153706241043,74.13671875,7.0,28.068333577808893,2.7460779969527107,0.0,0.011589358646379787,53.3359375,6.0,3.466555562962469,4.968355184752125,0.0,0.01011175179199316,79.6875,7.0,1.4,3.275025000963002,0.0,0.00353122192273054,52.60546875,7.0,2.533333333333333,4.8,0.0,0.005141730914150895,138.23828125,3.0,0.004794094553761277,46.31640625,2.0
2026-05-30T07:24:02Z,2.6,47.734374999999986,0.0,0.023602717476189163,62.97265625,6.0,4.800142231704336,4.819095654496767,0.0,0.004653577800728431,92.55078125,0.0,0.1333377780740938,24.09999399962664,0.0,0.0031144781969626363,55.08203125,7.0,15.334333400004445,4.506361914388762,0.0,0.012842314939432912,87.86328125,7.0,0.13334666933386677,4.799999999999999,0.0,0.005477340494490245,81.87890625,10.0,0.06666666666666667,4.8,0.0,0.0028438153706241043,74.13671875,7.0,23.402209169515007,2.692595810028717,0.0,0.011589358646379787,53.3359375,6.0,2.799964456888731,5.12505555864214,0.0,0.01011175179199316,79.6875,7.0,1.0000222237038026,3.375046668518592,0.0,0.00353122192273054,52.60546875,7.0,2.133475565037669,4.800000000000001,0.0,0.005141730914150895,138.23828125,3.0,0.004794094553761277,46.31640625,2.0
2026-05-30T07:24:07Z,2.6,47.734374999999986,0.0,0.023602717476189163,62.97265625,6.0,4.733488901038203,4.824019580607903,0.0,0.004037462854450951,92.55078125,0.0,0.13335111407462724,23.875,0.0,0.0031144781969626363,55.08203125,7.0,11.73447123438491,4.531788079470198,0.0,0.010951735000251187,87.86328125,7.0,0.0666800026672001,4.8,0.0,0.004793129778213805,81.87890625,10.0,0.0,4.8,0.0,0.00340590263691691,74.19921875,7.0,23.13554250284834,2.6729006390932213,0.0,0.010817299463563482,54.52734375,6.0,2.799964456888731,5.12505555864214,0.0,0.01011175179199316,79.6875,7.0,0.8666888903704691,3.42503666829637,0.0,0.003787154734093204,53.89453125,7.0,2.133475565037669,4.800000000000001,0.0,0.0053263174019611914,138.23828125,3.0,0.005023626412935008,48.54296875,2.0
2026-05-30T07:24:12Z,2.6670222696359516,45.17857142857141,0.26724137931034486,0.020734420963000873,63.76953125,6.0,4.733488901038203,4.823714005299266,0.0,0.0034213479081734713,92.55078125,0.0,0.13335111407462724,23.875,0.0,0.003931446035782201,56.1484375,7.0,11.73447123438491,4.531788079470198,0.0,0.012898810435488118,87.86328125,7.0,0.0,4.8,0.0,0.005594730303342746,81.87890625,10.0,0.0,4.8,0.0,0.00340590263691691,74.19921875,7.0,12.13394671229997,2.8943684898936586,0.0,0.010817299463563482,54.52734375,6.0,1.666813347853452,5.9722343630392345,0.0,0.009721325724648379,80.52734375,7.0,0.4666977798519901,3.650013334222279,0.0,0.0038265561765267312,53.89453125,7.0,2.133475565037669,4.800000000000001,0.0,0.0053263174019611914,138.23828125,3.0,0.005067575620338613,48.54296875,2.0
2026-05-30T07:24:17Z,2.6670222696359516,45.17857142857141,0.26724137931034486,0.020734420963000873,63.76953125,6.0,4.933346669333867,4.784927567722377,0.0,0.0034213479081734713,159.76171875,0.0,0.20001333600053345,23.50001250069448,0.0,0.003931446035782201,56.1484375,7.0,7.267377872605237,4.549435043628213,0.0,0.011026118140429168,87.86328125,7.0,0.0,4.8,0.0,0.004672656585681824,81.87890625,10.0,0.0,4.8,0.0,0.00340590263691691,74.19921875,7.0,6.200071120593857,3.17008838319922,0.0,0.010817299463563482,54.52734375,6.0,0.5334044539271903,6.249968053958254,0.0,0.009460790236824841,80.52734375,7.0,0.1333422228148543,3.433288885728163,0.0,0.0038265561765267312,53.89453125,7.0,0.0,4.8,0.0,0.007209841197129756,136.140625,3.0,0.005067575620338613,48.54296875,2.0
2026-05-30T07:24:22Z,2.6670222696359516,45.17857142857141,0.26724137931034486,0.01943474272372149,63.76953125,6.0,5.0,4.75218106817178,0.0,0.0034213479081734713,159.76171875,0.0,0.26666666666666666,22.749988888312725,0.0,0.003931446035782201,56.1484375,7.0,3.7333333333333334,4.633202055225013,0.0,0.010733374217636168,88.9609375,7.0,0.0,4.799999999999999,0.0,0.005438300570703644,81.8828125,10.0,0.0,4.8,0.0,0.003717715231788513,74.19921875,7.0,6.200071120593857,3.175696331148618,0.0,0.00863217760445199,54.53125,6.0,0.5334044539271903,6.249968053958254,0.0,0.009460790236824841,80.52734375,7.0,0.1333422228148543,3.4999614789134093,0.0,0.0032348217811177227,53.89453125,7.0,0.0,4.8,0.0,0.007209841197129756,136.140625,3.0,0.00487700218583125,48.54296875,2.0
2026-05-30T07:24:27Z,2.1333333333333337,38.74999999999998,0.5585585585585585,0.017369260967718427,65.0234375,6.0,5.0,4.750897425288494,0.0,0.0034213479081734713,159.76171875,0.0,0.26666666666666666,22.749988888312725,0.0,0.0038223580930346764,56.34765625,7.0,3.7333333333333334,4.633202055225013,0.0,0.008940890385333354,88.9609375,7.0,0.0,4.8,0.0,0.005452750534146298,81.8828125,10.0,0.0,4.8,0.0,0.003363342071814546,75.265625,7.0,5.267075610081345,3.4412001475578804,0.0,0.00863217760445199,54.53125,6.0,0.0,6.71428571428571,0.0,0.00854739552707245,81.52734375,7.0,0.0,3.8999970368394923,0.0,0.003652006882084959,53.8984375,7.0,0.0,4.8,0.0,0.008059056246774762,136.140625,3.0,0.004909935287398013,48.54296875,2.0
2026-05-30T07:24:32Z,2.1333333333333337,38.74999999999998,0.5585585585585585,0.017369260967718427,65.0234375,6.0,4.6669333688936305,4.770588235294117,0.0,0.02280464669165278,170.58203125,0.0,0.13333333333333333,19.749999999999986,0.0,0.0038223580930346764,56.34765625,7.0,7.8008001066808905,4.611650485436893,0.0,0.007788111584984375,88.9609375,7.0,0.0,4.8,0.0,0.004698953212388356,81.8828125,10.0,0.0,4.8,0.0,0.003363342071814546,75.265625,7.0,8.80117348979864,3.709870537532424,0.0,0.005648294517866514,54.53125,6.0,0.7334311241498866,7.208366050594461,0.0,0.00854739552707245,81.52734375,7.0,0.20002667022269638,2.9000533345185397,0.0,0.003652006882084959,53.8984375,7.0,1.7335644752633685,4.952,0.0,0.007526501274289209,137.20703125,3.0,0.004909935287398013,48.54296875,2.0
2026-05-30T07:24:37Z,2.1333333333333337,38.74999999999998,0.5585585585585585,0.014482052614859424,65.0234375,6.0,2.0002667022269636,4.768749583296294,0.0,0.026990752147469505,170.58203125,0.0,0.0,8.499983331851722,0.0,0.004037284396923792,56.34765625,7.0,13.867991252757296,4.632487309644669,0.0,0.01080080598733243,89.44921875,7.0,0.0,4.8,0.0,0.005335502980215673,81.89453125,10.0,0.0,4.8,0.0,0.003507749015665006,75.265625,7.0,8.80117348979864,3.718661802141569,0.0,0.005736000954479349,54.53125,6.0,0.7334311241498866,7.208366050594461,0.0,0.00808159357339812,81.52734375,7.0,0.20002667022269638,3.1000533345185413,0.0,0.003652006882084959,53.8984375,7.0,1.7335644752633685,4.952,0.0,0.007526501274289211,137.20703125,3.0,0.004940552322961674,48.56640625,2.0
2026-05-30T07:24:42Z,2.3336444859314573,44.54545454545453,0.5794392523364487,0.014482052614859424,65.0234375,6.0,4.066795600300425,4.941598645181042,0.0,0.031176857603286243,170.58203125,0.0,0.0,8.499983331851722,0.0,0.0035925339464661474,56.08203125,7.0,13.867991252757296,4.632487309644669,0.0,0.010928894472359743,89.44921875,7.0,0.0,0.0,0.0,0.005319692095587083,81.89453125,10.0,0.0,4.8,0.0,0.003983048447455567,77.28125,7.0,18.00103126639463,3.8348003707725216,0.0,0.00758527308058334,54.53125,6.0,2.067031177493889,7.708315430374773,0.0,0.00808159357339812,81.52734375,7.0,0.6667244500746865,3.30002222320992,0.0,0.0037625130607701982,53.9296875,7.0,1.7335644752633685,4.952,0.0,0.008570752835240008,137.20703125,3.0,0.00501194982896045,48.56640625,2.0
2026-05-30T07:24:47Z,2.3336444859314573,44.54545454545453,0.5794392523364487,0.017855093309727604,65.12890625,6.0,3.8665288980734616,7.602050680313334,0.0,0.03160150613088193,176.19140625,0.0,0.0,4.666662715756722,0.0,0.0035925339464661474,56.08203125,7.0,15.133857812743072,4.701433715042743,0.0,0.010928894472359743,89.44921875,7.0,0.0,0.0,0.0,0.005319692095587083,81.89453125,10.0,0.0,0.0,0.0,0.003983048447455567,77.28125,7.0,21.533600053344003,3.841313724940742,0.0,0.00758527308058334,54.53125,6.0,2.733600053344002,4.943401096857489,0.0,0.00808159357339812,81.52734375,7.0,0.8000311131853235,0.475,0.0,0.003916595675632337,53.9296875,7.0,2.6666666666666665,4.946153908616251,0.0,0.007513285806869528,136.0,3.0,0.00501194982896045,48.56640625,2.0
2026-05-30T07:24:52Z,2.3336444859314573,44.54545454545453,0.5794392523364487,0.01887414306788705,65.12890625,6.0,3.8665288980734616,7.651643207084099,0.0,0.035406372290363475,176.19140625,0.0,0.0,4.600004444543212,0.0,0.0035925339464661474,56.08203125,7.0,15.600555592595061,4.757272727272727,0.0,0.01015818282458035,94.0390625,7.0,0.0,0.0,0.0,0.004148271450245135,81.89453125,10.0,0.0,0.0,0.0,0.004479230178492394,75.921875,7.0,21.533600053344003,3.841313724940742,0.0,0.007173307206622979,54.53125,6.0,2.733600053344002,4.943401096857489,0.0,0.008709907690228658,81.52734375,7.0,0.8000311131853235,0.475,0.0,0.003916595675632337,53.9296875,7.0,2.6666666666666665,4.946153908616251,0.0,0.007513285806869528,136.0,3.0,0.004524913834423753,48.56640625,2.0
2026-05-30T07:24:57Z,2.266666666666667,60.50000000000003,0.3069306930693069,0.01887414306788705,65.12890625,6.0,3.867080082683203,8.000481004940431,0.0,0.04565839391377852,176.19140625,0.0,0.0,4.600004444543212,0.0,0.003181052898749933,56.0859375,7.0,15.600555592595061,4.757272727272727,0.0,0.01015818282458035,94.0390625,7.0,0.06667555674089878,4.8,0.0,0.005032788773492289,81.87890625,10.0,0.0,0.0,0.0,0.004479230178492394,75.921875,7.0,24.53602720544109,3.704817452226459,0.0,0.009069135854372246,54.53125,6.0,3.2,4.859375556670584,0.0,0.008697974717953956,81.52734375,7.0,0.733386673778726,0.475,0.0,0.0035251856008286764,53.94140625,7.0,2.6666666666666665,4.946153908616251,0.0,0.004710633003657206,136.0,3.0,0.004524913834423753,48.56640625,2.0
2026-05-30T07:25:02Z,2.266666666666667,60.50000000000003,0.3069306930693069,0.020485322936647954,64.74609375,6.0,4.400724568614661,8.53119539603684,0.0,0.04455945182504303,179.12890625,0.0,0.06667555674089878,46.250166670370454,0.0,0.003181052898749933,56.0859375,7.0,16.601657961799845,4.721213021173472,0.0,0.012479546013781057,94.0390625,7.0,0.06667555674089878,4.8,0.0,0.005013902960710051,81.87890625,10.0,0.0666800026672001,24.25,0.0,0.004479230178492394,75.921875,7.0,27.404311865618002,3.610328749859047,0.0,0.009069135854372246,54.53125,6.0,3.666915588745166,6.208354476796513,0.0,0.008697974717953956,81.52734375,7.0,0.8667822376316843,2.500028890814935,0.0,0.003525185600828677,53.94140625,7.0,3.4004533937858383,4.87378640776699,0.0,0.005733050983411323,136.0,3.0,0.004665125387585104,48.5703125,2.0
2026-05-30T07:25:07Z,2.266666666666667,60.50000000000003,0.3069306930693069,0.020485322936647954,64.74609375,6.0,4.534084573949062,8.83803444262192,0.0,0.04455945182504303,179.12890625,0.0,0.1333555594080989,48.75,0.0,0.003181052898749933,56.0859375,7.0,16.6689025230036,4.654035087719298,0.0,0.012479546013781057,94.0390625,7.0,0.1333555594080989,4.8,0.0,0.005013902960710051,81.87890625,10.0,0.1333600053344002,24.25,0.0,0.0036095750000001204,75.921875,7.0,27.5376718709524,3.618787491345447,0.0,0.010728452352802998,54.53125,6.0,3.666915588745166,6.208354476796513,0.0,0.009032245277820145,81.51171875,7.0,1.0001422429660844,3.2000192605432987,0.0,0.0030336670014887764,53.94140625,7.0,3.4004533937858383,4.87378640776699,0.0,0.004533959482518414,136.0,3.0,0.0047876380546408494,48.5703125,2.0
2026-05-30T07:25:12Z,2.4004800960192036,67.85714285714295,0.0,0.024226376428792048,65.06640625,6.0,4.8003378245991914,8.152536374300501,0.0,0.03769464587440157,177.68359375,0.0,0.1333555594080989,48.75,0.0,0.0032248293792649443,56.0859375,7.0,16.6689025230036,4.654035087719298,0.0,0.01276279640393457,91.01953125,7.0,0.13334666933386677,4.799999999999999,0.0,0.005013902960710051,81.87890625,10.0,0.1333600053344002,24.25,0.0,0.00461841437632169,74.32421875,7.0,26.135191360626216,3.486843389003527,0.0,0.010728452352802998,54.53125,6.0,3.467128950526737,5.785689453180797,0.0,0.009943504986974083,81.51171875,7.0,1.2001289051875361,2.66666666666666,0.0,0.0036621659242758483,54.29296875,7.0,3.4004533937858383,4.87378640776699,0.0,0.004056205233900803,136.0,3.0,0.0047876380546408494,48.5703125,2.0
2026-05-30T07:25:17Z,2.4004800960192036,67.85714285714295,0.0,0.024226376428792048,65.06640625,6.0,4.400155569483122,6.44125172817024,0.0,0.03268963479203092,177.68359375,0.0,0.13335111407462724,48.125006944984605,0.0,0.003297028857039206,56.16796875,7.0,15.20158685068972,4.6496803420405275,0.0,0.01276279640393457,91.01953125,7.0,0.13334666933386677,4.799999999999999,0.0,0.005275561254899581,81.87890625,10.0,0.13334222518569888,23.875008333888925,0.0,0.00461841437632169,74.32421875,7.0,24.600946747563555,3.386680115470491,0.0,0.01081067924385353,55.02734375,6.0,3.26699114696725,6.549958440196096,0.0,0.009943504986974083,81.51171875,7.0,0.9334133422235261,2.3999851839779507,0.0,0.0036621659242758483,54.29296875,7.0,3.3335555703713577,4.8,0.0,0.006201417601890015,137.5703125,3.0,0.004031856191737407,48.5703125,2.0
2026-05-30T07:25:22Z,2.4004800960192036,67.85714285714295,0.0,0.024226376428792048,65.06640625,6.0,4.4001288974820545,6.333159110664967,0.0,0.02693963592324869,176.52734375,0.0,0.1333377780740938,47.5,0.0,0.003297028857039206,56.16796875,7.0,13.333786696890904,4.643396226415095,0.0,0.011314855352391599,89.45703125,7.0,0.13333333333333333,4.800000000000001,0.0,0.0053667763157917575,81.87890625,10.0,0.13332888918516544,23.499999999999996,0.0,0.004618414376321691,74.32421875,7.0,24.53425340889582,3.385198450346707,0.0,0.011883172405766857,55.02734375,6.0,3.26699114696725,6.549958440196096,0.0,0.010845745762401906,84.52734375,7.0,0.9333866702224592,2.266635552789876,0.0,0.0036621659242758483,54.29296875,7.0,3.3335555703713577,4.8,0.0,0.006201417601890015,137.5703125,3.0,0.004698526229471259,48.81640625,2.0
2026-05-30T07:25:27Z,2.466666666666667,55.416666666666494,0.0,0.01992978222434827,65.21484375,6.0,4.400440050080179,5.116406183320284,0.0,0.02693963592324869,176.52734375,0.0,0.1333377780740938,47.5,0.0,0.003865422840621727,56.37890625,7.0,13.333786696890904,4.643396226415095,0.0,0.011314855352391599,89.45703125,7.0,0.13334222340756546,4.8,0.0,0.005340430528376904,81.98828125,10.0,0.13332888918516544,23.499999999999996,0.0,0.00458087424743515,76.921875,7.0,28.3361292145588,3.347481098031731,0.0,0.011883172405766857,55.02734375,6.0,3.666777785185679,6.833346451297473,0.0,0.011294153542843173,84.52734375,7.0,0.8667155588150321,2.1999674045100317,0.0,0.003548619368476745,55.046875,7.0,3.3335555703713577,4.8,0.0,0.006201417601890015,137.5703125,3.0,0.004698526229471259,48.81640625,2.0
2026-05-30T07:25:32Z,2.466666666666667,55.416666666666494,0.0,0.024330162436045223,65.21484375,6.0,5.06715116415445,4.951730983873605,0.0,0.02248064842958461,176.52734375,0.0,0.1333377780740938,46.874993055015395,0.0,0.0038654228406217275,56.37890625,7.0,13.267115585483477,4.6423688436488,0.0,0.011314855352391599,89.45703125,7.0,0.13334222340756546,4.8,0.0,0.005340430528376904,81.98828125,10.0,0.13334222340756546,23.124995833009233,0.0,0.00458087424743515,76.921875,7.0,32.53640923322671,3.3453062322981393,0.0,0.012396088941827125,54.51953125,6.0,4.266817787852523,7.428601475639873,0.0,0.011311030708860038,84.53125,7.0,1.4000844500744494,3.46666395042614,0.0,0.003548619368476745,55.046875,7.0,2.800186679111941,4.8,0.0,0.007627390398614836,138.87890625,3.0,0.004698526229471259,48.81640625,2.0
2026-05-30T07:25:37Z,2.466666666666667,55.41666666666664,0.0,0.024330162436045223,65.21484375,6.0,5.067168944302915,4.949736517889308,0.0,0.01929626457953395,176.52734375,0.0,0.13334666814832594,46.24999999999999,0.0,0.0038654228406217275,56.37890625,7.0,14.06809349364901,4.633021809269286,0.0,0.012970476894473065,93.1875,7.0,0.13335111348179757,4.799999999999999,0.0,0.005562279166004935,81.98828125,10.0,0.13335111348179757,22.749999999999993,0.0,0.00458087424743515,76.921875,7.0,32.66976923678274,3.341306423337198,0.0,0.012396088941827125,54.51953125,6.0,4.266817787852523,7.428601475639873,0.0,0.011716045911198784,84.53125,7.0,1.4001022302229136,3.40000148164062,0.0,0.003548619368476745,55.046875,7.0,2.800186679111941,4.8,0.0,0.007627390398614836,138.87890625,3.0,0.004952342041915842,49.06640625,2.0
2026-05-30T07:25:42Z,2.2668177878525233,49.16666666666666,0.0,0.02441667731512179,65.109375,6.0,5.200191125038124,4.924107304607232,0.0,0.019563682455423986,178.6328125,0.0,0.13334666814832594,46.24999999999999,0.0,0.00378604886416141,56.8515625,7.0,14.06809349364901,4.633021809269286,0.0,0.012970476894473065,93.1875,7.0,0.13333777925939755,4.8,0.0,0.00463817601106279,81.98828125,10.0,0.13335111348179757,22.749999999999993,0.0,0.004106402524264093,75.546875,7.0,29.60112452119054,3.407761399830999,0.0,0.01212012132310624,54.51953125,6.0,3.933595573038202,7.450013704718868,0.0,0.011716045911198784,84.53125,7.0,1.5334889063724841,3.2666686421874926,0.0,0.0036802848575719204,55.046875,7.0,2.800186679111941,4.8,0.0,0.007627390398614836,138.87890625,3.0,0.004952342041915842,49.06640625,2.0
2026-05-30T07:25:47Z,2.2668177878525233,49.16666666666666,0.0,0.024391461773693637,65.109375,6.0,4.266795565334143,4.897023844274377,0.0,0.011177707553965193,178.6328125,0.0,0.13334666814832594,46.25,0.0,0.00378604886416141,56.8515625,7.0,14.668133496315855,4.618063217562595,0.0,0.012970476894473065,93.1875,7.0,0.13333777925939755,4.8,0.0,0.005471894654088208,82.0859375,10.0,0.13334222340756546,20.500200004444544,0.0,0.004106402524264094,75.546875,7.0,22.80067115763297,3.2971973027955053,0.0,0.01145736824763139,54.546875,6.0,2.8668577905193677,6.275000000000002,0.0,0.009752989874205453,84.53125,7.0,1.1334622379279211,2.349987221586409,0.0,0.0036435863874347066,55.56640625,7.0,2.5999866782221632,4.855882371204201,0.0,0.00625710215178485,138.87890625,3.0,0.004952342041915842,49.06640625,2.0
2026-05-30T07:25:52Z,2.2668177878525233,49.16666666666666,0.0,0.024391461773693637,65.109375,6.0,4.266777785185679,4.853080902692964,0.0,0.011177707553965193,178.6328125,0.0,0.1333377780740938,46.25,0.0,0.00378604886416141,56.8515625,7.0,14.66715558815032,4.619803291539441,0.0,0.010411162272813428,90.4296875,7.0,0.13332888918516544,4.800000000000001,0.0,0.005471894654088208,82.0859375,10.0,0.13333333333333333,9.25,0.0,0.003688353377485504,75.546875,7.0,22.80064448741027,3.2837022763244024,0.0,0.01145736824763139,54.546875,6.0,2.8668577905193677,6.275000000000002,0.0,0.011439826704481099,84.52734375,7.0,1.133444457779457,2.349963052424109,0.0,0.0036435863874347066,55.56640625,7.0,2.5999866782221632,4.855882371204201,0.0,0.006030874753067034,136.4375,3.0,0.004868138412132958,48.52734375,2.0
2026-05-30T07:25:57Z,2.1333333333333333,48.61842105263156,0.0,0.023442216098828482,65.1171875,6.0,3.6670267072641782,4.872538887069208,0.0,0.009573675470783537,178.6328125,0.0,0.1333377780740938,46.25,0.0,0.003977231020185878,56.8515625,7.0,14.66715558815032,4.619803291539441,0.0,0.012195499330398901,90.4296875,7.0,0.06666666666666667,4.800000000000001,0.0,0.004607487703948888,82.0859375,10.0,0.13333333333333333,9.25,0.0,0.0039060555660677264,75.546875,7.0,21.002062461659186,3.240270229631346,0.0,0.01174790843063572,54.546875,6.0,2.533413338667022,6.083354733408548,0.0,0.011439826704481099,84.52734375,7.0,0.9333244479999605,3.0000080004266807,0.0,0.003651821649348931,55.56640625,7.0,2.5999866782221632,4.855882371204201,0.0,0.007578022841430613,136.4375,3.0,0.004868138412132958,48.52734375,2.0
2026-05-30T07:26:02Z,2.1333333333333333,48.61842105263156,0.0,0.023159374577567563,65.1171875,6.0,4.1321609807060815,4.894176167723542,0.0,0.010750424746616674,177.5859375,0.0,0.1332889184987786,46.87493056018487,0.0,0.004527841134989487,57.55078125,7.0,14.46191427936931,4.625068989319306,0.0,0.012195499330398901,90.4296875,7.0,0.06666666666666667,4.800000000000001,0.0,0.005380728245805895,82.0859375,10.0,0.06666666666666667,9.375002777962976,0.0,0.004240081556367089,74.6171875,7.0,24.793667667051736,3.2775042985482767,0.0,0.01174790843063572,54.546875,6.0,3.065511880968243,5.142840817829461,0.0,0.011439826704481099,84.52734375,7.0,1.1329469056197201,3.2665802494740896,0.0,0.003745059215395958,55.62109375,7.0,2.7328184695576825,4.861290190779641,0.0,0.007578022841430613,136.4375,3.0,0.004084393558305832,48.52734375,2.0
2026-05-30T07:26:07Z,2.1333333333333333,48.61842105263156,0.0,0.023159374577567563,65.1171875,6.0,4.132178760854545,4.8941760348239605,0.0,0.010750424746616674,177.5859375,0.0,0.1332978085730107,87.50133309633841,0.0,0.004527841134989487,57.55078125,7.0,16.529238771817507,4.655435748515542,0.0,0.012996303142327583,89.8828125,7.0,0.06667555674089878,4.8,0.0,0.005425207862370266,82.09765625,10.0,0.06667555674089878,21.249999999999993,0.0,0.00424008155636709,74.6171875,7.0,24.99372100749713,3.2954849796563503,0.0,0.011910394839642775,54.84765625,6.0,3.065511880968243,5.142840817829461,0.0,0.010503493490109816,84.52734375,7.0,1.1329646857681843,3.514254336057645,0.0,0.003745059215395958,55.62109375,7.0,2.7328184695576825,4.861290190779641,0.0,0.007461871039882484,134.19921875,3.0,0.004926292084224636,47.11328125,2.0
2026-05-30T07:26:12Z,2.867048939858648,60.833333333333286,0.0,0.025603757755059048,65.50390625,6.0,5.065263172109379,4.952634454646232,0.0,0.011657590843769237,177.5859375,0.0,0.1332978085730107,87.50133309633841,0.0,0.004527841134989487,57.55078125,7.0,16.529238771817507,4.655435748515542,0.0,0.013723225820577686,89.8828125,7.0,0.20000889007423212,4.8,0.0,0.005425207862370266,82.09765625,10.0,0.06667555674089878,21.249999999999993,0.0,0.004616026565299284,77.72265625,7.0,29.85810757724818,3.2675757792067928,0.0,0.011910394839642775,54.84765625,6.0,3.865796363343671,4.956157760225594,0.0,0.010733701723587131,84.52734375,7.0,1.5331113657703772,3.549968058766937,0.0,0.003755521093592417,55.62109375,7.0,2.7328184695576825,4.861290190779641,0.0,0.007461871039882484,134.19921875,3.0,0.004926292084224636,47.11328125,2.0
2026-05-30T07:26:17Z,2.867048939858648,60.83333333333295,0.0,0.025603757755059048,65.50390625,6.0,5.802121545131674,4.968204898160888,0.0,0.011657590843769237,177.5859375,0.0,0.2001067396083349,91.25002777962973,0.0,0.004495592981314762,57.55078125,7.0,18.34054707789975,4.657484392463704,0.0,0.013723225820577686,89.8828125,7.0,0.20000889007423212,4.8,0.0,0.005475011078832874,82.09765625,10.0,0.20000889007423212,23.49998888806578,0.0,0.004616026565299284,77.72265625,7.0,32.943545892683495,3.3570663884587013,0.0,0.011161848348220992,54.84765625,6.0,4.335232333021457,4.900662273878116,0.0,0.01073370172358713,84.52734375,7.0,1.6672892654506624,3.550001389168243,0.0,0.003755521093592417,55.62109375,7.0,3.3344453488054207,4.950793650793651,0.0,0.006817506744664122,134.19921875,3.0,0.004926292084224636,47.11328125,2.0
2026-05-30T07:26:22Z,2.867048939858648,60.83333333333295,0.0,0.025603757755059048,65.50390625,6.0,5.935419321723871,4.966497612183925,0.0,0.009756710044733623,177.5859375,0.0,0.26675562790443363,90.0,0.0,0.0047790636602369286,57.33203125,7.0,17.07372039937969,4.646242518695832,0.0,0.01319746313619582,89.8828125,7.0,0.2666577783703309,4.8,0.0,0.004522876235495621,82.09765625,10.0,0.2666577783703309,23.949999333309627,0.0,0.004616026565299284,77.72265625,7.0,32.7434792197936,3.3570659920717527,0.0,0.009127275932847559,54.84765625,6.0,4.335232333021457,4.900662273878116,0.0,0.010513326699117405,84.52734375,7.0,1.80058704204286,3.9090758119202995,0.0,0.003707403240767889,55.5703125,7.0,3.3344453488054207,4.950793650793651,0.0,0.008050870147254674,136.17578125,3.0,0.004935207740466115,47.046875,2.0
2026-05-30T07:26:27Z,2.6,56.666666666666735,0.0,0.02687079536891368,65.1171875,6.0,5.869117148100722,4.942857224174241,0.0,0.011935275950047005,180.46875,0.0,0.26675562790443363,90.0,0.0,0.005379566816509625,57.33203125,7.0,17.07372039937969,4.646242518695832,0.0,0.013966033239764954,86.73046875,7.0,0.19999555644442468,4.8,0.0,0.0029678250000017667,82.09765625,10.0,0.2666577783703309,23.949999333309627,0.0,0.004755510060458771,77.72265625,7.0,31.747306377541236,3.310044871397882,0.0,0.012599676634023518,55.125,6.0,4.135076748128084,4.874025699840468,0.0,0.010513326699117405,84.52734375,7.0,1.6005159184854472,3.909083121878686,0.0,0.00311306467805118,55.5703125,7.0,3.3344453488054207,4.950793650793651,0.0,0.008050870147254674,136.17578125,3.0,0.004935207740466115,47.046875,2.0
2026-05-30T07:26:32Z,2.6,56.666666666666735,0.0,0.02687079536891368,65.1171875,6.0,5.734044542827696,4.921154259141574,0.0,0.011935275950047005,180.46875,0.0,0.2000000017778963,91.25002777901241,0.0,0.005379566816509625,57.33203125,7.0,17.7351113179509,4.692352347328397,0.0,0.013966033239764954,86.73046875,7.0,0.19999555644442468,4.8,0.0,0.005542343374690123,82.05859375,10.0,0.2000000017778963,24.125004166898158,0.0,0.00473127087139996,75.15234375,7.0,31.271649743856248,3.3419217460838744,0.0,0.013734528037887257,55.125,6.0,4.00040448978325,4.872611464968153,0.0,0.011250340281297573,84.7578125,7.0,1.6667911282981533,3.9666603702441714,0.0,0.0037849769382825465,55.5703125,7.0,3.0671778663862748,4.919685007953548,0.0,0.009076448506609752,136.17578125,3.0,0.005031543097607823,47.03125,2.0
2026-05-30T07:26:37Z,2.6,56.666666666666735,0.0,0.02889186749079924,65.140625,6.0,5.600755658088101,4.921153948479338,0.0,0.011935275950047005,180.46875,0.0,0.1333555594080989,94.16667901326025,0.0,0.00499860721501874,57.30859375,7.0,20.53608481397573,4.725728692668605,0.0,0.015135441272730749,86.73046875,7.0,0.13335111407462724,4.799999999999999,0.0,0.005542343374690123,82.05859375,10.0,0.1333555594080989,82.49999999999994,0.0,0.004731270871399961,75.15234375,7.0,31.20502308163515,3.3432124871476416,0.0,0.013734528037887257,55.125,6.0,4.00040448978325,4.872611464968153,0.0,0.011250340281297573,84.7578125,7.0,1.5335022435585584,3.9666801860045076,0.0,0.003618900458634415,55.5078125,7.0,3.0671778663862748,4.919685007953548,0.0,0.007577283943065931,136.17578125,3.0,0.005080570153001016,47.03125,2.0
2026-05-30T07:26:42Z,3.6671556207494334,65.99999999999996,0.0,0.03151783751603083,65.140625,6.0,6.333724498377918,4.890517310246469,0.0,0.013648860455817691,180.46875,0.0,0.1333555594080989,94.16667901326025,0.0,0.004766879254307579,57.30859375,7.0,20.53608481397573,4.725728692668605,0.0,0.015135441272730749,86.73046875,7.0,0.2000222254820544,4.8,0.0,0.005542343374690123,82.05859375,10.0,0.1333555594080989,82.49999999999994,0.0,0.005518018461805039,72.42578125,7.0,37.202249190559094,3.334148386884018,0.0,0.01416717464187632,55.40234375,6.0,4.333911188158421,4.89101787928386,0.0,0.011581839338896721,85.34765625,7.0,2.133542246225403,3.7833313270081588,0.0,0.003618900458634415,55.5078125,7.0,3.0671778663862748,4.919685007953548,0.0,0.009248621633413208,137.1328125,3.0,0.005080570153001016,47.03125,2.0
2026-05-30T07:26:47Z,3.6671556207494334,65.99999999999996,0.0,0.03151783751603083,65.140625,6.0,6.533555573927862,4.882032244668988,0.0,0.015004894851341558,178.98828125,0.0,0.13335111407462724,94.37493054166387,0.0,0.004766879254307579,57.30859375,7.0,21.268826911437515,4.751509553144265,0.0,0.016993542249782112,85.65625,7.0,0.2000222254820544,4.8,0.0,0.005518455308071612,82.05859375,10.0,0.20001333600053345,90.0,0.0,0.00660276026899761,72.42578125,7.0,37.06794677571437,3.429696387299325,0.0,0.015124715973639112,55.40234375,6.0,4.333773382820802,4.968896772008307,0.0,0.011581839338896721,85.34765625,7.0,2.2001644589646423,3.920030228043918,0.0,0.003458853298062174,55.5078125,7.0,3.1333377917037235,4.936694454908919,0.0,0.009248621633413208,137.1328125,3.0,0.0043049082175864554,47.03125,2.0
2026-05-30T07:26:52Z,3.6671556207494334,65.99999999999996,0.0,0.03151783751603083,65.140625,6.0,6.533528901926795,4.882032358597831,0.0,0.015004894851341558,178.98828125,0.0,0.1333377780740938,92.50022225185579,0.0,0.004411785088255808,57.33203125,7.0,20.13402226815121,4.724181528934147,0.0,0.017928712343372028,85.65625,7.0,0.20000888948152096,4.8,0.0,0.005474379668905906,80.1796875,10.0,0.2,90.0,0.0,0.006042472873510834,72.140625,7.0,37.2679201037133,3.4145412678017335,0.0,0.015124715973639112,55.40234375,6.0,4.333773382820802,4.968896772008307,0.0,0.011808099443512056,85.34765625,7.0,2.2001377869635754,3.8428897141901577,0.0,0.003566340843342314,55.52734375,7.0,3.1333377917037235,4.936694454908919,0.0,0.010370320071604967,137.1328125,3.0,0.003916872007392232,47.03125,2.0
2026-05-30T07:26:57Z,2.466666666666667,58.333333333333165,0.0,0.024995031468565302,65.140625,6.0,5.200480050968889,4.8537590810837905,0.0,0.015004894851341558,178.98828125,0.0,0.1333377780740938,92.50022225185579,0.0,0.004411785088255808,57.33203125,7.0,20.13402226815121,4.724181528934147,0.0,0.017266347266490723,85.40234375,7.0,0.06666666666666667,4.799999999999999,0.0,0.005442865794007677,80.1796875,10.0,0.2,90.0,0.0,0.006042472873510834,72.140625,7.0,28.201644568303607,3.4948963237968402,0.0,0.015124715973639112,55.40234375,6.0,3.6666977940742127,4.987919890266527,0.0,0.011379956220053807,85.78515625,7.0,1.3333866702224593,3.9000419114145095,0.0,0.003566340843342314,55.52734375,7.0,3.1333377917037235,4.936694454908919,0.0,0.010370320071604967,137.1328125,3.0,0.003485472307257066,47.03125,2.0
2026-05-30T07:27:02Z,2.466666666666667,58.333333333333165,0.0,0.03127217186840287,65.15625,6.0,4.667271191714451,4.824691479741524,0.0,0.01276870268856574,178.98828125,0.0,0.13334222340756546,92.50008333981532,0.0,0.003852246093751418,57.33203125,7.0,18.267795706094144,4.716333206265885,0.0,0.017266347266490723,85.40234375,7.0,0.06666666666666667,4.799999999999999,0.0,0.005442865794007677,80.1796875,10.0,0.06666666666666667,91.25002777962973,0.0,0.005871132494448419,72.140625,7.0,26.735733621366762,3.523399035490196,0.0,0.014923684395665226,55.17578125,6.0,3.4668089291891366,5.525063837447294,0.0,0.011379956220053807,85.78515625,7.0,1.0667377872605237,3.766674445049427,0.0,0.00354754549728084,55.52734375,7.0,3.200426723563142,5.714285374116185,0.0,0.010572475554449788,135.4609375,3.0,0.005082006015198602,46.95703125,2.0
2026-05-30T07:27:07Z,2.466666666666667,58.333333333333165,0.0,0.031272171868402865,65.15625,6.0,4.667280081195972,4.824896349665725,0.0,0.015104396915003558,178.88671875,0.0,0.13334666814832594,95.83332715985361,0.0,0.0031861927441417977,57.33203125,7.0,18.66912921545083,4.709131650863842,0.0,0.01536038928737227,85.40234375,7.0,0.06667111140742715,4.8,0.0,0.004338903624941453,80.15234375,10.0,0.06667111140742715,92.5,0.0,0.005351120060407774,72.55078125,7.0,26.735755845070564,3.5368364347894534,0.0,0.014853434288803499,55.17578125,6.0,3.4668089291891366,5.525063837447294,0.0,0.011379956220053807,85.78515625,7.0,1.0667466767420446,3.6909313510114363,0.0,0.003643051771116665,55.54296875,7.0,3.200426723563142,5.714285374116185,0.0,0.010210003278937448,135.4609375,3.0,0.005107776196107302,46.95703125,2.0
2026-05-30T07:27:12Z,2.8672401146896043,67.50000000000009,0.0,0.03214454847313741,65.15625,6.0,5.400328932153878,4.82304555134454,0.0,0.015104396915003558,178.88671875,0.0,0.13334666814832594,95.83332715985361,0.0,0.0028651722363291793,57.33203125,7.0,18.66912921545083,4.709131650863842,0.0,0.01810113803659381,87.39453125,7.0,0.1333377780740938,4.800000000000001,0.0,0.0055645101768522255,80.15234375,10.0,0.06667111140742715,92.5,0.0,0.004787713345217666,72.55078125,7.0,32.40315589870725,3.448417296841596,0.0,0.014853434288803499,55.17578125,6.0,4.000533404453927,6.045478514381996,0.0,0.009689929043108947,86.15234375,7.0,1.46685335763283,3.6545595602411587,0.0,0.003643051771116665,55.54296875,7.0,3.200426723563142,5.714285374116185,0.0,0.010210003278937448,135.4609375,3.0,0.005199014113547501,47.3125,2.0
2026-05-30T07:27:17Z,2.8672401146896043,67.50000000000009,0.0,0.029501380883769322,65.25390625,6.0,5.266524455110479,4.822672040297915,0.0,0.015104396915003558,178.88671875,0.0,0.06667111140742715,96.25,0.0,0.0037898550724644224,57.32421875,7.0,18.66743576920603,4.6902933021661966,0.0,0.01810113803659381,87.39453125,7.0,0.1333377780740938,4.800000000000001,0.0,0.0055645101768522255,80.15234375,10.0,0.1333422228148543,92.5,0.0,0.005628520499109665,72.55078125,7.0,30.134080162377483,3.365175973184726,0.0,0.013818017445207156,55.15234375,6.0,3.666848933634233,6.022715472219581,0.0,0.011340508563047892,86.15234375,7.0,1.2667600162981336,3.7666664199460738,0.0,0.003643051771116665,55.54296875,7.0,2.99989334044397,5.035721768945043,0.0,0.010210003278937448,135.4609375,3.0,0.005199014113547501,47.3125,2.0
2026-05-30T07:27:22Z,2.8672401146896043,67.50000000000009,0.0,0.029501380883769315,65.25390625,6.0,5.133182232295625,4.8228571511501706,0.0,0.013157783255729024,179.54296875,0.0,0.0,95.83333950635574,0.0,0.003709460789137346,57.32421875,7.0,18.53276892651601,4.670869585759757,0.0,0.01686337528583424,86.4375,7.0,0.06666666666666667,4.8,0.0,0.005564510176852226,80.15234375,10.0,0.06667111140742715,87.50022222716059,0.0,0.004814542626263423,72.55078125,7.0,29.800724605340346,3.367422776181841,0.0,0.013818017445207156,55.15234375,6.0,3.666848933634233,6.022715472219581,0.0,0.011340508563047892,86.15234375,7.0,1.1334177934832792,3.690895352782732,0.0,0.0031188202727931266,55.54296875,7.0,2.99989334044397,5.035721768945043,0.0,0.009777121415715916,135.42578125,3.0,0.005145718030877561,47.3125,2.0
2026-05-30T07:27:27Z,2.0665288980734617,58.99999999999994,0.0,0.02728667422504248,65.25390625,6.0,4.066755597633225,4.846364048879744,0.0,0.011215754481443043,179.54296875,0.0,0.0,95.83333950635574,0.0,0.003675231676495746,57.5859375,7.0,18.53276892651601,4.670869585759757,0.0,0.01217744885496705,86.4375,7.0,0.0,4.8,0.0,0.004271294826292698,80.15234375,10.0,0.06667111140742715,87.50022222716059,0.0,0.004708983275527157,71.76171875,7.0,21.20053354490774,3.3777456612485737,0.0,0.012309539933125337,55.15234375,6.0,2.9332311179254713,5.8000164449195175,0.0,0.00895411904584319,86.15234375,7.0,0.5333111125924939,3.7999964443496275,0.0,0.0035122800867598268,53.22265625,7.0,2.99989334044397,5.035721768945043,0.0,0.009777121415715916,135.42578125,3.0,0.005145718030877561,47.3125,2.0
2026-05-30T07:27:32Z,2.0665288980734617,58.99999999999994,0.0,0.025520574851233244,65.08203125,6.0,3.267102280304041,4.872538862008396,0.0,0.011215754481443043,179.54296875,0.0,0.0,96.25002777901238,0.0,0.003675231676495746,57.5859375,7.0,16.734222340756546,4.622886697308837,0.0,0.014979896148614351,86.4375,7.0,0.0,4.8,0.0,0.0056474205085498405,80.6640625,10.0,0.0,23.499999999999996,0.0,0.0032914488150491425,71.76171875,7.0,18.60229363915189,3.178262496810894,0.0,0.012309539933125337,55.15234375,6.0,2.600160021336178,4.931944061625057,0.0,0.010372237185237141,86.5703125,7.0,0.46670222696359515,3.399995555670797,0.0,0.0035122800867598268,53.22265625,7.0,2.7336978263768503,4.973437447912615,0.0,0.009777121415715916,135.42578125,3.0,0.0033099071572333695,47.0546875,2.0
2026-05-30T07:27:37Z,2.0665288980734617,58.99999999999994,0.0,0.016014885495438152,65.08203125,6.0,3.267102280304041,4.873298338184204,0.0,0.010435669041963582,179.33984375,0.0,0.0,97.5,0.0,0.0036603130240357965,57.5859375,7.0,12.66835578077077,4.614322292552446,0.0,0.013701975840072836,86.96875,7.0,0.0,4.8,0.0,0.0056474205085498405,80.6640625,10.0,0.0,23.875,0.0,0.004581394924893755,74.77734375,7.0,18.60229363915189,3.186015521898053,0.0,0.012309539933125337,55.15234375,6.0,2.600160021336178,4.931944061625057,0.0,0.010372237185237141,86.5703125,7.0,0.46670222696359515,3.466690124851483,0.0,0.003387980340872071,53.22265625,7.0,2.7336978263768503,4.973437447912615,0.0,0.008985668441398817,135.828125,3.0,0.0037352248254034714,47.0546875,2.0
2026-05-30T07:27:42Z,1.933591145486065,49.73684210526314,0.0,0.017824671347641284,65.08203125,6.0,3.13352891496644,4.878260870614635,0.0,0.010435669041963582,179.33984375,0.0,0.0,97.5,0.0,0.003753500253499696,57.359375,7.0,12.66835578077077,4.614322292552446,0.0,0.013701975840072836,86.96875,7.0,0.06666666666666667,4.8,0.0,0.0056474205085498405,80.6640625,10.0,0.0,23.875,0.0,0.004787647544458256,74.77734375,7.0,18.867249095426352,3.1433561376724732,0.0,0.008319187296826817,54.9921875,6.0,2.4669955994132553,4.915151534538803,0.0,0.0099893013051131,86.5703125,7.0,0.6667555674089878,3.3199935994879564,0.0,0.003355227179083705,53.234375,7.0,2.7336978263768503,4.973437447912615,0.0,0.00789763892064986,135.828125,3.0,0.004160542493573573,47.0546875,2.0
2026-05-30T07:27:47Z,1.933591145486065,49.73684210526314,0.0,0.017548498026595086,65.08203125,6.0,3.6,4.880446822780005,0.0,0.008715454289027508,179.33984375,0.0,0.06666666666666667,96.25004166898161,0.0,0.003753500253499696,57.359375,7.0,15.667466773347558,4.572369023710317,0.0,0.013274281840093782,86.96875,7.0,0.06666666666666667,4.8,0.0,0.00564742050854984,80.6640625,10.0,0.06666666666666667,24.25,0.0,0.004787647544458256,74.77734375,7.0,19.599524509926063,2.7229304931795864,0.0,0.010087293749246896,54.9921875,6.0,2.533502244743744,4.887023889882913,0.0,0.0099893013051131,86.5703125,7.0,0.6667200071120594,2.9999866659258805,0.0,0.003355227179083705,53.234375,7.0,2.9333333333333336,4.795312446287253,0.0,0.00789763892064986,135.828125,3.0,0.004994524930716993,47.0546875,2.0
2026-05-30T07:27:52Z,1.933591145486065,49.73684210526314,0.0,0.0218110141119615,65.13671875,6.0,3.7333333333333334,4.880446842756818,0.0,0.009256732495511674,178.828125,0.0,0.13333333333333333,92.49988888148097,0.0,0.0028829902153033487,57.359375,7.0,18.466666666666665,4.528664825662641,0.0,0.012998082748571642,81.95703125,7.0,0.13333333333333333,4.8,0.0,0.005250000000000194,80.83984375,10.0,0.13333333333333333,24.25,0.0,0.005210597140453452,74.77734375,7.0,19.799524509926066,2.678735650296476,0.0,0.009707241612683505,55.0078125,6.0,2.533502244743744,4.887023889882913,0.0,0.009530447793485967,86.546875,7.0,0.8000533404453927,2.3332691303003874,0.0,0.003149943141821534,53.234375,7.0,2.9333333333333336,4.795312446287253,0.0,0.00789763892064986,135.828125,3.0,0.004994524930716993,47.0546875,2.0
2026-05-30T07:27:57Z,2.533502233482232,48.69047619047618,0.0,0.0218110141119615,65.13671875,6.0,4.333635595857225,4.886390556199819,0.0,0.009256732495511674,178.828125,0.0,0.13333333333333333,92.49988888148097,0.0,0.002566849999999477,57.359375,7.0,18.466666666666665,4.52866482566264,0.0,0.011773449803152605,81.95703125,7.0,0.1333377780740938,4.800000000000001,0.0,0.005250000000000194,80.83984375,10.0,0.13333333333333333,24.25,0.0,0.004477685915552681,73.22265625,7.0,21.668302435583687,2.841846046983255,0.0,0.009707241612683505,55.0078125,6.0,2.333404449185501,4.830399362246418,0.0,0.009097022926885325,86.546875,7.0,1.0666666666666667,2.86667160565529,0.0,0.0030168761662603674,53.35546875,7.0,2.9333333333333336,4.795312446287253,0.0,0.006029584061285481,135.828125,3.0,0.004994524930716994,47.0546875,2.0
2026-05-30T07:28:02Z,2.533502233482232,48.69047619047618,0.0,0.021675665332069605,65.13671875,6.0,4.400568964750856,4.889570576571656,0.0,0.009256732495511674,178.828125,0.0,0.13334222340756546,48.75,0.0,0.0038228672582442114,55.3359375,7.0,16.934417922389652,4.517380643072098,0.0,0.012010388079495865,81.25,7.0,0.1333377780740938,4.800000000000001,0.0,0.005250000000000194,80.83984375,10.0,0.1333377780740938,24.25,0.0,0.004477685915552681,73.22265625,7.0,22.602915939606447,3.442487024621255,0.0,0.009274956993172337,55.0078125,6.0,2.533600030818608,4.897436989395184,0.0,0.009097022926885325,86.546875,7.0,1.2667288971862916,3.450024723316408,0.0,0.0030168761662603674,53.35546875,7.0,2.867048939858648,4.7984375,0.0,0.006301417891208061,134.80859375,3.0,0.004803122209562823,47.0546875,2.0
2026-05-30T07:28:07Z,2.533502233482232,48.69047619047618,0.0,0.023213887714710665,65.1484375,6.0,4.400577854232377,4.888484848484849,0.0,0.008045413749971978,178.828125,0.0,0.13334666814832594,48.75,0.0,0.0038228672582442114,55.3359375,7.0,17.535044630836882,4.511402513149539,0.0,0.012010388079495865,81.25,7.0,0.1333422228148543,4.800000000000001,0.0,0.003991453809038975,80.87109375,10.0,0.1333422228148543,24.25,0.0,0.005504285940219719,73.22265625,7.0,22.669600385236155,3.449131798471894,0.0,0.00781342988120378,55.0078125,6.0,2.533600030818608,4.897436989395184,0.0,0.009097022926885325,86.546875,7.0,1.2667377866678124,3.6800248899951087,0.0,0.003024742064796484,53.35546875,7.0,2.867048939858648,4.7984375,0.0,0.006301417891208061,134.80859375,3.0,0.00482225647830096,46.7109375,2.0
2026-05-30T07:28:12Z,2.2668177878525233,46.97916666666666,0.0,0.023213887714710668,65.1484375,6.0,4.400275591708485,4.863158458366561,0.0,0.008876972763483685,177.24609375,0.0,0.13334666814832594,48.75,0.0,0.0038228672582442114,55.3359375,7.0,17.535044630836882,4.511402513149539,0.0,0.011796447396925893,81.25,7.0,0.1333377780740938,4.8,0.0,0.005064118511817017,80.87109375,10.0,0.1333422228148543,24.25,0.0,0.004595688873162701,73.22265625,7.0,24.868084624319668,3.5116663962020547,0.0,0.010570618891366398,53.22265625,6.0,3.266982256300307,4.926666666666666,0.0,0.008359566524650561,86.5546875,7.0,1.0668000171874374,3.44,0.0,0.0032778261515925807,53.66796875,7.0,2.867048939858648,4.7984375,0.0,0.0062486319249723775,134.69921875,3.0,0.004837025405193727,46.7109375,2.0
2026-05-30T07:28:17Z,2.2668177878525233,46.97916666666666,0.0,0.02399323130453493,65.1484375,6.0,5.200195568593461,4.817679340938599,0.0,0.008876972763483685,177.24609375,0.0,0.33335555703713576,48.125006944984605,0.0,0.003793586927514282,55.36328125,7.0,19.667977865191013,4.543396228261177,0.0,0.013223518374285325,83.00390625,7.0,0.1333377780740938,4.8,0.0,0.005064118511817017,80.87109375,10.0,0.1333422228148543,24.25,0.0,0.004722157068909889,73.72265625,7.0,30.80117341156077,3.52119749616928,0.0,0.01079520253957142,53.22265625,6.0,4.133608907260484,4.9809510723763655,0.0,0.009782101456450885,86.5546875,7.0,1.2001111226679901,3.63332567838861,0.0,0.0032778261515925807,53.66796875,7.0,3.5334533413338667,4.858015252412601,0.0,0.0062486319249723775,134.69921875,3.0,0.004837025405193727,46.7109375,2.0
2026-05-30T07:28:22Z,2.2668177878525233,46.97916666666666,0.0,0.02399323130453493,65.1484375,6.0,5.600186679111941,4.816931057662087,0.0,0.009201100800582241,178.3125,0.0,0.5333511122963752,47.5,0.0,0.003793586927514282,55.36328125,7.0,22.6014623197102,4.556933810117865,0.0,0.014165982605299002,83.00390625,7.0,0.3333333333333333,4.8,0.0,0.005064118511817017,80.87109375,10.0,0.3333377780740938,23.50000833361112,0.0,0.004722157068909889,73.72265625,7.0,30.934488965931063,3.533841546822219,0.0,0.01079520253957142,53.22265625,6.0,4.133608907260484,4.9809510723763655,0.0,0.009782101456450885,86.5546875,7.0,1.6001022331864694,3.7749749981480005,0.0,0.0032778261515925807,53.66796875,7.0,3.5334533413338667,4.858015252412601,0.0,0.005947485818140458,134.69921875,3.0,0.0047762297202402736,46.9765625,2.0
2026-05-30T07:28:27Z,3.1333333333333333,48.83620689655172,0.0,0.018932558963423,65.1484375,6.0,6.5337333600017775,4.793364912138426,0.0,0.009201100800582241,178.3125,0.0,0.5333511122963752,47.5,0.0,0.0037119026828470263,55.36328125,7.0,22.6014623197102,4.556933810117865,0.0,0.014165982605299002,83.00390625,7.0,0.5333688936302619,4.8,0.0,0.005116599687429478,80.87890625,10.0,0.3333377780740938,23.50000833361112,0.0,0.0032913312693497628,73.72265625,7.0,35.60332926374908,3.369632235809517,0.0,0.012891723912329582,52.9609375,6.0,4.800155565926618,5.281267622457848,0.0,0.010303872010005804,79.6640625,7.0,2.333373336000178,3.5777753088383055,0.0,0.0035713604955917625,54.1015625,7.0,3.5334533413338667,4.858015252412601,0.0,0.005947485818140458,134.69921875,3.0,0.0047762297202402736,46.9765625,2.0
2026-05-30T07:28:32Z,3.1333333333333333,48.83620689655172,0.0,0.026122907664043158,62.8828125,6.0,5.6004622696350035,4.793636478065288,0.0,0.009201100800582241,85.76171875,0.0,0.3333422234075655,47.5,0.0,0.004180725338099052,55.4609375,7.0,18.801640166833604,4.580231381766938,0.0,0.012171884453893079,83.00390625,7.0,0.5333688936302619,4.8,0.0,0.005268464978492401,80.87890625,10.0,0.5333511122963752,21.99997777662545,0.0,0.003965412339172661,75.90625,7.0,30.20364493043517,3.4203775251749535,0.0,0.012891723912329582,52.9609375,6.0,4.000204471707339,5.555608645514637,0.0,0.010632900084858855,79.6640625,7.0,2.333413344001422,3.600008890291484,0.0,0.0035713604955917625,54.1015625,7.0,2.2669689291905586,4.857142861917174,0.0,0.0057726057498608,135.23828125,3.0,0.004757890778197015,46.9765625,2.0
2026-05-30T07:28:37Z,3.1333333333333333,48.83620689655172,0.0,0.026122907664043158,62.8828125,6.0,5.2004889416360705,4.793636501205896,0.0,0.0071171494335957805,85.76171875,0.0,0.1333555594080989,47.49999999999999,0.0,0.004180725338099052,55.4609375,7.0,12.935089129218474,4.5772613836017655,0.0,0.013195060741331645,85.98828125,7.0,0.3333822296307952,4.800000000000001,0.0,0.005268464978492401,80.87890625,10.0,0.3333644482969087,20.500000000000004,0.0,0.004340546596302565,75.90625,7.0,30.20372494643837,3.416556792514814,0.0,0.01207335893542916,52.96875,6.0,4.000204471707339,5.555608645514637,0.0,0.010632900084858855,79.6640625,7.0,1.9334400160024894,3.4444791787643063,0.0,0.0035713604955917625,54.1015625,7.0,2.2669689291905586,4.857142861917174,0.0,0.004499192193954261,135.23828125,3.0,0.004757890778197015,46.9765625,2.0
2026-05-30T07:28:42Z,2.20029337244966,49.02173913043478,0.0,0.0245556170776611,62.99609375,6.0,3.8670667134875267,4.794495596344248,0.0,0.007973344172514118,87.15625,0.0,0.1333555594080989,47.49999999999999,0.0,0.004343045782833462,55.4609375,7.0,12.935089129218474,4.5772613836017655,0.0,0.013195060741331645,85.98828125,7.0,0.0666800026672001,4.8,0.0,0.005235873117080293,80.63671875,10.0,0.3333644482969087,20.500000000000004,0.0,0.0037388243350234716,75.83203125,7.0,23.002346935144654,3.345117294903606,0.0,0.012945091187071286,52.96875,6.0,2.800373383117749,5.55559094938599,0.0,0.010963055844388699,80.4140625,7.0,1.2668444699296797,3.4000083958909535,0.0,0.0038028211709072025,52.8203125,7.0,2.2669689291905586,4.857142861917174,0.0,0.00467763665536228,135.03515625,3.0,0.004757890778197015,46.9765625,2.0
2026-05-30T07:28:47Z,2.20029337244966,49.02173913043478,0.0,0.0245556170776611,62.99609375,6.0,3.8668177914090274,4.794495482988118,0.0,0.007973344172514118,87.15625,0.0,0.0666800026672001,47.2500033335852,0.0,0.0037861403938869837,55.53125,7.0,12.400893458684624,4.571248001226767,0.0,0.013195060741331645,85.98828125,7.0,0.0666800026672001,4.8,0.0,0.005235873117080293,80.63671875,10.0,0.0666800026672001,20.5,0.0,0.0037388243350234716,75.83203125,7.0,22.66766231052804,2.9859379934789354,0.0,0.012945091187071286,52.96875,6.0,2.866835578077077,5.416666666666664,0.0,0.010963055844388699,80.4140625,7.0,1.1334311259282572,2.8857100223509082,0.0,0.0038028211709072025,52.8203125,7.0,2.5999999999999996,4.858015272096564,0.0,0.005451967481239424,135.03515625,3.0,0.00467433820863047,46.7265625,2.0
2026-05-30T07:28:52Z,2.20029337244966,49.02173913043478,0.0,0.02413014955005686,62.9296875,6.0,3.733457786074627,4.794444507891022,0.0,0.008315011958917597,87.5234375,0.0,0.0,46.875,0.0,0.0037861403938869837,55.53125,7.0,12.066666666666666,4.57987012987013,0.0,0.012223878175880293,84.9609375,7.0,0.0,4.8,0.0,0.005191648982277581,80.63671875,10.0,0.0,16.74991666111072,0.0,0.0037388243350234716,75.83203125,7.0,22.26758229452484,2.976377952755902,0.0,0.00865312500000073,52.96875,6.0,2.866835578077077,5.416666666666664,0.0,0.010599266615736893,80.4140625,7.0,1.0000711205938568,2.5999814799038408,0.0,0.0038028211709072025,52.8203125,7.0,2.5999999999999996,4.858015272096564,0.0,0.005550195932075954,135.01953125,3.0,0.00467433820863047,46.7265625,2.0
2026-05-30T07:28:57Z,2.8000000000000003,48.74999999999998,0.0,0.02413014955005686,62.9296875,6.0,4.400168900148898,4.793805309734513,0.0,0.008315011958917597,87.5234375,0.0,0.0,46.875,0.0,0.0037861403938869837,55.53125,7.0,12.066666666666666,4.57987012987013,0.0,0.012223878175880293,84.9609375,7.0,0.1333600053344002,4.8,0.0,0.005076694715722458,80.6328125,10.0,0.0,16.74991666111072,0.0,0.0033990188698517724,75.83203125,7.0,26.934328955263684,2.868769428926913,0.0,0.012930657364412805,52.96484375,6.0,3.8000000000000003,5.725010889469655,0.0,0.010954691700830098,79.92578125,7.0,1.2666666666666666,2.914296599192341,0.0,0.003730909927527012,52.875,7.0,2.5999999999999996,4.858015272096564,0.0,0.005550195932075954,135.01953125,3.0,0.004732109913584626,46.734375,2.0
2026-05-30T07:29:02Z,2.8000000000000003,48.74999999999998,0.0,0.02413014955005686,62.9296875,6.0,5.200346689779319,4.810480349344978,0.0,0.008315011958917597,87.5234375,0.0,0.20001333422228149,47.25,0.0,0.004117169521860967,55.828125,7.0,13.133800031113186,4.584105960264901,0.0,0.010064267426970844,84.9609375,7.0,0.1333600053344002,4.8,0.0,0.005076694715722458,80.6328125,10.0,0.1333600053344002,8.624998611003079,0.0,0.003735702883899135,74.8203125,7.0,31.53528901926795,2.962377658206427,0.0,0.012930657364412805,52.96484375,6.0,4.53348889925995,5.57500955606521,0.0,0.010954691700830098,79.92578125,7.0,1.26669777985199,2.8857249892058023,0.0,0.0037309099275270115,52.875,7.0,3.7337067081531266,4.8,0.0,0.005378556498216268,135.01953125,3.0,0.004732109913584626,46.734375,2.0
2026-05-30T07:29:07Z,2.8000000000000003,48.74999999999998,0.0,0.017067387240695547,62.6171875,6.0,5.600373358223881,4.810572678943812,0.0,0.006910144493947587,87.5234375,0.0,0.40002666844456297,47.5,0.0,0.004117169521860967,55.828125,7.0,15.068177946094304,4.596501561123137,0.0,0.010064267426970844,84.9609375,7.0,0.3333733395566817,4.8,0.0,0.0046205260959676035,80.6484375,10.0,0.3333733395566817,7.499999999999994,0.0,0.003735702883899135,74.8203125,7.0,31.80197346489766,2.9805696151964973,0.0,0.012930657364412805,52.96484375,6.0,4.53348889925995,5.57500955606521,0.0,0.010954691700830098,79.92578125,7.0,1.666724448296553,2.9428761916775787,0.0,0.0037862170191689535,52.96875,7.0,3.7337067081531266,4.8,0.0,0.004555502890076725,135.01953125,3.0,0.004773086352495409,46.734375,2.0
2026-05-30T07:29:12Z,2.533502233482232,47.5,0.008849557522123894,0.01892140277908279,62.6171875,6.0,5.800204458074983,4.812149775927177,0.0,0.008876947424672169,88.640625,0.0,0.40002666844456297,47.5,0.0,0.004117169521860967,55.828125,7.0,15.068177946094304,4.596501561123137,0.0,0.010546807727688701,83.01171875,7.0,0.333337779259279,4.8,0.0,0.005367313178778221,80.6484375,10.0,0.3333733395566817,7.499999999999994,0.0,0.003735702883899135,74.8203125,7.0,30.268942425505344,3.1112955533644278,0.0,0.01185851223606424,52.95703125,6.0,4.267208976608753,5.305526334634688,0.0,0.010684291006206945,79.66796875,7.0,1.6001555724464398,2.8333285181440035,0.0,0.0031512822377163813,52.96875,7.0,3.7337067081531266,4.8,0.0,0.004957649206826345,137.15234375,3.0,0.004773086352495409,46.734375,2.0
2026-05-30T07:29:17Z,2.533502233482232,47.5,0.008849557522123894,0.02224818646064691,62.6171875,6.0,5.2668355668155655,4.848803744717774,0.0,0.008876947424672169,88.640625,0.0,0.3333555570371358,47.74999555523948,0.0,0.003580250509757763,55.828125,7.0,15.068177946094304,4.604236268846734,0.0,0.010801613881488745,83.01171875,7.0,0.333337779259279,4.8,0.0,0.005367313178778222,80.6484375,10.0,0.40001333422228147,18.249933327406872,0.0,0.0037745108544242883,74.47265625,7.0,27.468755746393406,3.2535271880992,0.0,0.01185851223606424,52.95703125,6.0,3.7338400853493363,5.916609254155931,0.0,0.010684291006206945,79.66796875,7.0,1.6668266838538668,3.424982915432777,0.0,0.0036611006766662604,52.96875,7.0,2.8000933395559704,4.857142857142857,0.0,0.005950765919103376,137.15234375,3.0,0.004712765957446854,46.7265625,2.0
2026-05-30T07:29:22Z,2.533502233482232,47.5,0.008849557522123894,0.018497574827007465,62.6171875,6.0,5.0668088983710025,4.848571474831004,0.0,0.009959899345097918,88.640625,0.0,0.2666755561481876,47.916666666666664,0.0,0.003986446368977875,56.52734375,7.0,13.733800031113185,4.636789289803936,0.0,0.010801613881488745,83.01171875,7.0,0.19999111170366418,4.800000000000001,0.0,0.005412563454054715,80.54296875,10.0,0.3333333333333333,21.249999999999993,0.0,0.003774510854424288,74.47265625,7.0,27.53540463409703,3.2549340618871785,0.0,0.011866999963905235,52.9765625,6.0,3.7338400853493363,5.916609254155931,0.0,0.010684291006206945,79.66796875,7.0,1.466800015409304,3.577748090972392,0.0,0.0030617683261718914,52.96875,7.0,2.8000933395559704,4.857142857142857,0.0,0.006072307104660167,138.078125,3.0,0.0035276702537237635,46.7265625,2.0
2026-05-30T07:29:27Z,1.733448896593106,45.20833333333332,0.009433962264150943,0.022207459292275213,62.90234375,6.0,3.800533447139563,4.86763159643032,0.0,0.011297372351839786,88.890625,0.0,0.2666755561481876,47.916666666666664,0.0,0.003986446368977875,56.52734375,7.0,13.733800031113185,4.636789289803936,0.0,0.010801613881488745,83.01171875,7.0,0.06666666666666667,4.800000000000001,0.0,0.005506221107504754,80.54296875,10.0,0.3333333333333333,21.249999999999993,0.0,0.003774510854424288,74.47265625,7.0,25.06887137484512,3.335034199917049,0.0,0.012632132452213778,52.9765625,6.0,3.400013348444504,6.333333333333324,0.0,0.010996789330701064,79.6640625,7.0,1.200035557926084,3.5777716870623335,0.0,0.003016223345624625,52.9921875,7.0,2.8000933395559704,4.857142857142857,0.0,0.006072307104660167,138.078125,3.0,0.003922116434821872,46.7265625,2.0
2026-05-30T07:29:32Z,1.733448896593106,45.20833333333332,0.009433962264150943,0.023078791814070677,62.90234375,6.0,3.5338490015098545,4.86965093000617,0.0,0.011297372351839786,88.890625,0.0,0.13333333333333333,47.916666666666664,0.0,0.004213125769962497,56.41796875,7.0,11.53365335466809,4.643903967673877,0.0,0.010393955697378526,81.75390625,7.0,0.06666666666666667,4.800000000000001,0.0,0.005506221107504754,80.54296875,10.0,0.13333333333333333,21.249999999999993,0.0,0.003975169486286158,70.953125,7.0,24.335489149363422,3.31918080344702,0.0,0.012632132452213778,52.9765625,6.0,3.333342237037076,5.937511285317837,0.0,0.010996789330701064,79.6640625,7.0,1.1333644465186568,3.909095280461792,0.0,0.003493829891839018,52.9921875,7.0,2.466911138077294,4.858914743906802,0.0,0.006410094036422511,138.078125,3.0,0.00490637041710707,46.9765625,2.0
2026-05-30T07:29:37Z,1.733448896593106,45.20833333333332,0.009433962264150943,0.023078791814070677,62.90234375,6.0,3.3338490015098543,4.869650722088464,0.0,0.011297372351839786,88.890625,0.0,0.0,47.916666666666664,0.0,0.004213125769962497,56.41796875,7.0,10.734444571274746,4.655361964745162,0.0,0.010510219972752352,81.75390625,7.0,0.0,4.8,0.0,0.005541805439911424,80.54296875,10.0,0.0,21.24999999999999,0.0,0.003975169486286158,70.953125,7.0,24.002155816030086,3.3191822350647335,0.0,0.008270800000002512,52.9765625,6.0,3.333342237037076,5.937511285317837,0.0,0.010996789330701064,79.6640625,7.0,0.9333644465186568,3.9091042063628,0.0,0.003696159900428107,53.015625,7.0,2.466911138077294,4.858914743906802,0.0,0.006257096733235649,137.47265625,3.0,0.0049063704171070695,46.9765625,2.0
2026-05-30T07:29:42Z,2.2004400880176034,46.249999999999986,0.010309278350515464,0.02245573659629122,62.42578125,6.0,4.7332666877034075,4.873958256286635,0.0,0.011356643786497292,88.484375,0.0,0.0,47.916666666666664,0.0,0.004213125769962497,56.41796875,7.0,10.734444571274746,4.655361964745162,0.0,0.010792805449130973,82.0,7.0,0.0,4.8,0.0,0.005802139037434167,80.54296875,10.0,0.0,21.24999999999999,0.0,0.0036733273222383112,70.953125,7.0,29.534315638230026,3.3800078643514904,0.0,0.012269248927037756,52.96484375,6.0,3.667040042079171,5.464265304437833,0.0,0.011040737610776558,79.5078125,7.0,1.066817803856791,3.839977953169913,0.0,0.0037650628423374416,53.015625,7.0,2.466911138077294,4.858914743906802,0.0,0.006359347821046792,137.47265625,3.0,0.0049063704171070695,46.9765625,2.0
2026-05-30T07:29:47Z,2.2004400880176034,46.249999999999986,0.010309278350515464,0.02245573659629122,62.42578125,6.0,5.466475568295447,4.895237215031582,0.0,0.011356643786497292,88.484375,0.0,0.13333333333333333,48.33332407345675,0.0,0.004004995745980359,55.85546875,7.0,15.000791216606657,4.649997397069313,0.0,0.010792805449130973,82.0,7.0,0.0,4.8,0.0,0.005802139037434167,80.54296875,10.0,0.06667111140742715,21.624995833009226,0.0,0.004271332278549251,70.765625,7.0,32.0669244788194,3.3945594804890766,0.0,0.012269248927037756,52.96484375,6.0,4.000257812152732,4.996127858217992,0.0,0.011040737610776558,79.5078125,7.0,1.3334533573381342,3.8726985094073685,0.0,0.0037650628423374416,53.015625,7.0,3.2,4.861788617886178,0.0,0.0064746309880389635,137.8203125,3.0,0.0048881361871089294,46.9765625,2.0
2026-05-30T07:29:52Z,2.2004400880176034,46.249999999999986,0.010309278350515464,0.022570196785336224,62.42578125,6.0,5.733142234962114,4.8962559076341226,0.0,0.01175286997138253,88.484375,0.0,0.26666666666666666,48.54166435172324,0.0,0.004004995745980359,55.85546875,7.0,19.933333333333334,4.636120331137548,0.0,0.00940174890575394,83.58203125,7.0,0.13333333333333333,4.8,0.0,0.005775511973504408,80.55078125,10.0,0.20000444474076048,23.0,0.0,0.004271332278549251,70.765625,7.0,32.2669244788194,3.3625009938407606,0.0,0.012269248927037756,52.96484375,6.0,4.000257812152732,4.996127858217992,0.0,0.011042485687442259,79.52734375,7.0,1.6001200240048008,3.66662353441599,0.0,0.0037650628423374416,53.015625,7.0,3.2,4.861788617886178,0.0,0.005270707626047589,137.8203125,3.0,0.004865487593331361,46.7578125,2.0
2026-05-30T07:29:57Z,3.3997733484434374,47.54464285714286,0.0,0.024519340390876953,62.953125,6.0,5.667040049784416,4.892383602494217,0.0,0.009629567100177634,88.484375,0.0,0.26666666666666666,48.54166435172324,0.0,0.004004995745980359,55.85546875,7.0,19.933333333333334,4.636120331137548,0.0,0.010398161312570035,83.58203125,7.0,0.3333466675556148,4.800000000000001,0.0,0.0056278729133025585,80.55078125,10.0,0.20000444474076048,23.0,0.0,0.004271332278549251,70.765625,7.0,27.868338000622305,3.3263496218969295,0.0,0.012290418648496964,52.96484375,6.0,3.8000000000000003,5.571436394806178,0.0,0.009650429023659327,79.52734375,7.0,1.9332711152589828,3.666666502047043,0.0,0.003708519899203258,53.22265625,7.0,3.2,4.861788617886178,0.0,0.006358123330017532,137.8203125,3.0,0.005006370909091361,46.7578125,2.0
2026-05-30T07:30:02Z,3.3997733484434374,47.54464285714286,0.0,0.024519340390876953,62.953125,6.0,5.6673867626794685,4.852216262315685,0.0,0.010684550482418967,88.47265625,0.0,0.2666844468151309,47.5,0.0,0.002487349999999822,55.85546875,7.0,19.53448904298351,4.608525748335888,0.0,0.011956948881793134,83.58203125,7.0,0.3333466675556148,4.800000000000001,0.0,0.0056278729133025585,80.55078125,10.0,0.3333466675556148,23.24999629599449,0.0,0.0033110281514866766,70.640625,7.0,27.403396008356673,3.236729862711906,0.0,0.012290418648496964,52.96484375,6.0,3.733600035560297,5.531263021339716,0.0,0.01107772593814033,79.52734375,7.0,1.6666666791119409,3.033354815769589,0.0,0.0037085198992032587,53.22265625,7.0,3.467017817189946,4.8,0.0,0.0054213951489690045,137.8203125,3.0,0.005006370909091361,46.7578125,2.0
2026-05-30T07:30:07Z,3.3997733484434374,47.54464285714286,0.0,0.025766975881254508,62.953125,6.0,5.667422322976397,4.851960215251967,0.0,0.010684550482418967,88.47265625,0.0,0.26670222696359513,44.999999999999986,0.0,0.0027455850783946216,55.85546875,7.0,16.335511401520204,4.579083311792276,0.0,0.009546029422260911,83.58203125,7.0,0.333364447704079,4.800000000000001,0.0,0.005662920307530595,80.55078125,10.0,0.333364447704079,22.374995832916625,0.0,0.0033110281514866766,70.640625,7.0,27.536773792061165,3.2367293397719985,0.0,0.012290418648496964,52.96484375,6.0,3.733600035560297,5.531263021339716,0.0,0.01107772593814033,79.52734375,7.0,1.6667022394088693,2.6000115551208545,0.0,0.003400872077375307,53.515625,7.0,3.467017817189946,4.8,0.0,0.006960182085481679,138.3828125,3.0,0.004908822205259354,46.66796875,2.0
2026-05-30T07:30:12Z,2.5336711561541536,48.099999999999994,0.0,0.025191616250780396,62.78515625,6.0,5.266888950524604,4.829768789318168,0.0,0.00854993512063164,88.66796875,0.0,0.26670222696359513,44.999999999999986,0.0,0.0024483360672926937,55.85546875,7.0,16.335511401520204,4.579083311792276,0.0,0.007461399999999686,83.58203125,7.0,0.2666933362966519,4.799999999999999,0.0,0.005527386924424743,80.578125,10.0,0.333364447704079,22.374995832916625,0.0,0.0033110281514866766,70.640625,7.0,31.60094701069802,3.0574078516670378,0.0,0.012397274518384918,52.96484375,6.0,4.000533404453927,4.98999934022692,0.0,0.011320263792298243,79.52734375,7.0,1.600213361781571,2.4399564402563736,0.0,0.003980900310700838,53.515625,7.0,3.467017817189946,4.8,0.0,0.007100047674182182,138.3828125,3.0,0.004908822205259354,46.66796875,2.0
2026-05-30T07:30:17Z,2.5336711561541536,48.099999999999994,0.0,0.025191616250780396,62.78515625,6.0,4.599875570962884,4.828829640459652,0.0,0.00854993512063164,88.66796875,0.0,0.20001778014846422,46.24997221975286,0.0,0.0035948842094019663,55.55859375,7.0,15.534355691870028,4.563171660151948,0.0,0.013112178181740309,86.30078125,7.0,0.2666933362966519,4.799999999999999,0.0,0.005527386924424743,80.578125,10.0,0.20001778014846422,21.999999999999996,0.0,0.002734877063106612,70.640625,7.0,28.532555669630323,3.1206196760098224,0.0,0.012535712371115282,52.96484375,6.0,3.533600035560297,4.986501853291518,0.0,0.0094701239013331,79.52734375,7.0,1.6668177979286127,0.49726492915498743,0.0,0.003980900310700838,53.515625,7.0,2.6667600062226366,4.857142857142857,0.0,0.007100047674182182,138.3828125,3.0,0.004769583955383557,46.66796875,2.0
2026-05-30T07:30:22Z,2.5336711561541536,48.099999999999994,0.0,0.025191616250780396,62.78515625,6.0,4.466506677332622,4.8285722959374695,0.0,0.00854993512063164,88.66796875,0.0,0.13333333333333333,46.875,0.0,0.003739047837033967,55.55859375,7.0,16.466666666666665,4.528930817610062,0.0,0.013112178181740309,86.30078125,7.0,0.20000888948152096,4.8,0.0,0.005537616458750188,80.98046875,10.0,0.13333333333333333,21.624999999999993,0.0,0.0024460421116503208,70.640625,7.0,28.79917788592583,3.107385280916999,0.0,0.01268335398595961,52.96484375,6.0,3.533600035560297,4.986501853291518,0.0,0.010745155911606567,79.5234375,7.0,1.533448904298351,0.4965904292609406,0.0,0.0032577587112056117,53.515625,7.0,2.6667600062226366,4.857142857142857,0.0,0.007011622264839365,138.6171875,3.0,0.004769583955383557,46.66796875,2.0
2026-05-30T07:30:27Z,2.2666666666666666,48.906249999999986,0.0,0.02164748093648228,62.78515625,6.0,3.8670267386810697,4.828958405652586,0.0,0.007914703002270963,88.82421875,0.0,0.13333333333333333,46.875,0.0,0.0035951796353133674,55.56640625,7.0,16.466666666666665,4.528930817610062,0.0,0.012806400359219738,86.51171875,7.0,0.06666666666666667,4.800000000000001,0.0,0.005537616458750188,80.98046875,10.0,0.13333333333333333,21.624999999999993,0.0,0.0033443036634437165,72.5625,7.0,22.40215597134139,3.0861261961934336,0.0,0.01268335398595961,52.96484375,6.0,3.2667822299264397,4.992404501740321,0.0,0.010304267552882444,79.5234375,7.0,1.2666666666666666,1.350020833912047,0.0,0.003726650993802316,52.39453125,7.0,2.6667600062226366,4.857142857142857,0.0,0.007011622264839365,138.6171875,3.0,0.004693079342887714,46.9296875,2.0
2026-05-30T07:30:32Z,2.2666666666666666,48.906249999999986,0.0,0.02322936853342456,62.68359375,6.0,4.13413349336534,4.794470090826293,0.0,0.007914703002270963,88.82421875,0.0,0.13334666933386677,46.24997221975286,0.0,0.0034572350322611325,55.56640625,7.0,15.06796025871841,4.517157807984338,0.0,0.013063009257282734,86.51171875,7.0,0.06666666666666667,4.800000000000001,0.0,0.0055376164587501876,80.98046875,10.0,0.06666666666666667,21.25,0.0,0.003052193442864183,72.5625,7.0,23.53768974476274,3.0480042943934897,0.0,0.012469097615802869,53.15234375,6.0,3.533808968607509,7.107219507703822,0.0,0.00885926576638323,79.5234375,7.0,1.200093352003734,2.666763954714386,0.0,0.003726650993802316,52.39453125,7.0,3.000502309645376,4.890476509648053,0.0,0.007011622264839365,138.6171875,3.0,0.0046289714032950605,46.9296875,2.0
2026-05-30T07:30:37Z,2.2666666666666666,48.906249999999986,0.0,0.02322936853342456,62.68359375,6.0,4.134151273513804,4.794418661768876,0.0,0.007914703002270963,88.82421875,0.0,0.1333555594080989,45.0,0.0,0.0034572350322611325,55.56640625,7.0,13.73607165759062,4.518936944533251,0.0,0.013063009257282734,86.51171875,7.0,0.06667555674089878,4.8,0.0,0.005543236389389213,81.25,10.0,0.06667555674089878,18.249999999999996,0.0,0.003052193442864183,72.5625,7.0,23.00436530150364,3.066669559718012,0.0,0.012469097615802869,53.15234375,6.0,3.533808968607509,7.107219507703822,0.0,0.008000576803643026,79.5234375,7.0,1.2001111321521982,2.7334153120733187,0.0,0.0029786379580263754,52.421875,7.0,3.000502309645376,4.890476509648053,0.0,0.006937695395226093,137.33984375,3.0,0.004628971403295061,46.9296875,2.0
2026-05-30T07:30:42Z,2.2669689291905586,87.67857142857142,0.0,0.02063472944612397,62.68359375,6.0,4.667124534832735,4.795049675425964,0.0,0.007161337811105472,88.13671875,0.0,0.1333555594080989,45.0,0.0,0.0034572350322611325,55.56640625,7.0,13.73607165759062,4.518936944533251,0.0,0.012197803105382475,86.51171875,7.0,0.13334222340756546,4.8,0.0,0.005543236389389213,81.25,10.0,0.06667555674089878,18.249999999999996,0.0,0.002963505461767916,69.4921875,7.0,25.202422691943823,3.182993261158344,0.0,0.01242846983188222,53.15234375,6.0,3.400573433795974,69.99999999999991,0.0,0.06768531133070887,86.4609375,7.0,1.0001644725975911,3.2857268946248843,0.0,0.0035452589734595477,52.421875,7.0,3.000502309645376,4.890476509648053,0.0,0.006937695395226093,137.33984375,3.0,0.004526812210566934,46.6796875,2.0
2026-05-30T07:30:47Z,2.2669689291905586,87.67857142857142,0.0,0.02249587506156871,63.1171875,6.0,4.1999022322960995,4.794949504019654,0.0,0.007161337811105472,88.13671875,0.0,0.06667555674089878,46.24997222037024,0.0,0.0020693756557615024,55.58984375,7.0,14.200982540796081,4.512919463305812,0.0,0.011678372669663525,83.73828125,7.0,0.13334222340756546,4.8,0.0,0.005543236389389213,81.25,10.0,0.13333777925939755,4.799999999999999,0.0,0.003052213470939839,69.4921875,7.0,22.999635624297643,3.292665773127026,0.0,0.01242846983188222,53.15234375,6.0,2.9334578121515467,84.59989065743329,0.0,0.06768531133070887,86.4609375,7.0,0.8667155665196842,3.8399774204158543,0.0,0.0035452589734595477,52.421875,7.0,2.733244450369975,4.918750020617468,0.0,0.005131972085888632,137.33984375,3.0,0.004526812210566934,46.6796875,2.0
2026-05-30T07:30:52Z,2.2669689291905586,87.67857142857142,0.0,0.02249587506156871,63.1171875,6.0,4.066551118814302,4.794845360824741,0.0,0.007161337811105472,88.13671875,0.0,0.0,47.5,0.0,0.0023296597473238044,55.58984375,7.0,14.466204475257205,4.513355440285475,0.0,0.008352616752477459,83.73828125,7.0,0.06666666666666667,4.8,0.0,0.0053780983247363745,81.28125,10.0,0.06666222251849876,4.8,0.0,0.003052213470939839,69.4921875,7.0,22.932960067556742,3.300019021422959,0.0,0.009868256831805446,53.15234375,6.0,2.9334578121515467,84.59989065743329,0.0,0.08388628910968293,86.4609375,7.0,0.7333644530378866,3.919983820927896,0.0,0.0035452589734595477,52.421875,7.0,2.733244450369975,4.918750020617468,0.0,0.005902186852431903,136.86328125,3.0,0.004443069101759305,46.6796875,2.0
2026-05-30T07:30:57Z,2.2668177878525233,116.24999999999949,0.0,0.021881387244402025,62.98046875,6.0,4.000337876165772,4.796841958989495,0.0,0.007161337811105472,88.13671875,0.0,0.0,47.5,0.0,0.002589943838886106,55.58984375,7.0,14.466204475257205,4.513355440285475,0.0,0.008930150473283558,82.94140625,7.0,0.06667555674089878,4.8,0.0,0.0053780983247363745,81.28125,10.0,0.06666222251849876,4.8,0.0,0.003052213470939839,69.4921875,7.0,22.934418039730808,3.479134673744883,0.0,0.01114380482589469,53.16015625,6.0,2.9332444503699753,89.93245584899131,0.0,0.08388628910968293,86.4609375,7.0,1.1333644494816197,3.9199919106077687,0.0,0.003486293859649219,52.69140625,7.0,2.733244450369975,4.918750020617468,0.0,0.005902186852431903,136.86328125,3.0,0.004555046252125339,46.6796875,2.0
2026-05-30T07:31:02Z,2.2668177878525233,116.24999999999949,0.0,0.021881387244402025,62.98046875,6.0,4.734115690098059,4.796858562713809,0.0,0.007576426875838566,88.6171875,0.0,0.13335111348179757,46.87498611018512,0.0,0.0025371061682989584,55.58984375,7.0,15.40104902875939,4.533103222162066,0.0,0.010737117947938751,82.94140625,7.0,0.06667555674089878,4.8,0.0,0.0053780983247363745,81.28125,10.0,0.0666800026672001,4.8,0.0,0.0020926252959638154,69.140625,7.0,27.47011601546873,3.585879372125325,0.0,0.01114380482589469,53.16015625,6.0,3.6669422589678624,92.13542105550704,0.0,0.16197556073048483,86.46875,7.0,1.733511131261709,4.171437687655079,0.0,0.003486293859649219,52.69140625,7.0,2.40040006934578,4.861290333565674,0.0,0.005902186852431904,136.86328125,3.0,0.004555046252125339,46.6796875,2.0
2026-05-30T07:31:07Z,2.2668177878525233,116.24999999999949,0.0,0.021881387244402025,62.98046875,6.0,5.000817917061654,4.796891118679543,0.0,0.007576426875838566,88.6171875,0.0,0.26670222696359513,46.25,0.0,0.0034912022861812637,55.8046875,7.0,16.86834240742955,4.563036303630362,0.0,0.010737117947938751,82.94140625,7.0,0.20002667022269635,4.8,0.0,0.00458960935368197,81.28125,10.0,0.20003111614899766,4.799999999999999,0.0,0.0023308255880434966,69.140625,7.0,27.736818242432324,3.60125582736219,0.0,0.01114380482589469,53.16015625,6.0,3.6669422589678624,92.13542105550704,0.0,0.16197556073048483,86.46875,7.0,2.000213358225304,4.2941233837115504,0.0,0.003424008260333895,52.69140625,7.0,2.40040006934578,4.861290333565674,0.0,0.006099648548748624,136.86328125,3.0,0.003601118753853159,46.6796875,2.0
2026-05-30T07:31:12Z,3.000200013334222,166.74999999999997,0.0,0.024274563470061485,62.98046875,6.0,5.666835617190796,4.812807595732699,0.0,0.008180963572267925,90.50390625,0.0,0.26670222696359513,46.25,0.0,0.0034912022861812637,55.8046875,7.0,16.86834240742955,4.563036303630362,0.0,0.011225658753653275,82.25,7.0,0.20002222488922472,4.800000000000001,0.0,0.0040954042376013956,81.28125,10.0,0.20003111614899766,4.799999999999999,0.0,0.0029109358899692666,70.03515625,7.0,33.002124727741474,3.6377390022517933,0.0,0.012123296782310685,53.15234375,6.0,4.40058674489932,93.0701754385965,0.0,0.16197556073048486,86.46875,7.0,2.2002266924475853,4.2,0.0,0.002792549803622901,52.69140625,7.0,2.40040006934578,4.861290333565674,0.0,0.0047470006526590435,136.86328125,3.0,0.0045779550227708415,46.68359375,2.0
2026-05-30T07:31:17Z,3.000200013334222,166.74999999999997,0.0,0.025628666564435715,63.35546875,6.0,5.666671139852346,4.830621970494811,0.0,0.008180963572267925,90.50390625,0.0,0.13335111348179757,46.25,0.0,0.0031953445102034937,55.84375,7.0,17.067831192302183,4.565296685207593,0.0,0.011143917085952127,82.25,7.0,0.20002222488922472,4.800000000000001,0.0,0.005226902024173401,81.30859375,10.0,0.20001333600029633,4.799999999999999,0.0,0.0029109358899692666,70.03515625,7.0,32.00116898993574,3.716679071160743,0.0,0.012181932120116097,53.15234375,6.0,4.267106716746845,93.36065997818434,0.0,0.17527434093413644,84.98828125,7.0,1.9334800121492741,4.211752555756007,0.0,0.004818016879358126,57.4765625,7.0,3.1334400071115853,4.828788193824202,0.0,0.005862110711466043,136.6953125,3.0,0.0045779550227708415,46.68359375,2.0
2026-05-30T07:31:22Z,3.000200013334222,166.74999999999997,0.0,0.025628666564435715,63.35546875,6.0,5.399968912888751,4.8309178743961345,0.0,0.007771379253355867,91.57421875,0.0,0.0,46.875,0.0,0.0031953445102034937,55.84375,7.0,15.133871146965353,4.561112737816497,0.0,0.011143917085952127,82.25,7.0,0.06667111140742715,4.8,0.0,0.005040007071958358,81.30859375,10.0,0.06666222251849876,4.8,0.0,0.0029109358899692666,70.03515625,7.0,31.734466762972147,3.71100693921652,0.0,0.012181932120116097,53.15234375,6.0,4.267106716746845,93.36065997818434,0.0,0.16734842011116383,84.98828125,7.0,1.6667777851856789,4.235278860659873,0.0,0.004818016879358126,57.4765625,7.0,3.1334400071115853,4.828788193824202,0.0,0.00543405597162164,136.6953125,3.0,0.004577955022770842,46.68359375,2.0
2026-05-30T07:31:27Z,2.1333333333333333,176.36363636363632,0.0,0.025031710927294892,64.04296875,6.0,4.333746710819971,4.832038747807835,0.0,0.00802532694093728,91.57421875,0.0,0.0,46.875,0.0,0.003209732755507233,55.84375,7.0,15.133871146965353,4.561112737816497,0.0,0.009428210809282283,82.32421875,7.0,0.06666666666666667,4.8,0.0,0.004995358674578969,81.30859375,10.0,0.06666222251849876,4.8,0.0,0.0025596719495612117,70.03515625,7.0,24.334857879414184,3.750504648752876,0.0,0.012181932120116099,53.15234375,6.0,3.4001288974820545,93.13559322033899,0.0,0.20537538390218613,84.98828125,7.0,1.200044447407605,4.175000000000001,0.0,0.004928009481577832,57.4765625,7.0,3.1334400071115853,4.828788193824202,0.0,0.00543405597162164,136.6953125,3.0,0.003830217451975009,46.68359375,2.0
2026-05-30T07:31:32Z,2.1333333333333333,176.36363636363632,0.0,0.024526747486409935,64.04296875,6.0,3.6004800640085346,4.832353030892746,0.0,0.008025326940937282,91.57421875,0.0,0.06667555674089878,47.91667592654325,0.0,0.003209732755507233,55.84375,7.0,13.400844557052052,4.597013060146455,0.0,0.01118500175096759,82.32421875,7.0,0.06666666666666667,4.8,0.0,0.004995358674578969,81.30859375,10.0,0.06667555674089878,8.750022223209918,0.0,0.0037605836974479038,73.3671875,7.0,20.401822418393404,3.731219905825274,0.0,0.009867853422097285,53.1484375,6.0,2.7335022447437436,92.59257430122994,0.0,0.20537538390218613,84.98828125,7.0,0.7333600035560297,4.223550081900027,0.0,0.004928009481577832,57.4765625,7.0,2.733604474373946,4.800000000000001,0.0,0.00543405597162164,136.6953125,3.0,0.004797820232819481,46.93359375,2.0
2026-05-30T07:31:37Z,2.1333333333333333,176.36363636363632,0.0,0.024526747486409935,64.04296875,6.0,3.733831177490332,4.832038899263894,0.0,0.008056905456139362,89.734375,0.0,0.13335111348179757,48.125,0.0,0.003364056659453175,55.67578125,7.0,13.001733564475265,4.620872354773537,0.0,0.011253478523899253,86.93359375,7.0,0.13334222340756546,4.800000000000001,0.0,0.005075154936135309,81.30859375,10.0,0.13335111348179757,9.25,0.0,0.0037605836974479038,73.3671875,7.0,20.601849088616103,3.7280454065490214,0.0,0.011001184085773693,53.1484375,6.0,2.7335022447437436,92.59257430122994,0.0,0.17728642828197844,80.68359375,7.0,0.8667111170378273,4.284231604506735,0.0,0.0041565613427014024,57.48046875,7.0,2.733604474373946,4.800000000000001,0.0,0.0055352870065450855,136.6953125,3.0,0.004797820232819481,46.93359375,2.0
2026-05-30T07:31:42Z,1.9335911454860648,121.24999999999983,0.0,0.022969394508538465,63.3125,6.0,3.866915588745166,4.830000295576003,0.0,0.0065420053115417594,89.734375,0.0,0.13335111348179757,48.125,0.0,0.003364056659453175,55.67578125,7.0,13.001733564475265,4.620872354773537,0.0,0.011253478523899253,86.93359375,7.0,0.06667555674089878,4.8,0.0,0.005294695129236839,81.29296875,10.0,0.13335111348179757,9.25,0.0,0.004182213069918326,73.3671875,7.0,21.001244603872674,3.7141632826010786,0.0,0.013599967964116874,53.1484375,6.0,2.7336000290404745,90.87212217062435,0.0,0.1642279065836623,80.68359375,7.0,0.6667555674089879,4.336853198656486,0.0,0.004922146547675062,57.48046875,7.0,2.733604474373946,4.800000000000001,0.0,0.004098557136604588,136.6953125,3.0,0.004659214575393231,46.703125,2.0
2026-05-30T07:31:47Z,1.9335911454860648,121.24999999999983,0.0,0.02334267462463608,63.3125,6.0,4.466528901629255,4.830150784181599,0.0,0.006974809508769611,89.734375,0.0,0.06667555674089878,48.33332716012801,0.0,0.002935750656763032,55.67578125,7.0,13.800413483569248,4.609637345138608,0.0,0.011559771322472906,86.93359375,7.0,0.06667555674089878,4.8,0.0,0.005294695129236839,81.29296875,10.0,0.06667555674089878,9.374995833101838,0.0,0.004129178677450534,71.7265625,7.0,23.932702282664216,3.6000203643366615,0.0,0.012472278343716149,53.15234375,6.0,3.1999822364443657,88.12501475774383,0.0,0.1642279065836623,80.68359375,7.0,0.9333644548157829,4.185714195209327,0.0,0.004922146547675062,57.48046875,7.0,2.999897784592138,4.829007958366039,0.0,0.0067202656581501355,137.59765625,3.0,0.004659214575393231,46.703125,2.0
2026-05-30T07:31:52Z,1.9335911454860648,121.24999999999983,0.0,0.02334267462463608,63.3125,6.0,4.333177788147458,4.830769316680474,0.0,0.006310387959448377,89.734375,0.0,0.0,48.75,0.0,0.002734502086054988,55.6796875,7.0,14.13239117392174,4.596765356365724,0.0,0.009469732556893908,86.93359375,7.0,0.0,4.8,0.0,0.004038046141573135,81.29296875,10.0,0.0,9.625,0.0,0.004129178677450533,71.7265625,7.0,23.732675612441522,3.596362051079216,0.0,0.012472278343716149,53.15234375,6.0,3.1999822364443657,88.12501475774383,0.0,0.11915558171082012,81.79296875,7.0,0.8000133413339854,4.036348832882892,0.0,0.00419249301249943,57.48046875,7.0,2.999897784592138,4.829007958366039,0.0,0.00766104050834055,137.59765625,3.0,0.004598708783315936,46.703125,2.0
2026-05-30T07:31:57Z,2.7335155677045133,89.8333333333333,0.0,0.013298799999995482,63.3125,6.0,4.800008910222262,4.81058169192156,0.0,0.007532605847340245,90.99609375,0.0,0.0,48.75,0.0,0.0027345020860549876,55.6796875,7.0,14.13239117392174,4.596765356365724,0.0,0.008052042367068505,86.93359375,7.0,0.06667555674089878,4.799999999999999,0.0,0.0045248146512107575,81.30078125,10.0,0.0,9.625,0.0,0.004129178677450533,71.7265625,7.0,26.46857836158481,3.448916428739221,0.0,0.011578152502227946,53.5,6.0,3.533217785480968,84.02177410316064,0.0,0.11915558171082012,81.79296875,7.0,1.0666755602963358,4.236354085743645,0.0,0.0036145573133496076,57.78515625,7.0,2.999897784592138,4.829007958366039,0.0,0.00766104050834055,137.59765625,3.0,0.004585787880889605,46.703125,2.0
2026-05-30T07:32:02Z,2.7335155677045133,89.8333333333333,0.0,0.02224851362043813,62.95703125,6.0,4.667124494524464,4.790270265595218,0.0,0.006993416831047837,90.99609375,0.0,0.13335111348179757,48.75,0.0,0.0027345020860549876,55.6796875,7.0,14.800573503127529,4.578623828998355,0.0,0.01141154073259722,85.89453125,7.0,0.06667555674089878,4.799999999999999,0.0,0.005405614484706273,81.30078125,10.0,0.1333422228148543,22.75003333407409,0.0,0.004149596888546114,72.03125,7.0,27.470978530506297,3.1287768689415296,0.0,0.011578152502227946,53.5,6.0,3.666915588745166,77.18742968417953,0.0,0.07020686955977468,81.79296875,7.0,1.1334444565940347,4.133326748759837,0.0,0.0036145573133496076,57.78515625,7.0,2.867048939858648,4.8296875,0.0,0.00766104050834055,137.59765625,3.0,0.004585787880889605,46.703125,2.0
2026-05-30T07:32:07Z,2.7335155677045133,89.8333333333333,0.0,0.02224851362043813,62.95703125,6.0,4.93382672148806,4.7904761904761894,0.0,0.007570919393163953,91.18359375,0.0,0.26670222696359513,48.75,0.0,0.0030267917141447867,55.6796875,7.0,17.53567142285638,4.563194444444443,0.0,0.01141154073259722,85.89453125,7.0,0.20002667022269635,4.8,0.0,0.0053009244258069585,81.296875,10.0,0.2666933362966519,23.125,0.0,0.004149596888546114,72.03125,7.0,28.004382984433487,3.115217162588179,0.0,0.011578152502227946,53.5,6.0,3.666915588745166,77.18742968417953,0.0,0.05753979511945232,81.79296875,7.0,1.40014668355763,4.218181818181817,0.0,0.0036145573133496076,57.78515625,7.0,2.867048939858648,4.8296875,0.0,0.007688131186879597,136.40234375,3.0,0.004859565011986178,46.5546875,2.0
2026-05-30T07:32:12Z,2.666844456297086,60.357142857142875,0.0,0.021913972698024878,62.94140625,6.0,4.866995599413255,4.786528810749758,0.0,0.007927360608420756,91.18359375,0.0,0.26670222696359513,48.75,0.0,0.003395501243230344,55.58984375,7.0,17.53567142285638,4.563194444444443,0.0,0.011749729080630777,85.89453125,7.0,0.20001778014846422,4.8,0.0,0.0053009244258069585,81.296875,10.0,0.2666933362966519,23.125,0.0,0.003279821548098107,72.94140625,7.0,29.53432477306776,2.8792999877872254,0.0,0.011068952563096165,53.5,6.0,3.800506734231231,52.18750000000002,0.0,0.047785448596857814,80.59765625,7.0,1.4668622482997733,4.109071512996392,0.0,0.0035366374367027096,58.10546875,7.0,2.867048939858648,4.8296875,0.0,0.007688131186879597,136.40234375,3.0,0.004092214947351117,46.5546875,2.0
2026-05-30T07:32:17Z,2.666844456297086,60.357142857142875,0.0,0.021707013055171503,62.94140625,6.0,5.000035560296928,4.786802048323292,0.0,0.007927360608420756,91.18359375,0.0,0.13335111348179757,48.75,0.0,0.0032620554858666497,55.58984375,7.0,16.734631284171222,4.533087594203792,0.0,0.011416965924505319,85.93359375,7.0,0.20001778014846422,4.8,0.0,0.0054295401878273804,81.296875,10.0,0.13335111348179757,23.12499583310184,0.0,0.003976585626242982,72.94140625,7.0,29.532680109334816,2.5960453915406294,0.0,0.01141290172333772,53.15234375,6.0,3.8002578121527315,4.976160695954713,0.0,0.010425386287518351,80.59765625,7.0,1.4001244610392496,3.8666357166054004,0.0,0.003523308477058174,58.10546875,7.0,3.2666666666666666,4.858914068977659,0.0,0.005442402676146355,136.40234375,3.0,0.004852189058664433,46.5546875,2.0
2026-05-30T07:32:22Z,2.666844456297086,60.357142857142875,0.0,0.021707013055171503,62.94140625,6.0,4.733333333333333,4.786666666666666,0.0,0.006583598794326224,91.18359375,0.0,0.0,48.75,0.0,0.00326205548586665,55.58984375,7.0,15.8,4.515129151291513,0.0,0.011416965924505319,85.93359375,7.0,0.06666666666666667,4.800000000000001,0.0,0.0054298687069387975,81.5546875,10.0,0.0,23.5,0.0,0.003858977094202505,73.59765625,7.0,28.999275655407626,2.601986854403804,0.0,0.01141290172333772,53.15234375,6.0,3.8002578121527315,4.976160695954713,0.0,0.010425386287518351,80.59765625,7.0,1.1334222340756546,3.599939040845808,0.0,0.0036076087540034495,58.4140625,7.0,3.2666666666666666,4.858914068977659,0.0,0.006086527358208342,136.40234375,3.0,0.004037142601535275,46.5546875,2.0
2026-05-30T07:32:27Z,2.4000000000000004,47.61363636363636,0.0,0.023192910376460322,62.94140625,6.0,4.800328932746589,4.788177073281114,0.0,0.007401865894005702,90.15234375,0.0,0.0,48.75,0.0,0.0033101305034279435,55.59375,7.0,15.8,4.515129151291513,0.0,0.011393911320412712,85.93359375,7.0,0.0666800026672001,4.8,0.0,0.004601548432162967,81.5546875,10.0,0.0,23.5,0.0,0.003858977094202505,73.59765625,7.0,29.668746944036986,2.347852738932915,0.0,0.011361251812059126,53.15625,6.0,3.6,4.8703700711175575,0.0,0.008533439310990957,80.59765625,7.0,1.1332888918516544,3.428552380105781,0.0,0.003796988497118095,58.4140625,7.0,3.2666666666666666,4.858914068977659,0.0,0.006097477477803395,136.40234375,3.0,0.004971684740236396,46.59375,2.0
2026-05-30T07:32:32Z,2.4000000000000004,47.61363636363636,0.0,0.023824703742929335,63.08203125,6.0,4.733964528603814,4.788349632711768,0.0,0.0074018658940057025,90.15234375,0.0,0.06667555674089878,48.437489582754594,0.0,0.0033101305034279435,55.59375,7.0,17.00109347913055,4.537815269115134,0.0,0.012667405487531744,87.25390625,7.0,0.0666800026672001,4.8,0.0,0.005287684210525425,81.5546875,10.0,0.06667555674089878,23.124987499305515,0.0,0.0037894169063955817,73.59765625,7.0,28.53690714317465,2.353034099007408,0.0,0.011773121016136682,53.15625,6.0,3.466897808596702,4.9158552975526,0.0,0.010359974721652626,81.296875,7.0,1.2000266791121779,3.5750162513727712,0.0,0.003796988497118095,58.4140625,7.0,3.067075610081344,4.856716417910448,0.0,0.0061586229798540545,137.30078125,3.0,0.005161973322041399,46.59375,2.0
2026-05-30T07:32:37Z,2.4000000000000004,47.61363636363636,0.0,0.023824703742929335,63.08203125,6.0,4.8673245339382145,4.788461679005192,0.0,0.007597918300420627,91.40234375,0.0,0.1333555594080989,48.125,0.0,0.003782263857296808,55.59375,7.0,15.002022496333733,4.538194426759874,0.0,0.010585777679281837,87.25390625,7.0,0.1333600053344002,4.8,0.0,0.00540804202137331,80.97265625,10.0,0.1333555594080989,22.749999999999993,0.0,0.0035692373853218017,70.921875,7.0,28.803627153843447,2.344869089870058,0.0,0.011773121016136682,53.15625,6.0,3.466897808596702,4.9158552975526,0.0,0.010567883584373277,81.296875,7.0,1.333386684446578,3.5250381962539477,0.0,0.0026477219551352773,58.96875,7.0,3.067075610081344,4.856716417910448,0.0,0.0061586229798540545,137.30078125,3.0,0.005161973322041399,46.59375,2.0
2026-05-30T07:32:42Z,2.400320042672356,45.09615384615384,0.0,0.023188073825703173,63.08203125,6.0,4.467133388155202,4.790244023011691,0.0,0.007597918300420627,91.40234375,0.0,0.1333555594080989,48.125,0.0,0.003782263857296808,55.59375,7.0,15.002022496333733,4.538194426759874,0.0,0.013216046209210812,87.25390625,7.0,0.0666800026672001,4.8,0.0,0.005391948103396384,80.97265625,10.0,0.1333555594080989,22.749999999999993,0.0,0.0035692373853218017,70.921875,7.0,24.602529178406265,2.430659963363325,0.0,0.011417390846370796,53.19140625,6.0,3.3337778370449396,4.921019108280255,0.0,0.01058369759397821,80.765625,7.0,1.0668177997069832,3.5250215293095257,0.0,0.00331539682939781,58.96875,7.0,3.067075610081344,4.856716417910448,0.0,0.006158622979854056,137.30078125,3.0,0.005205153844551484,46.59375,2.0
2026-05-30T07:32:47Z,2.400320042672356,45.09615384615384,0.0,0.02267546380976708,63.16015625,6.0,4.533653358224593,4.790243915131277,0.0,0.007597918300420627,91.40234375,0.0,0.13335111407462724,46.87505555925951,0.0,0.003566327687887387,55.61328125,7.0,13.66805349216818,4.542953305115843,0.0,0.012797254307491594,87.46484375,7.0,0.0666800026672001,4.8,0.0,0.005391948103396384,80.97265625,10.0,0.0666800026672001,21.250066671111405,0.0,0.003342018355446451,69.921875,7.0,25.86853347912415,2.5564708493989086,0.0,0.011225957779517015,53.19140625,6.0,3.5336755925969587,4.898063964253566,0.0,0.01058369759397821,80.765625,7.0,1.1334533484466374,3.100019261114034,0.0,0.00331539682939781,58.96875,7.0,2.933431117630064,4.855882343809567,0.0,0.004933848154135437,137.30078125,3.0,0.005205153844551483,46.59375,2.0
2026-05-30T07:32:52Z,2.400320042672356,45.09615384615384,0.0,0.02267546380976708,63.16015625,6.0,4.533626686223526,4.790147783251231,0.0,0.00622136545234192,91.40234375,0.0,0.1333377780740938,24.25,0.0,0.0032938723404253747,55.61328125,7.0,15.66769340178234,4.607482993197278,0.0,0.012797254307491594,87.46484375,7.0,0.06666666666666667,4.800000000000001,0.0,0.004588577791257564,80.97265625,10.0,0.06666666666666667,4.800000000000001,0.0,0.0038162784034559295,69.921875,7.0,25.80181346845535,2.5663728456066464,0.0,0.011225957779517015,53.19140625,6.0,3.5336755925969587,4.898063964253566,0.0,0.010259466457071525,81.07421875,7.0,1.1334266764455705,2.249999999999995,0.0,0.0034359736035643362,59.55859375,7.0,2.933431117630064,4.855882343809567,0.0,0.004933848154135437,137.30078125,3.0,0.0049983596473256705,46.59375,2.0
2026-05-30T07:32:57Z,2.9333333333333336,49.249999999999986,0.0,0.02267546380976708,63.16015625,6.0,5.3336800231126515,4.790446251298945,0.0,0.0068532793082724305,90.2734375,0.0,0.1333377780740938,24.25,0.0,0.0032938723404253747,55.61328125,7.0,15.66769340178234,4.607482993197278,0.0,0.015279414606719728,88.265625,7.0,0.1333377780740938,4.8,0.0,0.006011267320723069,81.109375,10.0,0.06666666666666667,4.800000000000001,0.0,0.0038162784034559295,69.921875,7.0,28.60189345956397,2.7326924754516893,0.0,0.0068301249999990436,53.19140625,6.0,3.800253350223348,4.900662251655629,0.0,0.010259466457071525,81.07421875,7.0,1.4667066693335111,2.400060001333358,0.0,0.0034866911542711,59.55859375,7.0,2.933431117630064,4.855882343809567,0.0,0.004933848154135437,137.30078125,3.0,0.005073369737091722,46.58984375,2.0
2026-05-30T07:33:02Z,2.9333333333333336,49.249999999999986,0.0,0.019332337970843404,63.16015625,6.0,5.1336666888903695,4.790360822535593,0.0,0.0068532793082724305,90.2734375,0.0,0.06666666666666667,24.25,0.0,0.0032938723404253747,55.61328125,7.0,16.66776007289375,4.635136377618428,0.0,0.017064732033806054,88.265625,7.0,0.1333377780740938,4.8,0.0,0.006011267320723069,81.109375,10.0,0.13334222340756546,4.8,0.0,0.003304544358727263,70.078125,7.0,26.135062337489163,3.064509702396279,0.0,0.011685310076667827,53.1875,6.0,3.3335555703713577,4.928379234300806,0.0,0.010259466457071525,81.07421875,7.0,1.2666933351112295,1.4001259289877306,0.0,0.0034866911542711,59.55859375,7.0,2.9336266992631708,4.8271428571428565,0.0,0.005625133532251246,136.58203125,3.0,0.005073369737091722,46.58984375,2.0
2026-05-30T07:33:07Z,2.9333333333333336,49.249999999999986,0.0,0.023990568203559434,62.95703125,6.0,5.000333355557037,4.790275222120019,0.0,0.006963109199127826,90.2734375,0.0,0.0,24.25,0.0,0.0025066642999998804,55.61328125,7.0,16.935066862838642,4.615170896710937,0.0,0.017064732033806054,88.265625,7.0,0.06667111140742715,4.8,0.0,0.005941659455010995,81.11328125,10.0,0.06667555674089878,4.8,0.0,0.003304544358727263,70.078125,7.0,25.935062337489164,3.064509451482286,0.0,0.011685310076667827,53.1875,6.0,3.3335555703713577,4.928379234300806,0.0,0.01024952837964501,81.16015625,7.0,1.1333600017778962,1.4001200026667342,0.0,0.0035548193721398878,59.8359375,7.0,2.9336266992631708,4.8271428571428565,0.0,0.006231971777399012,136.58203125,3.0,0.004157640970298729,46.58984375,2.0
2026-05-30T07:33:12Z,2.400320042672356,46.988636363636346,0.0,0.023492610104981902,62.95703125,6.0,4.266808898371003,4.788258195772009,0.0,0.0070557964475161305,90.48828125,0.0,0.0,24.25,0.0,0.002215700629317775,55.61328125,7.0,16.935066862838642,4.615170896710937,0.0,0.013921977217580107,88.265625,7.0,0.06666666666666667,4.8,0.0,0.005941659455010995,81.11328125,10.0,0.06667555674089878,4.8,0.0,0.0032820116152265876,70.078125,7.0,24.934231186377442,3.283858035979455,0.0,0.011685310076667824,53.1875,6.0,3.2003289262267662,4.953019556018274,0.0,0.008618647933417226,81.16015625,7.0,0.8000800088899557,1.6666666666666665,0.0,0.0034584057389833622,59.8359375,7.0,2.9336266992631708,4.8271428571428565,0.0,0.006106222437480369,135.67578125,3.0,0.004007021660089197,46.58984375,2.0
2026-05-30T07:33:17Z,2.400320042672356,46.988636363636346,0.0,0.0234926101049819,62.95703125,6.0,4.6000000000000005,4.788050374328627,0.0,0.0070557964475161305,90.48828125,0.0,0.2,43.749888879011465,0.0,0.0039046304505522362,55.625,7.0,17.60120905009557,4.608214709052893,0.0,0.015162392963514109,88.00390625,7.0,0.06666666666666667,4.8,0.0,0.005941659455010995,81.11328125,10.0,0.06666666666666667,4.8,0.0,0.0027319373518156797,70.078125,7.0,27.6668978085967,3.4573507584072773,0.0,0.011865093786636671,53.1875,6.0,3.7335644752633685,4.98218901148414,0.0,0.01061854513730525,81.15625,7.0,0.8000533404453927,1.9332533262215879,0.0,0.0034584057389833622,59.8359375,7.0,3.6665422305179654,4.800000000000001,0.0,0.006106222437480369,135.67578125,3.0,0.004821917241093378,46.578125,2.0
2026-05-30T07:33:22Z,2.400320042672356,46.988636363636346,0.0,0.025316890938897326,63.5625,6.0,5.000026668444563,4.788199495291273,0.0,0.0070557964475161305,90.48828125,0.0,0.40001333422228147,45.625,0.0,0.0039046304505522362,55.625,7.0,16.933382225481697,4.6052100972218675,0.0,0.015162392963514109,88.00390625,7.0,0.26668000088894817,4.799999999999999,0.0,0.005930222499879796,81.109375,10.0,0.26668000088894817,4.8,0.0,0.003841658792199656,71.03515625,7.0,28.20026669985612,3.501952057637626,0.0,0.012733849648136508,53.1953125,6.0,3.7335644752633685,4.98218901148414,0.0,0.01061854513730525,81.15625,7.0,1.2000800088899557,3.7499744421726375,0.0,0.0037458380658754397,59.8359375,7.0,3.6665422305179654,4.800000000000001,0.0,0.006106222437480369,135.67578125,3.0,0.004821917241093378,46.578125,2.0
2026-05-30T07:33:27Z,3.0,47.824074074074076,0.0,0.025316890938897326,63.5625,6.0,6.200693468471235,4.789176519101058,0.0,0.005796888934816227,90.48828125,0.0,0.40001333422228147,45.625,0.0,0.004362855057075026,55.625,7.0,16.933382225481697,4.6052100972218675,0.0,0.015162392963514109,88.00390625,7.0,0.46671556118587665,4.8,0.0,0.005930222499879796,81.109375,10.0,0.26668000088894817,4.8,0.0,0.003841658792199656,71.03515625,7.0,32.803338481026536,3.5011640649514266,0.0,0.013588777727249647,53.1953125,6.0,4.266515565628958,4.997402597402598,0.0,0.01061854513730525,81.15625,7.0,2.0666933351112298,3.4250000000000007,0.0,0.0038039908710836494,59.9609375,7.0,3.6665422305179654,4.800000000000001,0.0,0.006106222437480369,135.67578125,3.0,0.004861094977529997,46.578125,2.0
2026-05-30T07:33:32Z,3.0,47.824074074074076,0.0,0.026704693797948494,63.5625,6.0,7.334506865813103,4.789887368208392,0.0,0.0076210332033824855,90.81640625,0.0,0.5333911179267754,43.124979165509195,0.0,0.004362855057075027,55.625,7.0,19.06813797069217,4.63202236056251,0.0,0.017009377231985343,87.48046875,7.0,0.46671556118587665,4.8,0.0,0.005930222499879796,81.109375,10.0,0.6000400026668444,4.800000000000001,0.0,0.004047803707438387,72.22265625,7.0,38.672485478403964,3.6051370146158463,0.0,0.013588777727249647,53.1953125,6.0,5.066888948746707,5.1111279844140025,0.0,0.008718561550350615,81.15625,7.0,2.5334755727429137,3.600004000222232,0.0,0.0038039908710836494,59.9609375,7.0,3.6672712148332676,4.8,0.0,0.004982361321524884,137.90234375,3.0,0.003940423843348221,46.578125,2.0
2026-05-30T07:33:37Z,3.0,47.824074074074076,0.0,0.026704693797948494,63.5625,6.0,7.6012357647775275,4.790149251669084,0.0,0.006549854928303835,90.81640625,0.0,0.6667555674089879,43.75001851989036,0.0,0.005059993178033211,55.84765625,7.0,23.536471529537273,4.570808505485491,0.0,0.017009377231985343,87.48046875,7.0,0.600080010668089,4.8,0.0,0.002927300000001765,81.109375,10.0,0.7334044521490569,14.500100006667124,0.0,0.00401201069565544,72.22265625,7.0,38.80587215455353,3.6122287071731654,0.0,0.013588777727249647,53.1953125,6.0,5.066888948746707,5.111127984413992,0.0,0.007834045015310683,81.15625,7.0,2.800204471707339,3.885736554441341,0.0,0.003856571343903501,59.98046875,7.0,3.6672712148332676,4.8,0.0,0.005596565308448403,137.90234375,3.0,0.0035353325952207216,46.578125,2.0
2026-05-30T07:33:42Z,3.800506734231231,47.18749999999999,0.0,0.028316728985408945,63.26171875,6.0,7.733902298084189,4.789019623154828,0.0,0.008104250096886706,90.81640625,0.0,0.6667555674089879,43.75001851989036,0.0,0.005059993178033211,55.84765625,7.0,23.536471529537273,4.570808505485491,0.0,0.017009377231985343,87.48046875,7.0,0.533377783704494,4.8,0.0,0.005477409970469175,80.9765625,10.0,0.7334044521490569,14.500100006667124,0.0,0.00401201069565544,72.22265625,7.0,38.53504490108269,3.5697112417089376,0.0,0.014698944233888253,53.1953125,6.0,4.93399119882651,4.971751412429377,0.0,0.007239233820627412,81.15625,7.0,2.600346712895053,3.8142845577368467,0.0,0.003856571343903501,59.98046875,7.0,3.6672712148332676,4.8,0.0,0.00621076929537192,137.90234375,3.0,0.004802676409015381,46.55078125,2.0
2026-05-30T07:33:47Z,3.800506734231231,47.18749999999999,0.0,0.030172275908035666,63.26171875,6.0,6.400088900742322,4.78931287919824,0.0,0.006477186819101752,90.81640625,0.0,0.4000444503711606,44.68750694490743,0.0,0.0043769683593017335,55.84765625,7.0,21.735049117660132,4.545591795450022,0.0,0.013940612385545377,86.3671875,7.0,0.533377783704494,4.8,0.0,0.005477409970469175,80.9765625,10.0,0.4000488951119211,13.000266678519033,0.0,0.004573500243861926,72.22265625,7.0,30.1992312370386,3.664821597938334,0.0,0.014698944233888253,53.1953125,6.0,3.600284482375428,5.299968109126782,0.0,0.011152463209402712,81.12109375,7.0,2.2668978085967018,4.159991466078774,0.0,0.003856571343903501,59.98046875,7.0,2.8666666666666667,4.8,0.0,0.005918899560785864,137.90234375,3.0,0.004802676409015381,46.55078125,2.0
2026-05-30T07:33:52Z,3.800506734231231,47.18749999999999,0.0,0.030172275908035666,63.26171875,6.0,5.866666666666667,4.789393828684874,0.0,0.005801832644361193,90.81640625,0.0,0.13333333333333333,44.375,0.0,0.0048874912915116515,55.84765625,7.0,18.666666666666668,4.540513129803234,0.0,0.013940612385545377,86.3671875,7.0,0.26666666666666666,4.8,0.0,0.005477409970469176,80.9765625,10.0,0.1333377780740938,12.250133339259525,0.0,0.0035685307340263153,72.22265625,7.0,29.59914233629628,3.670052328803822,0.0,0.014545764261082414,53.1953125,6.0,3.600284482375428,5.299968109126782,0.0,0.011402858282680782,81.12109375,7.0,1.7334755745210473,4.218170302022358,0.0,0.0040888192267513526,60.00390625,7.0,2.8666666666666667,4.8,0.0,0.00712111649497175,137.02734375,3.0,0.004802676409015381,46.55078125,2.0
2026-05-30T07:33:57Z,3.1999999999999997,46.064814814814795,0.0,0.02996083658388114,63.3359375,6.0,5.66710228030404,4.790680700720784,0.0,0.005700317496190516,90.81640625,0.0,0.13333333333333333,44.375,0.0,0.004751794296130255,55.84765625,7.0,18.666666666666668,4.540513129803234,0.0,0.01544578503521196,86.3671875,7.0,0.266706674668267,4.8,0.0,0.00560663834192358,80.9765625,10.0,0.1333377780740938,12.250133339259525,0.0,0.0031874057137044887,72.22265625,7.0,30.202364759745745,3.5727358848773614,0.0,0.014545764261082414,53.1953125,6.0,3.5999999999999996,4.990001759318989,0.0,0.011402858282680782,81.12109375,7.0,1.7334044491855012,4.154541514932647,0.0,0.0040888192267513526,60.00390625,7.0,2.8666666666666667,4.8,0.0,0.00712111649497175,137.02734375,3.0,0.004947646837993756,46.55078125,2.0
2026-05-30T07:34:02Z,3.1999999999999997,46.064814814814795,0.0,0.02996083658388114,63.3359375,6.0,5.934106769791528,4.790844952213627,0.0,0.008585024561128833,91.7734375,0.0,0.20001778014846422,42.499972219958664,0.0,0.004887736803383293,55.7890625,7.0,17.934417922389652,4.531270540226123,0.0,0.014030985915491921,84.19140625,7.0,0.266706674668267,4.8,0.0,0.00560663834192358,80.9765625,10.0,0.26669333688936303,11.499849986665485,0.0,0.003689727673207207,72.5546875,7.0,33.67086278170423,3.519027944251562,0.0,0.012121213252639887,53.1953125,6.0,4.266951149042095,4.963445063635002,0.0,0.011283945786341142,81.109375,7.0,1.7334755697793582,4.127276363919213,0.0,0.0040888192267513526,60.00390625,7.0,3.267102280304041,4.797315405809501,0.0,0.007484639967013108,137.02734375,3.0,0.004940305299300291,46.765625,2.0
2026-05-30T07:34:07Z,3.1999999999999997,46.064814814814795,0.0,0.03077326123438074,63.3359375,6.0,6.0674756634217895,4.790780036484353,0.0,0.008585024561128833,91.7734375,0.0,0.26670222696359513,39.375000000000014,0.0,0.004887736803383293,55.7890625,7.0,16.135484731297506,4.51311475409836,0.0,0.014030985915491921,84.19140625,7.0,0.3333911214833979,4.8,0.0,0.005807265557816624,80.94921875,10.0,0.33337778370449395,12.250000000000018,0.0,0.003689727673207207,72.5546875,7.0,33.870898342001155,3.4868094307461037,0.0,0.011926990619745635,53.1953125,6.0,4.266951149042095,4.963445063635002,0.0,0.011191658900275552,81.109375,7.0,1.86684446340962,3.8941301969150883,0.0,0.0033617063483573476,60.0,7.0,3.267102280304041,4.797315405809501,0.0,0.006898157441927127,135.91015625,3.0,0.004940305299300291,46.765625,2.0
2026-05-30T07:34:12Z,2.400320042672356,46.63043478260869,0.0,0.027717010106037904,63.42578125,6.0,5.133706716451083,4.7904061322237785,0.0,0.007978062781903493,91.11328125,0.0,0.26670222696359513,39.375000000000014,0.0,0.004887736803383293,55.7890625,7.0,16.135484731297506,4.51311475409836,0.0,0.014030985915491921,84.19140625,7.0,0.2666844468151309,4.8,0.0,0.005807265557816625,80.94921875,10.0,0.33337778370449395,12.250000000000018,0.0,0.003689727673207207,72.5546875,7.0,28.86890699027035,3.5146213043528713,0.0,0.01364307964465406,53.2421875,6.0,4.0006578903903645,4.985868395309531,0.0,0.011191658900275552,81.109375,7.0,1.466817794965057,3.964705882352941,0.0,0.004145123100032693,60.0,7.0,3.267102280304041,4.797315405809501,0.0,0.006205840957072877,135.91015625,3.0,0.004940305299300291,46.765625,2.0
2026-05-30T07:34:17Z,2.400320042672356,46.63043478260869,0.0,0.027717010106037904,63.42578125,6.0,4.933524459556879,4.78984387872394,0.0,0.007978062781903493,91.11328125,0.0,0.333364447704079,41.249986110030775,0.0,0.0037725916347535068,55.72265625,7.0,15.468231286539696,4.485887035227073,0.0,0.012554138994309271,84.19140625,7.0,0.2666844468151309,4.8,0.0,0.005807265557816625,80.94921875,10.0,0.2666844468151309,13.00013334222279,0.0,0.0035475901408717173,73.3203125,7.0,26.867857909352377,3.4057286573623577,0.0,0.01364307964465406,53.2421875,6.0,3.7338311940895634,4.95113473327082,0.0,0.00703098268390094,81.08203125,7.0,1.4667822322972839,4.023521906350577,0.0,0.004145123100032693,60.0,7.0,3.000097784296731,4.849645433442485,0.0,0.006205840957072877,135.91015625,3.0,0.003677329163819268,46.765625,2.0
2026-05-30T07:34:22Z,2.400320042672356,46.63043478260869,0.0,0.025386284498311873,63.42578125,6.0,5.066822232593284,4.789682643408913,0.0,0.00797806278190349,91.11328125,0.0,0.40001333422228147,35.00016667407442,0.0,0.0037725916347535068,55.72265625,7.0,15.266675621333373,4.5006501372030865,0.0,0.009961290820684598,84.19140625,7.0,0.33333333333333337,4.8,0.0,0.0036358250000006367,80.94921875,10.0,0.33333333333333337,6.500033334814882,0.0,0.0031795159832964702,73.3203125,7.0,26.867822349055448,3.412546174576011,0.0,0.012858972879400122,53.2421875,6.0,3.7338311940895634,4.95113473327082,0.0,0.007919439749988983,81.08203125,7.0,1.6000800053336888,3.946651534487119,0.0,0.0033650915322223744,60.0,7.0,3.000097784296731,4.849645433442485,0.0,0.005948761295257826,136.05078125,3.0,0.004932734938119057,46.515625,2.0
2026-05-30T07:34:27Z,2.3334888992599505,47.67045454545453,0.0,0.025386284498311873,63.42578125,6.0,4.933635575705047,4.792340416839803,0.0,0.00797922179918391,91.67578125,0.0,0.40001333422228147,35.00016667407442,0.0,0.003882547640964392,55.79296875,7.0,15.266675621333373,4.5006501372030865,0.0,0.008915112571158826,84.19140625,7.0,0.26667111140742716,4.8,0.0,0.005646581395348391,80.953125,10.0,0.33333333333333337,6.500033334814882,0.0,0.0030959514090972196,73.33203125,7.0,26.135778051588588,3.46161270780092,0.0,0.012858972879400122,53.2421875,6.0,3.533457786074627,5.194444444444446,0.0,0.008807896816077024,81.08203125,7.0,1.6000355579260839,4.026675121413524,0.0,0.0030920487598821425,60.0,7.0,3.000097784296731,4.849645433442485,0.0,0.005948761295257826,136.05078125,3.0,0.004932734938119057,46.515625,2.0
2026-05-30T07:34:32Z,2.3334888992599505,47.67045454545453,0.0,0.025228534223161746,63.484375,6.0,4.533608907260485,4.7920354710689566,0.0,0.004821436184723317,91.67578125,0.0,0.26667111140742716,35.000333348148814,0.0,0.003882547640964392,55.79296875,7.0,14.733306730073956,4.51334123884425,0.0,0.011148916823895906,85.1640625,7.0,0.26667111140742716,4.8,0.0,0.005646581395348391,80.953125,10.0,0.3333511134817976,4.8,0.0,0.001826199890355754,73.33203125,7.0,24.9356980462549,3.319990427984982,0.0,0.012667533371175859,53.19921875,6.0,3.2667733404449186,5.700009000680057,0.0,0.010817135439205556,81.0859375,7.0,1.4666933351112297,3.6000177788840206,0.0,0.003953063250360172,60.01953125,7.0,2.9336311445966423,4.851094890510949,0.0,0.005406450744963753,136.05078125,3.0,0.004932734938119057,46.515625,2.0
2026-05-30T07:34:37Z,2.3334888992599505,47.67045454545453,0.0,0.025228534223161743,63.484375,6.0,4.266951130075339,4.792035480466951,0.0,0.005425705691954634,91.67578125,0.0,0.1333422228148543,42.50000000000001,0.0,0.002916053623603493,55.78515625,7.0,15.668831479476772,4.531787930928667,0.0,0.011148916823895906,85.1640625,7.0,0.1333422228148543,4.800000000000001,0.0,0.005646581395348391,80.953125,10.0,0.20002222488922472,4.800000000000001,0.0,0.0021996471624380924,73.59375,7.0,24.93571582521794,3.316119983608826,0.0,0.012667533371175859,53.19921875,6.0,3.2667733404449186,5.700009000680057,0.0,0.010817135439205556,81.0859375,7.0,1.200035557926084,3.6000248900583274,0.0,0.003805278606602675,60.01953125,7.0,2.9336311445966423,4.851094890510949,0.0,0.005469100346755981,138.32421875,3.0,0.004932734938119057,46.515625,2.0
2026-05-30T07:34:42Z,2.8668577905193677,49.473684210526336,0.0,0.023371818527963845,63.484375,6.0,5.266804453630242,4.790826005122918,0.0,0.004884250000000013,91.67578125,0.0,0.1333422228148543,42.50000000000001,0.0,0.003232544677534432,55.78515625,7.0,15.668831479476772,4.531787930928667,0.0,0.011148916823895906,85.1640625,7.0,0.1333377780740938,4.8,0.0,0.004720427710315904,80.953125,10.0,0.20002222488922472,4.800000000000001,0.0,0.0024582375204595702,73.59375,7.0,29.06738671466987,3.3200230943939504,0.0,0.01231341702176377,53.19921875,6.0,3.2667733404449186,5.900006333811889,0.0,0.010817135439205556,81.0859375,7.0,1.266800015409304,3.700007556126461,0.0,0.003805278606602675,60.01953125,7.0,2.9336311445966423,4.851094890510949,0.0,0.005469100346755981,138.32421875,3.0,0.0037341487358929404,46.515625,2.0
2026-05-30T07:34:47Z,2.8668577905193677,49.473684210526336,0.0,0.023374480547754026,63.35546875,6.0,5.933168901036306,4.790909112949074,0.0,0.007514988119173815,93.05078125,0.0,0.06667111140742715,43.74997222098759,0.0,0.0037978926471712695,55.78515625,7.0,17.93442260065718,4.513524685055219,0.0,0.011073899087528411,85.1640625,7.0,0.1333377780740938,4.8,0.0,0.0056359599111809305,81.1171875,10.0,0.06667111140742715,4.8,0.0,0.002345311111111591,73.59375,7.0,30.79920005570015,3.17059164799564,0.0,0.01231341702176377,53.19921875,6.0,3.4665466746661338,5.555548284981263,0.0,0.010557315264855186,80.65234375,7.0,1.5333955721497288,3.4666544850252228,0.0,0.0038209993674888317,60.02734375,7.0,3.0664622358509432,4.854814814814815,0.0,0.005469100346755981,138.32421875,3.0,0.0048723728369789105,46.51171875,2.0
2026-05-30T07:34:52Z,2.8668577905193677,49.473684210526336,0.0,0.023374480547754026,63.35546875,6.0,5.799826678221453,4.790740740740741,0.0,0.007514988119173815,93.05078125,0.0,0.0,44.99999999999999,0.0,0.0032484325284417655,55.78515625,7.0,19.932004533031133,4.496271186440677,0.0,0.011073899087528411,85.1640625,7.0,0.06666666666666667,4.8,0.0,0.0056359599111809305,81.1171875,10.0,0.0,4.800000000000001,0.0,0.003120043768029764,73.9609375,7.0,30.53251561007044,3.1764729032289516,0.0,0.013511251917227256,53.25390625,6.0,3.4665466746661338,5.555548284981263,0.0,0.010557315264855186,80.65234375,7.0,1.4000533493348744,3.555524936230316,0.0,0.0037468328772687566,60.02734375,7.0,3.0664622358509432,4.854814814814815,0.0,0.0060308134467262,139.38671875,3.0,0.0048723728369789105,46.51171875,2.0
2026-05-30T07:34:57Z,2.533333333333333,49.14473684210526,0.0,0.02609636444247795,63.4375,6.0,4.8669467689062555,4.791780534167557,0.0,0.007650779408142451,91.16796875,0.0,0.0,44.99999999999999,0.0,0.004252157325824316,55.97265625,7.0,19.932004533031133,4.496271186440677,0.0,0.011073899087528411,85.1640625,7.0,0.1333600053344002,4.8,0.0,0.005607657574070485,80.875,10.0,0.0,4.800000000000001,0.0,0.003120043768029764,73.9609375,7.0,27.73531615062169,3.2112809789760717,0.0,0.013511251917227256,53.25390625,6.0,4.000026684444563,5.0,0.0,0.010557315264855186,80.65234375,7.0,1.4665688954069729,3.511111111111108,0.0,0.004025661435828102,60.15625,7.0,3.0664622358509432,4.854814814814815,0.0,0.0060308134467262,139.38671875,3.0,0.0048723728369789105,46.51171875,2.0
2026-05-30T07:35:02Z,2.533333333333333,49.14473684210526,0.0,0.02609636444247795,63.4375,6.0,5.134360205374408,4.791964177288078,0.0,0.008001593071261925,91.16796875,0.0,0.20004000800160032,47.75002444520496,0.0,0.004511184755592313,55.97265625,7.0,18.734218145542314,4.527904684457729,0.0,0.013945545221732834,85.08203125,7.0,0.1333600053344002,4.8,0.0,0.005607657574070485,80.875,10.0,0.1333600053344002,4.8,0.0,0.0031350258310289666,73.9609375,7.0,30.93922782600834,3.9890799142852176,0.0,0.013511251917227256,53.25390625,6.0,4.6006267724643,8.705381534104891,0.0,0.01061080302706325,80.65234375,7.0,1.5334266995611863,4.1375131948842725,0.0,0.004025661435828102,60.15625,7.0,3.2673201306928052,4.8,0.0,0.0060308134467262,139.38671875,3.0,0.0048254229613454375,46.51171875,2.0
2026-05-30T07:35:07Z,2.533333333333333,49.14473684210526,0.0,0.02609636444247795,63.4375,6.0,5.534413545819801,4.791964190043503,0.0,0.008001593071261925,91.16796875,0.0,0.4000666782242967,48.59375,0.0,0.003906861433305661,55.97265625,7.0,16.66995176161071,4.596322762222124,0.0,0.013945545221732834,85.08203125,7.0,0.33338667555709656,4.8,0.0,0.00488445133342866,80.875,10.0,0.33338667555709656,4.8,0.0,0.003574038173278955,73.9765625,7.0,31.47263227993553,4.009101255229769,0.0,0.016114028036469986,53.50390625,6.0,4.6006267724643,8.705381534104884,0.0,0.013936720885600351,80.2109375,7.0,1.9334800400065792,4.310014666992599,0.0,0.003210778057501543,60.15625,7.0,3.2673201306928052,4.8,0.0,0.006927486009468881,139.1875,3.0,0.005329034467017206,46.73828125,2.0
2026-05-30T07:35:12Z,3.4004533937858383,70.55555555555559,0.0,0.032814132191315376,63.58984375,6.0,6.867293455134997,4.794331983805668,0.0,0.00801087138317445,91.16796875,0.0,0.4000666782242967,48.59375,0.0,0.005202489672674672,55.95703125,7.0,16.66995176161071,4.596322762222124,0.0,0.013945545221732834,85.08203125,7.0,0.3333600035560297,4.8,0.0,0.0048068830844519034,80.875,10.0,0.33338667555709656,4.8,0.0,0.003574038173278955,73.9765625,7.0,39.53560526739833,4.178231548975964,0.0,0.014824890772471103,53.50390625,6.0,4.9343201973728075,9.21078312391985,0.0,0.013936720885600351,80.2109375,7.0,2.5337200613434687,4.5,0.0,0.0035728986062464442,60.15625,7.0,3.2673201306928052,4.8,0.0,0.006927486009468881,139.1875,3.0,0.005329034467017206,46.73828125,2.0
2026-05-30T07:35:17Z,3.4004533937858383,70.55555555555559,0.0,0.03900729945507585,63.58984375,6.0,6.800053340445393,4.824409038011096,0.0,0.009748476992871031,90.96875,0.0,0.26669333688936303,48.75,0.0,0.005431823450321605,55.95703125,7.0,17.201684774880032,4.631127864761872,0.0,0.01559723244516683,83.84765625,7.0,0.3333600035560297,4.8,0.0,0.0064920934043431995,80.85546875,10.0,0.3333600035560297,4.800000000000001,0.0,0.0032625293510445083,73.9765625,7.0,40.06584464860791,4.387656570374986,0.0,0.018542316114908305,53.50390625,6.0,4.933840101353605,9.493144552417835,0.0,0.015297761343762933,80.2109375,7.0,2.8002400320042673,4.590475021350404,0.0,0.00524997339123373,58.109375,7.0,2.9332355620736394,4.8,0.0,0.006927486009468881,139.1875,3.0,0.005329034467017206,46.73828125,2.0
2026-05-30T07:35:22Z,3.4004533937858383,70.55555555555559,0.0,0.03900729945507585,63.58984375,6.0,6.666666666666667,4.824409055096236,0.0,0.009748476992871031,90.96875,0.0,0.2,48.75,0.0,0.005052848914487945,56.20703125,7.0,16.466168922071862,4.680639296275878,0.0,0.01559723244516683,83.84765625,7.0,0.26666666666666666,4.799999999999999,0.0,0.0064920934043431995,80.85546875,10.0,0.26666666666666666,4.8,0.0,0.00370490260489793,72.31640625,7.0,39.865773528014046,4.389735149445165,0.0,0.01502143932328913,53.50390625,6.0,4.933840101353605,9.493144552417835,0.0,0.014732284412687337,81.04296875,7.0,2.6668533582255414,4.59047413441869,0.0,0.00524997339123373,58.109375,7.0,2.9332355620736394,4.8,0.0,0.0063538293631071234,139.1875,3.0,0.005955884613416975,46.73828125,2.0
2026-05-30T07:35:27Z,2.2666666666666666,74.16666666666667,0.0,0.030642075733325235,63.58984375,6.0,5.400155565926617,4.828570728096286,0.0,0.01078265739012391,90.96875,0.0,0.2,48.75,0.0,0.005455675675675706,56.20703125,7.0,16.466168922071862,4.680639296275878,0.0,0.01559723244516683,83.84765625,7.0,0.2666755561481876,4.8,0.0,0.007071433326676488,80.85546875,10.0,0.26666666666666666,4.8,0.0,0.003777837704218362,72.31640625,7.0,33.268711383740055,4.419515567037209,0.0,0.013476246313713438,53.50390625,6.0,4.0,9.518745072569008,0.0,0.014732284412687337,81.04296875,7.0,2.266733337778074,4.585714285714285,0.0,0.00524997339123373,58.109375,7.0,2.9332355620736394,4.8,0.0,0.0070715101807661655,136.3046875,3.0,0.005793421052633267,46.4765625,2.0
2026-05-30T07:35:32Z,2.2666666666666666,74.16666666666667,0.0,0.041220542432994584,63.140625,6.0,4.733773381635379,4.829032681564399,0.0,0.010017992820490219,90.7890625,0.0,0.2666844468151309,48.61110699557992,0.0,0.005455675675675706,56.20703125,7.0,14.933769046532902,4.71561658717369,0.0,0.01153274041356638,83.62890625,7.0,0.2666755561481876,4.8,0.0,0.007583605298520472,85.85546875,10.0,0.2666755561481876,4.8,0.0,0.003777837704218362,72.31640625,7.0,28.470204916211053,4.468002800934485,0.0,0.022249492186441216,53.5078125,6.0,3.3335644752633686,9.527110882321836,0.0,0.016909042615977286,81.04296875,7.0,1.866813348446163,4.658828466323112,0.0,0.005843846036816508,58.109375,7.0,2.533671156154154,4.8,0.0,0.0070715101807661655,136.3046875,3.0,0.005793421052633267,46.4765625,2.0
2026-05-30T07:35:37Z,2.2666666666666666,74.16666666666667,0.0,0.04122054243299458,63.140625,6.0,4.6004578284505095,4.828571809058323,0.0,0.010017992820490219,90.7890625,0.0,0.20002667022269635,48.5,0.0,0.0047007603373946435,56.20703125,7.0,13.26843579143886,4.748571755347935,0.0,0.012920304681576532,83.62890625,7.0,0.2000177795557531,4.8,0.0,0.007583605298520472,85.85546875,10.0,0.2000177795557531,4.8,0.0,0.003357584094530532,72.31640625,7.0,28.336898253100415,4.468719135582919,0.0,0.022249492186441216,53.5078125,6.0,3.3335644752633686,9.527110882321836,0.0,0.016909042615977286,81.04296875,7.0,1.733497795261294,4.669096370568376,0.0,0.0046470507178349735,58.109375,7.0,2.533671156154154,4.8,0.0,0.006922639549505089,136.3046875,3.0,0.005793421052633267,46.4765625,2.0
2026-05-30T07:35:42Z,2.133475565037669,74.68749999999994,0.0,0.04122054243299458,63.140625,6.0,3.8670756029688107,4.83127674989914,0.0,0.010017992820490219,90.7890625,0.0,0.20002667022269635,48.5,0.0,0.00486155750386885,56.07421875,7.0,13.26843579143886,4.748571755347935,0.0,0.016650771216121827,83.62890625,7.0,0.06667555674089878,4.8,0.0,0.00758360529852047,85.85546875,10.0,0.2000177795557531,4.8,0.0,0.0037308427085549823,71.8515625,7.0,21.53429801750604,4.491831931208592,0.0,0.022249492186441216,53.5078125,6.0,3.5335644752633684,9.544647232040806,0.0,0.013339261902367547,81.04296875,7.0,1.0001155697795954,4.690910214986851,0.0,0.004160063548100265,58.109375,7.0,2.533671156154154,4.8,0.0,0.006791946435306786,137.26171875,3.0,0.005793421052633267,46.4765625,2.0
2026-05-30T07:35:47Z,2.133475565037669,74.68749999999994,0.0,0.03788918379523745,63.0078125,6.0,3.400124453926716,4.8340806359732955,0.0,0.009651847151440624,91.22265625,0.0,0.06667555674089878,48.39286054441206,0.0,0.00486155750386885,56.07421875,7.0,12.80083566697782,4.749911723992556,0.0,0.016650771216121827,83.62890625,7.0,0.06667555674089878,4.8,0.0,0.008015726802963403,85.85546875,10.0,0.06667555674089878,4.8,0.0,0.0037308427085549823,71.8515625,7.0,18.732804485035043,4.440096059039343,0.0,0.022249492186441216,53.5078125,6.0,3.0666666666666664,9.454223726462297,0.0,0.011991775633043402,81.04296875,7.0,0.7333688924448395,4.673467244059918,0.0,0.005060976675110628,58.16796875,7.0,2.4,4.799999999999999,0.0,0.006791946435306786,137.26171875,3.0,0.0053143991630611375,46.484375,2.0
2026-05-30T07:35:52Z,2.133475565037669,74.68749999999994,0.0,0.03788918379523745,63.0078125,6.0,3.400106673778252,4.834703196347032,0.0,0.009651847151440624,91.22265625,0.0,0.06666666666666667,48.25,0.0,0.00486155750386885,56.07421875,7.0,15.200000000000001,4.748960727426527,0.0,0.016311280833933604,84.80859375,7.0,0.06666666666666667,4.8,0.0,0.006230223657603305,85.85546875,10.0,0.06666666666666667,4.800000000000001,0.0,0.003311907227169728,70.23046875,7.0,18.66611114814568,4.43543167231232,0.0,0.020903032426324995,53.5078125,6.0,3.0666666666666664,9.454223726462297,0.0,0.011991775633043402,81.04296875,7.0,0.7333511122963753,4.662218521525608,0.0,0.005060976675110628,58.16796875,7.0,2.4,4.799999999999999,0.0,0.006285584293830874,137.26171875,3.0,0.0053143991630611375,46.484375,2.0
2026-05-30T07:35:57Z,2.8668577905193677,70.41666666666656,0.0,0.02843245861705631,63.0078125,6.0,4.533697826376851,4.836096719303967,0.0,0.00807900922606803,91.22265625,0.0,0.06666666666666667,48.25,0.0,0.00426938592559463,55.9921875,7.0,15.200000000000001,4.748960727426527,0.0,0.016311280833933604,84.80859375,7.0,0.20000888948152096,4.8,0.0,0.005828124955457407,85.85546875,10.0,0.06666666666666667,4.800000000000001,0.0,0.003311907227169728,70.23046875,7.0,25.602160280333162,4.4172516772803725,0.0,0.015460405358320621,53.5078125,6.0,3.0001155632597727,9.449076289883367,0.0,0.013324185989150928,80.26171875,7.0,1.2666666666666666,4.6117647058823525,0.0,0.004106710158435153,58.16796875,7.0,2.4,4.799999999999999,0.0,0.006529175204428049,136.76953125,3.0,0.005314399163061139,46.484375,2.0
2026-05-30T07:36:02Z,2.8668577905193677,70.41666666666656,0.0,0.02843245861705631,63.0078125,6.0,5.467377872605237,4.81764708958235,0.0,0.00807900922606803,91.22265625,0.0,0.20001778014846422,48.33333333333333,0.0,0.00426938592559463,55.9921875,7.0,16.60105791883362,4.763119513048524,0.0,0.015125417075561958,84.80859375,7.0,0.20000888948152096,4.8,0.0,0.007205804411010525,85.98046875,10.0,0.20001778014846422,4.8,0.0,0.003311907227169728,70.23046875,7.0,30.670622741994716,4.314022635997251,0.0,0.018089198151479087,53.25,6.0,3.8003911555609684,9.309528590560273,0.0,0.013324185989150928,80.26171875,7.0,1.4667377872605236,4.571434195341631,0.0,0.004106710158435154,58.16796875,7.0,3.3322233176698184,4.8,0.0,0.006529175204428049,136.76953125,3.0,0.005494237751933881,46.71875,2.0
2026-05-30T07:36:07Z,2.8668577905193677,70.41666666666656,0.0,0.03357882644360521,62.8515625,6.0,5.467404544606303,4.817647043443133,0.0,0.006411569046884473,91.22265625,0.0,0.20003111614899766,48.33333333333333,0.0,0.00426938592559463,55.9921875,7.0,15.268715831444727,4.7572549280391065,0.0,0.012016261550537902,84.80859375,7.0,0.2000222254820544,4.8,0.0,0.007205804411010525,85.98046875,10.0,0.20003111614899766,19.7501000066671,0.0,0.004043198931539319,71.41796875,7.0,30.670649413995783,4.314023205524316,0.0,0.015757813255929454,53.25,6.0,3.8003911555609684,9.309528590560273,0.0,0.013285260784438212,80.26171875,7.0,1.4667644592615905,4.571438549245535,0.0,0.004349197431781942,58.1796875,7.0,3.3322233176698184,4.8,0.0,0.006787657065231964,136.76953125,3.0,0.004311556573999465,46.71875,2.0
2026-05-30T07:36:12Z,2.400320042672356,75.55555555555553,0.0,0.034878492583639266,62.8515625,6.0,5.467404544606303,4.817156736125796,0.0,0.00573831827804547,91.22265625,0.0,0.20003111614899766,48.33333333333333,0.0,0.005538435749783158,58.75,7.0,15.268715831444727,4.7572549280391065,0.0,0.010755810127574405,84.80859375,7.0,0.13334666933386677,4.8,0.0,0.007205804411010525,85.98046875,10.0,0.20003111614899766,19.7501000066671,0.0,0.004043198931539319,71.41796875,7.0,30.135404722407788,4.355137916947225,0.0,0.018676470588238406,54.47265625,6.0,3.9338578477130284,9.26923305956171,0.0,0.014925939219907208,80.4375,7.0,1.3335644859335916,4.564287211041156,0.0,0.004349197431781942,58.1796875,7.0,3.3322233176698184,4.8,0.0,0.007850750191654989,137.35546875,3.0,0.005365468778893651,46.71875,2.0
2026-05-30T07:36:17Z,2.400320042672356,75.55555555555553,0.0,0.034878492583639266,62.8515625,6.0,4.800391165044584,4.858728048002591,0.0,0.00484288533606017,91.22265625,0.0,0.13334666933386677,48.25000333357039,0.0,0.005538435749783158,58.75,7.0,11.53432457927777,4.797927441876991,0.0,0.01709095847702193,83.46875,7.0,0.13334666933386677,4.8,0.0,0.007866855269657103,87.015625,10.0,0.13334666933386677,21.999999999999996,0.0,0.004043198931539319,71.41796875,7.0,24.9336089274129,4.500243932157229,0.0,0.018676470588238406,54.47265625,6.0,3.1335822554118327,9.572111854651007,0.0,0.014925939219907208,80.4375,7.0,1.066826698673068,4.533329012197308,0.0,0.0031919439905177755,58.1796875,7.0,2.201121046309889,6.750000000000005,0.0,0.007850750191654989,137.35546875,3.0,0.006578624229979519,47.6640625,2.0
2026-05-30T07:36:22Z,2.400320042672356,75.55555555555553,0.0,0.034878492583639266,62.8515625,6.0,4.800355604747181,4.862675153064177,0.0,0.00420823558294645,91.22265625,0.0,0.13332888918516544,48.125,0.0,0.0050674573892924455,58.40234375,7.0,7.266657778370331,4.843231441048035,0.0,0.01709095847702193,83.46875,7.0,0.13332888918516544,4.800000000000001,0.0,0.007866855269657101,87.015625,10.0,0.13332888918516544,22.375000000000004,0.0,0.0065865841806384854,72.62890625,7.0,24.866911144596997,4.500244858092025,0.0,0.018676470588238406,54.47265625,6.0,3.1335822554118327,9.572111854651007,0.0,0.013497716688322241,80.4375,7.0,1.0667911383756652,4.509079778647438,0.0,0.0028140000000007603,58.1796875,7.0,2.201121046309889,6.750000000000005,0.0,0.007850750191654989,137.35546875,3.0,0.006578624229979519,47.6640625,2.0
2026-05-30T07:36:27Z,1.8666666666666667,91.78571428571423,0.2336448598130841,0.026138523650388983,62.8515625,6.0,4.800355604747181,4.860704813324185,0.0,0.003573585829832731,91.22265625,0.0,0.13332888918516544,48.125,0.0,0.006358807561566171,58.40234375,7.0,7.266657778370331,4.843231441048035,0.0,0.01709095847702193,83.46875,7.0,0.06666222251849876,4.800000000000001,0.0,0.007866855269657101,87.015625,10.0,0.13332888918516544,22.375000000000004,0.0,0.007731539235411411,72.62890625,7.0,10.333635617197436,4.574870267753384,0.0,0.016133779324848507,54.32421875,6.0,1.7333333333333334,9.679165114106675,0.0,0.012167424999995546,80.4375,7.0,0.3999911117036642,4.591304347826087,0.0,0.005170312639425887,56.359375,7.0,2.201121046309889,6.750000000000005,0.0,0.007150572132235736,137.35546875,3.0,0.006353967094348994,47.6640625,2.0
2026-05-30T07:36:32Z,1.8666666666666667,91.78571428571423,0.2336448598130841,0.03377272231314567,63.33984375,6.0,5.000497836451517,4.837844530196314,0.0,0.003573585829832731,154.765625,0.0,0.26667555674078025,47.187489582754594,0.0,0.006358807561566171,58.40234375,7.0,6.066857791704553,4.853922324468247,0.0,0.013760078591183084,82.87109375,7.0,0.06666222251849876,4.800000000000001,0.0,0.005209566666663553,87.015625,10.0,0.06666222251849876,22.75,0.0,0.006761280217394684,72.796875,7.0,6.533933414828388,4.587005746518772,0.0,0.010662261647273762,54.32421875,6.0,0.9333644465186568,9.71698113207547,0.0,0.014604257466621499,81.88671875,7.0,0.333337779259279,4.557897383952821,0.0,0.006039575289576163,56.359375,7.0,0.600057784000731,12.249949995925633,0.0,0.008725560649238347,135.44921875,3.0,0.007065910214256681,47.6875,2.0
2026-05-30T07:36:37Z,1.8666666666666667,91.78571428571423,0.2336448598130841,0.03377272231314567,63.33984375,6.0,5.0672133994161195,4.837059988695449,0.0,0.003573585829832731,154.765625,0.0,0.4000533422238818,45.41664197293072,0.0,0.0054798260596600114,58.40234375,7.0,9.467729017201405,4.866141053258973,0.0,0.013760078591183084,82.87109375,7.0,0.0,4.8,0.0,0.006449767451264749,87.875,10.0,0.0,23.124999999999996,0.0,0.006761280217394684,72.796875,7.0,6.467271192309889,4.585893649456164,0.0,0.010033399999997528,54.32421875,6.0,0.9333644465186568,9.71698113207547,0.0,0.014604257466621499,81.88671875,7.0,0.20001333422228149,4.529419377629933,0.0,0.006039575289576163,56.359375,7.0,0.600057784000731,12.249949995925633,0.0,0.008725560649238347,135.44921875,3.0,0.007065910214256682,47.6875,2.0
2026-05-30T07:36:42Z,2.7336978263768503,127.49999999999964,0.3142857142857143,0.03377272231314567,63.33984375,6.0,2.3335155730392696,4.870587658530272,0.0,0.003573585829832731,154.765625,0.0,0.4000533422238818,45.41664197293072,0.0,0.005436717757218261,58.42578125,7.0,9.467729017201405,4.866141053258973,0.0,0.013760078591183084,82.87109375,7.0,0.06667111140742715,4.8,0.0,0.008513092862622654,87.875,10.0,0.0,23.124999999999996,0.0,0.007865966784698128,72.796875,7.0,17.600475599115594,4.566111831167738,0.0,0.012181146175459965,55.3359375,6.0,1.800208914669966,9.619561331335747,0.0,0.01446323758546859,81.6015625,7.0,0.7334177881494718,4.564704252141777,0.0,0.005453439788893867,56.12890625,7.0,0.600057784000731,12.249949995925633,0.0,0.00991872511815379,137.4921875,3.0,0.007065910214256681,47.6875,2.0
2026-05-30T07:36:47Z,2.7336978263768503,127.49999999999964,0.3142857142857143,0.02683216463414582,63.33984375,6.0,2.333515573039269,52.49883320368898,0.0,0.0377571439969968,167.390625,0.0,0.2667111194090275,43.75,0.0,0.006308520201768167,58.42578125,7.0,15.334786821054996,4.829131023381672,0.0,0.013929452443619603,82.6640625,7.0,0.06667111140742715,4.8,0.0,0.008513092862622654,87.875,10.0,0.06666666666666667,23.74999629593961,0.0,0.00679284160992419,72.38671875,7.0,24.134244517043456,4.511473265064161,0.0,0.014955978769902553,55.3359375,6.0,2.9336178085962277,9.447362034016464,0.0,0.01356676190690181,81.6015625,7.0,1.0001022337791805,4.506662952960241,0.0,0.0056653293486713255,56.12890625,7.0,3.000097784296731,20.178447591528275,0.0,0.00991872511815379,137.4921875,3.0,0.00654124861854586,47.6796875,2.0
2026-05-30T07:36:52Z,2.7336978263768503,127.49999999999964,0.3142857142857143,0.029481979417561296,64.30859375,6.0,2.2668000100746664,52.5003888975304,0.0,0.04477898550952154,167.390625,0.0,0.13333333392592592,43.749999999999986,0.0,0.0054344046331442795,58.42578125,7.0,17.067777853634567,4.791474591082361,0.0,0.008170912322771139,82.6640625,7.0,0.13333333392592592,4.8,0.0,0.007535245997886683,88.87890625,10.0,0.13332888918516544,43.74983332222147,0.0,0.006916518490175628,72.38671875,7.0,24.267568962080453,4.508248519340189,0.0,0.014955978769902553,55.3359375,6.0,2.9336178085962277,9.447362034016464,0.0,0.013566761906901812,81.6015625,7.0,1.133426678816178,4.430758868317917,0.0,0.0056653293486713255,56.12890625,7.0,3.000097784296731,20.178447591528275,0.0,0.009918725118153792,137.4921875,3.0,0.00654124861854586,47.6796875,2.0
2026-05-30T07:36:57Z,3.0,127.49999999999964,0.2894736842105263,0.029481979417561296,64.30859375,6.0,2.2668000100746664,52.5003888975304,0.0,0.05180082702204628,167.390625,0.0,0.13333333392592592,43.749999999999986,0.0,0.004706668891219425,58.30078125,7.0,17.067777853634567,4.791474591082361,0.0,0.010552189827082833,82.6640625,7.0,0.20000444533335307,4.8,0.0,0.007535245997886683,88.87890625,10.0,0.13332888918516544,43.74983332222147,0.0,0.006916518490175628,72.38671875,7.0,30.46967590967347,4.424157343891958,0.0,0.015015332774696409,55.32421875,6.0,3.8001066737782523,9.409722222222221,0.0,0.011786442598192772,81.5859375,7.0,1.6000222248889875,4.369236029081186,0.0,0.0053794723084461555,56.09765625,7.0,3.000097784296731,20.178447591528275,0.0,0.016180386640042094,142.22265625,3.0,0.00654124861854586,47.6796875,2.0
2026-05-30T07:37:02Z,3.0,127.49999999999964,0.2894736842105263,0.029481979417561296,64.30859375,6.0,6.267475665199686,70.63354336605963,0.0,0.05330978545711534,173.6015625,0.0,0.33336444948209387,45.937536459751215,0.0,0.004706668891219425,58.30078125,7.0,15.601506834686521,4.7935111759890034,0.0,0.010552189827082833,82.6640625,7.0,0.20000444533335307,4.8,0.0,0.006264864568786655,88.87890625,10.0,0.2666888927411951,43.74966662962551,0.0,0.006916518490175628,72.38671875,7.0,35.67110281548639,4.185822323790312,0.0,0.011981079980082063,55.32421875,6.0,4.733671156154154,9.267864257832652,0.0,0.011786442598192772,81.5859375,7.0,1.8000800124459855,4.314299320289409,0.0,0.0053794723084461555,56.09765625,7.0,3.4672445446105713,20.49997777555535,0.0,0.016180386640042094,142.22265625,3.0,0.005174311122792807,47.92578125,2.0
2026-05-30T07:37:07Z,3.0,127.49999999999964,0.2894736842105263,0.02852687056879094,64.28125,6.0,6.667591241500289,68.12159729840052,0.0,0.05956566442949892,173.6015625,0.0,0.5334222376323956,45.99999111020237,0.0,0.004706668891219425,58.30078125,7.0,15.335422509669735,4.7445969227011,0.0,0.014259254867079718,86.6015625,7.0,0.4000622334836547,4.8,0.0,0.006264864568786655,88.87890625,10.0,0.4667466808914968,39.99999999999998,0.0,0.0031102541360201524,72.38671875,7.0,35.9378583864526,4.191758914387623,0.0,0.011981079980082063,55.32421875,6.0,4.733671156154154,9.267864257832652,0.0,0.011786442598192772,81.5859375,7.0,2.2001955887465887,4.400015309157771,0.0,0.0032616521249124106,56.09765625,7.0,3.4672445446105713,20.49997777555535,0.0,0.016180386640042094,142.22265625,3.0,0.005174311122792807,47.92578125,2.0
2026-05-30T07:37:12Z,2.133617815708761,99.16666666666673,0.06779661016949153,0.03713509506367674,64.28125,6.0,6.667591241500289,67.60653361892992,0.0,0.06012196247663442,174.0078125,0.0,0.5334222376323956,45.99999111020237,0.0,0.005091705191127926,58.2890625,7.0,15.335422509669735,4.7445969227011,0.0,0.014259254867079718,86.6015625,7.0,0.46673334489108187,4.8,0.0,0.005002729290597473,88.87890625,10.0,0.4667466808914968,39.99999999999998,0.0,0.002778038337723805,72.38671875,7.0,32.06590772495647,4.121600418511491,0.0,0.013804452655312058,55.32421875,6.0,4.26400524373568,9.211665909036533,0.0,0.011733095528590722,81.5390625,7.0,2.0003556207529902,4.288885047622104,0.0,0.004130236149540021,56.0546875,7.0,3.4672445446105713,20.49997777555535,0.0,0.015650986033127645,136.328125,3.0,0.005174311122792807,47.92578125,2.0
2026-05-30T07:37:17Z,2.133617815708761,99.16666666666673,0.06779661016949153,0.03713509506367674,64.28125,6.0,4.666631141929561,57.0327081490094,0.0,0.060121962476634434,174.0078125,0.0,0.40005334400213377,46.499973330844206,0.0,0.005091705191127926,58.2890625,7.0,15.067769044763303,4.795711090093215,0.0,0.0175795073726521,86.6015625,7.0,0.46673334489108187,4.8,0.0,0.006159520331715016,89.78125,10.0,0.40005334400213377,36.25050002222319,0.0,0.003907743350993376,71.46484375,7.0,27.063747436918057,4.218353444713715,0.0,0.01656037498250945,58.3515625,6.0,3.4636674209148586,9.333435860105634,0.0,0.013755273581434762,81.5390625,7.0,1.933600053344002,4.408325801743872,0.0,0.004130236149540021,56.0546875,7.0,2.4,16.125000000000004,0.0,0.018766232807616436,136.328125,3.0,0.004729571984434781,47.92578125,2.0
2026-05-30T07:37:22Z,2.133617815708761,99.16666666666673,0.06779661016949153,0.03713509506367674,64.28125,6.0,4.399857787258627,55.54642754494008,0.0,0.060121962476634434,174.0078125,0.0,0.26666666666666666,47.29166898161009,0.0,0.005206079689245964,58.2890625,7.0,16.732724485034332,4.78949728909361,0.0,0.017627593205049703,83.6328125,7.0,0.3333466675556148,4.8,0.0,0.006159520331715016,89.78125,10.0,0.26666666666666666,33.749999999999964,0.0,0.003926943731030487,71.46484375,7.0,26.99700075424819,4.224797913762202,0.0,0.01656037498250945,58.3515625,6.0,3.4636674209148586,9.333435860105634,0.0,0.013755273581434762,81.5390625,7.0,1.666826698673068,4.464274590683119,0.0,0.004130236149540021,56.0546875,7.0,2.4,16.125000000000004,0.0,0.018766232807616436,136.328125,3.0,0.005290066624979447,47.8125,2.0
2026-05-30T07:37:27Z,2.3333333333333335,90.83333333333334,0.0,0.03527269697250662,64.0,6.0,4.399857787258627,54.52182390870211,0.0,0.04698312627480066,173.61328125,0.0,0.26666666666666666,47.29166898161009,0.0,0.005206079689245964,58.2890625,7.0,16.732724485034332,4.78949728909361,0.0,0.017627593205049703,83.6328125,7.0,0.20000444474076048,4.8,0.0,0.0061595203317150165,89.78125,10.0,0.26666666666666666,33.749999999999964,0.0,0.003926943731030487,71.46484375,7.0,23.60404063255574,4.2703082633214,0.0,0.016738684047967207,58.37890625,6.0,3.1359515540119336,9.516305093507384,0.0,0.013755273581434762,81.5390625,7.0,1.7333333333333332,4.421426201689929,0.0,0.004226202388099619,56.0546875,7.0,2.4,16.125000000000004,0.0,0.015372933017028129,136.328125,3.0,0.005290066624979446,47.8125,2.0
2026-05-30T07:37:32Z,2.3333333333333335,90.83333333333334,0.0,0.03651586406363506,64.0,6.0,4.333737822523872,21.366442369583535,0.0,0.03475680515759313,173.61328125,0.0,0.13333333333333333,47.29166898161009,0.0,0.00484647372857469,58.3515625,7.0,20.200097865481915,4.785928985046105,0.0,0.019157004764396128,83.6328125,7.0,0.20000444474076048,4.8,0.0,0.0061595203317150165,89.78125,10.0,0.20000444474076048,33.74983332222148,0.0,0.0037514787208464094,71.10546875,7.0,21.53798289537326,4.303520576930974,0.0,0.016738684047967207,58.37890625,6.0,2.6693693374197163,9.655557555662224,0.0,0.01087275102957159,81.5390625,7.0,1.6667022245927505,4.5407392652781695,0.0,0.004100329742799803,56.00390625,7.0,2.933528901926795,9.624948607113875,0.0,0.01717508844399902,138.18359375,3.0,0.005738951405039252,47.8125,2.0
2026-05-30T07:37:37Z,2.3333333333333335,90.83333333333334,0.0,0.03513044412453483,64.16796875,6.0,4.067071155857206,17.124966663703454,0.0,0.03475680515759313,173.61328125,0.0,0.0,46.99999333279996,0.0,0.00484647372857469,58.3515625,7.0,19.33520464683866,4.8059071500867,0.0,0.019157004764396128,83.6328125,7.0,0.06667111140742715,4.800000000000001,0.0,0.006425824520331684,89.78125,10.0,0.06667111140742715,8.500000000000002,0.0,0.0037514787208464094,71.10546875,7.0,21.204649562039926,4.304697463935533,0.0,0.016414807388401176,58.35546875,6.0,2.6693693374197163,9.655557555662224,0.0,0.00973061334283189,81.5390625,7.0,1.400035557926084,4.5555572383616125,0.0,0.004100329742799803,56.00390625,7.0,2.933528901926795,9.624948607113875,0.0,0.01717508844399902,138.18359375,3.0,0.005465737816334798,47.80078125,2.0
2026-05-30T07:37:42Z,2.933724496599547,93.33333333333334,0.0,0.03513044412453483,64.16796875,6.0,4.067071155857206,17.124966663703454,0.0,0.031157174965421856,176.72265625,0.0,0.0,46.99999333279996,0.0,0.005246020458399103,58.3515625,7.0,19.33520464683866,4.8059071500867,0.0,0.015499214167194245,83.6328125,7.0,0.06666666666666667,4.8,0.0,0.005892401585618893,89.828125,10.0,0.06667111140742715,8.500000000000002,0.0,0.0037514787208464094,71.10546875,7.0,26.06648013807621,4.331941209267507,0.0,0.01695912224487932,58.35546875,6.0,2.933640035263586,9.703123719516684,0.0,0.01238891193429233,81.5,7.0,1.1334088939262617,4.622218874906989,0.0,0.004151820850770816,56.00390625,7.0,2.933528901926795,9.624948607113875,0.0,0.01084503648021353,135.76953125,3.0,0.005465737816334798,47.80078125,2.0
2026-05-30T07:37:47Z,2.933724496599547,93.33333333333334,0.0,0.03513044412453483,64.16796875,6.0,5.533333333333333,4.989846944715446,0.0,0.015386079404466511,176.72265625,0.0,0.06666666666666667,46.24999999999999,0.0,0.004886612127791579,58.35546875,7.0,17.667831266391076,4.775998149901106,0.0,0.0178162090345458,84.30859375,7.0,0.06666666666666667,4.8,0.0,0.005892401585618893,89.828125,10.0,0.06667111140742715,7.500044446419841,0.0,0.0028039790877696143,72.42578125,7.0,29.06587120859202,4.329080774932563,0.0,0.01695912224487932,58.35546875,6.0,3.6002222518558034,9.531916070689753,0.0,0.01238891193429233,81.5,7.0,1.0000400026668443,4.6592481200532045,0.0,0.004215246263374966,56.1796875,7.0,3.533333333333333,4.920634920634921,0.0,0.01084503648021353,135.76953125,3.0,0.005625828104479744,47.80078125,2.0
2026-05-30T07:37:52Z,2.933724496599547,93.33333333333334,0.0,0.0316726000063238,64.16796875,6.0,5.666666666666667,4.995811518324608,0.0,0.015601361138117813,175.84765625,0.0,0.13333333333333333,46.25,0.0,0.004886612127791579,58.35546875,7.0,18.666666666666668,4.79108280254777,0.0,0.0178162090345458,84.30859375,7.0,0.13333333333333333,4.8,0.0,0.005420380987611346,89.828125,10.0,0.1333377780740938,4.8,0.0,0.0031437832611594554,72.42578125,7.0,29.132537875258688,4.325813177752675,0.0,0.014610001161926118,58.35546875,6.0,3.6002222518558034,9.531916070689753,0.0,0.01238891193429233,81.5,7.0,1.1333733360001779,4.636347050967859,0.0,0.004215246263374966,56.1796875,7.0,3.533333333333333,4.920634920634921,0.0,0.01084503648021353,135.76953125,3.0,0.0057376848021843474,47.80859375,2.0
2026-05-30T07:37:57Z,2.999800013332445,84.72222222222226,0.0,0.03496437188666986,64.328125,6.0,5.666666666666667,4.995811518324608,0.0,0.015601361138117813,175.84765625,0.0,0.13333333333333333,46.25,0.0,0.0041272912127818815,58.35546875,7.0,18.666666666666668,4.79108280254777,0.0,0.0178162090345458,84.30859375,7.0,0.06666666666666667,4.8,0.0,0.005316171858667573,89.81640625,10.0,0.1333377780740938,4.8,0.0,0.0030822686828396776,71.41796875,7.0,29.068475826108195,4.281983824279839,0.0,0.012844853287825649,58.33984375,6.0,4.133186676443793,9.392005746685067,0.0,0.012164813556026784,81.8125,7.0,1.200044447407605,4.658328672649625,0.0,0.004103431870083318,56.1796875,7.0,3.533333333333333,4.920634920634921,0.0,0.010876985651338666,137.828125,3.0,0.0057376848021843474,47.80859375,2.0
2026-05-30T07:38:02Z,2.999800013332445,84.72222222222226,0.0,0.03496437188666986,64.328125,6.0,5.3341868124702865,4.991628263502365,0.0,0.015223374175306307,175.84765625,0.0,0.13334666933386677,205.00150003333397,0.0,0.0041272912127818815,58.35546875,7.0,19.86869373874775,4.831582021282111,0.0,0.0178162090345458,84.30859375,7.0,0.06666666666666667,4.8,0.0,0.005316171858667573,89.81640625,10.0,0.1333377780740938,4.8,0.0,0.003662089319250709,71.41796875,7.0,29.33762298887408,4.253396218633371,0.0,0.015358176153793533,58.33984375,6.0,3.933533412457662,9.406207448493571,0.0,0.012164813556026784,81.8125,7.0,1.466844474079606,4.674081402713291,0.0,0.004124300955002235,56.28515625,7.0,3.1338534231271735,4.852777777777777,0.0,0.010876985651338666,137.828125,3.0,0.005453066078784475,47.80859375,2.0
2026-05-30T07:38:07Z,2.999800013332445,84.72222222222226,0.0,0.03678968066697717,64.328125,6.0,5.334195701951807,4.99342739149587,0.0,0.012577763179390506,175.84765625,0.0,0.13335111407462724,231.24991666111072,0.0,0.003234781685064519,58.35546875,7.0,21.802804901714172,4.855403304154569,0.0,0.020913255150251112,85.25390625,7.0,0.06667111140742715,4.8,0.0,0.005316171858667573,89.81640625,10.0,0.1333422228148543,89.99988888148097,0.0,0.003662089319250709,71.41796875,7.0,29.53764076783712,4.251655871317367,0.0,0.015358176153793533,58.33984375,6.0,3.933533412457662,9.406207448493571,0.0,0.012164813556026784,81.8125,7.0,1.466853363561127,4.664008619157,0.0,0.004124300955002235,56.28515625,7.0,3.1338534231271735,4.852777777777777,0.0,0.010973752088935229,139.41796875,3.0,0.005453066078784475,47.80859375,2.0
2026-05-30T07:38:12Z,2.400320042672356,86.56249999999991,0.0,0.03600372627241239,64.20703125,6.0,5.334195701951807,4.99342739149587,0.0,0.017215309478230995,175.796875,0.0,0.13335111407462724,231.24991666111072,0.0,0.004902507905090422,58.3125,7.0,21.802804901714172,4.855403304154569,0.0,0.02091325515025111,85.25390625,7.0,0.1333377780740938,4.8,0.0,0.0053210927765002,89.80078125,10.0,0.1333422228148543,89.99988888148097,0.0,0.0040693851634979045,72.1796875,7.0,26.336947279226273,4.2264647334173695,0.0,0.0153109372660573,58.30859375,6.0,3.2673201306928052,9.124999999999998,0.0,0.007906651265123806,82.9296875,7.0,1.2668400293388455,4.715387922673086,0.0,0.004258100955331901,56.28515625,7.0,3.1338534231271735,4.852777777777777,0.0,0.009407770602706473,139.41796875,3.0,0.005650714777159459,47.8125,2.0
2026-05-30T07:38:17Z,2.400320042672356,86.56249999999991,0.0,0.03600372627241239,64.20703125,6.0,4.400008889481521,4.936364479386018,0.0,0.017215309478230995,175.796875,0.0,0.06667111140742715,234.99999999999997,0.0,0.004902507905090422,58.3125,7.0,19.93411116296642,4.858333181210129,0.0,0.02091325515025111,85.25390625,7.0,0.1333377780740938,4.8,0.0,0.003629759909472278,89.80078125,10.0,0.06667111140742715,95.0,0.0,0.004226286422815471,72.1796875,7.0,24.667800116460384,4.182959715595753,0.0,0.016273590490396842,58.30859375,6.0,3.2003067280122695,8.784478801375739,0.0,0.00895583535019862,82.9296875,7.0,1.0000400026668443,4.567999559090339,0.0,0.003928384434485952,56.36328125,7.0,3.2,4.848051969417055,0.0,0.011303491766261482,139.41796875,3.0,0.005650714777159459,47.8125,2.0
2026-05-30T07:38:22Z,2.400320042672356,86.56249999999991,0.0,0.03600372627241239,64.20703125,6.0,4.266666666666667,4.936364479386018,0.0,0.015769072011602176,178.4296875,0.0,0.0,234.99999999999997,0.0,0.004902507905090422,58.3125,7.0,14.667093361779674,4.843674433666351,0.0,0.014191343224180229,84.3828125,7.0,0.06666666666666667,4.8,0.0,0.0033824250000009217,89.80078125,10.0,0.0,95.0,0.0,0.004226286422815471,72.1796875,7.0,24.401115670830677,4.182959715595753,0.0,0.016273590490396842,58.30859375,6.0,3.2003067280122695,8.784478801375739,0.0,0.010005019435273436,82.9296875,7.0,0.8666977798519901,4.567999559090339,0.0,0.003928384434485952,56.36328125,7.0,3.2,4.848051969417055,0.0,0.009133472535845196,139.41796875,3.0,0.006004280018763066,47.8125,2.0
2026-05-30T07:38:27Z,2.666844456297086,98.74999999999993,0.0,0.041158467997470256,64.5078125,6.0,4.266666666666667,4.936364479386017,0.0,0.014739209651606536,178.4296875,0.0,0.0,234.99999999999997,0.0,0.004902507905090422,58.3125,7.0,14.667093361779674,4.843674433666351,0.0,0.018367401561767617,84.3828125,7.0,0.0,4.8,0.0,0.0033824250000009217,89.80078125,10.0,0.0,95.0,0.0,0.003523361073225195,72.1796875,7.0,24.934397780979026,4.235973346906021,0.0,0.013301554010733725,58.30859375,6.0,2.9984905995427407,8.644346870866189,0.0,0.010691605500546394,82.9296875,7.0,1.0000400026668443,4.584615003269384,0.0,0.003928384434485952,56.36328125,7.0,3.2,4.848051969417055,0.0,0.011231349553962228,139.98046875,3.0,0.006004280018763066,47.8125,2.0
2026-05-30T07:38:32Z,2.666844456297086,98.74999999999993,0.0,0.041158467997470256,64.5078125,6.0,4.99892103145794,6.291500767677111,0.0,0.014739209651606536,178.4296875,0.0,0.0,238.74966668148085,0.0,0.004931601691371209,58.36328125,7.0,16.061296839692925,4.918244468217295,0.0,0.018367401561767617,84.3828125,7.0,0.0,4.8,0.0,0.006176691894746755,89.80078125,10.0,0.0,95.0,0.0,0.004027967194987152,72.1328125,7.0,25.527601858532496,4.409605971846368,0.0,0.01969023932692936,58.69140625,6.0,2.9974911991829565,9.726670526708222,0.0,0.014559743678704797,84.81640625,7.0,1.0664268372327714,4.887958876627415,0.0,0.00293925402440265,56.36328125,7.0,3.3311214834397385,4.995558660666013,0.0,0.012205107794360815,139.98046875,3.0,0.006646649309486385,47.8203125,2.0
2026-05-30T07:38:37Z,2.666844456297086,98.74999999999993,0.0,0.03437248838435364,64.5078125,6.0,4.99892103145794,6.3331686679605195,0.0,0.020420522855077824,176.546875,0.0,0.0,242.5,0.0,0.004931601691371209,58.36328125,7.0,20.730488709530572,8.583765975348749,0.0,0.018367401561767617,84.3828125,7.0,0.0,4.8,0.0,0.006176691894746754,89.80078125,10.0,0.0,96.25001389027793,0.0,0.004027967194987151,72.1328125,7.0,25.527601858532496,4.408553695876185,0.0,0.020719632133222404,58.69140625,6.0,2.9974911991829565,9.726670526708222,0.0,0.014559743678704797,84.81640625,7.0,1.0664268372327714,4.8999579630281485,0.0,0.002630894303423344,56.36328125,7.0,3.3311214834397385,4.995558660666013,0.0,0.01430153337288056,135.9296875,3.0,0.006944641010289213,47.8203125,2.0
2026-05-30T07:38:42Z,3.267102280304041,489.5833333333338,0.0,0.041772272386484406,64.5078125,6.0,4.99892103145794,6.3331686679605195,0.0,0.02127822338509051,176.546875,0.0,0.0,242.5,0.0,0.004931601691371209,58.36328125,7.0,20.730488709530572,8.583765975348786,0.0,0.03241223018838978,89.15625,7.0,0.06666666666666667,4.8,0.0,0.008385230954066968,89.84765625,10.0,0.0,96.25001389027793,0.0,0.006783510170474771,73.34375,7.0,28.995825175388504,4.72865955130478,0.0,0.020719632133222404,58.69140625,6.0,3.7349550308085844,19.053943696846744,0.0,0.018478864635933002,83.2421875,7.0,0.9331468532363278,6.499847205245033,0.0,0.0023225345824440372,56.36328125,7.0,3.3311214834397385,4.995558660666013,0.0,0.014308813443073682,135.9296875,3.0,0.006944641010289213,47.8203125,2.0
